archivo,linea,riesgo,patrones,codigo
/app/backend/server.py,308,BAJO,Usuario,current_user: Usuario autenticado
/app/backend/server.py,323,BAJO,Usuario,"f""[RBAC-DENEGADO] Usuario {current_user.get('email')} """
/app/backend/server.py,775,ALTO,"SuperAdministrador, Administrador, Supervisor","if user_role not in [""SuperAdministrador"", ""Administrador"", ""Supervisor""]:"
/app/backend/server.py,801,ALTO,"SuperAdministrador, Administrador","if user_role not in [""SuperAdministrador"", ""Administrador""]:"
/app/backend/server.py,807,BAJO,"Usuario, ADMIN","logging.info(f""[ADMIN] Usuario {current_user.get('email')} ejecutando sync compras manual (dry_run={dry_run})"")"
/app/backend/server.py,825,ALTO,"SuperAdministrador, Administrador","if user_role not in [""SuperAdministrador"", ""Administrador""]:"
/app/backend/server.py,862,BAJO,"Usuario, ADMIN","logging.info(f""[ADMIN] Usuario {current_user.get('email')} liberó {len(active_locks)} locks de sync compras"")"
/app/backend/server.py,871,BAJO,ADMIN,"logging.error(f""[ADMIN] Error liberando locks: {e}"")"
/app/backend/server.py,884,ALTO,"SuperAdministrador, Administrador","if user_role not in [""SuperAdministrador"", ""Administrador""]:"
/app/backend/server.py,938,ALTO,"SuperAdministrador, Administrador","if user_role not in [""SuperAdministrador"", ""Administrador""]:"
/app/backend/server.py,969,BAJO,Usuario,"'Inventario_Movimientos': ['ServerID', 'OrigenSistema', 'DocumentoID', 'Folio', 'TipoMovimiento', 'FechaMovimiento', 'AlmacenOrigenID', 'AlmacenDestinoID', 'Observaciones', 'UsuarioID', 'FechaSync'],"
/app/backend/server.py,1040,ALTO,"SuperAdministrador, Administrador","if user_role not in [""SuperAdministrador"", ""Administrador""]:"
/app/backend/server.py,1105,ALTO,"SuperAdministrador, Administrador","if user_role not in [""SuperAdministrador"", ""Administrador""]:"
/app/backend/server.py,1111,BAJO,"Usuario, ADMIN","logging.info(f""[ADMIN] Usuario {current_user.get('email')} ejecutando detección manual (dry_run={dry_run})"")"
/app/backend/server.py,1128,ALTO,"SuperAdministrador, Administrador, Supervisor","if user_role not in [""SuperAdministrador"", ""Administrador"", ""Supervisor""]:"
/app/backend/server.py,1152,ALTO,"SuperAdministrador, Administrador, Supervisor","if user_role not in [""SuperAdministrador"", ""Administrador"", ""Supervisor""]:"
/app/backend/server.py,1175,ALTO,"SuperAdministrador, Administrador","if user_role not in [""SuperAdministrador"", ""Administrador""]:"
/app/backend/server.py,1180,BAJO,"Usuario, ADMIN","logging.info(f""[ADMIN] Usuario {current_user.get('email')} procesando eventos manualmente"")"
/app/backend/server.py,1260,BAJO,"Administrador, Supervisor, Usuario","name: str  # ""Administrador"", ""Supervisor"", ""Usuario"""
/app/backend/server.py,1873,BAJO,"SuperAdministrador, Administrador",RBAC: Solo SuperAdministrador o Administrador pueden crear servidores.
/app/backend/server.py,1876,ALTO,"SuperAdministrador, Administrador","if current_user['role'] not in ['SuperAdministrador', 'Administrador']:"
/app/backend/server.py,1877,BAJO,"SuperAdministrador, Administrador","raise HTTPException(status_code=403, detail=""No autorizado. Requiere rol SuperAdministrador o Administrador."")"
/app/backend/server.py,1985,BAJO,"SuperAdministrador, Administrador",RBAC: Solo SuperAdministrador o Administrador pueden actualizar servidores.
/app/backend/server.py,1986,BAJO,"SuperAdministrador, Administrador",Protección CORE: Ni SuperAdministrador ni Administrador pueden modificar conexiones CORE.
/app/backend/server.py,1989,ALTO,"SuperAdministrador, Administrador","if current_user['role'] not in ['SuperAdministrador', 'Administrador']:"
/app/backend/server.py,1990,BAJO,"SuperAdministrador, Administrador","raise HTTPException(status_code=403, detail=""No autorizado. Requiere rol SuperAdministrador o Administrador."")"
/app/backend/server.py,2043,BAJO,"SuperAdministrador, Administrador",RBAC: Solo SuperAdministrador o Administrador pueden eliminar servidores.
/app/backend/server.py,2044,BAJO,"SuperAdministrador, Administrador",Protección CORE: Ni SuperAdministrador ni Administrador pueden eliminar conexiones CORE.
/app/backend/server.py,2047,ALTO,"SuperAdministrador, Administrador","if current_user['role'] not in ['SuperAdministrador', 'Administrador']:"
/app/backend/server.py,2048,BAJO,"SuperAdministrador, Administrador","raise HTTPException(status_code=403, detail=""No autorizado. Requiere rol SuperAdministrador o Administrador."")"
/app/backend/server.py,2879,BAJO,Usuario,"f""[RBAC-ALMACENES] Usuario={current_user.get('email')}, """
/app/backend/server.py,3302,ALTO,"SuperAdministrador, Administrador","user_role in ['SuperAdministrador', 'Administrador']"
/app/backend/server.py,3303,MEDIO,"SUPERADMIN, ADMIN","or user_role.upper() in ['SUPERADMIN', 'ADMIN', 'ADMINISTRADOR']"
/app/backend/server.py,3320,BAJO,Usuario,"logging.warning(f""[UNIDADES_NEGOCIO] Usuario {current_user.get('email')} sin unidades permitidas"")"
/app/backend/server.py,3411,BAJO,Usuario,"f""[RBAC-ALMACENES-SR] Usuario={current_user.get('email')}, """
/app/backend/server.py,3481,BAJO,Usuario,"f""[RBAC-INVENTARIOS-LIST] Usuario={current_user.get('email')}, """
/app/backend/server.py,3598,BAJO,Usuario,"f""[RBAC-PENDIENTES-403] Usuario={current_user.get('email')}, """
/app/backend/server.py,3606,BAJO,Usuario,"f""[RBAC-PENDIENTES] Usuario={current_user.get('email')}, """
/app/backend/server.py,6155,BAJO,Usuario,"f""[RBAC-EXPORT-INV] Usuario={current_user.get('email')}, """
/app/backend/server.py,6182,BAJO,Usuario,"f""[RBAC-EXPORT-INV-403] Usuario={current_user.get('email')}, """
/app/backend/server.py,6475,BAJO,Administrador,SEGURIDAD: Mantiene validación de rol Admin/Administrador.
/app/backend/server.py,7301,BAJO,Usuario,"f""[RBAC-DENEGADO] Usuario {user.get('email')} """
/app/backend/server.py,7333,BAJO,Usuario,"f""Usuario={access['user'].get('email')}, Server={server_id}, """
/app/backend/server.py,7589,BAJO,Usuario,"f""Usuario={access['user'].get('email')}, Server={server_id}"""
/app/backend/server.py,7945,BAJO,Usuario,"f""[RBAC-DETALLE-PEDIDO] Usuario={access['user'].get('email')}, """
/app/backend/server.py,8002,BAJO,Usuario,"f""[RBAC-CALCULO-PEDIDO] Usuario={access['user'].get('email')}, """
/app/backend/server.py,11975,BAJO,Administrador,SEGURIDAD: Validación estricta de rol Administrador + bloqueo de SQL peligroso.
/app/backend/server.py,12020,BAJO,"SUPERADMIN, ADMIN",SOLO SUPERADMINISTRADOR - ENDPOINT ALTAMENTE RESTRINGIDO.
/app/backend/server.py,12022,BAJO,"SuperAdministrador, Administrador",FASE 1B: BLOQUEADO por defecto. Solo SuperAdministrador puede usar.
/app/backend/server.py,12033,BAJO,"SuperAdministrador, Administrador","f""Rol: {current_user.get('role')}. Solo SuperAdministrador permitido."""
/app/backend/server.py,12037,BAJO,"SuperAdministrador, Administrador","detail=""Solo SuperAdministrador puede ejecutar scripts SQL completos. """
/app/backend/server.py,12099,BAJO,Usuario,"logging.info(f""[SCRIPT SQL] Usuario {current_user.get('email')} ejecutando {len(statements)} comandos en {conn_info['name']}"")"
/app/backend/server.py,13145,BAJO,Usuario,"logging.info(f""[SCRIPT CON CREDS] Usuario {current_user.get('email')} ejecutando {len(statements)} comandos en {server['name']} con credenciales de {admin_username}"")"
/app/backend/server.py,13223,BAJO,Usuario,"raise HTTPException(status_code=401, detail=f""Error de autenticación: Usuario o contraseña incorrectos"")"
/app/backend/server.py,14123,BAJO,Administrador,Solo accesible para Administradores.
/app/backend/server.py,14125,ALTO,Administrador,"if current_user.get(""role"") != ""Administrador"":"
/app/backend/server.py,14151,BAJO,Administrador,Solo accesible para Administradores. Usar con precaución.
/app/backend/server.py,14153,ALTO,Administrador,"if current_user.get(""role"") != ""Administrador"":"
/app/backend/server.py,14348,ALTO,"Administrador, Supervisor","if user_role in ['Supervisor', 'Administrador']:"
/app/backend/server.py,14363,BAJO,Usuario,"""solicitante"": sol.get(""solicitante_nombre"", ""Usuario""),"
/app/backend/server.py,14377,ALTO,"Administrador, Supervisor","if user_role in ['Supervisor', 'Administrador']:"
/app/backend/server.py,14415,BAJO,Administrador,"""Administrador"": [""headcount"", ""incidencias"", ""validacion_rh"", ""maquilador"", ""autorizacion"", ""tesoreria""],"
/app/backend/server.py,14416,BAJO,Supervisor,"""Supervisor"": [""headcount"", ""incidencias"", ""validacion_rh"", ""autorizacion""],"
/app/backend/server.py,14577,BAJO,"Administrador, Supervisor","""Gerencia"": [""Administrador"", ""Supervisor""],"
/app/backend/server.py,14578,BAJO,"Administrador, Supervisor","""RH"": [""Administrador"", ""Supervisor""],"
/app/backend/server.py,14579,BAJO,"Administrador, Supervisor","""Maquilador"": [""Administrador"", ""Supervisor"", ""Maquilador""],"
/app/backend/server.py,14580,BAJO,Administrador,"""Tesorería"": [""Administrador"", ""Tesoreria""],"
/app/backend/server.py,14581,BAJO,Administrador,"""Sistema"": [""Administrador""]"
/app/backend/server.py,14998,BAJO,Administrador,"raise HTTPException(status_code=403, detail=""Solo Administradores pueden configurar nóminas"")"
/app/backend/server.py,15038,BAJO,Administrador,"raise HTTPException(status_code=403, detail=""Solo Administradores pueden configurar KPIs"")"
/app/backend/server.py,15201,BAJO,"ADMIN, USUARIO, VISOR","ROLES_FASE_11_WHITELIST = [""VISOR_ESTRUCTURA"", ""VISOR_SISTEMA"", ""VISOR_ADMIN"", ""ADMIN_USUARIOS"", ""GESTOR_SISTEMA""]"
/app/backend/server.py,15349,BAJO,USUARIO,"""SISTEMA_USUARIOS_VER"","
/app/backend/server.py,15350,BAJO,USUARIO,"""SISTEMA_USUARIOS_EDITAR"","
/app/backend/server.py,15351,BAJO,USUARIO,"""SISTEMA_USUARIOS_ELIMINAR"","
/app/backend/server.py,15414,BAJO,"SuperAdministrador, Administrador","raise HTTPException(status_code=403, detail=""Solo SuperAdministrador puede administrar permisos"")"
/app/backend/server.py,15479,BAJO,"SuperAdministrador, Administrador","raise HTTPException(status_code=403, detail=""Solo SuperAdministrador puede administrar roles"")"
/app/backend/server.py,15499,BAJO,"SuperAdministrador, Administrador",Acceso: Solo SuperAdministrador
/app/backend/server.py,15516,BAJO,"SuperAdministrador, Administrador","detail=""Solo SuperAdministrador puede acceder a la bitácora RBAC"""
/app/backend/server.py,15586,BAJO,"SuperAdministrador, Administrador",Acceso: Solo SuperAdministrador
/app/backend/server.py,15592,BAJO,"SuperAdministrador, Administrador","detail=""Solo SuperAdministrador puede acceder a la bitácora RBAC"""
/app/backend/server.py,15623,BAJO,VISOR,"""PERFIL_VISOR_BASICO"","
/app/backend/server.py,15624,BAJO,VISOR,"""PERFIL_VISOR_SISTEMA"","
/app/backend/server.py,15625,BAJO,VISOR,"""PERFIL_VISOR_COMPLETO"","
/app/backend/server.py,15626,BAJO,"ADMIN, USUARIO","""PERFIL_ADMIN_USUARIOS"","
/app/backend/server.py,15635,BAJO,"SuperAdministrador, Administrador","raise HTTPException(status_code=403, detail=""Solo SuperAdministrador puede ver perfiles"")"
/app/backend/server.py,15651,BAJO,"SuperAdministrador, Administrador","raise HTTPException(status_code=403, detail=""Solo SuperAdministrador puede asignar perfiles"")"
/app/backend/server.py,15670,BAJO,"SuperAdministrador, Administrador","raise HTTPException(status_code=403, detail=""Solo SuperAdministrador puede retirar perfiles"")"
/app/backend/server.py,15681,BAJO,"SuperAdministrador, Administrador",Acceso: Solo SuperAdministrador
/app/backend/server.py,15684,BAJO,"SuperAdministrador, Administrador","raise HTTPException(status_code=403, detail=""Solo SuperAdministrador puede consultar alcance"")"
/app/backend/server.py,15702,BAJO,"SuperAdministrador, Administrador",Acceso: Solo SuperAdministrador
/app/backend/server.py,15705,BAJO,"SuperAdministrador, Administrador","raise HTTPException(status_code=403, detail=""Solo SuperAdministrador puede consultar alcance"")"
/app/backend/server.py,15727,BAJO,"SuperAdministrador, Administrador",Acceso: Solo SuperAdministrador
/app/backend/server.py,15730,BAJO,"SuperAdministrador, Administrador","raise HTTPException(status_code=403, detail=""Solo SuperAdministrador puede consultar alcance"")"
/app/backend/server.py,15769,BAJO,"SuperAdministrador, Administrador",Acceso: Solo SuperAdministrador
/app/backend/server.py,15773,BAJO,"SuperAdministrador, Administrador","raise HTTPException(status_code=403, detail=""Solo SuperAdministrador puede asignar alcance"")"
/app/backend/server.py,15785,BAJO,Usuario,"raise HTTPException(status_code=404, detail=f""Usuario {request.usuario_email} no encontrado"")"
/app/backend/server.py,15792,BAJO,Usuario,"detail=f""Usuario no tiene el rol {request.rol}. Roles actuales: {sec_roles}"""
/app/backend/server.py,15867,BAJO,"SuperAdministrador, Administrador",Acceso: Solo SuperAdministrador
/app/backend/server.py,15871,BAJO,"SuperAdministrador, Administrador","raise HTTPException(status_code=403, detail=""Solo SuperAdministrador puede retirar alcance"")"
/app/backend/server.py,15876,BAJO,Usuario,"raise HTTPException(status_code=404, detail=f""Usuario {request.usuario_email} no encontrado"")"
/app/backend/server.py,16070,BAJO,"SuperAdministrador, Administrador",FASE 4D: Valida que solo SuperAdministrador acceda a /api/admin/core-connections.
/app/backend/server.py,16100,BAJO,"Usuario, ADMIN","f""[CORE_ADMIN][PERMISSION_DENIED] Usuario {payload.get('email')} """
/app/backend/server.py,16106,BAJO,"SuperAdministrador, Administrador","content={""detail"": ""Solo SuperAdministrador puede administrar conexiones CORE""}"
/app/backend/server.py,16110,BAJO,"SuperAdministrador, Administrador, ADMIN","logger.info(f""[CORE_ADMIN][ACCESS] SuperAdministrador {payload.get('email')} accediendo a {request.url.path}"")"
/app/backend/server.py,16113,BAJO,ADMIN,"logger.error(f""[CORE_ADMIN][AUTH_ERROR] {type(e).__name__}: {str(e)[:100]}"")"
/app/backend/tests_guardrails/test_p4_rbac_sql_runtime_ready.py,11,BAJO,Usuario,"""RBAC_UsuariosRoles"","
/app/backend/tests_guardrails/test_p4_rbac_sql_runtime_ready.py,12,BAJO,Usuario,"""RBAC_UsuariosEmpresas"","
/app/backend/tests_guardrails/test_p4_rbac_sql_runtime_ready.py,13,BAJO,Usuario,"""RBAC_UsuariosUnidadesNegocio"","
/app/backend/tests_guardrails/test_p4_rbac_sql_runtime_ready.py,14,BAJO,Usuario,"""RBAC_UsuariosSucursales"","
/app/backend/tests_guardrails/test_p4_roles_canonicos_usuario_roles.py,7,BAJO,Usuario,"""Usuario_Roles"","
/app/backend/tests_guardrails/test_p4_roles_canonicos_usuario_roles.py,8,BAJO,Usuario,"""Usuario_RolesAsignacion"","
/app/backend/tests_guardrails/test_p4_roles_canonicos_usuario_roles.py,9,BAJO,Usuario,"""Usuario_EmpresasAsignacion"","
/app/backend/tests_guardrails/test_p4_roles_canonicos_usuario_roles.py,10,BAJO,Usuario,"""Usuario_SucursalesAsignacion"","
/app/backend/tests_guardrails/test_p4_roles_canonicos_usuario_roles.py,11,BAJO,Usuario,"""Usuario_ServidoresAsignacion"","
/app/backend/tests_guardrails/test_p4_roles_canonicos_usuario_roles.py,29,BAJO,Usuario,"print(""PASS roles canónicos usan Usuario_Roles y asignaciones Usuario_*"")"
/app/backend/tests_guardrails/test_p4_rbac_usa_usuario_canonico.py,7,BAJO,Usuario,"""Usuario_RolesAsignacion"","
/app/backend/tests_guardrails/test_p4_rbac_usa_usuario_canonico.py,8,BAJO,Usuario,"""Usuario_EmpresasAsignacion"","
/app/backend/tests_guardrails/test_p4_rbac_usa_usuario_canonico.py,9,BAJO,Usuario,"""Usuario_SucursalesAsignacion"","
/app/backend/tests_guardrails/test_p4_rbac_usa_usuario_canonico.py,18,BAJO,Usuario,"""FROM dbo.RBAC_UsuariosRoles"","
/app/backend/tests_guardrails/test_p4_rbac_usa_usuario_canonico.py,19,BAJO,Usuario,"""FROM dbo.RBAC_UsuariosEmpresas"","
/app/backend/tests_guardrails/test_p4_rbac_usa_usuario_canonico.py,20,BAJO,Usuario,"""FROM dbo.RBAC_UsuariosUnidadesNegocio"","
/app/backend/tests_guardrails/test_p4_rbac_usa_usuario_canonico.py,21,BAJO,Usuario,"""FROM dbo.RBAC_UsuariosSucursales"","
/app/backend/tests_guardrails/test_p4_rbac_usa_usuario_canonico.py,27,BAJO,Usuario,"print(""PASS RBAC runtime usa Usuario_* canónico"")"
/app/backend/tests_guardrails/test_p4_rbac_empresa_unidad_sucursal_sql.py,10,BAJO,Usuario,"""RBAC_UsuariosRoles"","
/app/backend/tests_guardrails/test_p4_rbac_empresa_unidad_sucursal_sql.py,11,BAJO,Usuario,"""RBAC_UsuariosEmpresas"","
/app/backend/tests_guardrails/test_p4_rbac_empresa_unidad_sucursal_sql.py,12,BAJO,Usuario,"""RBAC_UsuariosUnidadesNegocio"","
/app/backend/tests_guardrails/test_p4_rbac_empresa_unidad_sucursal_sql.py,13,BAJO,Usuario,"""RBAC_UsuariosSucursales"","
/app/backend/modules/catalogos_workflow_compat/routes.py,30,BAJO,Usuario,"user_id = current_user.get(""UsuarioID"") or current_user.get(""_sql_usuario_id"") or current_user.get(""id"")"
/app/backend/modules/catalogos_workflow_compat/routes.py,94,BAJO,Usuario,"user_id = current_user.get(""UsuarioID"") or current_user.get(""_sql_usuario_id"") or current_user.get(""id"")"
/app/backend/modules/comercial/routes_precios_sugeridos.py,122,BAJO,Usuario,"usuario: str = Query(..., description=""Usuario que crea el rango"")"
/app/backend/modules/comercial/routes_precios_sugeridos.py,148,BAJO,Usuario,"usuario: str = Query(..., description=""Usuario que modifica el rango"")"
/app/backend/modules/comercial/routes_precios_sugeridos.py,175,BAJO,Usuario,"usuario: str = Query(..., description=""Usuario que desactiva el rango"")"
/app/backend/modules/comercial/routes_precios_sugeridos.py,193,BAJO,Usuario,"usuario: str = Query(..., description=""Usuario que activa el rango"")"
/app/backend/modules/comercial/crm_router.py,20,BAJO,Usuario,UsuarioPropietarioID: int
/app/backend/modules/comercial/crm_router.py,24,BAJO,Usuario,UsuarioSolicitanteID: int
/app/backend/modules/comercial/crm_router.py,39,BAJO,Usuario,"INSERT INTO CRM_Cuentas (NombreComercial, RazonSocial, RFC, EmailContacto, TelefonoContacto, UsuarioPropietarioID)"
/app/backend/modules/comercial/crm_router.py,45,BAJO,Usuario,"cuenta.EmailContacto, cuenta.TelefonoContacto, cuenta.UsuarioPropietarioID"
/app/backend/modules/comercial/crm_router.py,71,BAJO,Usuario,"INSERT INTO CRM_ClientesSolicitudesAlta (CuentaID, UsuarioSolicitanteID)"
/app/backend/modules/comercial/crm_router.py,75,BAJO,Usuario,"params = (solicitud.CuentaID, solicitud.UsuarioSolicitanteID)"
/app/backend/modules/comercial/crm_router.py,93,BAJO,Usuario,UsuarioAsignadoID: int
/app/backend/modules/comercial/crm_router.py,98,BAJO,Usuario,UsuarioModificadorID: int
/app/backend/modules/comercial/crm_router.py,110,BAJO,Usuario,WHERE UsuarioAsignadoID = %s
/app/backend/modules/comercial/crm_router.py,119,BAJO,Usuario,"INSERT INTO dbo.CRM_Actividades (CuentaID, TipoActividad, Asunto, NotasInteraccion, UsuarioAsignadoID, FechaProgramada)"
/app/backend/modules/comercial/crm_router.py,125,BAJO,Usuario,"actividad.NotasInteraccion, actividad.UsuarioAsignadoID, actividad.FechaProgramada"
/app/backend/modules/comercial/crm_router.py,153,BAJO,Usuario,"INSERT INTO dbo.CRM_ActividadesHistorial (ActividadID, EstatusAnterior, EstatusNuevo, UsuarioModificadorID, Comentario)"
/app/backend/modules/comercial/crm_router.py,156,BAJO,Usuario,"execute_hub_query(query_historial, (actividad_id, estatus_anterior, update_data.EstatusNuevo, update_data.UsuarioModificadorID, update_data.Comentario))"
/app/backend/modules/comercial/crm_router.py,170,BAJO,Usuario,UsuarioCreadorID: int
/app/backend/modules/comercial/crm_router.py,209,BAJO,Usuario,"INSERT INTO dbo.Venta_Cotizaciones (CuentaID, FolioCotizacion, Version, Subtotal, Impuesto, Total, Moneda, TipoCambio, UsuarioCreadorID, Estatus)"
/app/backend/modules/comercial/crm_router.py,215,BAJO,Usuario,"cotizacion.Moneda, cotizacion.TipoCambio, cotizacion.UsuarioCreadorID"
/app/backend/modules/comercial/crm_router.py,247,BAJO,Usuario,UsuarioProcesadorID: int
/app/backend/modules/comercial/crm_router.py,278,BAJO,Usuario,"INSERT INTO dbo.Venta_Pedidos (CuentaID, FolioPedido, Subtotal, Impuesto, Total, Moneda, TipoCambio, UsuarioCreadorID, Estatus)"
/app/backend/modules/comercial/crm_router.py,284,BAJO,Usuario,"cot[0][""Total""], cot[0][""Moneda""], cot[0][""TipoCambio""], payload.UsuarioProcesadorID"
/app/backend/modules/comercial/crm_router.py,321,BAJO,Usuario,UsuarioLiderID: int
/app/backend/modules/comercial/crm_router.py,326,BAJO,Usuario,UsuarioAprobadorID: int
/app/backend/modules/comercial/crm_router.py,345,BAJO,Usuario,"INSERT INTO dbo.CRM_Implementaciones (PedidoID, CuentaID, NombreProyecto, Estatus, UsuarioLiderID, ProgresoPorcentaje, FechaKickoff)"
/app/backend/modules/comercial/crm_router.py,349,BAJO,Usuario,"params = (proyecto.PedidoID, proyecto.CuentaID, proyecto.NombreProyecto, proyecto.UsuarioLiderID)"
/app/backend/modules/comercial/crm_router.py,376,BAJO,Usuario,"SET Estatus = %s, FechaAprobacion = CASE WHEN %s = 'Aprobado' THEN GETDATE() ELSE NULL END, UsuarioAprobadorID = %s"
/app/backend/modules/comercial/crm_router.py,379,BAJO,Usuario,"execute_hub_query(query_update, (payload.EstatusNuevo, payload.EstatusNuevo, payload.UsuarioAprobadorID, entregable_id))"
/app/backend/modules/comercial/crm_router.py,538,BAJO,Usuario,WHERE UsuarioAsignadoID = %s AND Etapa = 'Ganado' AND MONTH(FechaModificacion) = %s AND YEAR(FechaModificacion) = %s
/app/backend/modules/comercial/crm_router.py,548,BAJO,Usuario,"query_act = ""SELECT COUNT(*) as Conteo FROM dbo.CRM_Actividades WHERE UsuarioAsignadoID = %s AND Estatus = 'Completada'"""
/app/backend/modules/comercial/crm_router.py,601,BAJO,Visor,Fase 15 - Parte 2: Visor de Backlog ERP.
/app/backend/modules/comercial/inteligencia_comercial_routes.py,109,BAJO,Usuario,"raise HTTPException(status_code=401, detail=""Usuario no autenticado"")"
/app/backend/modules/comercial/inteligencia_comercial_routes.py,113,MEDIO,"SUPERADMIN, ADMIN","if role in {""SUPERADMIN"", ""SUPERADMINISTRADOR"", ""ADMIN"", ""ADMINISTRADOR""}:"
/app/backend/modules/comercial/inteligencia_comercial_routes.py,121,MEDIO,ADMIN,"if permissions and permission.upper() not in permissions and ""INTELIGENCIA_COMERCIAL_ADMIN"" not in permissions:"
/app/backend/modules/comercial/alertas_margen_service.py,186,BAJO,Usuario,creado_por: Usuario que crea
/app/backend/modules/comercial/alertas_margen_service.py,263,BAJO,Usuario,modificado_por: Usuario que modifica
/app/backend/modules/comercial/alertas_margen_service.py,312,BAJO,Usuario,modificado_por: Usuario que desactiva
/app/backend/modules/comercial/alertas_margen_repository.py,355,BAJO,Usuario,creado_por: Usuario que crea
/app/backend/modules/comercial/alertas_margen_repository.py,451,BAJO,Usuario,modificado_por: Usuario que modifica
/app/backend/modules/comercial/alertas_margen_repository.py,501,BAJO,Usuario,modificado_por: Usuario que desactiva
/app/backend/modules/comercial/routes.py,309,BAJO,Usuario,current_user: Usuario autenticado
/app/backend/modules/comercial/routes.py,327,BAJO,Usuario,"f""[RBAC-DENEGADO] Usuario {current_user.get('email')} """
/app/backend/modules/comercial/routes.py,347,BAJO,Usuario,"f""[RBAC-DENEGADO] Usuario {current_user.get('email')} """
/app/backend/modules/comercial/routes.py,836,BAJO,Usuario,"f""[RBAC] Usuario {current_user.get('email')}: """
/app/backend/modules/comercial/routes.py,841,BAJO,Usuario,"logging.info(f""[RBAC] Usuario {current_user.get('email')}: Acceso global - todos los servidores"")"
/app/backend/modules/comercial/routes.py,3475,BAJO,Usuario,"UsuarioModificacion,"
/app/backend/modules/comercial/routes.py,3507,BAJO,Usuario,"""usuario_modificacion"": r.get(""UsuarioModificacion""),"
/app/backend/modules/comercial/services/competidores_service.py,80,BAJO,Usuario,"usuario_creacion=row.get('UsuarioCreacion'),"
/app/backend/modules/comercial/services/competidores_service.py,82,BAJO,Usuario,"usuario_modificacion=row.get('UsuarioModificacion'),"
/app/backend/modules/comercial/services/competidores_service.py,114,BAJO,Usuario,"usuario_creacion=row.get('UsuarioCreacion'),"
/app/backend/modules/comercial/services/competidores_service.py,188,BAJO,Usuario,"c.UsuarioCreacion,"
/app/backend/modules/comercial/services/competidores_service.py,190,BAJO,Usuario,"c.UsuarioModificacion,"
/app/backend/modules/comercial/services/competidores_service.py,243,BAJO,Usuario,"c.UsuarioCreacion,"
/app/backend/modules/comercial/services/competidores_service.py,245,BAJO,Usuario,"c.UsuarioModificacion,"
/app/backend/modules/comercial/services/competidores_service.py,317,BAJO,Usuario,UsuarioCreacion
/app/backend/modules/comercial/services/competidores_service.py,415,BAJO,Usuario,"set_clauses.append(f""UsuarioModificacion = N'{usuario}'"")"
/app/backend/modules/comercial/services/competidores_service.py,451,BAJO,Usuario,UsuarioModificacion = N'{usuario}'
/app/backend/modules/comercial/services/competidores_service.py,514,BAJO,Usuario,"mi.UsuarioCreacion,"
/app/backend/modules/comercial/services/competidores_service.py,554,BAJO,Usuario,"mi.UsuarioCreacion,"
/app/backend/modules/comercial/services/competidores_service.py,602,BAJO,Usuario,UsuarioCreacion
/app/backend/modules/comercial/services/competidores_enterprise_service.py,94,BAJO,Usuario,UsuarioCreacion
/app/backend/modules/comercial/services/competidores_enterprise_service.py,276,BAJO,Usuario,UsuarioCreacion
/app/backend/modules/comercial/services/competidores_enterprise_service.py,322,BAJO,Usuario,UsuarioModificacion = N'{usuario}'
/app/backend/modules/comercial/services/benchmark_service.py,67,BAJO,Usuario,"validado_por_usuario=bool(row.get('ValidadoPorUsuario', False)),"
/app/backend/modules/comercial/services/benchmark_service.py,68,BAJO,Usuario,"usuario_validacion=row.get('UsuarioValidacion'),"
/app/backend/modules/comercial/services/benchmark_service.py,72,BAJO,Usuario,"usuario_creacion=row.get('UsuarioCreacion'),"
/app/backend/modules/comercial/services/benchmark_service.py,74,BAJO,Usuario,"usuario_modificacion=row.get('UsuarioModificacion'),"
/app/backend/modules/comercial/services/benchmark_service.py,113,BAJO,Usuario,"where_clauses.append(f""b.ValidadoPorUsuario = {1 if solo_validados else 0}"")"
/app/backend/modules/comercial/services/benchmark_service.py,141,BAJO,Usuario,"b.ValidadoPorUsuario,"
/app/backend/modules/comercial/services/benchmark_service.py,142,BAJO,Usuario,"b.UsuarioValidacion,"
/app/backend/modules/comercial/services/benchmark_service.py,146,BAJO,Usuario,"b.UsuarioCreacion,"
/app/backend/modules/comercial/services/benchmark_service.py,148,BAJO,Usuario,"b.UsuarioModificacion,"
/app/backend/modules/comercial/services/benchmark_service.py,186,BAJO,Usuario,"b.ValidadoPorUsuario,"
/app/backend/modules/comercial/services/benchmark_service.py,187,BAJO,Usuario,"b.UsuarioValidacion,"
/app/backend/modules/comercial/services/benchmark_service.py,191,BAJO,Usuario,"b.UsuarioCreacion,"
/app/backend/modules/comercial/services/benchmark_service.py,193,BAJO,Usuario,"b.UsuarioModificacion,"
/app/backend/modules/comercial/services/benchmark_service.py,233,BAJO,Usuario,"b.ValidadoPorUsuario,"
/app/backend/modules/comercial/services/benchmark_service.py,234,BAJO,Usuario,"b.UsuarioValidacion,"
/app/backend/modules/comercial/services/benchmark_service.py,238,BAJO,Usuario,"b.UsuarioCreacion,"
/app/backend/modules/comercial/services/benchmark_service.py,240,BAJO,Usuario,"b.UsuarioModificacion,"
/app/backend/modules/comercial/services/benchmark_service.py,283,BAJO,Usuario,"ValidadoPorUsuario,"
/app/backend/modules/comercial/services/benchmark_service.py,286,BAJO,Usuario,UsuarioCreacion
/app/backend/modules/comercial/services/benchmark_service.py,335,BAJO,Usuario,"set_clauses.append(f""ValidadoPorUsuario = {1 if data.validado_por_usuario else 0}"")"
/app/backend/modules/comercial/services/benchmark_service.py,337,BAJO,Usuario,"set_clauses.append(f""UsuarioValidacion = N'{data.usuario_validacion or usuario}'"")"
/app/backend/modules/comercial/services/benchmark_service.py,344,BAJO,Usuario,"set_clauses.append(f""UsuarioModificacion = N'{usuario}'"")"
/app/backend/modules/comercial/services/benchmark_service.py,368,BAJO,Usuario,"SET ValidadoPorUsuario = 1,"
/app/backend/modules/comercial/services/benchmark_service.py,369,BAJO,Usuario,"UsuarioValidacion = N'{usuario}',"
/app/backend/modules/comercial/services/benchmark_service.py,372,BAJO,Usuario,UsuarioModificacion = N'{usuario}'
/app/backend/modules/comercial/services/benchmark_service.py,392,BAJO,Usuario,UsuarioModificacion = N'{usuario}'
/app/backend/modules/comercial/services/benchmark_service.py,425,BAJO,Usuario,"SUM(CASE WHEN b.ValidadoPorUsuario = 1 THEN 1 ELSE 0 END) as mapeos_validados,"
/app/backend/modules/comercial/services/benchmark_service.py,519,BAJO,Usuario,SUM(CASE WHEN ValidadoPorUsuario = 1 THEN 1 ELSE 0 END) as mapeos_validados
/app/backend/modules/comercial/services/precios_sugeridos_consolidado_service.py,369,BAJO,Usuario,"r.UsuarioCreacion as creado_por,"
/app/backend/modules/comercial/services/precios_sugeridos_consolidado_service.py,371,BAJO,Usuario,r.UsuarioModificacion as modificado_por
/app/backend/modules/comercial/services/precios_sugeridos_consolidado_service.py,465,BAJO,Usuario,"FechaCreacion, UsuarioCreacion"
/app/backend/modules/comercial/services/precios_sugeridos_consolidado_service.py,563,BAJO,Usuario,"updates.append(f""UsuarioModificacion = N'{usuario}'"")"
/app/backend/modules/comercial/services/pricing_ai_service.py,145,BAJO,Usuario,"UsuarioEjecucion NVARCHAR(100) NOT NULL,"
/app/backend/modules/comercial/services/pricing_ai_service.py,445,BAJO,Usuario,"UsuarioEjecucion,"
/app/backend/modules/comercial/services/pricing_ai_service.py,520,BAJO,Usuario,"UsuarioEjecucion,"
/app/backend/modules/comercial/services/pricing_ai_service.py,587,BAJO,Usuario,"'usuario_ejecucion': row.get('UsuarioEjecucion'),"
/app/backend/modules/comercial/services/perfil_unidad_service.py,76,BAJO,Usuario,"usuario_creacion=row.get('UsuarioCreacion'),"
/app/backend/modules/comercial/services/perfil_unidad_service.py,78,BAJO,Usuario,"usuario_modificacion=row.get('UsuarioModificacion'),"
/app/backend/modules/comercial/services/perfil_unidad_service.py,152,BAJO,Usuario,"UsuarioCreacion,"
/app/backend/modules/comercial/services/perfil_unidad_service.py,154,BAJO,Usuario,UsuarioModificacion
/app/backend/modules/comercial/services/perfil_unidad_service.py,204,BAJO,Usuario,"UsuarioCreacion,"
/app/backend/modules/comercial/services/perfil_unidad_service.py,206,BAJO,Usuario,UsuarioModificacion
/app/backend/modules/comercial/services/perfil_unidad_service.py,256,BAJO,Usuario,"UsuarioCreacion,"
/app/backend/modules/comercial/services/perfil_unidad_service.py,258,BAJO,Usuario,UsuarioModificacion
/app/backend/modules/comercial/services/perfil_unidad_service.py,353,BAJO,Usuario,UsuarioCreacion
/app/backend/modules/comercial/services/perfil_unidad_service.py,468,BAJO,Usuario,"set_clauses.append(f""UsuarioModificacion = N'{usuario}'"")"
/app/backend/modules/comercial/services/perfil_unidad_service.py,494,BAJO,Usuario,UsuarioModificacion = N'{usuario}'
/app/backend/modules/comercial/services/metricas_ia_service.py,215,BAJO,Usuario,"UsuarioEjecucion,"
/app/backend/modules/comercial/services/metricas_ia_service.py,234,BAJO,Usuario,"""usuario"": row['UsuarioEjecucion'],"
/app/backend/modules/health_v1/routes.py,122,BAJO,Usuario,"cur.execute(""SELECT COUNT(*) AS total FROM Usuario_Catalogo"")"
/app/backend/modules/health_v1/routes.py,125,BAJO,Usuario,"cur.execute(""SELECT COUNT(*) AS total FROM Usuario_Roles"")"
/app/backend/modules/health_v1/routes.py,128,BAJO,Usuario,"cur.execute(""SELECT COUNT(*) AS total FROM Usuario_RolesContexto"")"
/app/backend/modules/fase2_operativo/sql_repository.py,143,BAJO,Usuario,"TotalProductosDiferencia, ValorTotalDiferencias, UsuarioCreadorID"
/app/backend/modules/fase2_operativo/sql_repository.py,200,BAJO,Usuario,UsuarioCreadorID as usuario_creador_id
/app/backend/modules/fase2_operativo/sql_repository.py,227,BAJO,Usuario,"Prioridad, UsuarioAsignadoID, UsuarioAsignadoNombre,"
/app/backend/modules/fase2_operativo/sql_repository.py,254,BAJO,Usuario,"UsuarioAsignadoID as usuario_asignado_id,"
/app/backend/modules/fase2_operativo/sql_repository.py,255,BAJO,Usuario,"UsuarioAsignadoNombre as usuario_asignado_nombre,"
/app/backend/modules/fase2_operativo/sql_repository.py,523,BAJO,Usuario,"UsuarioResponsableID as usuario_responsable_id, Prioridad as Prioridad"
/app/backend/modules/fase2_operativo/sql_repository.py,539,BAJO,Usuario,"""""""Obtiene un usuario desde la tabla Usuarios."""""""
/app/backend/modules/fase2_operativo/sql_repository.py,542,BAJO,Usuario,"CAST(UsuarioID AS VARCHAR(50)) as id,"
/app/backend/modules/fase2_operativo/sql_repository.py,545,BAJO,Usuario,FROM Usuarios
/app/backend/modules/fase2_operativo/sql_repository.py,546,BAJO,Usuario,WHERE UsuarioID = %s OR MongoLegacyID = %s
/app/backend/modules/fase2_operativo/api_schemas.py,26,BAJO,Usuario,"description=""Usuario a asignar para revisión inicial"""
/app/backend/modules/fase2_operativo/api_schemas.py,38,BAJO,Usuario,"usuario_id: str = Field(..., description=""Usuario que escala"")"
/app/backend/modules/fase2_operativo/api_schemas.py,47,BAJO,Usuario,"usuario_asignado_id: Optional[str] = Field(None, description=""Usuario a asignar"")"
/app/backend/modules/fase2_operativo/api_schemas.py,52,BAJO,Usuario,"usuario_asignado_id: str = Field(..., description=""Usuario a asignar"")"
/app/backend/modules/fase2_operativo/api_schemas.py,53,BAJO,Usuario,"asignado_por_id: str = Field(..., description=""Usuario que realiza la asignación"")"
/app/backend/modules/fase2_operativo/api_schemas.py,61,BAJO,Usuario,"cambiado_por_id: str = Field(..., description=""Usuario que realiza el cambio"")"
/app/backend/modules/fase2_operativo/api_schemas.py,71,BAJO,Usuario,"usuario_justificador_id: str = Field(..., description=""Usuario que justifica"")"
/app/backend/modules/fase2_operativo/repositories/cargos_repository.py,476,BAJO,Usuario,"(HistorialID, CargoID, Accion, UsuarioID, UsuarioNombre, Detalle, EstadoAnterior, EstadoNuevo, Fecha)"
/app/backend/modules/fase2_operativo/repositories/cargos_repository.py,555,BAJO,Usuario,WHERE UsuarioID = %s
/app/backend/modules/fase2_operativo/repositories/cargos_repository.py,594,BAJO,Usuario,"""usuario_id"": row.get(""UsuarioID""),"
/app/backend/modules/fase2_operativo/repositories/cargos_repository.py,595,BAJO,Usuario,"""usuario_rol"": row.get(""UsuarioNombre""),"
/app/backend/modules/fase2_operativo/repositories/asignacion_repository.py,60,BAJO,Usuario,SELECT TOP 1 UsuarioResponsableID
/app/backend/modules/fase2_operativo/repositories/asignacion_repository.py,66,BAJO,Usuario,SELECT TOP 1 UsuarioResponsableID
/app/backend/modules/fase2_operativo/repositories/asignacion_repository.py,75,BAJO,Usuario,"if row and row.get(""UsuarioResponsableID""):"
/app/backend/modules/fase2_operativo/repositories/asignacion_repository.py,76,BAJO,Usuario,"return row[""UsuarioResponsableID""]"
/app/backend/modules/fase2_operativo/repositories/tarea_repository.py,82,BAJO,Usuario,MIGRADO A SQL: Usa SQLCursor con filtro UsuarioAsignadoID.
/app/backend/modules/fase2_operativo/repositories/tarea_repository.py,377,BAJO,Usuario,"conditions.append(""t.UsuarioAsignadoID = %s"")"
/app/backend/modules/fase2_operativo/repositories/historial_responsabilidad_repository.py,72,BAJO,Usuario,"(HistorialID, CargoID, Accion, UsuarioID, UsuarioNombre, Detalle, EstadoAnterior, EstadoNuevo, Fecha)"
/app/backend/modules/fase2_operativo/repositories/historial_responsabilidad_repository.py,182,BAJO,Usuario,"conditions = [""UsuarioID = %s""]"
/app/backend/modules/fase2_operativo/repositories/historial_responsabilidad_repository.py,259,BAJO,Usuario,"""usuario_id"": row.get(""UsuarioID""),"
/app/backend/modules/fase2_operativo/repositories/historial_responsabilidad_repository.py,260,BAJO,Usuario,"""usuario_rol"": row.get(""UsuarioNombre""),"
/app/backend/modules/fase2_operativo/repositories/sql_base_repository.py,100,BAJO,Usuario,"""usuario_asignado_id"": ""UsuarioAsignadoID"","
/app/backend/modules/fase2_operativo/repositories/sql_base_repository.py,101,BAJO,Usuario,"""usuario_asignado_nombre"": ""UsuarioAsignadoNombre"","
/app/backend/modules/fase2_operativo/repositories/sql_base_repository.py,189,BAJO,Usuario,"""usuario_id"": ""UsuarioID"","
/app/backend/modules/fase2_operativo/repositories/sql_base_repository.py,190,BAJO,Usuario,"""usuario_nombre"": ""UsuarioNombre"","
/app/backend/modules/fase2_operativo/schemas/tarea_schemas.py,86,BAJO,Usuario,"usuario_anterior_id: Optional[str] = Field(None, description=""Usuario anterior (null si es primera asignación)"")"
/app/backend/modules/fase2_operativo/schemas/tarea_schemas.py,89,BAJO,Usuario,"cambiado_por_id: str = Field(..., description=""Usuario que realizó el cambio"")"
/app/backend/modules/fase2_operativo/schemas/cargos_schemas.py,75,BAJO,Usuario,"usuario_id: str = Field(..., description=""Usuario que crea la propuesta"")"
/app/backend/modules/fase2_operativo/schemas/responsabilidad_schemas.py,44,BAJO,"SUPERVISOR, VISOR","SUPERVISOR = ""SUPERVISOR"""
/app/backend/modules/fase2_operativo/schemas/responsabilidad_schemas.py,119,BAJO,Usuario,"calculado_por: str = Field(..., description=""Usuario que ejecutó el cálculo"")"
/app/backend/modules/fase2_operativo/schemas/responsabilidad_schemas.py,220,BAJO,"SUPERVISOR, VISOR","usuario_rol: str = Field(..., description=""Rol del usuario (AFECTADO, SUPERVISOR, GERENTE_OPS, DIRECCION)"")"
/app/backend/modules/fase2_operativo/services/cargos_service.py,75,BAJO,Usuario,"""""""Usuario no tiene permisos suficientes."""""""
/app/backend/modules/fase2_operativo/services/cargos_service.py,93,BAJO,"SUPERVISOR, VISOR",UMBRAL_SUPERVISOR = 500.0
/app/backend/modules/fase2_operativo/services/cargos_service.py,100,BAJO,"SUPERVISOR, VISOR","""SUPERVISOR"": 1,"
/app/backend/modules/fase2_operativo/services/cargos_service.py,103,BAJO,ADMIN,"""ADMIN"": 4,"
/app/backend/modules/fase2_operativo/services/cargos_service.py,244,BAJO,Usuario,usuario_id: Usuario que crea la propuesta
/app/backend/modules/fase2_operativo/services/cargos_service.py,738,BAJO,"SUPERVISOR, VISOR",if monto <= self.UMBRAL_SUPERVISOR:
/app/backend/modules/fase2_operativo/services/cargos_service.py,739,BAJO,"SUPERVISOR, VISOR","nivel_requerido = ""SUPERVISOR"""
/app/backend/modules/fase2_operativo/services/cargos_service.py,796,BAJO,Usuario,"responsable_nombre = cargo.get(""responsable_nombre"", ""Usuario"")"
/app/backend/modules/fase2_operativo/services/orquestador_service.py,297,BAJO,Usuario,"f""Orquestador: Usuario responsable {usuario_id} no encontrado"""
/app/backend/modules/fase2_operativo/services/orquestador_service.py,308,BAJO,Usuario,"""nombre"": usuario.get(""name"", usuario.get(""email"", ""Usuario"")),"
/app/backend/modules/fase2_operativo/services/excel_service.py,318,BAJO,Usuario,"""Usuario"", ""Fecha Justificación"""
/app/backend/modules/fase2_operativo/services/automatizacion_compras_service.py,255,BAJO,Administrador,"roles_permitidos = [""Gerente"", ""Director"", ""Administrador""]"
/app/backend/modules/fase2_operativo/services/automatizacion_compras_service.py,311,BAJO,Administrador,"roles_permitidos = [""Tesoreria"", ""Director"", ""Administrador""]"
/app/backend/modules/fase2_operativo/services/automatizacion_compras_service.py,365,BAJO,Administrador,"roles_permitidos = [""Gerente"", ""Director"", ""Administrador""]"
/app/backend/modules/fase2_operativo/services/responsabilidad_service.py,84,BAJO,Usuario,"""""""Usuario no tiene permisos suficientes para esta acción."""""""
/app/backend/modules/fase2_operativo/services/responsabilidad_service.py,98,BAJO,"SUPERVISOR, VISOR","""RESPONSABILIDAD_UMBRAL_SUPERVISOR"": (""500"", ""Monto máximo para aprobación de supervisor""),"
/app/backend/modules/fase2_operativo/services/responsabilidad_service.py,236,BAJO,Usuario,usuario_id: Usuario que ejecuta el cálculo
/app/backend/modules/fase2_operativo/services/responsabilidad_service.py,667,BAJO,"SUPERVISOR, VISOR","umbral_supervisor = await self.config_repo.get_valor_float(""RESPONSABILIDAD_UMBRAL_SUPERVISOR"", 500)"
/app/backend/modules/fase2_operativo/services/responsabilidad_service.py,672,BAJO,"SUPERVISOR, VISOR",nivel_requerido = RolAutorizacion.SUPERVISOR
/app/backend/modules/fase2_operativo/services/responsabilidad_service.py,681,BAJO,"SUPERVISOR, VISOR","RolAutorizacion.SUPERVISOR.value: 1,"
/app/backend/modules/fase2_operativo/services/responsabilidad_service.py,1016,BAJO,"SUPERVISOR, VISOR","RolAutorizacion.SUPERVISOR.value,"
/app/backend/modules/fase2_operativo/services/operativo_service.py,76,BAJO,Usuario,usuario_asignador_id: Usuario que inicia el workflow
/app/backend/modules/fase2_operativo/services/operativo_service.py,77,BAJO,Usuario,usuario_revisor_id: Usuario a asignar para revisión (opcional)
/app/backend/modules/fase2_operativo/services/operativo_service.py,128,BAJO,Usuario,usuario_id: Usuario que completa la revisión
/app/backend/modules/fase2_operativo/services/operativo_service.py,170,BAJO,Usuario,usuario_justificador_id: Usuario que justifica
/app/backend/modules/fase2_operativo/services/operativo_service.py,337,BAJO,Usuario,usuario_id: Usuario que escala
/app/backend/modules/fase2_operativo/services/tarea_service.py,69,BAJO,Usuario,usuario_asignado_id: Usuario a asignar (opcional)
/app/backend/modules/fase2_operativo/services/tarea_service.py,125,BAJO,Usuario,usuario_asignado_id: Usuario a asignar
/app/backend/modules/fase2_operativo/services/tarea_service.py,126,BAJO,Usuario,asignado_por_id: Usuario que realiza la asignación
/app/backend/modules/fase2_operativo/services/tarea_service.py,175,BAJO,Usuario,cambiado_por_id: Usuario que realiza el cambio
/app/backend/modules/fase2_operativo/routes/automatizacion_compras_routes.py,102,ALTO,Administrador,"if user_role not in [""Administrador"", ""Gerente"", ""Director""]:"
/app/backend/modules/fase2_operativo/routes/automatizacion_compras_routes.py,105,BAJO,Administrador,"detail=""Solo Administrador/Gerente puede ejecutar el detector manualmente"""
/app/backend/modules/fase2_operativo/routes/automatizacion_compras_routes.py,523,BAJO,Administrador,Solo Gerencia/Director/Administrador.
/app/backend/modules/fase2_operativo/routes/automatizacion_compras_routes.py,565,BAJO,Administrador,Solo Gerencia/Director/Administrador.
/app/backend/modules/fase2_operativo/routes/automatizacion_compras_routes.py,570,ALTO,Administrador,"if user_role not in [""Administrador"", ""Gerente"", ""Director""]:"
/app/backend/modules/fase2_operativo/routes/automatizacion_compras_routes.py,573,BAJO,Administrador,"detail=""Solo Gerencia/Director/Administrador puede modificar parámetros de consumo"""
/app/backend/modules/fase2_operativo/routes/tarea_routes.py,51,BAJO,Usuario,- **usuario_asignado_id**: Usuario a asignar (opcional)
/app/backend/modules/fase2_operativo/routes/cargos_routes.py,255,BAJO,Usuario,- Usuario debe tener rol suficiente según monto
/app/backend/modules/fase2_operativo/routes/notificaciones_routes.py,167,BAJO,Usuario,"destinatario_nombre=usuario.get(""name"", ""Usuario"")"
/app/backend/modules/fase2_operativo/routes/workflow_routes.py,62,BAJO,Usuario,- **usuario_revisor_id**: Usuario a asignar para revisión inicial (opcional)
/app/backend/modules/api_connections/repository.py,688,BAJO,Usuario,executed_by: Usuario que ejecuta
/app/backend/modules/api_connections/universal_test_routes.py,235,BAJO,"SuperAdministrador, Administrador",- SuperAdministrador: acceso total
/app/backend/modules/api_connections/universal_test_routes.py,236,BAJO,Administrador,- Administrador: acceso a conexiones de su empresa
/app/backend/modules/api_connections/universal_test_routes.py,237,BAJO,Usuario,- Usuario: acceso según allowed_servers o empresa asignada
/app/backend/modules/api_connections/universal_test_routes.py,243,ALTO,"SuperAdministrador, Administrador",if user_role == 'SuperAdministrador':
/app/backend/modules/api_connections/universal_test_routes.py,266,ALTO,Administrador,if user_role == 'Administrador':
/app/backend/modules/api_connections/universal_test_routes.py,279,BAJO,Usuario,"logger.warning(f""[API-UQT] Usuario {user_email} sin acceso a conexión {connection_raw.get('id')}"")"
/app/backend/modules/api_connections/universal_test_routes.py,493,BAJO,Usuario,"logger.info(f""[API-UQT] Usuario {user_email} solicita test de conexión {connection_id}"")"
/app/backend/modules/api_connections/universal_test_routes.py,527,BAJO,Usuario,"logger.warning(f""[API-SEC1] Usuario {user_email} intentó enviar SQL vía params: {params_error}"")"
/app/backend/modules/api_connections/universal_test_routes.py,533,BAJO,Usuario,"logger.warning(f""[API-SEC1] Usuario {user_email} intentó enviar SQL vía path: {path_error}"")"
/app/backend/modules/api_connections/universal_test_routes.py,539,BAJO,Usuario,"logger.warning(f""[API-SEC1] Usuario {user_email} intentó enviar SQL vía header: {header_key}"")"
/app/backend/modules/api_connections/universal_test_routes.py,704,BAJO,Usuario,"logger.info(f""[API-SEC1] Usuario {user_email} solicita test-connection para {connection_id}"")"
/app/backend/modules/api_connections/universal_test_routes.py,915,BAJO,Usuario,"logger.info(f""[API-SEC1-SIMPLE] Usuario {user_email} solicita test-connectivity para {connection_id}"")"
/app/backend/modules/corporate_filters/router.py,424,BAJO,ADMIN,"sql = f""IF EXISTS (SELECT 1 FROM Sistema_VersionesSistemas WHERE tipo_sistema='{tipo}' AND version_sistema='{version}') SELECT CAST(0 AS BIT) AS success, 'Ya existe' AS message ELSE INSERT INTO Sistema_VersionesSistemas (tipo_sistema, nombre_sistema, version_sistema, es_version_default, activo, created_by) OUTPUT CAST(1 AS BIT) AS success, inserted.sistema_version_id VALUES ('{tipo}', '{nombre}', "
/app/backend/modules/sistema/menu_service.py,22,BAJO,Usuario,FROM dbo.Usuario_RolesAsignacion ura
/app/backend/modules/sistema/menu_service.py,23,BAJO,Usuario,INNER JOIN dbo.Usuario_Roles r ON r.RolID = ura.RolID
/app/backend/modules/sistema/menu_service.py,24,BAJO,Usuario,"WHERE TRY_CONVERT(NVARCHAR(100), ura.UsuarioID) = %s"
/app/backend/modules/sistema/menu_service.py,36,MEDIO,"SUPERADMIN, ADMIN","if code in {""SUPERADMIN"", ""SUPERADMINISTRADOR"", ""SUPER_ADMIN""} or nivel >= 100:"
/app/backend/modules/sistema/menu_service.py,55,BAJO,Usuario,FROM dbo.Usuario_Modulos m
/app/backend/modules/sistema/menu_service.py,56,BAJO,Usuario,CROSS JOIN dbo.Usuario_Acciones a
/app/backend/modules/sistema/menu_service.py,71,BAJO,Usuario,FROM dbo.Usuario_RolesAsignacion ura
/app/backend/modules/sistema/menu_service.py,72,BAJO,Usuario,INNER JOIN dbo.Usuario_PermisosRolModulo prm ON prm.RolID = ura.RolID
/app/backend/modules/sistema/menu_service.py,73,BAJO,Usuario,INNER JOIN dbo.Usuario_Modulos m ON m.ModuloID = prm.ModuloID
/app/backend/modules/sistema/menu_service.py,74,BAJO,Usuario,INNER JOIN dbo.Usuario_Acciones a ON a.AccionID = prm.AccionID
/app/backend/modules/sistema/menu_service.py,75,BAJO,Usuario,"WHERE TRY_CONVERT(NVARCHAR(100), ura.UsuarioID) = %s"
/app/backend/modules/sistema/menu_service.py,89,BAJO,Usuario,resueltos desde el contexto canónico (Usuario_RolesContexto).
/app/backend/modules/sistema/menu_service.py,104,BAJO,Usuario,FROM dbo.Usuario_RolesContexto urc
/app/backend/modules/sistema/menu_service.py,105,BAJO,Usuario,INNER JOIN dbo.Usuario_PermisosRolModulo prm ON prm.RolID = urc.RolID
/app/backend/modules/sistema/menu_service.py,106,BAJO,Usuario,INNER JOIN dbo.Usuario_Modulos m ON m.ModuloID = prm.ModuloID
/app/backend/modules/sistema/menu_service.py,107,BAJO,Usuario,INNER JOIN dbo.Usuario_Acciones a ON a.AccionID = prm.AccionID
/app/backend/modules/sistema/menu_service.py,108,BAJO,Usuario,"WHERE TRY_CONVERT(NVARCHAR(100), urc.UsuarioID) = %s"
/app/backend/modules/sistema/menu_routes.py,20,BAJO,Usuario,"@router.get(""/usuario"", summary=""Menús del Usuario Actual"")"
/app/backend/modules/sistema/menu_routes.py,29,BAJO,Usuario,activo del usuario (Usuario_RolesContexto) en esa unidad de negocio.
/app/backend/modules/sistema/menu_routes.py,34,BAJO,Usuario,"current_user.get(""UsuarioID"")"
/app/backend/modules/sistema/menu_routes.py,41,BAJO,Usuario,"raise HTTPException(status_code=401, detail=""Usuario sin identificador válido"")"
/app/backend/modules/costos_margenes/routes_precios.py,70,ALTO,"SuperAdministrador, Administrador","if role in ['SuperAdministrador', 'Administrador', 'admin', 'Admin']:"
/app/backend/modules/costos_margenes/routes_precios.py,74,ALTO,Supervisor,"if role in ['Gerente', 'Supervisor']:"
/app/backend/modules/costos_margenes/routes_precios.py,94,ALTO,Usuario,if role in ['Usuario']:
/app/backend/modules/costos_margenes/routes.py,77,BAJO,Usuario,Obtiene los server_id permitidos para el usuario desde Usuario_ServidoresAsignacion.
/app/backend/modules/costos_margenes/routes.py,88,ALTO,"SuperAdministrador, Administrador","if role in ['SuperAdministrador', 'Administrador', 'admin', 'Admin']:"
/app/backend/modules/costos_margenes/routes.py,89,BAJO,Usuario,"logger.info(f""[RBAC] Usuario {email} tiene acceso global por rol {role}"")"
/app/backend/modules/costos_margenes/routes.py,98,BAJO,Usuario,SELECT UsuarioID
/app/backend/modules/costos_margenes/routes.py,99,BAJO,Usuario,FROM Usuario_Catalogo
/app/backend/modules/costos_margenes/routes.py,106,BAJO,Usuario,"logger.warning(f""[RBAC] Usuario {email} no encontrado en Usuario_Catalogo"")"
/app/backend/modules/costos_margenes/routes.py,109,BAJO,Usuario,usuario_id_sql = user_result[0].get('UsuarioID')
/app/backend/modules/costos_margenes/routes.py,114,BAJO,Usuario,FROM Usuario_ServidoresAsignacion sa
/app/backend/modules/costos_margenes/routes.py,115,BAJO,Usuario,WHERE sa.UsuarioID = {usuario_id_sql}
/app/backend/modules/costos_margenes/routes.py,124,BAJO,Usuario,"logger.info(f""[RBAC] Usuario {email} tiene 0 asignaciones → acceso corporativo"")"
/app/backend/modules/costos_margenes/routes.py,127,BAJO,Usuario,"logger.info(f""[RBAC] Usuario {email} tiene acceso a {len(server_ids)} servidores: {server_ids[:3]}..."")"
/app/backend/modules/costos_margenes/routes.py,140,BAJO,"SuperAdministrador, Administrador",- SuperAdministrador: Acceso total
/app/backend/modules/costos_margenes/routes.py,141,BAJO,Administrador,- Administrador: Acceso total
/app/backend/modules/costos_margenes/routes.py,142,BAJO,Supervisor,- Supervisor: Acceso de lectura
/app/backend/modules/costos_margenes/routes.py,143,BAJO,Usuario,- Usuario con rol comercial: Acceso de lectura
/app/backend/modules/costos_margenes/routes.py,150,ALTO,"SuperAdministrador, Administrador","if role in ['SuperAdministrador', 'Administrador', 'admin', 'Admin']:"
/app/backend/modules/costos_margenes/routes.py,154,ALTO,"Supervisor, Usuario","if role in ['Supervisor', 'Comercial', 'Gerente', 'Usuario']:"
/app/backend/modules/costos_margenes/routes.py,249,BAJO,"Usuario, SUPERADMIN, ADMIN","- Usuarios corporativos (ADMIN, SUPERADMIN, o sin asignaciones): ven todo"
/app/backend/modules/costos_margenes/routes.py,250,BAJO,Usuario,- Usuarios con asignaciones: solo ven sus unidades
/app/backend/modules/costos_margenes/routes.py,572,BAJO,Usuario,- Usuarios corporativos: ven todas
/app/backend/modules/costos_margenes/routes.py,573,BAJO,Usuario,- Usuarios con asignaciones: solo ven sus unidades
/app/backend/modules/costos_margenes/repository_precios.py,221,BAJO,Usuario,"SyncRunID, UsuarioID, UsuarioEmail, IPSimulacion"
/app/backend/modules/costos_margenes/repository_precios.py,311,BAJO,Usuario,"SolicitanteUsuarioID, SolicitanteEmail, SolicitanteNombre,"
/app/backend/modules/costos_margenes/repository_precios.py,380,BAJO,Usuario,"where_clauses.append(f""SolicitanteUsuarioID = '{solicitante_id}'"")"
/app/backend/modules/costos_margenes/repository_precios.py,492,BAJO,Usuario,"f""AutorizadorUsuarioID = '{usuario_id}'"","
/app/backend/modules/costos_margenes/repository_precios.py,500,BAJO,Usuario,"f""ModificadorUsuarioID = '{usuario_id}'"","
/app/backend/modules/costos_margenes/repository_precios.py,538,BAJO,Usuario,"UsuarioEmail, UsuarioNombre, Comentario,"
/app/backend/modules/costos_margenes/repository_precios.py,554,BAJO,Usuario,"'usuario_email': r['UsuarioEmail'],"
/app/backend/modules/costos_margenes/repository_precios.py,555,BAJO,Usuario,"'usuario_nombre': r.get('UsuarioNombre'),"
/app/backend/modules/costos_margenes/repository_precios.py,594,BAJO,Usuario,"'solicitante_usuario_id': str(r['SolicitanteUsuarioID']),"
/app/backend/modules/costos_margenes/repository_precios.py,598,BAJO,Usuario,"'autorizador_usuario_id': str(r['AutorizadorUsuarioID']) if r.get('AutorizadorUsuarioID') else None,"
/app/backend/modules/costos_margenes/repository_precios.py,603,BAJO,Usuario,"'modificador_usuario_id': str(r['ModificadorUsuarioID']) if r.get('ModificadorUsuarioID') else None,"
/app/backend/modules/costos_margenes/repository_precios.py,641,BAJO,Usuario,"UsuarioID, UsuarioEmail, UsuarioNombre,"
/app/backend/modules/rh/service.py,216,BAJO,Administrador,"""""""Verifica que el usuario tenga rol de Administrador."""""""
/app/backend/modules/rh/service.py,217,ALTO,Administrador,if current_user.get('role') != 'Administrador':
/app/backend/modules/rh/solicitudes_catalogo.py,9,BAJO,Usuario,1. Usuario (Solicitador) → Crea solicitud
/app/backend/modules/rh/solicitudes_catalogo.py,10,BAJO,Supervisor,2. Supervisor (Creador) → Revisa y crea el registro
/app/backend/modules/rh/solicitudes_catalogo.py,11,BAJO,Administrador,3. Administrador (Autorizador) → Autoriza para que esté disponible
/app/backend/modules/rh/solicitudes_catalogo.py,160,BAJO,Usuario,- Usuario: solo sus propias solicitudes
/app/backend/modules/rh/solicitudes_catalogo.py,161,BAJO,Supervisor,- Supervisor: solicitudes pendientes para crear
/app/backend/modules/rh/solicitudes_catalogo.py,162,BAJO,Administrador,- Administrador: todas las solicitudes
/app/backend/modules/rh/solicitudes_catalogo.py,164,BAJO,Usuario,"role = current_user.get(""role"", ""Usuario"")"
/app/backend/modules/rh/solicitudes_catalogo.py,170,ALTO,Usuario,"if role == ""Usuario"" or mis_solicitudes:"
/app/backend/modules/rh/solicitudes_catalogo.py,172,ALTO,Supervisor,"elif role == ""Supervisor"":"
/app/backend/modules/rh/solicitudes_catalogo.py,210,BAJO,Usuario,"role = current_user.get(""role"", ""Usuario"")"
/app/backend/modules/rh/solicitudes_catalogo.py,215,ALTO,Supervisor,"if role == ""Supervisor"":"
/app/backend/modules/rh/solicitudes_catalogo.py,218,ALTO,Administrador,"elif role == ""Administrador"":"
/app/backend/modules/rh/solicitudes_catalogo.py,242,BAJO,Supervisor,"- Supervisor puede: aprobar (pasar a en_creacion), crear (pasar a creado), rechazar"
/app/backend/modules/rh/solicitudes_catalogo.py,243,BAJO,Administrador,"- Administrador puede: autorizar, rechazar"
/app/backend/modules/rh/solicitudes_catalogo.py,245,BAJO,Usuario,"role = current_user.get(""role"", ""Usuario"")"
/app/backend/modules/rh/solicitudes_catalogo.py,258,ALTO,"Administrador, Supervisor","if role not in [""Supervisor"", ""Administrador""]:"
/app/backend/modules/rh/solicitudes_catalogo.py,269,ALTO,"Administrador, Supervisor","if role not in [""Supervisor"", ""Administrador""]:"
/app/backend/modules/rh/solicitudes_catalogo.py,283,ALTO,Administrador,"if role != ""Administrador"":"
/app/backend/modules/rh/solicitudes_catalogo.py,284,BAJO,Administrador,"raise HTTPException(status_code=403, detail=""Solo Administrador puede autorizar"")"
/app/backend/modules/rh/solicitudes_catalogo.py,298,ALTO,"Administrador, Supervisor","if role not in [""Supervisor"", ""Administrador""]:"
/app/backend/modules/rh/repository.py,2195,BAJO,USUARIO,"SIN PARÁMETROS DE USUARIO - Queries estáticos, sin riesgo de inyección."
/app/backend/modules/rh/routes.py,180,BAJO,Administrador,Requiere rol: Administrador
/app/backend/modules/rh/routes.py,194,BAJO,Administrador,Requiere rol: Administrador
/app/backend/modules/rh/routes.py,207,BAJO,Administrador,Requiere rol: Administrador.
/app/backend/modules/rh/routes.py,255,BAJO,Administrador,Requiere rol: Administrador
/app/backend/modules/rh/routes.py,269,BAJO,Administrador,Requiere rol: Administrador
/app/backend/modules/rh/routes.py,282,BAJO,Administrador,Requiere rol: Administrador
/app/backend/modules/rh/importador/service.py,14,BAJO,Usuario,6. Usuario aprueba registros
/app/backend/modules/rh/importador/homologacion_service.py,71,BAJO,Usuario,"Usuario_Aprobador VARCHAR(100),"
/app/backend/modules/rh/importador/homologacion_service.py,159,BAJO,Usuario,"(Tipo, Valor_Origen, Valor_Normalizado, CatalogoID, Estado, Usuario_Aprobador)"
/app/backend/modules/rh/importador/homologacion_service.py,231,BAJO,Usuario,"(Tipo, Valor_Origen, Valor_Normalizado, CatalogoID, Estado, Usuario_Aprobador)"
/app/backend/modules/rh/importador/homologacion_service.py,303,BAJO,Usuario,"(Tipo, Valor_Origen, Valor_Normalizado, CatalogoID, Estado, Usuario_Aprobador)"
/app/backend/modules/rh/importador/homologacion_service.py,406,BAJO,Usuario,"Usuario_Aprobador,"
/app/backend/modules/rh/importador/aprobacion_service.py,359,BAJO,Usuario,"Usuario_Aprobador = '{escape_sql(usuario)}',"
/app/backend/modules/rh/importador/aprobacion_service.py,438,BAJO,Usuario,"Usuario_Aprobador = '{escape_sql(usuario)}',"
/app/backend/modules/rh/importador/aprobacion_service.py,454,BAJO,Usuario,"Usuario_Aprobador = '{escape_sql(usuario)}',"
/app/backend/modules/rh/importador/aprobacion_service.py,488,BAJO,Usuario,"Usuario_Aprobador = '{escape_sql(usuario)}',"
/app/backend/modules/rh/importador/aprobacion_service.py,527,BAJO,Usuario,"Usuario_Aprobador = '{escape_sql(usuario)}',"
/app/backend/modules/rh/importador/aprobacion_service.py,609,BAJO,Usuario,"Fuente, Archivo_Origen, Usuario_Ejecutor,"
/app/backend/modules/rh/importador/repository.py,135,BAJO,Usuario,"Usuario_Importador NVARCHAR(100) NULL,"
/app/backend/modules/rh/importador/repository.py,152,BAJO,Usuario,"Usuario_Aprobador NVARCHAR(100) NULL,"
/app/backend/modules/rh/importador/repository.py,202,BAJO,Usuario,"Usuario_Ejecutor NVARCHAR(100) NULL,"
/app/backend/modules/rh/importador/repository.py,304,BAJO,Usuario,"Fuente, Archivo_Origen, Linea_Origen, Usuario_Importador,"
/app/backend/modules/rh/importador/repository.py,390,BAJO,Usuario,"Usuario_Importador as Usuario_Importador,"
/app/backend/modules/rh/importador/repository.py,455,BAJO,Usuario,'usuario_aprobador': 'Usuario_Aprobador'
/app/backend/modules/rh/importador/repository.py,521,BAJO,Usuario,"Usuario_Ejecutor, Duracion_Segundos, Estado, Detalle_JSON"
/app/backend/modules/rh/importador/repository.py,627,BAJO,Usuario,"Usuario_Ejecutor as Usuario_Ejecutor,"
/app/backend/modules/rh/importador/schemas.py,324,BAJO,Usuario,"usuario_aprobador: str = Field(..., description=""Usuario que aprueba la carga"")"
/app/backend/modules/configuracion/repositories/config_asignaciones_repository.py,13,BAJO,USUARIO,Gestiona la matriz: UNIDAD DE NEGOCIO + ALMACÉN → USUARIO RESPONSABLE
/app/backend/modules/configuracion/repositories/config_asignaciones_repository.py,134,BAJO,Usuario,"UsuarioResponsableID as usuario_responsable_id,"
/app/backend/modules/configuracion/repositories/config_asignaciones_repository.py,135,BAJO,Usuario,"UsuarioResponsableNombre as usuario_responsable_nombre,"
/app/backend/modules/configuracion/repositories/config_asignaciones_repository.py,136,BAJO,Usuario,"UsuarioResponsableEmail as usuario_responsable_email,"
/app/backend/modules/configuracion/repositories/config_asignaciones_repository.py,140,BAJO,Usuario,"UsuarioCreacion as usuario_creacion,"
/app/backend/modules/configuracion/repositories/config_asignaciones_repository.py,142,BAJO,Usuario,UsuarioModificacion as usuario_modificacion
/app/backend/modules/configuracion/repositories/config_asignaciones_repository.py,167,BAJO,Usuario,"UsuarioResponsableID as usuario_responsable_id,"
/app/backend/modules/configuracion/repositories/config_asignaciones_repository.py,168,BAJO,Usuario,"UsuarioResponsableNombre as usuario_responsable_nombre,"
/app/backend/modules/configuracion/repositories/config_asignaciones_repository.py,169,BAJO,Usuario,"UsuarioResponsableEmail as usuario_responsable_email,"
/app/backend/modules/configuracion/repositories/config_asignaciones_repository.py,215,BAJO,Usuario,"CAST(UsuarioID AS VARCHAR(50)) as id,"
/app/backend/modules/configuracion/repositories/config_asignaciones_repository.py,218,BAJO,Usuario,FROM Usuarios
/app/backend/modules/configuracion/repositories/config_asignaciones_repository.py,219,BAJO,Usuario,WHERE UsuarioID = %s OR MongoLegacyID = %s
/app/backend/modules/configuracion/repositories/config_asignaciones_repository.py,222,BAJO,Usuario,"usuario = usuarios[0] if usuarios else {""id"": usuario_responsable_id, ""name"": ""Usuario"", ""email"": """"}"
/app/backend/modules/configuracion/repositories/config_asignaciones_repository.py,235,BAJO,Usuario,"UsuarioResponsableID, UsuarioResponsableNombre, UsuarioResponsableEmail,"
/app/backend/modules/configuracion/repositories/config_asignaciones_repository.py,237,BAJO,Usuario,"FechaCreacion, UsuarioCreacion, FechaModificacion, UsuarioModificacion"
/app/backend/modules/configuracion/repositories/config_asignaciones_repository.py,288,BAJO,Usuario,"CAST(UsuarioID AS VARCHAR(50)) as id,"
/app/backend/modules/configuracion/repositories/config_asignaciones_repository.py,291,BAJO,Usuario,FROM Usuarios
/app/backend/modules/configuracion/repositories/config_asignaciones_repository.py,292,BAJO,Usuario,WHERE UsuarioID = %s OR MongoLegacyID = %s
/app/backend/modules/configuracion/repositories/config_asignaciones_repository.py,297,BAJO,Usuario,"updates.append(""UsuarioResponsableID = %s"")"
/app/backend/modules/configuracion/repositories/config_asignaciones_repository.py,299,BAJO,Usuario,"updates.append(""UsuarioResponsableNombre = %s"")"
/app/backend/modules/configuracion/repositories/config_asignaciones_repository.py,301,BAJO,Usuario,"updates.append(""UsuarioResponsableEmail = %s"")"
/app/backend/modules/configuracion/repositories/config_asignaciones_repository.py,309,BAJO,Usuario,"updates.append(""UsuarioModificacion = %s"")"
/app/backend/modules/configuracion/repositories/config_asignaciones_repository.py,344,BAJO,Usuario,"UsuarioResponsableID as ID,"
/app/backend/modules/configuracion/repositories/config_asignaciones_repository.py,345,BAJO,Usuario,"UsuarioResponsableNombre as nombre,"
/app/backend/modules/configuracion/repositories/config_asignaciones_repository.py,346,BAJO,Usuario,"UsuarioResponsableEmail as email,"
/app/backend/modules/configuracion/services/almacenes_sync_service.py,99,BAJO,Usuario,user: Usuario autenticado (para validación RBAC en context_resolver)
/app/backend/modules/configuracion/routes/config_asignaciones_routes.py,8,BAJO,USUARIO,UNIDAD DE NEGOCIO + ALMACÉN → USUARIO RESPONSABLE
/app/backend/modules/configuracion/routes/config_asignaciones_routes.py,13,BAJO,Usuario,3. RBAC: Usuario solo opera en su alcance
/app/backend/modules/configuracion/routes/config_asignaciones_routes.py,121,BAJO,"SuperAdministrador, Administrador",4. Tenga al menos un rol activo (excepto SuperAdministrador)
/app/backend/modules/configuracion/routes/config_asignaciones_routes.py,129,BAJO,Usuario,"raise HTTPException(status_code=400, detail=""Usuario responsable no encontrado"")"
/app/backend/modules/configuracion/routes/config_asignaciones_routes.py,330,BAJO,Usuario,- Usuario autenticado tiene alcance sobre la unidad
/app/backend/modules/configuracion/routes/config_asignaciones_routes.py,332,BAJO,Usuario,"- Usuario responsable existe, está activo, tiene alcance y rol"
/app/backend/modules/configuracion/routes/config_asignaciones_routes.py,476,BAJO,Usuario,"detail=""Ya existe una asignación con esta combinación de Unidad/Almacén/Usuario"""
/app/backend/modules/configuracion/routes/config_asignaciones_routes.py,641,BAJO,"SUPERADMIN, ADMIN",SOLO SUPERADMINISTRADOR.
/app/backend/modules/configuracion/routes/config_asignaciones_routes.py,653,BAJO,"SuperAdministrador, Administrador","raise HTTPException(status_code=403, detail=""Solo SuperAdministrador puede sincronizar almacenes"")"
/app/backend/modules/consultas_sql/models.py,152,BAJO,Usuario,"usuario_creacion_id=row.get('UsuarioCreacionID'),"
/app/backend/modules/consultas_sql/models.py,284,BAJO,Usuario,"usuario_creacion_id=row.get('UsuarioCreacionID'),"
/app/backend/modules/consultas_sql/models.py,286,BAJO,Usuario,"usuario_modificacion_id=row.get('UsuarioModificacionID'),"
/app/backend/modules/catalogos/routes.py,55,ALTO,"SuperAdministrador, Administrador","if role in ['Administrador', 'SuperAdministrador']:"
/app/backend/modules/catalogos/routes.py,58,ALTO,Supervisor,"if role == 'Supervisor' and permiso in [PERM_SISTEMAS_SOLICITAR, PERM_SISTEMAS_CREAR, PERM_SISTEMAS_EDITAR]:"
/app/backend/modules/catalogos/routes.py,287,BAJO,Administrador,Requiere: Administrador
/app/backend/modules/catalogos/routes.py,589,BAJO,"Administrador, Supervisor",Requiere rol: Administrador o Supervisor
/app/backend/modules/catalogos/routes.py,618,BAJO,"Administrador, Supervisor",Requiere rol: Administrador o Supervisor
/app/backend/modules/catalogos/routes.py,644,BAJO,Administrador,Requiere rol: Administrador
/app/backend/modules/catalogos/routes.py,663,BAJO,Administrador,Requiere rol: Administrador
/app/backend/modules/catalogos/routes.py,695,BAJO,Administrador,Requiere rol: Administrador
/app/backend/modules/catalogos/routes.py,722,BAJO,Administrador,Requiere rol: Administrador
/app/backend/modules/catalogos/schemas.py,131,BAJO,Usuario,"{""tabla"": ""Usuario_Roles"", ""nombre"": ""Roles"", ""nuevo"": False},"
/app/backend/modules/catalogos/schemas.py,132,BAJO,Usuario,"{""tabla"": ""Usuario_Modulos"", ""nombre"": ""Módulos"", ""nuevo"": False},"
/app/backend/modules/catalogos/schemas.py,133,BAJO,Usuario,"{""tabla"": ""Usuario_TiposAutorizacion"", ""nombre"": ""Tipos de Autorización"", ""nuevo"": False},"
/app/backend/modules/catalogos/schemas.py,550,BAJO,Usuario,"""Usuario_Roles"": {"
/app/backend/modules/catalogos/schemas.py,557,BAJO,Usuario,"""Usuario_Modulos"": {"
/app/backend/modules/catalogos/schemas.py,564,BAJO,Usuario,"""Usuario_TiposAutorizacion"": {"
/app/backend/modules/auth/service.py,10,BAJO,Usuario,"or payload.get(""IDUsuario"")"
/app/backend/modules/auth/service.py,113,BAJO,Usuario,"raise HTTPException(status_code=401, detail=""Usuario inactivo"")"
/app/backend/modules/auth/service.py,160,BAJO,Usuario,"'Usuario': 1,"
/app/backend/modules/auth/service.py,161,BAJO,Supervisor,"'Supervisor': 2,"
/app/backend/modules/auth/service.py,162,BAJO,Administrador,"'Administrador': 3,"
/app/backend/modules/auth/service.py,163,BAJO,"SuperAdministrador, Administrador","'SuperAdministrador': 100,  # Rol máximo del sistema"
/app/backend/modules/auth/service.py,165,BAJO,USUARIO,"'USUARIO': 1,"
/app/backend/modules/auth/service.py,166,BAJO,"SUPERVISOR, VISOR","'SUPERVISOR': 2,"
/app/backend/modules/auth/service.py,167,BAJO,ADMIN,"'ADMIN': 3,"
/app/backend/modules/auth/service.py,168,BAJO,"SUPERADMIN, ADMIN","'SUPERADMIN': 100,"
/app/backend/modules/auth/service.py,187,BAJO,"SuperAdministrador, Administrador",- SuperAdministrador puede gestionar a cualquiera
/app/backend/modules/auth/service.py,188,BAJO,"SuperAdministrador, Administrador",- Administrador puede gestionar a usuarios de menor nivel (no SuperAdministrador)
/app/backend/modules/auth/service.py,189,BAJO,"SuperAdministrador, Administrador",- Nadie puede modificar a un SuperAdministrador excepto otro SuperAdministrador
/app/backend/modules/auth/service.py,209,BAJO,USUARIO,FASE 9: Protección con permiso RBAC SISTEMA_USUARIOS_VER + fallback legacy.
/app/backend/modules/auth/service.py,214,BAJO,Administrador,2. Si NO tiene RBAC pero role_level >= 3 (Administrador+) → ACCESO (fallback legacy)
/app/backend/modules/auth/service.py,218,BAJO,"SuperAdministrador, Administrador",1. SuperAdministrador → ve todos
/app/backend/modules/auth/service.py,228,BAJO,USUARIO,"tiene_permiso_rbac = await verificar_permiso_rbac(current_user, 'SISTEMA_USUARIOS_VER')"
/app/backend/modules/auth/service.py,233,BAJO,Administrador,if current_level < 3:  # Mínimo Administrador
/app/backend/modules/auth/service.py,241,BAJO,Usuario,"logger.info(f""GET /api/users - Usuario: {current_user.get('email')}, """
/app/backend/modules/auth/service.py,256,BAJO,USUARIO,FASE 10: Protección con permiso RBAC SISTEMA_USUARIOS_EDITAR + fallback legacy.
/app/backend/modules/auth/service.py,260,BAJO,"SuperAdministrador, Administrador","HTTPException 403: Si no tiene permisos, está fuera de alcance, o intenta modificar un SuperAdministrador"
/app/backend/modules/auth/service.py,264,BAJO,USUARIO,"tiene_permiso_rbac = await verificar_permiso_rbac(current_user, 'SISTEMA_USUARIOS_EDITAR')"
/app/backend/modules/auth/service.py,269,BAJO,Administrador,if current_level < 3:  # Mínimo Administrador
/app/backend/modules/auth/service.py,275,BAJO,Usuario,"raise HTTPException(status_code=404, detail=""Usuario no encontrado"")"
/app/backend/modules/auth/service.py,281,BAJO,"SuperAdministrador, Administrador","detail=""No tiene permisos para modificar usuarios SuperAdministrador"""
/app/backend/modules/auth/service.py,301,ALTO,"SuperAdministrador, Administrador",if 'role' in user_data and user_data['role'] == 'SuperAdministrador':
/app/backend/modules/auth/service.py,305,BAJO,"SuperAdministrador, Administrador","detail=""Solo un SuperAdministrador puede asignar el rol SuperAdministrador"""
/app/backend/modules/auth/service.py,318,BAJO,Usuario,"return {""message"": ""Usuario actualizado""}"
/app/backend/modules/auth/service.py,325,BAJO,USUARIO,FASE 10: Protección con permiso RBAC SISTEMA_USUARIOS_ELIMINAR + fallback legacy.
/app/backend/modules/auth/service.py,329,BAJO,"SuperAdministrador, Administrador","HTTPException 403: Si no tiene permisos, está fuera de alcance, o intenta eliminar un SuperAdministrador"
/app/backend/modules/auth/service.py,333,BAJO,USUARIO,"tiene_permiso_rbac = await verificar_permiso_rbac(current_user, 'SISTEMA_USUARIOS_ELIMINAR')"
/app/backend/modules/auth/service.py,338,BAJO,Administrador,if current_level < 3:  # Mínimo Administrador
/app/backend/modules/auth/service.py,344,BAJO,Usuario,"raise HTTPException(status_code=404, detail=""Usuario no encontrado"")"
/app/backend/modules/auth/service.py,350,BAJO,"SuperAdministrador, Administrador","detail=""No tiene permisos para eliminar usuarios SuperAdministrador"""
/app/backend/modules/auth/service.py,369,BAJO,Usuario,"return {""message"": ""Usuario desactivado""}"
/app/backend/modules/auth/service.py,377,BAJO,Usuario,- Usuario_ServidoresAsignacion
/app/backend/modules/auth/service.py,378,BAJO,Usuario,- Usuario_SucursalesAsignacion
/app/backend/modules/auth/service.py,379,BAJO,Usuario,- Usuario_AlmacenesAsignacion
/app/backend/modules/auth/service.py,382,BAJO,"SuperAdministrador, Administrador",HTTPException 403: Si no tiene permisos o intenta modificar un SuperAdministrador
/app/backend/modules/auth/service.py,389,BAJO,Administrador,if current_level < 3:  # Mínimo Administrador
/app/backend/modules/auth/service.py,394,BAJO,Usuario,"raise HTTPException(status_code=404, detail=""Usuario no encontrado"")"
/app/backend/modules/auth/service.py,400,BAJO,"SuperAdministrador, Administrador","detail=""No tiene permisos para modificar permisos de usuarios SuperAdministrador"""
/app/backend/modules/auth/service.py,412,BAJO,Usuario,SELECT UsuarioID
/app/backend/modules/auth/service.py,413,BAJO,Usuario,FROM Usuario_Catalogo
/app/backend/modules/auth/service.py,414,BAJO,Usuario,"WHERE (UsuarioID = TRY_CONVERT(INT, %s)"
/app/backend/modules/auth/service.py,422,BAJO,Usuario,"raise HTTPException(status_code=404, detail=""Usuario no encontrado en SQL"")"
/app/backend/modules/auth/service.py,425,BAJO,Usuario,modificado_por = None  # TODO: Obtener UsuarioID del current_user si se desea
/app/backend/modules/auth/service.py,433,BAJO,Usuario,UPDATE Usuario_ServidoresAsignacion
/app/backend/modules/auth/service.py,436,BAJO,Usuario,WHERE UsuarioID = %s AND Activo = 1
/app/backend/modules/auth/service.py,449,BAJO,Usuario,INSERT INTO Usuario_ServidoresAsignacion
/app/backend/modules/auth/service.py,450,BAJO,Usuario,"(UsuarioID, ServidorID, LegacyMongoValue, Activo, FechaCreacion, Observaciones)"
/app/backend/modules/auth/service.py,462,BAJO,Usuario,UPDATE Usuario_SucursalesAsignacion
/app/backend/modules/auth/service.py,465,BAJO,Usuario,WHERE UsuarioID = %s AND Activo = 1
/app/backend/modules/auth/service.py,480,BAJO,Usuario,INSERT INTO Usuario_SucursalesAsignacion
/app/backend/modules/auth/service.py,481,BAJO,Usuario,"(UsuarioID, ServidorID, SucursalCodigo, LegacyMongoValue, Activo, FechaCreacion, Observaciones)"
/app/backend/modules/auth/service.py,493,BAJO,Usuario,UPDATE Usuario_AlmacenesAsignacion
/app/backend/modules/auth/service.py,496,BAJO,Usuario,WHERE UsuarioID = %s AND Activo = 1
/app/backend/modules/auth/service.py,511,BAJO,Usuario,INSERT INTO Usuario_AlmacenesAsignacion
/app/backend/modules/auth/service.py,512,BAJO,Usuario,"(UsuarioID, ServidorID, AlmacenCodigo, LegacyMongoValue, Activo, FechaCreacion, Observaciones)"
/app/backend/modules/auth/service.py,535,BAJO,USUARIO,- Requiere permiso SISTEMA_USUARIOS_CREAR o fallback legacy
/app/backend/modules/auth/service.py,541,BAJO,Administrador,2. Si NO tiene RBAC pero role_level >= 3 (Administrador+) → ACCESO (fallback legacy)
/app/backend/modules/auth/service.py,546,BAJO,Usuario,current_user: Usuario que realiza la creación
/app/backend/modules/auth/service.py,556,BAJO,USUARIO,"tiene_permiso_rbac = await verificar_permiso_rbac(current_user, 'SISTEMA_USUARIOS_CREAR')"
/app/backend/modules/auth/service.py,561,BAJO,Administrador,if current_level < 3:  # Mínimo Administrador
/app/backend/modules/auth/service.py,568,BAJO,Usuario,"role = user_data.get('role', 'Usuario')"
/app/backend/modules/auth/service.py,575,ALTO,"SuperAdministrador, Administrador",if role == 'SuperAdministrador' and current_level < 100:
/app/backend/modules/auth/service.py,578,BAJO,"SuperAdministrador, Administrador","detail=""Solo un SuperAdministrador puede crear usuarios SuperAdministrador"""
/app/backend/modules/auth/service.py,611,BAJO,Usuario,"return {""message"": ""Usuario creado exitosamente"", ""user"": user_response}"
/app/backend/modules/auth/service.py,626,BAJO,Administrador,2. Si NO tiene RBAC pero role_level >= 3 (Administrador+) → ACCESO (fallback legacy)
/app/backend/modules/auth/service.py,638,BAJO,Administrador,if current_level < 3:  # Mínimo Administrador
/app/backend/modules/auth/service.py,658,BAJO,Administrador,2. Si NO tiene RBAC pero role_level >= 3 (Administrador+) → ACCESO (fallback legacy)
/app/backend/modules/auth/service.py,671,BAJO,Administrador,if current_level < 3:  # Mínimo Administrador
/app/backend/modules/auth/service.py,708,BAJO,Administrador,if current_level < 3:  # Mínimo Administrador
/app/backend/modules/auth/service.py,749,BAJO,Administrador,if current_level < 3:  # Mínimo Administrador
/app/backend/modules/auth/password_reset.py,11,BAJO,Usuario,"- Usuario_Catalogo: usuarios, email, PasswordHashTexto"
/app/backend/modules/auth/password_reset.py,12,BAJO,Usuario,- Usuario_TokensRecuperacion: tokens de reset
/app/backend/modules/auth/password_reset.py,13,BAJO,Usuario,- Usuario_RateLimitRecuperacion: rate limit por IP/email
/app/backend/modules/auth/password_reset.py,14,BAJO,Usuario,- Usuario_LogRecuperacion: auditoría de eventos
/app/backend/modules/auth/password_reset.py,23,BAJO,Usuario,- Usuario_Catalogo: Datos de usuarios
/app/backend/modules/auth/password_reset.py,24,BAJO,Usuario,- Usuario_TokensRecuperacion: Tokens de recuperación
/app/backend/modules/auth/password_reset.py,25,BAJO,Usuario,- Usuario_RateLimitRecuperacion: Rate limit (AUTH-RESET-P2)
/app/backend/modules/auth/password_reset.py,26,BAJO,Usuario,- Usuario_LogRecuperacion: Auditoría (AUTH-RESET-P2)
/app/backend/modules/auth/password_reset.py,151,BAJO,Usuario,FROM Usuario_RateLimitRecuperacion
/app/backend/modules/auth/password_reset.py,191,BAJO,Usuario,UPDATE Usuario_RateLimitRecuperacion
/app/backend/modules/auth/password_reset.py,203,BAJO,Usuario,DELETE FROM Usuario_RateLimitRecuperacion
/app/backend/modules/auth/password_reset.py,209,BAJO,Usuario,INSERT INTO Usuario_RateLimitRecuperacion
/app/backend/modules/auth/password_reset.py,246,BAJO,Usuario,INSERT INTO Usuario_LogRecuperacion
/app/backend/modules/auth/password_reset.py,273,BAJO,Usuario,Buscar usuario por email en Usuario_Catalogo (SQL).
/app/backend/modules/auth/password_reset.py,280,BAJO,Usuario,"UsuarioID,"
/app/backend/modules/auth/password_reset.py,285,BAJO,Usuario,FROM Usuario_Catalogo
/app/backend/modules/auth/password_reset.py,306,BAJO,Usuario,Buscar usuario por PublicUUID en Usuario_Catalogo (SQL).
/app/backend/modules/auth/password_reset.py,313,BAJO,Usuario,"UsuarioID,"
/app/backend/modules/auth/password_reset.py,318,BAJO,Usuario,FROM Usuario_Catalogo
/app/backend/modules/auth/password_reset.py,345,BAJO,Usuario,UPDATE Usuario_TokensRecuperacion
/app/backend/modules/auth/password_reset.py,349,BAJO,Usuario,WHERE UsuarioID = %s
/app/backend/modules/auth/password_reset.py,361,BAJO,Usuario,Guardar token hasheado en Usuario_TokensRecuperacion (SQL).
/app/backend/modules/auth/password_reset.py,368,BAJO,Usuario,INSERT INTO Usuario_TokensRecuperacion (
/app/backend/modules/auth/password_reset.py,369,BAJO,Usuario,"TokenHash, UsuarioID, Email, FechaExpiracion,"
/app/backend/modules/auth/password_reset.py,389,BAJO,Usuario,"UsuarioID,"
/app/backend/modules/auth/password_reset.py,392,BAJO,Usuario,FROM Usuario_TokensRecuperacion
/app/backend/modules/auth/password_reset.py,421,BAJO,Usuario,UPDATE Usuario_TokensRecuperacion
/app/backend/modules/auth/password_reset.py,436,BAJO,Usuario,Actualizar PasswordHashTexto en Usuario_Catalogo (SQL).
/app/backend/modules/auth/password_reset.py,442,BAJO,Usuario,UPDATE Usuario_Catalogo
/app/backend/modules/auth/password_reset.py,448,BAJO,Usuario,WHERE UsuarioID = %s
/app/backend/modules/auth/password_reset.py,470,BAJO,Usuario,- Usuario se busca en EDARSAHUB SQL
/app/backend/modules/auth/password_reset.py,471,BAJO,Usuario,- Token se guarda en Usuario_TokensRecuperacion (SQL)
/app/backend/modules/auth/password_reset.py,472,BAJO,Usuario,- Rate limit en Usuario_RateLimitRecuperacion (SQL)
/app/backend/modules/auth/password_reset.py,473,BAJO,Usuario,- Auditoría en Usuario_LogRecuperacion (SQL)
/app/backend/modules/auth/password_reset.py,582,BAJO,Usuario,- Password se actualiza en Usuario_Catalogo (SQL)
/app/backend/modules/auth/password_reset.py,583,BAJO,Usuario,- Auditoría en Usuario_LogRecuperacion (SQL)
/app/backend/modules/auth/password_reset.py,631,BAJO,Usuario,FROM Usuario_Catalogo
/app/backend/modules/auth/password_reset.py,632,BAJO,Usuario,WHERE UsuarioID = %s AND Activo = 1
/app/backend/modules/auth/repository.py,4,BAJO,Usuario,Repositorio de autenticación usando únicamente Usuario_Catalogo SQL.
/app/backend/modules/auth/repository.py,25,BAJO,Usuario,"""""""Obtiene usuario por email desde Usuario_Catalogo."""""""
/app/backend/modules/auth/repository.py,35,BAJO,Usuario,"uc.UsuarioID,"
/app/backend/modules/auth/repository.py,47,BAJO,Usuario,FROM dbo.Usuario_Catalogo uc
/app/backend/modules/auth/repository.py,48,BAJO,Usuario,LEFT JOIN dbo.Usuario_RolesAsignacion ura
/app/backend/modules/auth/repository.py,49,BAJO,Usuario,"ON ura.UsuarioID = uc.UsuarioID AND ISNULL(ura.Activo,1)=1 AND ISNULL(ura.EsPrincipal,0)=1"
/app/backend/modules/auth/repository.py,50,BAJO,Usuario,LEFT JOIN dbo.Usuario_Roles ur
/app/backend/modules/auth/repository.py,73,BAJO,Usuario,"""""""Obtiene usuario por ID desde Usuario_Catalogo."""""""
/app/backend/modules/auth/repository.py,84,BAJO,Usuario,"uc.UsuarioID,"
/app/backend/modules/auth/repository.py,96,BAJO,Usuario,FROM dbo.Usuario_Catalogo uc
/app/backend/modules/auth/repository.py,97,BAJO,Usuario,LEFT JOIN dbo.Usuario_RolesAsignacion ura
/app/backend/modules/auth/repository.py,98,BAJO,Usuario,"ON ura.UsuarioID = uc.UsuarioID AND ISNULL(ura.Activo,1)=1 AND ISNULL(ura.EsPrincipal,0)=1"
/app/backend/modules/auth/repository.py,99,BAJO,Usuario,LEFT JOIN dbo.Usuario_Roles ur
/app/backend/modules/auth/repository.py,101,BAJO,Usuario,"WHERE uc.UsuarioID = TRY_CONVERT(INT, %s)"
/app/backend/modules/auth/repository.py,135,BAJO,Usuario,"role = user.get(""NombreRol"") or user.get(""CodigoRol"") or ""Usuario"""
/app/backend/modules/auth/repository.py,138,BAJO,Usuario,"""id"": str(user.get(""PublicUUID"") or user.get(""MongoLegacyID"") or user.get(""UsuarioID"")),"
/app/backend/modules/auth/repository.py,139,BAJO,Usuario,"""UsuarioID"": user.get(""UsuarioID""),"
/app/backend/modules/auth/repository.py,149,BAJO,USUARIO,"""auth_source"": ""SQL_USUARIO_CATALOGO"","
/app/backend/modules/auth/repository.py,150,BAJO,Usuario,"""_sql_usuario_id"": user.get(""UsuarioID""),"
/app/backend/modules/auth/repository.py,199,BAJO,USUARIO,"role = user_data.get(""role"", ""USUARIO"")"
/app/backend/modules/auth/repository.py,209,BAJO,Usuario,INSERT INTO dbo.Usuario_Catalogo
/app/backend/modules/auth/repository.py,210,BAJO,Usuario,"(CodigoUsuario, Username, Email, PasswordHashTexto, Nombre, Apellidos, Activo, FechaAlta)"
/app/backend/modules/auth/repository.py,218,BAJO,Usuario,"cur.execute(""SELECT TOP 1 RolID FROM dbo.Usuario_Roles WHERE CodigoRol = %s OR LOWER(NombreRol) = LOWER(%s)"","
/app/backend/modules/auth/repository.py,224,BAJO,Usuario,INSERT INTO dbo.Usuario_RolesAsignacion
/app/backend/modules/auth/repository.py,225,BAJO,Usuario,"(UsuarioID, RolID, EsPrincipal, Activo, FechaInicio, CreatedAt)"
/app/backend/modules/auth/repository.py,277,BAJO,Usuario,"sql = f""UPDATE dbo.Usuario_Catalogo SET {', '.join(sets)} WHERE UsuarioID = TRY_CONVERT(INT, %s) OR LOWER(MongoLegacyID) = LOWER(%s) OR LOWER(PublicUUID) = LOWER(%s)"""
/app/backend/modules/auth/repository.py,298,BAJO,Usuario,UPDATE dbo.Usuario_Catalogo
/app/backend/modules/auth/repository.py,300,BAJO,Usuario,"WHERE UsuarioID = TRY_CONVERT(INT, %s) OR LOWER(MongoLegacyID) = LOWER(%s) OR LOWER(PublicUUID) = LOWER(%s)"
/app/backend/modules/auth/repository.py,318,BAJO,Usuario,"uc.UsuarioID, uc.Email, uc.Username, uc.Nombre, uc.Apellidos,"
/app/backend/modules/auth/repository.py,321,BAJO,Usuario,FROM dbo.Usuario_Catalogo uc
/app/backend/modules/auth/repository.py,322,BAJO,Usuario,LEFT JOIN dbo.Usuario_RolesAsignacion ura
/app/backend/modules/auth/repository.py,323,BAJO,Usuario,"ON ura.UsuarioID = uc.UsuarioID AND ISNULL(ura.Activo,1)=1 AND ISNULL(ura.EsPrincipal,0)=1"
/app/backend/modules/auth/repository.py,324,BAJO,Usuario,LEFT JOIN dbo.Usuario_Roles ur
/app/backend/modules/auth/repository.py,326,BAJO,Usuario,ORDER BY uc.UsuarioID
/app/backend/modules/auth/repository.py,363,BAJO,Usuario,"""""""Normaliza fila Usuario_Roles al shape que espera service.py."""""""
/app/backend/modules/auth/repository.py,385,BAJO,Usuario,"""""""Usuarios filtrados por empresas (alcance organizacional)."""""""
/app/backend/modules/auth/repository.py,391,BAJO,Usuario,"uc.UsuarioID, uc.Email, uc.Username, uc.Nombre, uc.Apellidos,"
/app/backend/modules/auth/repository.py,394,BAJO,Usuario,FROM dbo.Usuario_Catalogo uc
/app/backend/modules/auth/repository.py,395,BAJO,Usuario,INNER JOIN dbo.Usuario_RolesContexto urc
/app/backend/modules/auth/repository.py,396,BAJO,Usuario,"ON urc.UsuarioID = uc.UsuarioID AND ISNULL(urc.Activo,1)=1"
/app/backend/modules/auth/repository.py,397,BAJO,Usuario,LEFT JOIN dbo.Usuario_Roles ur ON ur.RolID = urc.RolID
/app/backend/modules/auth/repository.py,399,BAJO,Usuario,ORDER BY uc.UsuarioID
/app/backend/modules/auth/repository.py,424,BAJO,Usuario,FROM dbo.Usuario_Roles
/app/backend/modules/auth/repository.py,443,BAJO,Usuario,FROM dbo.Usuario_Roles
/app/backend/modules/auth/repository.py,464,BAJO,Usuario,FROM dbo.Usuario_Roles
/app/backend/modules/auth/repository.py,489,BAJO,Usuario,INSERT INTO dbo.Usuario_Roles
/app/backend/modules/auth/repository.py,520,BAJO,Usuario,"sql = f""UPDATE dbo.Usuario_Roles SET {', '.join(sets)} WHERE RolID = TRY_CONVERT(INT, %s)"""
/app/backend/modules/auth/repository.py,536,BAJO,Usuario,SELECT COUNT(DISTINCT urc.UsuarioID) AS total
/app/backend/modules/auth/repository.py,537,BAJO,Usuario,FROM dbo.Usuario_RolesContexto urc
/app/backend/modules/auth/repository.py,538,BAJO,Usuario,INNER JOIN dbo.Usuario_Roles r ON r.RolID = urc.RolID
/app/backend/modules/auth/repository.py,563,BAJO,Usuario,"cur.execute(""DELETE FROM dbo.Usuario_Roles WHERE RolID = TRY_CONVERT(INT, %s)"", (str(role_id),))"
/app/backend/modules/auth/context_service.py,18,BAJO,Usuario,- Usuario_Catalogo
/app/backend/modules/auth/context_service.py,19,BAJO,Usuario,- Usuario_Roles
/app/backend/modules/auth/context_service.py,20,BAJO,Usuario,- Usuario_RolesAsignacion
/app/backend/modules/auth/context_service.py,21,BAJO,Usuario,- Usuario_EmpresasAsignacion
/app/backend/modules/auth/context_service.py,58,BAJO,Usuario,Obtiene usuario por PublicUUID desde Usuario_Catalogo.
/app/backend/modules/auth/context_service.py,62,BAJO,Usuario,"UsuarioID,"
/app/backend/modules/auth/context_service.py,67,BAJO,Usuario,FROM Usuario_Catalogo
/app/backend/modules/auth/context_service.py,87,BAJO,Usuario,Obtiene rol del usuario desde Usuario_RolesAsignacion.
/app/backend/modules/auth/context_service.py,95,BAJO,Usuario,FROM Usuario_RolesAsignacion ra
/app/backend/modules/auth/context_service.py,96,BAJO,Usuario,JOIN Usuario_Roles r ON ra.RolID = r.RolID
/app/backend/modules/auth/context_service.py,97,BAJO,Usuario,WHERE ra.UsuarioID = %s AND ra.Activo = 1
/app/backend/modules/auth/context_service.py,127,BAJO,Usuario,FROM Usuario_EmpresasAsignacion ea
/app/backend/modules/auth/context_service.py,130,BAJO,Usuario,WHERE ea.UsuarioID = %s
/app/backend/modules/auth/context_service.py,161,BAJO,"SUPERADMIN, ADMIN",Obtiene todas las empresas activas (para SUPERADMIN/ADMIN).
/app/backend/modules/auth/context_service.py,248,BAJO,Usuario,FROM Usuario_ServidoresAsignacion
/app/backend/modules/auth/context_service.py,249,BAJO,Usuario,WHERE UsuarioID = %s AND Activo = 1
/app/backend/modules/auth/context_service.py,263,BAJO,Usuario,FROM Usuario_SucursalesAsignacion
/app/backend/modules/auth/context_service.py,264,BAJO,Usuario,WHERE UsuarioID = %s AND Activo = 1
/app/backend/modules/auth/context_service.py,313,BAJO,Usuario,rol_nombre = rol_info['nombre'] if rol_info else 'Usuario'
/app/backend/modules/auth/context_service.py,314,BAJO,USUARIO,rol_codigo = rol_info['codigo'] if rol_info else 'USUARIO'
/app/backend/modules/auth/context_service.py,317,MEDIO,"SUPERADMIN, ADMIN","tiene_acceso_global = rol_codigo in ('SUPERADMIN', 'ADMIN')"
/app/backend/modules/auth/context_service.py,398,BAJO,Usuario,rol_nombre = rol_info['nombre'] if rol_info else 'Usuario'
/app/backend/modules/auth/context_service.py,399,BAJO,USUARIO,rol_codigo = rol_info['codigo'] if rol_info else 'USUARIO'
/app/backend/modules/auth/context_service.py,402,MEDIO,"SUPERADMIN, ADMIN","tiene_acceso_global = rol_codigo in ('SUPERADMIN', 'ADMIN')"
/app/backend/modules/auth/context_service.py,409,BAJO,Usuario,return {'error': 'Usuario no tiene acceso a esta empresa'}
/app/backend/modules/auth/context_service.py,453,BAJO,USUARIO,rol_codigo = rol_info['codigo'] if rol_info else 'USUARIO'
/app/backend/modules/auth/context_service.py,456,MEDIO,"SUPERADMIN, ADMIN","tiene_acceso_global = rol_codigo in ('SUPERADMIN', 'ADMIN')"
/app/backend/modules/auth/routes.py,10,BAJO,Usuario,"or payload.get(""IDUsuario"")"
/app/backend/modules/auth/routes.py,37,BAJO,Usuario,- GET /auth/me - Usuario actual
/app/backend/modules/auth/routes.py,129,BAJO,Usuario,"role = user_data.get(""role"", ""Usuario"")"
/app/backend/modules/auth/routes.py,291,BAJO,Usuario,"raise HTTPException(status_code=401, detail=""Usuario no encontrado"")"
/app/backend/modules/auth/routes.py,294,BAJO,Usuario,"role = user_data.get(""role"", ""Usuario"")"
/app/backend/modules/auth/routes.py,348,BAJO,Usuario,"raise HTTPException(status_code=401, detail=""Usuario no identificado"")"
/app/backend/modules/auth/routes.py,422,BAJO,Usuario,"raise HTTPException(status_code=404, detail=""Usuario no encontrado"")"
/app/backend/modules/auth/routes.py,450,BAJO,Usuario,"raise HTTPException(status_code=404, detail=""Usuario no encontrado"")"
/app/backend/modules/auth/routes.py,485,BAJO,"SUPERADMIN, ADMIN","- Fuente de acceso (SUPERADMIN, ADMIN, RBAC, LEGACY, MIXTO)"
/app/backend/modules/auth/routes.py,502,BAJO,"Administrador, Supervisor, Usuario","- Rol legacy (Usuario, Supervisor, Administrador)"
/app/backend/modules/auth/routes.py,516,ALTO,"Administrador, Supervisor","current_user.get('role') in ['Supervisor', 'Administrador'] or"
/app/backend/modules/auth/routes.py,536,ALTO,"Administrador, Supervisor","current_user.get('role') in ['Supervisor', 'Administrador'] or"
/app/backend/modules/auth/routes.py,541,ALTO,"Administrador, Supervisor","current_user.get('role') in ['Supervisor', 'Administrador']"
/app/backend/modules/auth/routes.py,545,ALTO,"Administrador, Supervisor","current_user.get('role') in ['Supervisor', 'Administrador'] or"
/app/backend/modules/auth/routes.py,550,ALTO,"Administrador, Supervisor","current_user.get('role') in ['Supervisor', 'Administrador']"
/app/backend/modules/auth/routes.py,554,ALTO,"Administrador, Supervisor","current_user.get('role') in ['Supervisor', 'Administrador'] or"
/app/backend/modules/auth/routes.py,560,ALTO,"Administrador, Supervisor","current_user.get('role') in ['Supervisor', 'Administrador', 'Director']"
/app/backend/modules/auth/routes.py,564,ALTO,Administrador,current_user.get('role') == 'Administrador'
/app/backend/modules/auth/routes.py,568,ALTO,"Administrador, Supervisor","current_user.get('role') in ['Supervisor', 'Administrador'] or"
/app/backend/modules/auth/routes.py,573,ALTO,"Administrador, Supervisor","current_user.get('role') in ['Supervisor', 'Administrador', 'Gerente', 'Director', 'Auditor']"
/app/backend/modules/auth/routes.py,577,ALTO,Administrador,current_user.get('role') == 'Administrador'
/app/backend/modules/auth/routes.py,581,ALTO,"Administrador, Supervisor","current_user.get('role') in ['Supervisor', 'Administrador']"
/app/backend/modules/auth/routes.py,585,ALTO,Administrador,current_user.get('role') == 'Administrador'
/app/backend/modules/auth/routes.py,589,ALTO,"Administrador, Supervisor","current_user.get('role') in ['Supervisor', 'Administrador']"
/app/backend/modules/auth/routes.py,593,ALTO,Administrador,current_user.get('role') == 'Administrador' or
/app/backend/modules/auth/routes.py,594,MEDIO,USUARIO,'SISTEMA_USUARIOS_VER' in context.permisos
/app/backend/modules/auth/routes.py,623,BAJO,"Administrador, USUARIO",- Requiere permiso SISTEMA_USUARIOS_CREAR o fallback legacy (Administrador+)
/app/backend/modules/auth/routes.py,631,BAJO,Usuario,"role: str (opcional, default 'Usuario')"
/app/backend/modules/auth/routes.py,673,ALTO,"SuperAdministrador, Administrador","if current_user['role'] not in ['SuperAdministrador', 'Administrador']:"
/app/backend/modules/auth/schemas.py,21,BAJO,"Administrador, Supervisor, Usuario","name: str  # ""Administrador"", ""Supervisor"", ""Usuario"""
/app/backend/modules/auth/schemas.py,127,BAJO,Usuario,"{""id"": ""usuarios"", ""nombre"": ""Usuarios"", ""descripcion"": ""Gestión de usuarios y roles""},"
/app/backend/modules/auth/schemas.py,134,BAJO,Administrador,"""nombre"": ""Administrador"","
/app/backend/modules/auth/schemas.py,140,BAJO,Supervisor,"""nombre"": ""Supervisor"","
/app/backend/modules/auth/schemas.py,146,BAJO,Usuario,"""nombre"": ""Usuario"","
/app/backend/modules/tablajeria/ordenes_service.py,139,BAJO,Usuario,"Activo, FechaAltaUTC, UsuarioAltaID"
/app/backend/modules/tablajeria/ordenes_service.py,317,BAJO,Usuario,"FechaOperacionMexico, FechaAltaUTC, UsuarioAltaID"
/app/backend/modules/tablajeria/ordenes_service.py,420,BAJO,Supervisor,"'ResponsableID', 'EjecutorID', 'SupervisorID', 'AutorizadoPor',"
/app/backend/modules/tablajeria/ordenes_service.py,421,BAJO,Usuario,"'UsuarioAltaID', 'UsuarioModificacionID']:"
/app/backend/modules/tablajeria/ordenes_service.py,572,BAJO,Usuario,UsuarioModificacionID = %s
/app/backend/modules/tablajeria/ordenes_service.py,622,BAJO,Usuario,usuario_id: Usuario que registra
/app/backend/modules/tablajeria/ordenes_service.py,691,BAJO,Usuario,UsuarioCapturaID = %s
/app/backend/modules/tablajeria/ordenes_service.py,737,BAJO,Usuario,UsuarioModificacionID = %s
/app/backend/modules/tablajeria/ordenes_service.py,833,BAJO,Usuario,UsuarioModificacionID = %s
/app/backend/modules/tablajeria/ordenes_service.py,882,BAJO,Usuario,"RequiereAutorizacion, FechaRegistroUTC, UsuarioRegistroID"
/app/backend/modules/tablajeria/ordenes_service.py,956,BAJO,Usuario,UsuarioModificacionID = %s
/app/backend/modules/tablajeria/ordenes_service.py,1023,BAJO,Usuario,UsuarioModificacionID = %s
/app/backend/modules/tablajeria/ordenes_service.py,1049,BAJO,Usuario,"UsuarioAltaID, MotivoAutorizacion,"
/app/backend/modules/tablajeria/fase6_service.py,274,BAJO,Usuario,"FechaMovimiento, UsuarioID, Referencia"
/app/backend/modules/tablajeria/fase6_service.py,308,BAJO,Usuario,"FechaMovimiento, UsuarioID, Referencia"
/app/backend/modules/tablajeria/fase6_service.py,331,BAJO,Usuario,"FechaMovimiento, UsuarioID, Referencia"
/app/backend/modules/tablajeria/fase6_service.py,391,BAJO,Usuario,usuario_id: Usuario que realiza el costeo
/app/backend/modules/tablajeria/fase6_service.py,479,BAJO,Usuario,"ReglaCosteoAplicada, UsuarioID"
/app/backend/modules/tablajeria/fase6_service.py,631,BAJO,Usuario,"FechaPoliza, Concepto, MontoTotal, UsuarioID"
/app/backend/modules/tablajeria/routes.py,157,BAJO,Usuario,"'AutorizadoPor', 'UsuarioAltaID', 'UsuarioModificacionID']:"
/app/backend/modules/rbac_context_sql/context_service.py,17,BAJO,Usuario,"u.UsuarioID,"
/app/backend/modules/rbac_context_sql/context_service.py,24,BAJO,Usuario,FROM Usuario_Catalogo u
/app/backend/modules/rbac_context_sql/context_service.py,25,BAJO,Usuario,WHERE u.UsuarioID = %s
/app/backend/modules/rbac_context_sql/context_service.py,43,BAJO,Usuario,FROM Usuario_RolesContexto urc
/app/backend/modules/rbac_context_sql/context_service.py,50,BAJO,Usuario,WHERE urc.UsuarioID = %s
/app/backend/modules/rbac_context_sql/context_service.py,65,BAJO,Usuario,"urc.UsuarioRolContextoID,"
/app/backend/modules/rbac_context_sql/context_service.py,66,BAJO,Usuario,"urc.UsuarioID,"
/app/backend/modules/rbac_context_sql/context_service.py,74,BAJO,Usuario,FROM Usuario_RolesContexto urc
/app/backend/modules/rbac_context_sql/context_service.py,75,BAJO,Usuario,INNER JOIN Usuario_Roles r
/app/backend/modules/rbac_context_sql/context_service.py,77,BAJO,Usuario,WHERE urc.UsuarioID = %s
/app/backend/modules/rbac_context_sql/context_service.py,99,BAJO,Usuario,FROM Usuario_RolesContexto urc
/app/backend/modules/rbac_context_sql/context_service.py,100,BAJO,Usuario,INNER JOIN Usuario_Roles r
/app/backend/modules/rbac_context_sql/context_service.py,102,BAJO,Usuario,INNER JOIN Usuario_PermisosRolModulo prm
/app/backend/modules/rbac_context_sql/context_service.py,106,BAJO,Usuario,WHERE urc.UsuarioID = %s
/app/backend/modules/rbac_context_sql/routes.py,38,BAJO,Usuario,FROM vw_Usuario_RolesContexto
/app/backend/modules/rbac_context_sql/routes.py,39,BAJO,Usuario,WHERE UsuarioID = %s
/app/backend/modules/rbac_context_sql/routes.py,57,BAJO,Usuario,INSERT INTO Usuario_RolesContexto (
/app/backend/modules/rbac_context_sql/routes.py,58,BAJO,Usuario,"UsuarioID,"
/app/backend/modules/rbac_context_sql/routes.py,99,BAJO,Usuario,UPDATE Usuario_RolesContexto
/app/backend/modules/rbac_context_sql/routes.py,111,BAJO,Usuario,WHERE UsuarioRolContextoID = %s
/app/backend/modules/rbac_context_sql/routes.py,145,BAJO,Usuario,"urc.UsuarioID,"
/app/backend/modules/rbac_context_sql/routes.py,159,BAJO,Usuario,FROM vw_Usuario_RolesContexto urc
/app/backend/modules/rbac_context_sql/routes.py,160,BAJO,Usuario,INNER JOIN Usuario_PermisosRolModulo prm
/app/backend/modules/rbac_context_sql/routes.py,164,BAJO,Usuario,WHERE urc.UsuarioID = %s
/app/backend/modules/informes_auditoria/repository.py,36,BAJO,Usuario,"ElaboradoPorUsuarioID as elaborado_por_usuario_id,"
/app/backend/modules/informes_auditoria/repository.py,83,BAJO,Usuario,"ElaboradoPorUsuarioID as elaborado_por_usuario_id,"
/app/backend/modules/informes_auditoria/repository.py,103,BAJO,Usuario,"DocumentoURL, ElaboradoPorUsuarioID, CreatedBy"
/app/backend/modules/informes_auditoria/repository.py,121,BAJO,Usuario,"current_user.get(""UsuarioID"") or current_user.get(""id""),"
/app/backend/modules/informes_auditoria/repository.py,175,BAJO,Usuario,"InformeAuditoriaID, EventoTipo, EventoDetalle, UsuarioID, CreatedBy"
/app/backend/modules/informes_auditoria/repository.py,182,BAJO,Usuario,"current_user.get(""UsuarioID"") or current_user.get(""id""),"
/app/backend/modules/informes_auditoria/repository.py,208,BAJO,Usuario,"InformeAuditoriaID, EventoTipo, EventoDetalle, UsuarioID, CreatedBy"
/app/backend/modules/informes_auditoria/repository.py,215,BAJO,Usuario,"current_user.get(""UsuarioID"") or current_user.get(""id""),"
/app/backend/modules/crm/automation_service.py,76,BAJO,Usuario,"Prioridad, Activa, UsuarioCreacionID, FechaCreacion"
/app/backend/modules/crm/automation_service.py,272,BAJO,Usuario,LEFT JOIN Usuarios u ON o.ResponsableID = u.UsuarioID
/app/backend/modules/crm/automation_service.py,282,BAJO,Usuario,"NotificacionID, EmpresaID, UsuarioDestinoID,"
/app/backend/modules/crm/native_service.py,402,BAJO,Usuario,"CONCAT(u.Nombre, ' ', u.Apellidos) as Usuario"
/app/backend/modules/crm/native_service.py,407,BAJO,Usuario,LEFT JOIN Usuario_Catalogo u ON h.CambiadoPor = u.PublicUUID
/app/backend/modules/crm/trigger_service.py,110,BAJO,Usuario,usuario_id: Usuario que generó el evento
/app/backend/modules/crm/trigger_service.py,383,BAJO,Usuario,"NotificacionID, EmpresaID, UsuarioDestinoID,"
/app/backend/modules/crm/trigger_service.py,575,BAJO,Usuario,"Activo, UsuarioCreacionID, FechaCreacion"
/app/backend/modules/crm/vtiger_routes.py,29,BAJO,Usuario,"username: str = Field(..., description=""Usuario de Vtiger"", example=""admin"")"
/app/backend/modules/crm/automation_routes.py,54,BAJO,ADMIN,Permisos: CRM_ADMIN
/app/backend/modules/crm/automation_routes.py,88,BAJO,ADMIN,Permisos: CRM_ADMIN
/app/backend/modules/crm/automation_routes.py,135,BAJO,ADMIN,Permisos: CRM_ADMIN
/app/backend/modules/crm/automation_routes.py,160,BAJO,ADMIN,Permisos: CRM_ADMIN
/app/backend/modules/crm/vtiger_client.py,531,BAJO,Usuario,username: Usuario de Vtiger
/app/backend/modules/crm/repository.py,155,BAJO,Usuario,LEFT JOIN Usuario_Catalogo u ON l.EjecutivoAsignadoUserID = u.PublicUUID
/app/backend/modules/crm/repository.py,225,BAJO,Usuario,LEFT JOIN Usuario_Catalogo u ON l.EjecutivoAsignadoUserID = u.PublicUUID
/app/backend/modules/crm/repository.py,520,BAJO,Usuario,LEFT JOIN Usuario_Catalogo u ON o.EjecutivoResponsableUserID = u.PublicUUID
/app/backend/modules/crm/repository.py,602,BAJO,Usuario,LEFT JOIN Usuario_Catalogo u ON o.EjecutivoResponsableUserID = u.PublicUUID
/app/backend/modules/crm/repository.py,926,BAJO,Usuario,LEFT JOIN Usuario_Catalogo u ON o.EjecutivoResponsableUserID = u.PublicUUID
/app/backend/modules/crm/trigger_routes.py,110,BAJO,ADMIN,Permisos: CRM_ADMIN
/app/backend/modules/crm/trigger_routes.py,166,BAJO,ADMIN,Permisos: CRM_ADMIN
/app/backend/modules/crm/trigger_routes.py,191,BAJO,ADMIN,Permisos: CRM_ADMIN
/app/backend/modules/finanzas/sql_subprocess_helper.py,65,BAJO,Usuario,username: Usuario
/app/backend/modules/finanzas/sql_subprocess_helper.py,182,BAJO,Usuario,username: Usuario
/app/backend/modules/finanzas/repository_bancarios.py,12,BAJO,Usuario,- Usuario_Catalogo
/app/backend/modules/finanzas/repository_bancarios.py,68,BAJO,Usuario,Verifica si el usuario existe en Usuario_Catalogo.
/app/backend/modules/finanzas/repository_bancarios.py,74,BAJO,Usuario,"query = f""SELECT COUNT(*) as total FROM Usuario_Catalogo WHERE UsuarioID = {usuario_id}"""
/app/backend/modules/finanzas/repository_bancarios.py,166,BAJO,Usuario,"cb.UsuarioCreacionID,"
/app/backend/modules/finanzas/repository_bancarios.py,168,BAJO,Usuario,cb.UsuarioModificacionID
/app/backend/modules/finanzas/repository_bancarios.py,196,BAJO,Usuario,"cb.UsuarioCreacionID,"
/app/backend/modules/finanzas/repository_bancarios.py,198,BAJO,Usuario,cb.UsuarioModificacionID
/app/backend/modules/finanzas/repository_bancarios.py,249,BAJO,Usuario,"NOTA: Si Usuario_Catalogo está vacío, UsuarioCreacionID se guarda como NULL"
/app/backend/modules/finanzas/repository_bancarios.py,260,BAJO,Usuario,"Moneda, EsCuentaPrincipal, Activo, FechaAlta, UsuarioCreacionID"
/app/backend/modules/finanzas/repository_bancarios.py,300,BAJO,Usuario,"set_clauses.append(f""UsuarioModificacionID = {usuario_sql}"")"
/app/backend/modules/finanzas/repository_bancarios.py,323,BAJO,Usuario,"UsuarioModificacionID = {usuario_sql},"
/app/backend/modules/finanzas/repository_bancarios.py,388,BAJO,Usuario,"sb.UsuarioCreacionID,"
/app/backend/modules/finanzas/repository_bancarios.py,389,BAJO,Usuario,"uc.NombreCompleto AS NombreUsuarioCreacion,"
/app/backend/modules/finanzas/repository_bancarios.py,391,BAJO,Usuario,"sb.UsuarioCancelacionID,"
/app/backend/modules/finanzas/repository_bancarios.py,392,BAJO,Usuario,"ucancel.NombreCompleto AS NombreUsuarioCancelacion,"
/app/backend/modules/finanzas/repository_bancarios.py,395,BAJO,Usuario,LEFT JOIN Usuario_Catalogo uc ON sb.UsuarioCreacionID = uc.UsuarioID
/app/backend/modules/finanzas/repository_bancarios.py,396,BAJO,Usuario,LEFT JOIN Usuario_Catalogo ucancel ON sb.UsuarioCancelacionID = ucancel.UsuarioID
/app/backend/modules/finanzas/repository_bancarios.py,416,BAJO,Usuario,"uc.NombreCompleto AS NombreUsuarioCreacion,"
/app/backend/modules/finanzas/repository_bancarios.py,419,BAJO,Usuario,LEFT JOIN Usuario_Catalogo uc ON sb.UsuarioCreacionID = uc.UsuarioID
/app/backend/modules/finanzas/repository_bancarios.py,465,BAJO,Usuario,"sb.UsuarioCreacionID,"
/app/backend/modules/finanzas/repository_bancarios.py,467,BAJO,Usuario,"sb.UsuarioCancelacionID,"
/app/backend/modules/finanzas/repository_bancarios.py,502,BAJO,Usuario,"UsuarioCreacionID, FechaCreacion"
/app/backend/modules/finanzas/repository_bancarios.py,532,BAJO,Usuario,"UsuarioCancelacionID = {usuario_sql},"
/app/backend/modules/finanzas/repository_bancarios.py,556,BAJO,Usuario,"UsuarioCancelacionID = {usuario_sql},"
/app/backend/modules/finanzas/repository_bancarios.py,688,BAJO,Usuario,"uc.NombreCompleto AS UsuarioCreacion,"
/app/backend/modules/finanzas/repository_bancarios.py,690,BAJO,Usuario,"ucancel.NombreCompleto AS UsuarioCancelacion,"
/app/backend/modules/finanzas/repository_bancarios.py,693,BAJO,Usuario,LEFT JOIN Usuario_Catalogo uc ON sb.UsuarioCreacionID = uc.UsuarioID
/app/backend/modules/finanzas/repository_bancarios.py,694,BAJO,Usuario,LEFT JOIN Usuario_Catalogo ucancel ON sb.UsuarioCancelacionID = ucancel.UsuarioID
/app/backend/modules/finanzas/repository_cuadres_z_edarsahub.py,223,BAJO,Usuario,"UsuarioCapturaID, UsuarioCapturaNombre, FechaCaptura,"
/app/backend/modules/finanzas/repository_cuadres_z_edarsahub.py,477,BAJO,Usuario,sets.append('UsuarioValidaID = %s')
/app/backend/modules/finanzas/repository_cuadres_z_edarsahub.py,479,BAJO,Usuario,sets.append('UsuarioValidaNombre = %s')
/app/backend/modules/finanzas/repository_cuadres_z_edarsahub.py,819,BAJO,Usuario,"'usuario_captura_id': row.get('UsuarioCapturaID'),"
/app/backend/modules/finanzas/repository_cuadres_z_edarsahub.py,820,BAJO,Usuario,"'usuario_captura_nombre': row.get('UsuarioCapturaNombre'),"
/app/backend/modules/finanzas/repository_cuadres_z_edarsahub.py,822,BAJO,Usuario,"'usuario_valida_id': row.get('UsuarioValidaID'),"
/app/backend/modules/finanzas/repository_cuadres_z_edarsahub.py,823,BAJO,Usuario,"'usuario_valida_nombre': row.get('UsuarioValidaNombre'),"
/app/backend/modules/finanzas/repository_cuadres_z_edarsahub.py,859,BAJO,Usuario,"UsuarioID, UsuarioNombre, Estatus, Metadata"
/app/backend/modules/finanzas/utils_bancarios.py,259,BAJO,Usuario,"""usuario_creacion"": saldo.get(""NombreUsuarioCreacion"") or saldo.get(""usuario_creacion""),"
/app/backend/modules/finanzas/utils_bancarios.py,261,BAJO,Usuario,"""usuario_cancelacion"": saldo.get(""NombreUsuarioCancelacion"") or saldo.get(""usuario_cancelacion""),"
/app/backend/modules/finanzas/repository.py,83,BAJO,Usuario,"UsuarioCreacion VARCHAR(100),"
/app/backend/modules/finanzas/saldos_bancarios.py,65,BAJO,"SuperAdministrador, Administrador","roles_admin = ['superadmin', 'SuperAdministrador', 'admin', 'Director Finanzas']"
/app/backend/modules/finanzas/saldos_bancarios.py,251,BAJO,Usuario,"logger.info(f""Saldo capturado: ID={saldo_id}, Cuenta={data.cuenta_bancaria_id}, Fecha={data.fecha_saldo}, Usuario={usuario_id}"")"
/app/backend/modules/finanzas/saldos_bancarios.py,330,BAJO,Usuario,"logger.info(f""Saldo corregido: Anterior={saldo_id}, Nuevo={nuevo_saldo_id}, Usuario={usuario_id}"")"
/app/backend/modules/finanzas/saldos_bancarios.py,400,BAJO,Usuario,"logger.info(f""Saldo cancelado: ID={saldo_id}, Motivo={data.motivo_cancelacion}, Usuario={usuario_id}"")"
/app/backend/modules/finanzas/saldos_bancarios.py,460,ALTO,Usuario,"""usuario"": h.get('UsuarioCreacion') if accion in ['CREACION', 'CORRECCION_NUEVA'] else h.get('UsuarioCancelacion'),"
/app/backend/modules/finanzas/carga_historica_ingresos.py,8,BAJO,Usuario,AUTORIZACIÓN: Usuario 2026-05-01
/app/backend/modules/finanzas/cuentas_bancarias.py,69,BAJO,"SuperAdministrador, Administrador","roles_admin = ['superadmin', 'SuperAdministrador', 'admin', 'Director Finanzas']"
/app/backend/modules/finanzas/cuentas_bancarias.py,298,BAJO,Usuario,"logger.info(f""Cuenta bancaria creada: ID={cuenta_id}, Alias={data.alias}, Usuario={usuario_id}"")"
/app/backend/modules/finanzas/cuentas_bancarias.py,365,BAJO,Usuario,"logger.info(f""Cuenta bancaria actualizada: ID={cuenta_id}, Usuario={usuario_id}"")"
/app/backend/modules/finanzas/cuentas_bancarias.py,419,BAJO,Usuario,"logger.info(f""Cuenta bancaria desactivada: ID={cuenta_id}, Motivo={data.motivo}, Usuario={usuario_id}"")"
/app/backend/modules/finanzas/propinas_tpv/routes_sql.py,363,ALTO,Administrador,"if current_user.get('role') not in ['admin', 'superadmin', 'Admin', 'Administrador']:"
/app/backend/modules/finanzas/propinas_tpv/routes_sql.py,395,ALTO,Administrador,"if current_user.get('role') not in ['admin', 'superadmin', 'Admin', 'Administrador']:"
/app/backend/modules/catalogos_workflow_sql/repository.py,85,BAJO,Usuario,"p.UsuarioID,"
/app/backend/modules/catalogos_workflow_sql/repository.py,101,BAJO,Usuario,WHERE p.UsuarioID = %s AND p.Activo = 1
/app/backend/modules/catalogos_workflow_sql/repository.py,118,BAJO,Usuario,"AND ISNULL(UsuarioID, -1) = ISNULL(%s, -1)"
/app/backend/modules/catalogos_workflow_sql/repository.py,126,BAJO,Usuario,"CodigoCatalogo, UsuarioID, RolID,"
/app/backend/modules/catalogos_workflow_sql/repository.py,180,BAJO,Usuario,"u.UsuarioID,"
/app/backend/modules/catalogos_workflow_sql/repository.py,184,BAJO,Usuario,FROM Usuario_Catalogo u
/app/backend/modules/catalogos_workflow_sql/repository.py,185,BAJO,Usuario,LEFT JOIN Usuario_RolesAsignacion ura
/app/backend/modules/catalogos_workflow_sql/repository.py,186,BAJO,Usuario,ON u.UsuarioID = ura.UsuarioID AND ura.Activo = 1
/app/backend/modules/catalogos_workflow_sql/repository.py,187,BAJO,Usuario,LEFT JOIN Usuario_Roles r
/app/backend/modules/catalogos_workflow_sql/repository.py,209,BAJO,Usuario,"DatosSolicitudJSON, Comentarios, SolicitadoPorUsuarioID, FechaSolicitud,"
/app/backend/modules/catalogos_workflow_sql/repository.py,237,BAJO,Usuario,"CatalogoSolicitudID, EstadoAnterior, EstadoNuevo, EventoTipo, Observaciones, UsuarioID, CreatedBy"
/app/backend/modules/catalogos_workflow_sql/repository.py,254,BAJO,Usuario,"AsignadoAUsuarioID, CreadoPorUsuarioID, FechaLimite, MetadataJSON,"
/app/backend/modules/catalogos_workflow_sql/repository.py,343,BAJO,Usuario,"AprobadoPorUsuarioID = %s,"
/app/backend/modules/catalogos_workflow_sql/repository.py,361,BAJO,Usuario,"CatalogoSolicitudID, EstadoAnterior, EstadoNuevo, EventoTipo, Observaciones, UsuarioID, CreatedBy"
/app/backend/modules/catalogos_workflow_sql/repository.py,402,BAJO,Usuario,"RevisadoPorUsuarioID = %s,"
/app/backend/modules/catalogos_workflow_sql/repository.py,416,BAJO,Usuario,"CatalogoSolicitudID, EstadoAnterior, EstadoNuevo, EventoTipo, Observaciones, UsuarioID, CreatedBy"
/app/backend/modules/catalogos_workflow_sql/repository.py,455,BAJO,Usuario,"CorregidoPorUsuarioID = %s,"
/app/backend/modules/catalogos_workflow_sql/repository.py,472,BAJO,Usuario,"CatalogoSolicitudID, EstadoAnterior, EstadoNuevo, EventoTipo, Observaciones, UsuarioID, CreatedBy"
/app/backend/modules/catalogos_workflow_sql/repository.py,495,BAJO,Usuario,"AsignadoAUsuarioID, CreadoPorUsuarioID, FechaLimite, MetadataJSON,"
/app/backend/modules/catalogos_workflow_sql/repository.py,541,BAJO,Usuario,WHERE AsignadoAUsuarioID = %s
/app/backend/modules/admin_sql/rbac_pilot_service.py,7,BAJO,Usuario,- dbo.Usuario_RBAC_Asignacion      : asignación por usuario (Tipo: PERFIL|ROL|PERMISO)
/app/backend/modules/admin_sql/rbac_pilot_service.py,27,BAJO,USUARIO,"""SISTEMA_USUARIOS_VER"","
/app/backend/modules/admin_sql/rbac_pilot_service.py,28,BAJO,USUARIO,"""SISTEMA_USUARIOS_CREAR"","
/app/backend/modules/admin_sql/rbac_pilot_service.py,29,BAJO,USUARIO,"""SISTEMA_USUARIOS_EDITAR"","
/app/backend/modules/admin_sql/rbac_pilot_service.py,30,BAJO,USUARIO,"""SISTEMA_USUARIOS_ELIMINAR"","
/app/backend/modules/admin_sql/rbac_pilot_service.py,37,BAJO,VISOR,"""VISOR_ESTRUCTURA"","
/app/backend/modules/admin_sql/rbac_pilot_service.py,38,BAJO,VISOR,"""VISOR_SISTEMA"","
/app/backend/modules/admin_sql/rbac_pilot_service.py,39,BAJO,"ADMIN, VISOR","""VISOR_ADMIN"","
/app/backend/modules/admin_sql/rbac_pilot_service.py,40,BAJO,"ADMIN, USUARIO","""ADMIN_USUARIOS"","
/app/backend/modules/admin_sql/rbac_pilot_service.py,50,BAJO,Usuario,"cur.execute(""SELECT UsuarioID FROM dbo.Usuario_Catalogo WHERE LOWER(Email) = LOWER(%s)"", (email,))"
/app/backend/modules/admin_sql/rbac_pilot_service.py,94,BAJO,Usuario,"cur.execute(""SELECT UsuarioID, Tipo, Codigo FROM dbo.Usuario_RBAC_Asignacion"")"
/app/backend/modules/admin_sql/rbac_pilot_service.py,119,BAJO,Usuario,"raise HTTPException(status_code=404, detail=f""Usuario {usuario_email} no encontrado"")"
/app/backend/modules/admin_sql/rbac_pilot_service.py,123,BAJO,Usuario,"""DELETE FROM dbo.Usuario_RBAC_Asignacion WHERE UsuarioID = %s AND Tipo IN ('PERFIL','ROL')"","
/app/backend/modules/admin_sql/rbac_pilot_service.py,127,BAJO,Usuario,"""INSERT INTO dbo.Usuario_RBAC_Asignacion (UsuarioID, Tipo, Codigo, AsignadoPor) VALUES (%s,'PERFIL',%s,%s)"","
/app/backend/modules/admin_sql/rbac_pilot_service.py,132,BAJO,Usuario,"""INSERT INTO dbo.Usuario_RBAC_Asignacion (UsuarioID, Tipo, Codigo, AsignadoPor) VALUES (%s,'ROL',%s,%s)"","
/app/backend/modules/admin_sql/rbac_pilot_service.py,153,BAJO,Usuario,"raise HTTPException(status_code=404, detail=f""Usuario {usuario_email} no encontrado"")"
/app/backend/modules/admin_sql/rbac_pilot_service.py,155,BAJO,Usuario,"""DELETE FROM dbo.Usuario_RBAC_Asignacion WHERE UsuarioID = %s AND Tipo IN ('PERFIL','ROL')"","
/app/backend/modules/admin_sql/rbac_pilot_service.py,179,BAJO,Usuario,"raise HTTPException(status_code=404, detail=f""Usuario {usuario_email} no encontrado"")"
/app/backend/modules/admin_sql/rbac_pilot_service.py,183,BAJO,Usuario,"""DELETE FROM dbo.Usuario_RBAC_Asignacion WHERE UsuarioID = %s AND Tipo = %s AND Codigo = %s"","
/app/backend/modules/admin_sql/rbac_pilot_service.py,188,BAJO,Usuario,"""SELECT 1 FROM dbo.Usuario_RBAC_Asignacion WHERE UsuarioID = %s AND Tipo = %s AND Codigo = %s"","
/app/backend/modules/admin_sql/rbac_pilot_service.py,193,BAJO,Usuario,"""INSERT INTO dbo.Usuario_RBAC_Asignacion (UsuarioID, Tipo, Codigo, AsignadoPor) VALUES (%s,%s,%s,%s)"","
/app/backend/modules/admin_sql/routes.py,4,BAJO,Usuario,"Router SQL-First para Administración de Usuarios, Roles y Permisos"
/app/backend/modules/admin_sql/routes.py,9,BAJO,Usuario,- Usuario_Catalogo
/app/backend/modules/admin_sql/routes.py,10,BAJO,Usuario,- Usuario_Roles
/app/backend/modules/admin_sql/routes.py,11,BAJO,Usuario,- Usuario_RolesAsignacion
/app/backend/modules/admin_sql/routes.py,12,BAJO,Usuario,- Usuario_Modulos
/app/backend/modules/admin_sql/routes.py,13,BAJO,Usuario,- Usuario_ServidoresAsignacion
/app/backend/modules/admin_sql/routes.py,14,BAJO,Usuario,- Usuario_SucursalesAsignacion
/app/backend/modules/admin_sql/routes.py,35,MEDIO,ADMIN,"""ADMIN"" in role"
/app/backend/modules/admin_sql/routes.py,57,BAJO,ADMIN,"logging.error(f""[ADMIN_SQL] Error ejecutando query: {e}"")"
/app/backend/modules/admin_sql/routes.py,77,BAJO,Usuario,"CAST(u.UsuarioID AS NVARCHAR(100)) AS id,"
/app/backend/modules/admin_sql/routes.py,78,BAJO,Usuario,"CAST(u.UsuarioID AS NVARCHAR(100)) AS UsuarioID,"
/app/backend/modules/admin_sql/routes.py,93,BAJO,Usuario,FROM Usuario_Catalogo u
/app/backend/modules/admin_sql/routes.py,94,BAJO,Usuario,LEFT JOIN Usuario_RolesAsignacion ura
/app/backend/modules/admin_sql/routes.py,95,BAJO,Usuario,ON ura.UsuarioID = u.UsuarioID
/app/backend/modules/admin_sql/routes.py,98,BAJO,Usuario,LEFT JOIN Usuario_Roles r
/app/backend/modules/admin_sql/routes.py,107,BAJO,Usuario,"CAST(UsuarioID AS NVARCHAR(100)) AS UsuarioID,"
/app/backend/modules/admin_sql/routes.py,109,BAJO,Usuario,FROM Usuario_ServidoresAsignacion
/app/backend/modules/admin_sql/routes.py,116,BAJO,Usuario,"CAST(UsuarioID AS NVARCHAR(100)) AS UsuarioID,"
/app/backend/modules/admin_sql/routes.py,119,BAJO,Usuario,FROM Usuario_SucursalesAsignacion
/app/backend/modules/admin_sql/routes.py,126,BAJO,Usuario,"uid = str(s.get(""UsuarioID"", """"))"
/app/backend/modules/admin_sql/routes.py,133,BAJO,Usuario,"uid = str(s.get(""UsuarioID"", """"))"
/app/backend/modules/admin_sql/routes.py,140,BAJO,Usuario,"uid = str(u.get(""UsuarioID"", """"))"
/app/backend/modules/admin_sql/routes.py,171,BAJO,Usuario,FROM Usuario_Roles
/app/backend/modules/admin_sql/routes.py,186,BAJO,Usuario,FROM Usuario_PermisosRolModulo prm
/app/backend/modules/admin_sql/routes.py,187,BAJO,Usuario,LEFT JOIN Usuario_Modulos m ON m.ModuloID = prm.ModuloID
/app/backend/modules/admin_sql/routes.py,188,BAJO,Usuario,LEFT JOIN Usuario_Acciones a ON a.AccionID = prm.AccionID
/app/backend/modules/admin_sql/routes.py,227,BAJO,Usuario,FROM Usuario_Modulos
/app/backend/modules/admin_sql/routes.py,267,BAJO,Usuario,"CAST(UsuarioID AS NVARCHAR(100)) AS id,"
/app/backend/modules/admin_sql/routes.py,273,BAJO,Usuario,FROM Usuario_Catalogo
/app/backend/modules/admin_sql/routes.py,293,BAJO,Usuario,FROM Usuario_Modulos
/app/backend/modules/admin_sql/routes.py,309,BAJO,ADMIN,"logging.info(f""[ADMIN_SQL] Permisos recibidos de {current_user.get('email')}: {payload}"")"
/app/backend/modules/cava_socios/service.py,179,BAJO,Usuario,"MaximoBotellas, Estatus, UsuarioCreacionID, Observaciones"
/app/backend/modules/cava_socios/service.py,253,BAJO,Usuario,"FotoIngresoURL, UsuarioCreacionID, Observaciones"
/app/backend/modules/cava_socios/service.py,273,BAJO,Usuario,"MotivoMovimiento, UsuarioCreacionID"
/app/backend/modules/cava_socios/service.py,340,BAJO,Usuario,UsuarioModificacionID = %s
/app/backend/modules/cava_socios/service.py,351,BAJO,Usuario,"FotoEvidenciaURL, UsuarioCreacionID, Observaciones"
/app/backend/modules/cava_socios/service.py,405,BAJO,Usuario,UsuarioCreacionID
/app/backend/modules/manuales_operativos/service.py,237,BAJO,Usuario,"usuario_nombre=usuarios.get(uid, ""Usuario""),"
/app/backend/modules/manuales_operativos/triggers.py,109,BAJO,Usuario,"usuarios[u[""id""]] = u.get(""full_name"") or u.get(""email"", ""Usuario"")"
/app/backend/modules/manuales_operativos/triggers.py,231,BAJO,Usuario,"usuarios[u[""id""]] = u.get(""full_name"") or u.get(""email"", ""Usuario"")"
/app/backend/modules/sistema_users_sql/routes.py,38,BAJO,Usuario,"u.UsuarioID,"
/app/backend/modules/sistema_users_sql/routes.py,45,BAJO,Usuario,FROM Usuario_Catalogo u
/app/backend/modules/sistema_users_sql/routes.py,61,BAJO,Usuario,"u.UsuarioID,"
/app/backend/modules/sistema_users_sql/routes.py,68,BAJO,Usuario,FROM Usuario_Catalogo u
/app/backend/modules/sistema_users_sql/routes.py,69,BAJO,Usuario,WHERE u.UsuarioID = %s
/app/backend/modules/sistema_users_sql/routes.py,73,BAJO,Usuario,"raise HTTPException(status_code=404, detail=""Usuario no encontrado"")"
/app/backend/modules/sistema_users_sql/routes.py,86,BAJO,Usuario,"u.UsuarioID,"
/app/backend/modules/sistema_users_sql/routes.py,93,BAJO,Usuario,FROM Usuario_Catalogo u
/app/backend/modules/sistema_users_sql/routes.py,98,BAJO,Usuario,"raise HTTPException(status_code=404, detail=""Usuario no encontrado"")"
/app/backend/modules/sistema_users_sql/routes.py,105,BAJO,Usuario,"usuario_id = current_user.get(""UsuarioID"")"
/app/backend/modules/sistema_users_sql/routes.py,108,BAJO,Usuario,"raise HTTPException(status_code=404, detail=""No se pudo resolver UsuarioID SQL"")"
/app/backend/modules/sistema_users_sql/routes.py,112,BAJO,Usuario,"u.UsuarioID,"
/app/backend/modules/sistema_users_sql/routes.py,122,BAJO,Usuario,FROM Usuario_Catalogo u
/app/backend/modules/sistema_users_sql/routes.py,123,BAJO,Usuario,LEFT JOIN Usuario_RolesAsignacion ura
/app/backend/modules/sistema_users_sql/routes.py,124,BAJO,Usuario,ON u.UsuarioID = ura.UsuarioID
/app/backend/modules/sistema_users_sql/routes.py,126,BAJO,Usuario,LEFT JOIN Usuario_Roles r
/app/backend/modules/sistema_users_sql/routes.py,128,BAJO,Usuario,WHERE u.UsuarioID = %s
/app/backend/modules/sistema_users_sql/routes.py,133,BAJO,Usuario,"raise HTTPException(status_code=404, detail=""Usuario no encontrado"")"
/app/backend/modules/compras/repository_compras_sql.py,210,BAJO,Usuario,usuario: Usuario que realiza la modificación (opcional)
/app/backend/modules/compras/sync_service.py,1121,BAJO,Usuario,"INSERT (FolioPedido, EmpresaID, SucursalID, FechaPedido, SolicitanteUsuarioID,"
/app/backend/modules/compras/sync_service.py,1304,BAJO,Usuario,"INSERT (FolioOrden, EmpresaID, SucursalID, FechaOrden, ProveedorID, CompradorUsuarioID,"
/app/backend/modules/compras/adapters/softrestaurant_pro_adapter.py,207,BAJO,Usuario,m.usuario AS UsuarioOrigen
/app/backend/scripts/backfill_sync_precios_historicos_from_productos.py,60,BAJO,Usuario,"UsuarioModificacion,"
/app/backend/scripts/create_sesiones_tables.py,25,BAJO,Usuario,"UsuarioID VARCHAR(50) NOT NULL,"
/app/backend/scripts/create_sesiones_tables.py,26,BAJO,Usuario,"TipoUsuario VARCHAR(20) DEFAULT 'interno',"
/app/backend/scripts/create_sesiones_tables.py,36,BAJO,Usuario,"INDEX IX_Sesiones_Usuario (UsuarioID),"
/app/backend/scripts/create_sesiones_tables.py,56,BAJO,Usuario,"UsuarioID VARCHAR(50) NOT NULL,"
/app/backend/scripts/create_sesiones_tables.py,57,BAJO,Usuario,"TipoUsuario VARCHAR(20),"
/app/backend/scripts/create_sesiones_tables.py,65,BAJO,Usuario,"INDEX IX_SesionesHistorico_Usuario (UsuarioID),"
/app/backend/scripts/create_cava_socios_rbac.py,38,BAJO,Usuario,"""""""Crea los módulos de Cava de Socios en Usuario_Modulos."""""""
/app/backend/scripts/create_cava_socios_rbac.py,151,BAJO,Usuario,SELECT ModuloID FROM Usuario_Modulos
/app/backend/scripts/create_cava_socios_rbac.py,166,BAJO,Usuario,INSERT INTO Usuario_Modulos (
/app/backend/scripts/create_cava_socios_rbac.py,298,BAJO,Usuario,SELECT PermisoRolModuloID FROM Usuario_PermisosRolModulo
/app/backend/scripts/create_cava_socios_rbac.py,306,BAJO,Usuario,INSERT INTO Usuario_PermisosRolModulo (
/app/backend/scripts/create_cava_socios_rbac.py,353,BAJO,"SUPERADMIN, ADMIN","print(""  - SUPERADMIN: Todos los permisos"")"
/app/backend/scripts/create_cava_socios_rbac.py,354,BAJO,ADMIN,"print(""  - ADMIN: Gestión completa"")"
/app/backend/scripts/create_cava_socios_rbac.py,356,BAJO,"SUPERVISOR, VISOR","print(""  - SUPERVISOR: Operación supervisada"")"
/app/backend/scripts/create_cava_socios_rbac.py,359,BAJO,VISOR,"print(""  - VISOR: Solo ver dashboard y socios"")"
/app/backend/scripts/create_cava_socios_tables.py,69,BAJO,Usuario,"UsuarioCreacionID UNIQUEIDENTIFIER,"
/app/backend/scripts/create_cava_socios_tables.py,71,BAJO,Usuario,"UsuarioModificacionID UNIQUEIDENTIFIER,"
/app/backend/scripts/create_cava_socios_tables.py,107,BAJO,Usuario,"UsuarioCreacionID UNIQUEIDENTIFIER,"
/app/backend/scripts/create_cava_socios_tables.py,109,BAJO,Usuario,"UsuarioModificacionID UNIQUEIDENTIFIER,"
/app/backend/scripts/create_cava_socios_tables.py,151,BAJO,Usuario,"UsuarioCreacionID UNIQUEIDENTIFIER,"
/app/backend/scripts/create_cava_socios_tables.py,186,BAJO,Usuario,"UsuarioCreacionID UNIQUEIDENTIFIER,"
/app/backend/scripts/create_cava_socios_tables.py,188,BAJO,Usuario,"UsuarioModificacionID UNIQUEIDENTIFIER,"
/app/backend/scripts/create_cava_socios_tables.py,218,BAJO,Usuario,"UsuarioCreacionID UNIQUEIDENTIFIER,"
/app/backend/scripts/create_cava_socios_tables.py,220,BAJO,Usuario,UsuarioModificacionID UNIQUEIDENTIFIER
/app/backend/scripts/create_crm_automation_tables.py,40,BAJO,Usuario,"UsuarioCreacionID UNIQUEIDENTIFIER,"
/app/backend/scripts/create_crm_automation_tables.py,42,BAJO,Usuario,"UsuarioModificacionID UNIQUEIDENTIFIER,"
/app/backend/scripts/export_critical_sqlfirst_tables.py,20,BAJO,Usuario,"""Usuario_Roles"","
/app/backend/scripts/export_critical_sqlfirst_tables.py,21,BAJO,Usuario,"""Usuario_Catalogo"","
/app/backend/scripts/ddl_costos_alertas_001b.py,5,BAJO,Usuario,AUTORIZACIÓN: Usuario confirmó 2025-05-25
/app/backend/scripts/create_tablajeria_rbac.py,38,BAJO,Usuario,"""""""Crea los módulos de Tablajería en Usuario_Modulos."""""""
/app/backend/scripts/create_tablajeria_rbac.py,175,BAJO,Usuario,SELECT ModuloID FROM Usuario_Modulos
/app/backend/scripts/create_tablajeria_rbac.py,192,BAJO,Usuario,INSERT INTO Usuario_Modulos (
/app/backend/scripts/create_tablajeria_rbac.py,353,BAJO,Usuario,SELECT PermisoRolModuloID FROM Usuario_PermisosRolModulo
/app/backend/scripts/create_tablajeria_rbac.py,362,BAJO,Usuario,INSERT INTO Usuario_PermisosRolModulo (
/app/backend/scripts/create_tablajeria_rbac.py,413,BAJO,"SUPERADMIN, ADMIN","print(""  - SUPERADMIN: Todos los permisos"")"
/app/backend/scripts/create_tablajeria_rbac.py,414,BAJO,ADMIN,"print(""  - ADMIN: Gestión completa"")"
/app/backend/scripts/create_tablajeria_rbac.py,417,BAJO,"SUPERVISOR, VISOR","print(""  - SUPERVISOR: Supervisión"")"
/app/backend/scripts/create_tablajeria_rbac.py,420,BAJO,VISOR,"print(""  - VISOR: Ver dashboard"")"
/app/backend/scripts/ddl_competidores_enterprise_unidad.py,71,BAJO,Usuario,"UsuarioCreacion NVARCHAR(100) NULL,"
/app/backend/scripts/ddl_competidores_enterprise_unidad.py,73,BAJO,Usuario,UsuarioModificacion NVARCHAR(100) NULL
/app/backend/scripts/ddl_competidores_enterprise_unidad.py,115,BAJO,Usuario,"UsuarioCreacion NVARCHAR(100) NULL,"
/app/backend/scripts/ddl_competidores_enterprise_unidad.py,117,BAJO,Usuario,"UsuarioModificacion NVARCHAR(100) NULL,"
/app/backend/scripts/ddl_competidores_enterprise_unidad.py,179,BAJO,Usuario,"cu.UsuarioCreacion,"
/app/backend/scripts/ddl_competidores_enterprise_unidad.py,181,BAJO,Usuario,cu.UsuarioModificacion
/app/backend/scripts/ddl_competidores_enterprise_unidad.py,214,BAJO,Usuario,"UsuarioCreacion,"
/app/backend/scripts/ddl_competidores_enterprise_unidad.py,216,BAJO,Usuario,UsuarioModificacion
/app/backend/scripts/ddl_competidores_enterprise_unidad.py,237,BAJO,Usuario,"UsuarioCreacion,"
/app/backend/scripts/ddl_competidores_enterprise_unidad.py,239,BAJO,Usuario,UsuarioModificacion
/app/backend/scripts/ddl_competidores_enterprise_unidad.py,261,BAJO,Usuario,UsuarioCreacion
/app/backend/scripts/ddl_competidores_enterprise_unidad.py,277,BAJO,Usuario,UsuarioCreacion
/app/backend/scripts/migrate_legacy_mongo_to_sql.py,176,BAJO,Usuario,"FechaProgramada = ?, FechaEjecucion = ?, SolicitadoPorUsuarioID = ?, AsignadoAUsuarioID = ?,"
/app/backend/scripts/migrate_legacy_mongo_to_sql.py,196,BAJO,Usuario,"FechaProgramada, FechaEjecucion, SolicitadoPorUsuarioID, AsignadoAUsuarioID,"
/app/backend/scripts/migrate_legacy_mongo_to_sql.py,247,BAJO,Usuario,"ElaboradoPorUsuarioID = ?, RevisadoPorUsuarioID = ?, AprobadoPorUsuarioID = ?,"
/app/backend/scripts/migrate_legacy_mongo_to_sql.py,268,BAJO,Usuario,"DocumentoURL, DocumentoPath, ElaboradoPorUsuarioID, RevisadoPorUsuarioID, AprobadoPorUsuarioID,"
/app/backend/scripts/p2_11_auditar_unidades_servidores.py,98,BAJO,Usuario,"""Usuario_Catalogo"","
/app/backend/scripts/p2_11_auditar_unidades_servidores.py,99,BAJO,Usuario,"""Usuario_Roles"","
/app/backend/scripts/backfill_cienfuegos_mayo_2026.py,118,BAJO,Usuario,"print(f'  Usuario: {server_config.get(""username"")}')"
/app/backend/scripts/audit_db_direct_sqlfirst.py,33,BAJO,Usuario,"""Usuario_Roles"","
/app/backend/scripts/audit_db_direct_sqlfirst.py,34,BAJO,Usuario,"""Usuario_Permisos"","
/app/backend/scripts/audit_db_direct_sqlfirst.py,35,BAJO,Usuario,"""Usuario_Catalogo"","
/app/backend/tests/test_automatizacion_compras_fase4.py,26,BAJO,ADMIN,"from conftest import TEST_ADMIN_EMAIL, TEST_ADMIN_PASSWORD"
/app/backend/tests/test_automatizacion_compras_fase4.py,33,BAJO,ADMIN,"""email"": os.environ.get(""TEST_ADMIN_EMAIL"", TEST_ADMIN_EMAIL),"
/app/backend/tests/test_automatizacion_compras_fase4.py,34,BAJO,ADMIN,"""password"": os.environ.get(""TEST_ADMIN_PASSWORD"", TEST_ADMIN_PASSWORD)"
/app/backend/tests/test_inventory_analysis_filters.py,14,BAJO,ADMIN,"from conftest import TEST_ADMIN_EMAIL, TEST_ADMIN_PASSWORD"
/app/backend/tests/test_inventory_analysis_filters.py,21,BAJO,ADMIN,"ADMIN_EMAIL = os.environ.get(""TEST_ADMIN_EMAIL"", TEST_ADMIN_EMAIL)"
/app/backend/tests/test_inventory_analysis_filters.py,22,BAJO,ADMIN,"ADMIN_PASSWORD = os.environ.get(""TEST_ADMIN_PASSWORD"", TEST_ADMIN_PASSWORD)"
/app/backend/tests/test_inventory_analysis_filters.py,34,BAJO,ADMIN,"""email"": ADMIN_EMAIL,"
/app/backend/tests/test_inventory_analysis_filters.py,35,BAJO,ADMIN,"""password"": ADMIN_PASSWORD"
/app/backend/tests/test_inventory_analysis_filters.py,41,ALTO,Administrador,"assert data[""user""][""role""] == ""Administrador"""
/app/backend/tests/test_inventory_analysis_filters.py,51,BAJO,ADMIN,"""email"": ADMIN_EMAIL,"
/app/backend/tests/test_inventory_analysis_filters.py,52,BAJO,ADMIN,"""password"": ADMIN_PASSWORD"
/app/backend/tests/test_inventory_analysis_filters.py,170,BAJO,ADMIN,"""email"": ADMIN_EMAIL,"
/app/backend/tests/test_inventory_analysis_filters.py,171,BAJO,ADMIN,"""password"": ADMIN_PASSWORD"
/app/backend/tests/test_inventory_analysis_filters.py,267,BAJO,ADMIN,"""email"": ADMIN_EMAIL,"
/app/backend/tests/test_inventory_analysis_filters.py,268,BAJO,ADMIN,"""password"": ADMIN_PASSWORD"
/app/backend/tests/test_inventory_analysis_filters.py,365,BAJO,ADMIN,"""email"": ADMIN_EMAIL,"
/app/backend/tests/test_inventory_analysis_filters.py,366,BAJO,ADMIN,"""password"": ADMIN_PASSWORD"
/app/backend/tests/test_auth_service.py,33,BAJO,Usuario,"name=""Nuevo Usuario"","
/app/backend/tests/test_auth_service.py,35,BAJO,Usuario,"role=""Usuario"""
/app/backend/tests/test_auth_service.py,58,BAJO,Usuario,"name=""Usuario Existente"","
/app/backend/tests/test_auth_service.py,60,BAJO,Usuario,"role=""Usuario"""
/app/backend/tests/test_auth_service.py,91,BAJO,Usuario,"""role"": ""Usuario"","
/app/backend/tests/test_auth_service.py,114,BAJO,Usuario,"""role"": ""Usuario"","
/app/backend/tests/test_auth_service.py,150,BAJO,Usuario,"""role"": ""Usuario"","
/app/backend/tests/test_auth_service.py,170,BAJO,Administrador,"admin_user = {""role"": ""Administrador"", ""id"": ""admin-1""}"
/app/backend/tests/test_auth_service.py,185,BAJO,Usuario,"""""""Test: Usuario no admin no puede obtener usuarios"""""""
/app/backend/tests/test_auth_service.py,188,BAJO,Usuario,"regular_user = {""role"": ""Usuario"", ""id"": ""user-1""}"
/app/backend/tests/test_auth_service.py,205,BAJO,Administrador,"admin_user = {""role"": ""Administrador"", ""id"": ""admin-1""}"
/app/backend/tests/test_auth_service.py,217,BAJO,Usuario,"""""""Test: Usuario no admin no puede actualizar"""""""
/app/backend/tests/test_auth_service.py,220,BAJO,Usuario,"regular_user = {""role"": ""Usuario"", ""id"": ""user-1""}"
/app/backend/tests/test_auth_service.py,233,BAJO,Administrador,"admin_user = {""role"": ""Administrador"", ""id"": ""admin-1""}"
/app/backend/tests/test_auth_service.py,259,BAJO,Administrador,"admin_user = {""role"": ""Administrador"", ""id"": ""admin-1""}"
/app/backend/tests/test_auth_service.py,272,BAJO,Usuario,"""""""Test: Usuario no admin no puede eliminar"""""""
/app/backend/tests/test_auth_service.py,275,BAJO,Supervisor,"regular_user = {""role"": ""Supervisor"", ""id"": ""sup-1""}"
/app/backend/tests/test_auth_service.py,292,BAJO,Administrador,"admin_user = {""role"": ""Administrador"", ""id"": ""admin-1""}"
/app/backend/tests/test_auth_service.py,312,BAJO,Administrador,"admin_user = {""role"": ""Administrador"", ""id"": ""admin-1""}"
/app/backend/tests/test_auth_service.py,332,BAJO,Administrador,"admin_user = {""role"": ""Administrador"", ""id"": ""admin-1""}"
/app/backend/tests/test_auth_service.py,336,BAJO,Administrador,"{""id"": ""role-1"", ""nombre"": ""Administrador""},"
/app/backend/tests/test_auth_service.py,337,BAJO,Usuario,"{""id"": ""role-2"", ""nombre"": ""Usuario""}"
/app/backend/tests/test_auth_service.py,350,BAJO,Administrador,"admin_user = {""role"": ""Administrador"", ""id"": ""admin-1""}"
/app/backend/tests/test_auth_service.py,355,BAJO,Administrador,"{""id"": ""role-1"", ""nombre"": ""Administrador""},"
/app/backend/tests/test_auth_service.py,356,BAJO,Supervisor,"{""id"": ""role-2"", ""nombre"": ""Supervisor""},"
/app/backend/tests/test_auth_service.py,357,BAJO,Usuario,"{""id"": ""role-3"", ""nombre"": ""Usuario""}"
/app/backend/tests/test_auth_service.py,371,BAJO,Administrador,"admin_user = {""role"": ""Administrador"", ""id"": ""admin-1""}"
/app/backend/tests/test_auth_service.py,388,BAJO,Administrador,"admin_user = {""role"": ""Administrador"", ""id"": ""admin-1""}"
/app/backend/tests/test_auth_service.py,404,BAJO,Administrador,"admin_user = {""role"": ""Administrador"", ""id"": ""admin-1""}"
/app/backend/tests/test_auth_service.py,425,BAJO,Administrador,"admin_user = {""role"": ""Administrador"", ""id"": ""admin-1""}"
/app/backend/tests/test_auth_service.py,430,BAJO,Administrador,"""nombre"": ""Administrador"","
/app/backend/tests/test_auth_service.py,445,BAJO,Administrador,"admin_user = {""role"": ""Administrador"", ""id"": ""admin-1""}"
/app/backend/tests/test_catalogos_rrhh.py,39,BAJO,ADMIN,"TEST_ADMIN_EMAIL, TEST_ADMIN_PASSWORD,"
/app/backend/tests/test_catalogos_rrhh.py,40,BAJO,"SUPERVISOR, VISOR","TEST_SUPERVISOR_EMAIL, TEST_SUPERVISOR_PASSWORD"
/app/backend/tests/test_catalogos_rrhh.py,46,BAJO,ADMIN,"ADMIN_EMAIL = os.environ.get(""TEST_ADMIN_EMAIL"", TEST_ADMIN_EMAIL)"
/app/backend/tests/test_catalogos_rrhh.py,47,BAJO,ADMIN,"ADMIN_PASSWORD = os.environ.get(""TEST_ADMIN_PASSWORD"", TEST_ADMIN_PASSWORD)"
/app/backend/tests/test_catalogos_rrhh.py,48,BAJO,"SUPERVISOR, VISOR","SUPERVISOR_EMAIL = os.environ.get(""TEST_SUPERVISOR_EMAIL"", TEST_SUPERVISOR_EMAIL)"
/app/backend/tests/test_catalogos_rrhh.py,49,BAJO,"SUPERVISOR, VISOR","SUPERVISOR_PASSWORD = os.environ.get(""TEST_SUPERVISOR_PASSWORD"", TEST_SUPERVISOR_PASSWORD)"
/app/backend/tests/test_catalogos_rrhh.py,58,BAJO,ADMIN,"""email"": ADMIN_EMAIL,"
/app/backend/tests/test_catalogos_rrhh.py,59,BAJO,ADMIN,"""password"": ADMIN_PASSWORD"
/app/backend/tests/test_catalogos_rrhh.py,66,ALTO,Administrador,"assert data[""user""][""role""] in [""Administrador"", ""admin""], f""Expected admin role, got {data['user']['role']}"""
/app/backend/tests/test_catalogos_rrhh.py,72,BAJO,"SUPERVISOR, VISOR","""email"": SUPERVISOR_EMAIL,"
/app/backend/tests/test_catalogos_rrhh.py,73,BAJO,"SUPERVISOR, VISOR","""password"": SUPERVISOR_PASSWORD"
/app/backend/tests/test_catalogos_rrhh.py,75,BAJO,Supervisor,"print(f""Supervisor login status: {response.status_code}"")"
/app/backend/tests/test_catalogos_rrhh.py,78,BAJO,Supervisor,"pytest.skip(""Supervisor user does not exist - skipping supervisor tests"")"
/app/backend/tests/test_catalogos_rrhh.py,79,ALTO,Supervisor,"assert response.status_code == 200, f""Supervisor login failed: {response.text}"""
/app/backend/tests/test_catalogos_rrhh.py,82,BAJO,Supervisor,"print(f""Supervisor login successful - Role: {data['user']['role']}"")"
/app/backend/tests/test_catalogos_rrhh.py,92,BAJO,ADMIN,"""email"": ADMIN_EMAIL,"
/app/backend/tests/test_catalogos_rrhh.py,93,BAJO,ADMIN,"""password"": ADMIN_PASSWORD"
/app/backend/tests/test_catalogos_rrhh.py,141,BAJO,ADMIN,"""email"": ADMIN_EMAIL,"
/app/backend/tests/test_catalogos_rrhh.py,142,BAJO,ADMIN,"""password"": ADMIN_PASSWORD"
/app/backend/tests/test_catalogos_rrhh.py,190,BAJO,ADMIN,"""email"": ADMIN_EMAIL,"
/app/backend/tests/test_catalogos_rrhh.py,191,BAJO,ADMIN,"""password"": ADMIN_PASSWORD"
/app/backend/tests/test_catalogos_rrhh.py,221,BAJO,Supervisor,"""""""Tests for permission control - Admin vs Supervisor"""""""
/app/backend/tests/test_catalogos_rrhh.py,227,BAJO,ADMIN,"""email"": ADMIN_EMAIL,"
/app/backend/tests/test_catalogos_rrhh.py,228,BAJO,ADMIN,"""password"": ADMIN_PASSWORD"
/app/backend/tests/test_catalogos_rrhh.py,238,BAJO,"SUPERVISOR, VISOR","""email"": SUPERVISOR_EMAIL,"
/app/backend/tests/test_catalogos_rrhh.py,239,BAJO,"SUPERVISOR, VISOR","""password"": SUPERVISOR_PASSWORD"
/app/backend/tests/test_catalogos_rrhh.py,242,BAJO,Supervisor,"pytest.skip(""Supervisor user does not exist"")"
/app/backend/tests/test_catalogos_rrhh.py,272,BAJO,Supervisor,"""""""Test POST /api/rrhh/catalogos/puestos - Supervisor should get 403"""""""
/app/backend/tests/test_catalogos_rrhh.py,277,BAJO,Supervisor,"""descripcion"": ""TEST_Puesto_Supervisor"","
/app/backend/tests/test_catalogos_rrhh.py,282,BAJO,Supervisor,"print(f""Supervisor create puesto status: {response.status_code}"")"
/app/backend/tests/test_catalogos_rrhh.py,283,ALTO,Supervisor,"assert response.status_code == 403, f""Supervisor should get 403, got {response.status_code}: {response.text}"""
/app/backend/tests/test_catalogos_rrhh.py,284,BAJO,Supervisor,"print(""Supervisor correctly denied - 403 Forbidden"")"
/app/backend/tests/test_catalogos_rrhh.py,314,BAJO,Supervisor,"""""""Test POST /api/rrhh/catalogos/tipos-incidencias - Supervisor should get 403"""""""
/app/backend/tests/test_catalogos_rrhh.py,320,BAJO,Supervisor,"""descripcion"": ""TEST_Supervisor"","
/app/backend/tests/test_catalogos_rrhh.py,324,BAJO,Supervisor,"print(f""Supervisor create tipo incidencia status: {response.status_code}"")"
/app/backend/tests/test_catalogos_rrhh.py,325,ALTO,Supervisor,"assert response.status_code == 403, f""Supervisor should get 403, got {response.status_code}: {response.text}"""
/app/backend/tests/test_catalogos_rrhh.py,326,BAJO,Supervisor,"print(""Supervisor correctly denied - 403 Forbidden"")"
/app/backend/tests/test_rol_canonicidad_normalize_user.py,5,BAJO,"SUPERADMIN, ADMIN","canónico ('SUPERADMIN'), pero ~185 guards de backend y ~47 del frontend comparan"
/app/backend/tests/test_rol_canonicidad_normalize_user.py,6,BAJO,"SuperAdministrador, Administrador","por igualdad contra el NombreRol legacy ('SuperAdministrador'). Con CodigoRol, esos"
/app/backend/tests/test_rol_canonicidad_normalize_user.py,7,BAJO,"SuperAdministrador, Administrador",endpoints negaban acceso al SuperAdministrador (p.ej. /api/config-asignaciones -> 403).
/app/backend/tests/test_rol_canonicidad_normalize_user.py,14,BAJO,"SuperAdministrador, Administrador, SUPERADMIN, ADMIN",SUPERADMIN  <-> SuperAdministrador
/app/backend/tests/test_rol_canonicidad_normalize_user.py,15,BAJO,"Administrador, ADMIN",ADMIN       <-> Administrador
/app/backend/tests/test_rol_canonicidad_normalize_user.py,16,BAJO,"Supervisor, SUPERVISOR, VISOR",SUPERVISOR  <-> Supervisor
/app/backend/tests/test_rol_canonicidad_normalize_user.py,17,BAJO,"Usuario, USUARIO",USUARIO     <-> Usuario
/app/backend/tests/test_rol_canonicidad_normalize_user.py,18,BAJO,"Visor, VISOR",VISOR       <-> Visor
/app/backend/tests/test_rol_canonicidad_normalize_user.py,25,BAJO,Usuario,"""UsuarioID"": 8,"
/app/backend/tests/test_rol_canonicidad_normalize_user.py,37,BAJO,"SuperAdministrador, Administrador, SUPERADMIN, ADMIN","u = _norm(""SUPERADMIN"", ""SuperAdministrador"")"
/app/backend/tests/test_rol_canonicidad_normalize_user.py,38,ALTO,"SuperAdministrador, Administrador","assert u[""role""] == ""SuperAdministrador""  # lo que esperan los guards legacy"
/app/backend/tests/test_rol_canonicidad_normalize_user.py,39,MEDIO,"SUPERADMIN, ADMIN","assert u[""role_code""] == ""SUPERADMIN""      # canónico preservado"
/app/backend/tests/test_rol_canonicidad_normalize_user.py,40,MEDIO,"SUPERADMIN, ADMIN","assert u[""_sql_rol_codigo""] == ""SUPERADMIN"""
/app/backend/tests/test_rol_canonicidad_normalize_user.py,45,BAJO,"SuperAdministrador, Administrador, SUPERADMIN, ADMIN","""SUPERADMIN"": ""SuperAdministrador"","
/app/backend/tests/test_rol_canonicidad_normalize_user.py,46,BAJO,"Administrador, ADMIN","""ADMIN"": ""Administrador"","
/app/backend/tests/test_rol_canonicidad_normalize_user.py,47,BAJO,"Supervisor, SUPERVISOR, VISOR","""SUPERVISOR"": ""Supervisor"","
/app/backend/tests/test_rol_canonicidad_normalize_user.py,48,BAJO,"Usuario, USUARIO","""USUARIO"": ""Usuario"","
/app/backend/tests/test_rol_canonicidad_normalize_user.py,49,BAJO,"Visor, VISOR","""VISOR"": ""Visor"","
/app/backend/tests/test_rol_canonicidad_normalize_user.py,58,BAJO,ADMIN,"u = _norm(""ADMIN"", None)"
/app/backend/tests/test_rol_canonicidad_normalize_user.py,59,MEDIO,ADMIN,"assert u[""role""] == ""ADMIN"""
/app/backend/tests/test_rol_canonicidad_normalize_user.py,60,MEDIO,ADMIN,"assert u[""role_code""] == ""ADMIN"""
/app/backend/tests/test_rol_canonicidad_normalize_user.py,65,ALTO,Usuario,"assert u[""role""] == ""Usuario"""
/app/backend/tests/test_auth_mocks.py,37,BAJO,Administrador,"""role"": ""Administrador"","
/app/backend/tests/test_auth_mocks.py,100,ALTO,"Administrador, Supervisor, Usuario","assert user[""role""] in [""Administrador"", ""Supervisor"", ""Usuario""]"
/app/backend/tests/test_compras_analisis.py,10,BAJO,ADMIN,"from conftest import TEST_ADMIN_EMAIL, TEST_ADMIN_PASSWORD"
/app/backend/tests/test_compras_analisis.py,22,BAJO,ADMIN,"""email"": os.environ.get(""TEST_ADMIN_EMAIL"", TEST_ADMIN_EMAIL),"
/app/backend/tests/test_compras_analisis.py,23,BAJO,ADMIN,"""password"": os.environ.get(""TEST_ADMIN_PASSWORD"", TEST_ADMIN_PASSWORD)"
/app/backend/tests/test_compras_analisis.py,273,BAJO,ADMIN,"""email"": os.environ.get(""TEST_ADMIN_EMAIL"", TEST_ADMIN_EMAIL),"
/app/backend/tests/test_compras_analisis.py,274,BAJO,ADMIN,"""password"": os.environ.get(""TEST_ADMIN_PASSWORD"", TEST_ADMIN_PASSWORD)"
/app/backend/tests/test_config_asignaciones.py,5,BAJO,USUARIO,- UNIDAD DE NEGOCIO + ALMACÉN → USUARIO RESPONSABLE
/app/backend/tests/test_config_asignaciones.py,22,BAJO,"SUPERADMIN, ADMIN","from conftest import TEST_SUPERADMIN_EMAIL, TEST_SUPERADMIN_PASSWORD"
/app/backend/tests/test_config_asignaciones.py,27,BAJO,"SUPERADMIN, ADMIN","SUPERADMIN_EMAIL = os.environ.get(""TEST_SUPERADMIN_EMAIL"", TEST_SUPERADMIN_EMAIL)"
/app/backend/tests/test_config_asignaciones.py,28,BAJO,"SUPERADMIN, ADMIN","SUPERADMIN_PASSWORD = os.environ.get(""TEST_SUPERADMIN_PASSWORD"", TEST_SUPERADMIN_PASSWORD)"
/app/backend/tests/test_config_asignaciones.py,49,BAJO,"SUPERADMIN, ADMIN","json={""email"": SUPERADMIN_EMAIL, ""password"": SUPERADMIN_PASSWORD}"
/app/backend/tests/test_config_asignaciones.py,74,BAJO,"SUPERADMIN, ADMIN","json={""email"": SUPERADMIN_EMAIL, ""password"": SUPERADMIN_PASSWORD}"
/app/backend/tests/test_config_asignaciones.py,79,ALTO,"SuperAdministrador, Administrador","assert data[""user""][""role""] == ""SuperAdministrador"""
/app/backend/tests/test_config_asignaciones.py,251,MEDIO,"SUPERADMIN, ADMIN","superadmin_user = next((u for u in users if u[""email""] == SUPERADMIN_EMAIL), None)"
/app/backend/tests/test_config_asignaciones.py,413,ALTO,"SuperAdministrador, Administrador","superadmin = next((u for u in users if u[""role""] == ""SuperAdministrador""), None)"
/app/backend/tests/test_config_asignaciones.py,483,MEDIO,"SUPERADMIN, ADMIN","superadmin = next((u for u in users if u[""email""] == SUPERADMIN_EMAIL), None)"
/app/backend/tests/test_rbac_fase11_post_endpoints.py,8,BAJO,Administrador,2. POST /api/users - Administrador legacy (should allow via fallback)
/app/backend/tests/test_rbac_fase11_post_endpoints.py,9,BAJO,Usuario,3. POST /api/users - Usuario (should deny 403)
/app/backend/tests/test_rbac_fase11_post_endpoints.py,12,BAJO,Administrador,6. POST /api/roles - Administrador legacy (should allow via fallback)
/app/backend/tests/test_rbac_fase11_post_endpoints.py,13,BAJO,Usuario,7. POST /api/roles - Usuario (should deny 403)
/app/backend/tests/test_rbac_fase11_post_endpoints.py,27,BAJO,"SUPERADMIN, ADMIN","TEST_SUPERADMIN_EMAIL, TEST_SUPERADMIN_PASSWORD,"
/app/backend/tests/test_rbac_fase11_post_endpoints.py,28,BAJO,ADMIN,"TEST_ADMIN_EMAIL, TEST_ADMIN_PASSWORD,"
/app/backend/tests/test_rbac_fase11_post_endpoints.py,35,BAJO,"SUPERADMIN, ADMIN",SUPERADMIN_CREDS = {
/app/backend/tests/test_rbac_fase11_post_endpoints.py,36,BAJO,"SUPERADMIN, ADMIN","""email"": os.environ.get(""TEST_SUPERADMIN_EMAIL"", TEST_SUPERADMIN_EMAIL),"
/app/backend/tests/test_rbac_fase11_post_endpoints.py,37,BAJO,"SUPERADMIN, ADMIN","""password"": os.environ.get(""TEST_SUPERADMIN_PASSWORD"", TEST_SUPERADMIN_PASSWORD)"
/app/backend/tests/test_rbac_fase11_post_endpoints.py,39,BAJO,ADMIN,ADMIN_CREDS = {
/app/backend/tests/test_rbac_fase11_post_endpoints.py,40,BAJO,ADMIN,"""email"": os.environ.get(""TEST_ADMIN_EMAIL"", TEST_ADMIN_EMAIL),"
/app/backend/tests/test_rbac_fase11_post_endpoints.py,41,BAJO,ADMIN,"""password"": os.environ.get(""TEST_ADMIN_PASSWORD"", TEST_ADMIN_PASSWORD)"
/app/backend/tests/test_rbac_fase11_post_endpoints.py,43,BAJO,USUARIO,USUARIO_CREDS = {
/app/backend/tests/test_rbac_fase11_post_endpoints.py,54,BAJO,"SUPERADMIN, ADMIN","response = requests.post(f""{BASE_URL}/api/auth/login"", json=SUPERADMIN_CREDS)"
/app/backend/tests/test_rbac_fase11_post_endpoints.py,60,ALTO,"SuperAdministrador, Administrador","assert data[""user""][""role""] == ""SuperAdministrador"", f""Expected SuperAdministrador, got {data['user']['role']}"""
/app/backend/tests/test_rbac_fase11_post_endpoints.py,64,BAJO,Administrador,"""""""Administrador login should work"""""""
/app/backend/tests/test_rbac_fase11_post_endpoints.py,65,BAJO,ADMIN,"response = requests.post(f""{BASE_URL}/api/auth/login"", json=ADMIN_CREDS)"
/app/backend/tests/test_rbac_fase11_post_endpoints.py,72,ALTO,Administrador,"assert data[""user""][""role""] == ""Administrador"", f""Expected Administrador, got {data['user']['role']}"""
/app/backend/tests/test_rbac_fase11_post_endpoints.py,76,BAJO,Usuario,"""""""Usuario login should work"""""""
/app/backend/tests/test_rbac_fase11_post_endpoints.py,77,BAJO,USUARIO,"response = requests.post(f""{BASE_URL}/api/auth/login"", json=USUARIO_CREDS)"
/app/backend/tests/test_rbac_fase11_post_endpoints.py,78,BAJO,Usuario,"print(f""Usuario login: {response.status_code}"")"
/app/backend/tests/test_rbac_fase11_post_endpoints.py,80,BAJO,Usuario,"print(f""Usuario login response: {response.text}"")"
/app/backend/tests/test_rbac_fase11_post_endpoints.py,81,BAJO,Usuario,"pytest.skip(""Usuario may not exist - skipping usuario tests"")"
/app/backend/tests/test_rbac_fase11_post_endpoints.py,84,ALTO,Usuario,"assert data[""user""][""role""] == ""Usuario"", f""Expected Usuario, got {data['user']['role']}"""
/app/backend/tests/test_rbac_fase11_post_endpoints.py,85,BAJO,Usuario,"print(f""Usuario login SUCCESS - role: {data['user']['role']}"")"
/app/backend/tests/test_rbac_fase11_post_endpoints.py,94,BAJO,Usuario,"""role"": ""Usuario""  # Required field per schema"
/app/backend/tests/test_rbac_fase11_post_endpoints.py,117,BAJO,"SUPERADMIN, ADMIN","response = requests.post(f""{BASE_URL}/api/auth/login"", json=SUPERADMIN_CREDS)"
/app/backend/tests/test_rbac_fase11_post_endpoints.py,124,BAJO,Administrador,"""""""Get Administrador token"""""""
/app/backend/tests/test_rbac_fase11_post_endpoints.py,125,BAJO,ADMIN,"response = requests.post(f""{BASE_URL}/api/auth/login"", json=ADMIN_CREDS)"
/app/backend/tests/test_rbac_fase11_post_endpoints.py,132,BAJO,Usuario,"""""""Get Usuario token"""""""
/app/backend/tests/test_rbac_fase11_post_endpoints.py,133,BAJO,USUARIO,"response = requests.post(f""{BASE_URL}/api/auth/login"", json=USUARIO_CREDS)"
/app/backend/tests/test_rbac_fase11_post_endpoints.py,135,BAJO,Usuario,"pytest.skip(""Usuario login failed - user may not exist"")"
/app/backend/tests/test_rbac_fase11_post_endpoints.py,145,BAJO,Usuario,"""role"": ""Usuario"""
/app/backend/tests/test_rbac_fase11_post_endpoints.py,159,BAJO,Administrador,"""""""POST /api/users with Administrador should be allowed via legacy fallback"""""""
/app/backend/tests/test_rbac_fase11_post_endpoints.py,165,BAJO,Usuario,"""role"": ""Usuario"""
/app/backend/tests/test_rbac_fase11_post_endpoints.py,179,BAJO,Usuario,"""""""POST /api/users with Usuario should be denied (403)"""""""
/app/backend/tests/test_rbac_fase11_post_endpoints.py,184,BAJO,Usuario,"""role"": ""Usuario"""
/app/backend/tests/test_rbac_fase11_post_endpoints.py,188,BAJO,Usuario,"print(f""POST /api/users (Usuario): {response.status_code}"")"
/app/backend/tests/test_rbac_fase11_post_endpoints.py,191,ALTO,Usuario,"assert response.status_code == 403, f""Usuario should be denied (403), got {response.status_code}: {response.text}"""
/app/backend/tests/test_rbac_fase11_post_endpoints.py,192,BAJO,Usuario,"print(""Usuario correctly denied (403) for POST /api/users"")"
/app/backend/tests/test_rbac_fase11_post_endpoints.py,200,BAJO,Usuario,"""role"": ""Usuario"""
/app/backend/tests/test_rbac_fase11_post_endpoints.py,216,BAJO,"SUPERADMIN, ADMIN","response = requests.post(f""{BASE_URL}/api/auth/login"", json=SUPERADMIN_CREDS)"
/app/backend/tests/test_rbac_fase11_post_endpoints.py,223,BAJO,Administrador,"""""""Get Administrador token"""""""
/app/backend/tests/test_rbac_fase11_post_endpoints.py,224,BAJO,ADMIN,"response = requests.post(f""{BASE_URL}/api/auth/login"", json=ADMIN_CREDS)"
/app/backend/tests/test_rbac_fase11_post_endpoints.py,231,BAJO,Usuario,"""""""Get Usuario token"""""""
/app/backend/tests/test_rbac_fase11_post_endpoints.py,232,BAJO,USUARIO,"response = requests.post(f""{BASE_URL}/api/auth/login"", json=USUARIO_CREDS)"
/app/backend/tests/test_rbac_fase11_post_endpoints.py,234,BAJO,Usuario,"pytest.skip(""Usuario login failed - user may not exist"")"
/app/backend/tests/test_rbac_fase11_post_endpoints.py,260,BAJO,Administrador,"""""""POST /api/roles with Administrador should be allowed via legacy fallback"""""""
/app/backend/tests/test_rbac_fase11_post_endpoints.py,261,BAJO,ADMIN,"unique_name = f""TEST_ROLE_ADMIN_{uuid.uuid4().hex[:8]}"""
/app/backend/tests/test_rbac_fase11_post_endpoints.py,282,BAJO,Usuario,"""""""POST /api/roles with Usuario should be denied (403)"""""""
/app/backend/tests/test_rbac_fase11_post_endpoints.py,290,BAJO,Usuario,"print(f""POST /api/roles (Usuario): {response.status_code}"")"
/app/backend/tests/test_rbac_fase11_post_endpoints.py,293,ALTO,Usuario,"assert response.status_code == 403, f""Usuario should be denied (403), got {response.status_code}: {response.text}"""
/app/backend/tests/test_rbac_fase11_post_endpoints.py,294,BAJO,Usuario,"print(""Usuario correctly denied (403) for POST /api/roles"")"
/app/backend/tests/test_rbac_fase11_post_endpoints.py,303,BAJO,"SUPERADMIN, ADMIN","response = requests.post(f""{BASE_URL}/api/auth/login"", json=SUPERADMIN_CREDS)"
/app/backend/tests/test_rbac_fase11_post_endpoints.py,310,BAJO,Administrador,"""""""Get Administrador token"""""""
/app/backend/tests/test_rbac_fase11_post_endpoints.py,311,BAJO,ADMIN,"response = requests.post(f""{BASE_URL}/api/auth/login"", json=ADMIN_CREDS)"
/app/backend/tests/test_rbac_fase11_post_endpoints.py,328,BAJO,Administrador,"""""""GET /api/users with Administrador should work (FASE 9 no regression)"""""""
/app/backend/tests/test_rbac_fase11_post_endpoints.py,350,BAJO,Administrador,"""""""GET /api/roles with Administrador should work (FASE 9 no regression)"""""""
/app/backend/tests/test_sistema_trazabilidad.py,15,BAJO,ADMIN,"from conftest import TEST_ADMIN_EMAIL, TEST_ADMIN_PASSWORD"
/app/backend/tests/test_sistema_trazabilidad.py,20,BAJO,ADMIN,"ADMIN_EMAIL = os.environ.get(""TEST_ADMIN_EMAIL"", TEST_ADMIN_EMAIL)"
/app/backend/tests/test_sistema_trazabilidad.py,21,BAJO,ADMIN,"ADMIN_PASSWORD = os.environ.get(""TEST_ADMIN_PASSWORD"", TEST_ADMIN_PASSWORD)"
/app/backend/tests/test_sistema_trazabilidad.py,40,BAJO,ADMIN,"""email"": ADMIN_EMAIL,"
/app/backend/tests/test_sistema_trazabilidad.py,41,BAJO,ADMIN,"""password"": ADMIN_PASSWORD"
/app/backend/tests/test_sistema_trazabilidad.py,356,BAJO,ADMIN,"json={""password"": ADMIN_PASSWORD, ""comentario"": ""Nivel 1 aprobado""}"
/app/backend/tests/test_sistema_trazabilidad.py,403,BAJO,ADMIN,"json={""password"": ADMIN_PASSWORD, ""comentario"": ""Aprobación final nivel 2""}"
/app/backend/tests/test_responsabilidad_economica.py,18,BAJO,ADMIN,"from conftest import TEST_ADMIN_EMAIL, TEST_ADMIN_PASSWORD"
/app/backend/tests/test_responsabilidad_economica.py,23,BAJO,ADMIN,"ADMIN_EMAIL = os.environ.get(""TEST_ADMIN_EMAIL"", TEST_ADMIN_EMAIL)"
/app/backend/tests/test_responsabilidad_economica.py,24,BAJO,ADMIN,"ADMIN_PASSWORD = os.environ.get(""TEST_ADMIN_PASSWORD"", TEST_ADMIN_PASSWORD)"
/app/backend/tests/test_responsabilidad_economica.py,43,BAJO,ADMIN,"json={""email"": ADMIN_EMAIL, ""password"": ADMIN_PASSWORD}"
/app/backend/tests/test_responsabilidad_economica.py,49,MEDIO,ADMIN,"assert data[""user""][""email""] == ADMIN_EMAIL"
/app/backend/tests/test_responsabilidad_economica.py,445,BAJO,ADMIN,"json={""email"": ADMIN_EMAIL, ""password"": ADMIN_PASSWORD}"
/app/backend/tests/test_responsabilidad_economica.py,470,BAJO,ADMIN,"json={""email"": ADMIN_EMAIL, ""password"": ADMIN_PASSWORD}"
/app/backend/tests/test_permissions_v5.py,10,BAJO,ADMIN,"from conftest import TEST_ADMIN_EMAIL, TEST_ADMIN_PASSWORD, TEST_USER_PASSWORD"
/app/backend/tests/test_permissions_v5.py,15,BAJO,ADMIN,ADMIN_CREDS = {
/app/backend/tests/test_permissions_v5.py,16,BAJO,ADMIN,"""email"": os.environ.get(""TEST_ADMIN_EMAIL"", TEST_ADMIN_EMAIL),"
/app/backend/tests/test_permissions_v5.py,17,BAJO,ADMIN,"""password"": os.environ.get(""TEST_ADMIN_PASSWORD"", TEST_ADMIN_PASSWORD)"
/app/backend/tests/test_permissions_v5.py,36,BAJO,ADMIN,"response = requests.post(f""{BASE_URL}/api/auth/login"", json=ADMIN_CREDS)"
/app/backend/tests/test_permissions_v5.py,42,MEDIO,ADMIN,"assert data[""user""][""email""] == ADMIN_CREDS[""email""]"
/app/backend/tests/test_permissions_v5.py,43,ALTO,Administrador,"assert data[""user""][""role""] == ""Administrador"""
/app/backend/tests/test_permissions_v5.py,72,BAJO,ADMIN,"response = requests.post(f""{BASE_URL}/api/auth/login"", json=ADMIN_CREDS)"
/app/backend/tests/test_permissions_v5.py,115,BAJO,ADMIN,"response = requests.post(f""{BASE_URL}/api/auth/login"", json=ADMIN_CREDS)"
/app/backend/tests/test_permissions_v5.py,141,BAJO,ADMIN,"response = requests.post(f""{BASE_URL}/api/auth/login"", json=ADMIN_CREDS)"
/app/backend/tests/test_permissions_v5.py,169,BAJO,ADMIN,"response = requests.post(f""{BASE_URL}/api/auth/login"", json=ADMIN_CREDS)"
/app/backend/tests/test_sucursales_permissions.py,14,BAJO,ADMIN,"from conftest import TEST_ADMIN_EMAIL, TEST_ADMIN_PASSWORD, TEST_USER_EMAIL, TEST_USER_PASSWORD"
/app/backend/tests/test_sucursales_permissions.py,19,BAJO,ADMIN,"ADMIN_EMAIL = os.environ.get(""TEST_ADMIN_EMAIL"", TEST_ADMIN_EMAIL)"
/app/backend/tests/test_sucursales_permissions.py,20,BAJO,ADMIN,"ADMIN_PASSWORD = os.environ.get(""TEST_ADMIN_PASSWORD"", TEST_ADMIN_PASSWORD)"
/app/backend/tests/test_sucursales_permissions.py,34,BAJO,ADMIN,"""email"": ADMIN_EMAIL,"
/app/backend/tests/test_sucursales_permissions.py,35,BAJO,ADMIN,"""password"": ADMIN_PASSWORD"
/app/backend/tests/test_sucursales_permissions.py,68,BAJO,ADMIN,"""email"": ADMIN_EMAIL,"
/app/backend/tests/test_sucursales_permissions.py,69,BAJO,ADMIN,"""password"": ADMIN_PASSWORD"
/app/backend/tests/test_sucursales_permissions.py,74,ALTO,Administrador,"assert data[""user""][""role""] == ""Administrador"""
/app/backend/tests/test_sucursales_permissions.py,177,BAJO,Usuario,class TestUsuariosPage:
/app/backend/tests/test_sucursales_permissions.py,178,BAJO,Usuario,"""""""Test that Usuarios page loads correctly"""""""
/app/backend/tests/test_mpro_inventory_analysis.py,16,BAJO,ADMIN,"from conftest import TEST_ADMIN_EMAIL, TEST_ADMIN_PASSWORD"
/app/backend/tests/test_mpro_inventory_analysis.py,41,BAJO,ADMIN,"""email"": os.environ.get(""TEST_ADMIN_EMAIL"", TEST_ADMIN_EMAIL),"
/app/backend/tests/test_mpro_inventory_analysis.py,42,BAJO,ADMIN,"""password"": os.environ.get(""TEST_ADMIN_PASSWORD"", TEST_ADMIN_PASSWORD)"
/app/backend/tests/test_nominas.py,11,BAJO,ADMIN,"from conftest import TEST_ADMIN_EMAIL, TEST_ADMIN_PASSWORD"
/app/backend/tests/test_nominas.py,16,BAJO,ADMIN,"ADMIN_EMAIL = os.environ.get(""TEST_ADMIN_EMAIL"", TEST_ADMIN_EMAIL)"
/app/backend/tests/test_nominas.py,17,BAJO,ADMIN,"ADMIN_PASSWORD = os.environ.get(""TEST_ADMIN_PASSWORD"", TEST_ADMIN_PASSWORD)"
/app/backend/tests/test_nominas.py,27,BAJO,ADMIN,"""email"": ADMIN_EMAIL,"
/app/backend/tests/test_nominas.py,28,BAJO,ADMIN,"""password"": ADMIN_PASSWORD"
/app/backend/tests/test_nominas.py,119,BAJO,ADMIN,"""email"": ADMIN_EMAIL,"
/app/backend/tests/test_nominas.py,120,BAJO,ADMIN,"""password"": ADMIN_PASSWORD"
/app/backend/tests/test_nominas.py,154,BAJO,Supervisor,"""""""POST /api/nomina/ciclos - Create cycle requires Supervisor/Admin role"""""""
/app/backend/tests/test_nominas.py,210,BAJO,ADMIN,"""email"": ADMIN_EMAIL,"
/app/backend/tests/test_nominas.py,211,BAJO,ADMIN,"""password"": ADMIN_PASSWORD"
/app/backend/tests/test_nominas.py,279,BAJO,ADMIN,"json={""password"": ADMIN_PASSWORD, ""comentario"": ""TEST_Avance automático""},"
/app/backend/tests/test_nominas.py,341,BAJO,ADMIN,"""email"": ADMIN_EMAIL,"
/app/backend/tests/test_nominas.py,342,BAJO,ADMIN,"""password"": ADMIN_PASSWORD"
/app/backend/tests/test_nominas.py,426,BAJO,ADMIN,"""email"": ADMIN_EMAIL,"
/app/backend/tests/test_nominas.py,427,BAJO,ADMIN,"""password"": ADMIN_PASSWORD"
/app/backend/tests/test_nominas.py,482,BAJO,ADMIN,"""email"": ADMIN_EMAIL,"
/app/backend/tests/test_nominas.py,483,BAJO,ADMIN,"""password"": ADMIN_PASSWORD"
/app/backend/tests/test_responsabilidad_aprobaciones.py,21,BAJO,ADMIN,ADMIN_EMAIL = test_config.TEST_ADMIN_EMAIL
/app/backend/tests/test_responsabilidad_aprobaciones.py,22,BAJO,ADMIN,ADMIN_PASSWORD = test_config.TEST_ADMIN_PASSWORD
/app/backend/tests/test_responsabilidad_aprobaciones.py,30,BAJO,"SUPERVISOR, VISOR","""SUPERVISOR"": ""SUPERVISOR"","
/app/backend/tests/test_responsabilidad_aprobaciones.py,85,BAJO,"SUPERVISOR, VISOR","""usuario_rol"": ""SUPERVISOR"","
/app/backend/tests/test_responsabilidad_aprobaciones.py,108,BAJO,"SUPERVISOR, VISOR","""usuario_rol"": ""SUPERVISOR"","
/app/backend/tests/test_responsabilidad_aprobaciones.py,137,BAJO,"SUPERVISOR, VISOR","""usuario_rol"": ""SUPERVISOR"","
/app/backend/tests/test_responsabilidad_aprobaciones.py,174,BAJO,"SUPERVISOR, VISOR","rol = ""SUPERVISOR"""
/app/backend/tests/test_responsabilidad_aprobaciones.py,330,BAJO,"SUPERVISOR, VISOR","""usuario_rol"": ""SUPERVISOR"","
/app/backend/tests/test_responsabilidad_aprobaciones.py,385,BAJO,"SUPERVISOR, VISOR","""""""Test that SUPERVISOR can only approve amounts up to $500"""""""
/app/backend/tests/test_responsabilidad_aprobaciones.py,402,BAJO,"SUPERVISOR, VISOR","""usuario_rol"": ""SUPERVISOR"","
/app/backend/tests/test_responsabilidad_aprobaciones.py,407,MEDIO,"SUPERVISOR, VISOR","assert response.status_code == 403, f""Expected 403 for SUPERVISOR approving >${monto}, got {response.status_code}"""
/app/backend/tests/test_responsabilidad_aprobaciones.py,408,BAJO,"SUPERVISOR, VISOR","print(f""✓ SUPERVISOR correctly denied for monto ${monto} > $500"")"
/app/backend/tests/test_responsabilidad_aprobaciones.py,593,BAJO,"SUPERVISOR, VISOR","""usuario_rol"": ""SUPERVISOR"","
/app/backend/tests/test_responsabilidad_aprobaciones.py,646,BAJO,ADMIN,"json={""email"": ADMIN_EMAIL, ""password"": ADMIN_PASSWORD}"
/app/backend/tests/test_responsabilidad_aprobaciones.py,674,BAJO,"SUPERVISOR, VISOR","""usuario_rol"": ""SUPERVISOR"","
/app/backend/tests/test_dashboard_servers.py,13,BAJO,ADMIN,"from conftest import TEST_ADMIN_EMAIL, TEST_ADMIN_PASSWORD"
/app/backend/tests/test_dashboard_servers.py,18,BAJO,ADMIN,"TEST_EMAIL = os.environ.get(""TEST_ADMIN_EMAIL"", TEST_ADMIN_EMAIL)"
/app/backend/tests/test_dashboard_servers.py,19,BAJO,ADMIN,"TEST_PASSWORD = os.environ.get(""TEST_ADMIN_PASSWORD"", TEST_ADMIN_PASSWORD)"
/app/backend/tests/test_comercial_rbac_blindaje.py,19,BAJO,ADMIN,ADMIN_EMAIL = test_config.TEST_ADMIN_EMAIL
/app/backend/tests/test_comercial_rbac_blindaje.py,20,BAJO,ADMIN,ADMIN_PASSWORD = test_config.TEST_ADMIN_PASSWORD
/app/backend/tests/test_comercial_rbac_blindaje.py,34,BAJO,ADMIN,"""email"": ADMIN_EMAIL,"
/app/backend/tests/test_comercial_rbac_blindaje.py,35,BAJO,ADMIN,"""password"": ADMIN_PASSWORD"
/app/backend/tests/test_centro_control_whatsapp.py,25,BAJO,ADMIN,ADMIN_EMAIL = test_config.TEST_ADMIN_EMAIL
/app/backend/tests/test_centro_control_whatsapp.py,26,BAJO,ADMIN,ADMIN_PASSWORD = test_config.TEST_ADMIN_PASSWORD
/app/backend/tests/test_centro_control_whatsapp.py,37,BAJO,ADMIN,"json={""email"": ADMIN_EMAIL, ""password"": ADMIN_PASSWORD}"
/app/backend/tests/test_cargos_economicos.py,169,BAJO,"SUPERVISOR, VISOR","""usuario_rol"": ""SUPERVISOR"""
/app/backend/tests/test_cargos_economicos.py,181,BAJO,"SUPERVISOR, VISOR","""usuario_rol"": ""SUPERVISOR"""
/app/backend/tests/test_cargos_economicos.py,193,BAJO,"SUPERVISOR, VISOR","""usuario_rol"": ""SUPERVISOR"""
/app/backend/tests/test_cargos_economicos.py,222,BAJO,"SUPERVISOR, VISOR","""usuario_rol"": ""SUPERVISOR"","
/app/backend/tests/test_cargos_economicos.py,234,BAJO,"SUPERVISOR, VISOR","""usuario_rol"": ""SUPERVISOR"","
/app/backend/tests/test_cargos_economicos.py,246,BAJO,"SUPERVISOR, VISOR","""usuario_rol"": ""SUPERVISOR"","
/app/backend/tests/test_cargos_economicos.py,270,BAJO,"SUPERVISOR, VISOR","""usuario_rol"": ""SUPERVISOR"","
/app/backend/tests/test_cargos_economicos.py,345,BAJO,"SUPERVISOR, VISOR","""usuario_rol"": ""SUPERVISOR"","
/app/backend/tests/test_cargos_economicos.py,409,BAJO,"SUPERVISOR, VISOR","""usuario_rol"": ""SUPERVISOR"""
/app/backend/tests/test_cargos_economicos.py,602,BAJO,"SUPERVISOR, VISOR","""usuario_rol"": ""SUPERVISOR"""
/app/backend/tests/test_cargos_economicos.py,677,BAJO,"SUPERVISOR, VISOR","""""""SUPERVISOR role cannot revert charges (requires GERENTE_OPS+)"""""""
/app/backend/tests/test_cargos_economicos.py,687,BAJO,"SUPERVISOR, VISOR","""usuario_rol"": ""SUPERVISOR"","
/app/backend/tests/test_cargos_economicos.py,688,BAJO,"SUPERVISOR, VISOR","""motivo_reversa"": ""Intento de reversa por rol SUPERVISOR que no tiene permisos suficientes"""
/app/backend/tests/test_cargos_economicos.py,692,BAJO,"SUPERVISOR, VISOR","print(f""✓ SUPERVISOR no puede revertir: {response.json().get('detail', '')}"")"
/app/backend/tests/test_cargos_economicos.py,740,BAJO,"SUPERVISOR, VISOR","""usuario_rol"": ""SUPERVISOR"""
/app/backend/tests/test_cargos_economicos.py,782,BAJO,"SUPERVISOR, VISOR","""usuario_rol"": ""SUPERVISOR"""
/app/backend/tests/test_cargos_economicos.py,794,BAJO,"SUPERVISOR, VISOR","""usuario_rol"": ""SUPERVISOR"","
/app/backend/tests/test_responsabilidad_aprobaciones_v2.py,22,BAJO,ADMIN,ADMIN_EMAIL = test_config.TEST_ADMIN_EMAIL
/app/backend/tests/test_responsabilidad_aprobaciones_v2.py,23,BAJO,ADMIN,ADMIN_PASSWORD = test_config.TEST_ADMIN_PASSWORD
/app/backend/tests/test_responsabilidad_aprobaciones_v2.py,87,BAJO,"SUPERVISOR, VISOR","""usuario_rol"": ""SUPERVISOR"","
/app/backend/tests/test_responsabilidad_aprobaciones_v2.py,109,BAJO,"SUPERVISOR, VISOR","""usuario_rol"": ""SUPERVISOR"","
/app/backend/tests/test_responsabilidad_aprobaciones_v2.py,122,BAJO,"SUPERVISOR, VISOR","""""""Test PROPONER from CALCULADO with low amount (SUPERVISOR can do it)"""""""
/app/backend/tests/test_responsabilidad_aprobaciones_v2.py,134,BAJO,"SUPERVISOR, VISOR","""usuario_rol"": ""SUPERVISOR"","
/app/backend/tests/test_responsabilidad_aprobaciones_v2.py,161,BAJO,"SUPERVISOR, VISOR","""usuario_rol"": ""SUPERVISOR"","
/app/backend/tests/test_responsabilidad_aprobaciones_v2.py,167,BAJO,"SUPERVISOR, VISOR","print(f""✓ SUPERVISOR correctly denied for monto ${monto}"")"
/app/backend/tests/test_responsabilidad_aprobaciones_v2.py,200,BAJO,"SUPERVISOR, VISOR","""usuario_rol"": ""SUPERVISOR"","
/app/backend/tests/test_responsabilidad_aprobaciones_v2.py,210,BAJO,"SUPERVISOR, VISOR","""usuario_rol"": ""SUPERVISOR"","
/app/backend/tests/test_responsabilidad_aprobaciones_v2.py,242,BAJO,"SUPERVISOR, VISOR","""usuario_rol"": ""SUPERVISOR"","
/app/backend/tests/test_responsabilidad_aprobaciones_v2.py,282,BAJO,"SUPERVISOR, VISOR","""usuario_rol"": ""SUPERVISOR"","
/app/backend/tests/test_responsabilidad_aprobaciones_v2.py,404,BAJO,"SUPERVISOR, VISOR","""usuario_rol"": ""SUPERVISOR"","
/app/backend/tests/test_responsabilidad_aprobaciones_v2.py,441,BAJO,"SUPERVISOR, VISOR","""""""Test that SUPERVISOR can only approve amounts up to $500"""""""
/app/backend/tests/test_responsabilidad_aprobaciones_v2.py,468,BAJO,"SUPERVISOR, VISOR","""usuario_rol"": ""SUPERVISOR"","
/app/backend/tests/test_responsabilidad_aprobaciones_v2.py,474,BAJO,"SUPERVISOR, VISOR","print(f""✓ SUPERVISOR correctly denied for monto ${monto} > $500"")"
/app/backend/tests/test_responsabilidad_aprobaciones_v2.py,494,BAJO,"SUPERVISOR, VISOR","""usuario_rol"": ""SUPERVISOR"","
/app/backend/tests/test_responsabilidad_aprobaciones_v2.py,514,BAJO,"SUPERVISOR, VISOR","""usuario_rol"": ""SUPERVISOR"","
/app/backend/tests/test_responsabilidad_aprobaciones_v2.py,600,BAJO,ADMIN,"json={""email"": ADMIN_EMAIL, ""password"": ADMIN_PASSWORD}"
/app/backend/tests/test_responsabilidad_aprobaciones_v2.py,618,BAJO,"SUPERVISOR, VISOR","""usuario_rol"": ""SUPERVISOR"","
/app/backend/tests/test_compras_module.py,23,BAJO,ADMIN,ADMIN_EMAIL = test_config.TEST_ADMIN_EMAIL
/app/backend/tests/test_compras_module.py,24,BAJO,ADMIN,ADMIN_PASSWORD = test_config.TEST_ADMIN_PASSWORD
/app/backend/tests/test_compras_module.py,37,BAJO,ADMIN,"""email"": ADMIN_EMAIL,"
/app/backend/tests/test_compras_module.py,38,BAJO,ADMIN,"""password"": ADMIN_PASSWORD"
/app/backend/tests/test_compras_module.py,46,BAJO,ADMIN,"""email"": ADMIN_EMAIL,"
/app/backend/tests/test_compras_module.py,47,BAJO,ADMIN,"""password"": ADMIN_PASSWORD"
/app/backend/tests/test_compras_module.py,53,MEDIO,ADMIN,"assert data[""user""][""email""] == ADMIN_EMAIL"
/app/backend/tests/test_compras_module.py,54,BAJO,ADMIN,"print(f""✓ Login successful for {ADMIN_EMAIL}"")"
/app/backend/tests/test_compras_module.py,64,BAJO,ADMIN,"""email"": ADMIN_EMAIL,"
/app/backend/tests/test_compras_module.py,65,BAJO,ADMIN,"""password"": ADMIN_PASSWORD"
/app/backend/tests/test_compras_module.py,148,BAJO,ADMIN,"""email"": ADMIN_EMAIL,"
/app/backend/tests/test_compras_module.py,149,BAJO,ADMIN,"""password"": ADMIN_PASSWORD"
/app/backend/tests/test_compras_module.py,353,BAJO,ADMIN,"""email"": ADMIN_EMAIL,"
/app/backend/tests/test_compras_module.py,354,BAJO,ADMIN,"""password"": ADMIN_PASSWORD"
/app/backend/tests/test_scheduler_ui.py,13,BAJO,ADMIN,- POST /api/v2/scheduler/jobs/{job_id}/run - SCHEDULER_ADMIN
/app/backend/tests/test_scheduler_ui.py,21,BAJO,ADMIN,"from conftest import TEST_ADMIN_EMAIL, TEST_ADMIN_PASSWORD"
/app/backend/tests/test_scheduler_ui.py,28,BAJO,ADMIN,ADMIN_CREDENTIALS = {
/app/backend/tests/test_scheduler_ui.py,29,BAJO,ADMIN,"""email"": os.environ.get(""TEST_SCHEDULER_ADMIN_EMAIL"", TEST_ADMIN_EMAIL),"
/app/backend/tests/test_scheduler_ui.py,30,BAJO,ADMIN,"""password"": os.environ.get(""TEST_SCHEDULER_ADMIN_PASSWORD"", TEST_ADMIN_PASSWORD)"
/app/backend/tests/test_scheduler_ui.py,35,BAJO,ADMIN,"""password"": os.environ.get(""TEST_SCHEDULER_OPERADOR_PASSWORD"", TEST_ADMIN_PASSWORD)"
/app/backend/tests/test_scheduler_ui.py,44,BAJO,ADMIN,json=ADMIN_CREDENTIALS
/app/backend/tests/test_scheduler_ui.py,269,BAJO,ADMIN,"""""""Admin (SCHEDULER_ADMIN) can run a job manually."""""""
/app/backend/tests/test_scheduler_ui.py,280,BAJO,ADMIN,"""""""Operador (no SCHEDULER_ADMIN) gets 403 for run."""""""
/app/backend/tests/test_scheduler_ui.py,287,MEDIO,ADMIN,"assert data[""detail""][""permiso_requerido""] == ""SCHEDULER_ADMIN"""
/app/backend/tests/test_movement_sales_details.py,13,BAJO,ADMIN,ADMIN_EMAIL = test_config.TEST_ADMIN_EMAIL
/app/backend/tests/test_movement_sales_details.py,14,BAJO,ADMIN,ADMIN_PASSWORD = test_config.TEST_ADMIN_PASSWORD
/app/backend/tests/test_movement_sales_details.py,22,BAJO,ADMIN,"""email"": ADMIN_EMAIL,"
/app/backend/tests/test_movement_sales_details.py,23,BAJO,ADMIN,"""password"": ADMIN_PASSWORD"
/app/backend/tests/test_rh_modular.py,42,BAJO,ADMIN,"from conftest import TEST_ADMIN_EMAIL, TEST_ADMIN_PASSWORD"
/app/backend/tests/test_rh_modular.py,47,BAJO,ADMIN,"ADMIN_EMAIL = os.environ.get(""TEST_ADMIN_EMAIL"", TEST_ADMIN_EMAIL)"
/app/backend/tests/test_rh_modular.py,48,BAJO,ADMIN,"ADMIN_PASSWORD = os.environ.get(""TEST_ADMIN_PASSWORD"", TEST_ADMIN_PASSWORD)"
/app/backend/tests/test_rh_modular.py,59,BAJO,ADMIN,"""email"": ADMIN_EMAIL,"
/app/backend/tests/test_rh_modular.py,60,BAJO,ADMIN,"""password"": ADMIN_PASSWORD"
/app/backend/tests/test_rh_modular.py,91,BAJO,ADMIN,"""email"": ADMIN_EMAIL,"
/app/backend/tests/test_rh_modular.py,92,BAJO,ADMIN,"""password"": ADMIN_PASSWORD"
/app/backend/tests/test_rbac_fase2d.py,8,BAJO,Administrador,2. Admin (Administrador) can access all endpoints
/app/backend/tests/test_rbac_fase2d.py,9,BAJO,Usuario,3. Operador (Usuario) can VIEW but NOT CREATE/APPLY/AUTHORIZE/CONFIGURE
/app/backend/tests/test_rbac_fase2d.py,12,BAJO,"Administrador, ADMIN",- ADMIN: Uses test_config credentials (role=Administrador)
/app/backend/tests/test_rbac_fase2d.py,13,BAJO,Usuario,- OPERADOR: Uses test_config credentials (role=Usuario)
/app/backend/tests/test_rbac_fase2d.py,32,BAJO,ADMIN,ADMIN_EMAIL = test_config.TEST_ADMIN_EMAIL
/app/backend/tests/test_rbac_fase2d.py,33,BAJO,ADMIN,ADMIN_PASSWORD = test_config.TEST_ADMIN_PASSWORD
/app/backend/tests/test_rbac_fase2d.py,54,BAJO,ADMIN,"json={""email"": ADMIN_EMAIL, ""password"": ADMIN_PASSWORD}"
/app/backend/tests/test_rbac_fase2d.py,78,BAJO,ADMIN,"json={""email"": ADMIN_EMAIL, ""password"": ADMIN_PASSWORD}"
/app/backend/tests/test_rbac_fase2d.py,159,BAJO,Administrador,"""usuario_rol"": ""Administrador"","
/app/backend/tests/test_rbac_fase2d.py,175,BAJO,Usuario,"""usuario_rol"": ""Usuario"","
/app/backend/tests/test_rbac_fase2d.py,191,BAJO,Usuario,"""usuario_rol"": ""Usuario"","
/app/backend/tests/test_rbac_fase2d.py,207,BAJO,Usuario,"""usuario_rol"": ""Usuario"","
/app/backend/tests/test_rbac_fase2d.py,271,BAJO,Usuario,"""usuario_rol"": ""Usuario"","
/app/backend/tests/test_rbac_fase2d.py,287,BAJO,Usuario,"""usuario_rol"": ""Usuario"","
/app/backend/tests/test_core_security.py,94,BAJO,Usuario,"token = create_token(""user-123"", ""test@test.com"", ""Usuario"")"
/app/backend/tests/test_core_security.py,104,BAJO,Administrador,"token = create_token(""user-123"", ""test@test.com"", ""Administrador"")"
/app/backend/tests/test_core_security.py,121,BAJO,Supervisor,"role = ""Supervisor"""
/app/backend/tests/test_core_security.py,135,BAJO,Usuario,"token = create_token(""user-123"", ""test@test.com"", ""Usuario"")"
/app/backend/tests/test_core_security.py,154,BAJO,Usuario,"token = create_token(""user-123"", ""test@test.com"", ""Usuario"")"
/app/backend/tests/test_core_security.py,167,BAJO,Usuario,"{""user_id"": ""fake"", ""email"": ""fake@fake.com"", ""role"": ""Usuario"", ""exp"": datetime.now(timezone.utc) + timedelta(hours=1)},"
/app/backend/tests/test_core_security.py,185,BAJO,Usuario,"{""user_id"": ""user"", ""email"": ""test@test.com"", ""role"": ""Usuario"", ""exp"": datetime.now(timezone.utc) - timedelta(hours=1)},"
/app/backend/tests/test_core_security.py,222,BAJO,Administrador,"""""""Test: Administrador tiene acceso a todos los servidores"""""""
/app/backend/tests/test_core_security.py,228,BAJO,Administrador,"""role"": ""Administrador"","
/app/backend/tests/test_core_security.py,236,BAJO,Usuario,"""""""Test: Usuario tiene acceso a servidor permitido"""""""
/app/backend/tests/test_core_security.py,242,BAJO,Usuario,"""role"": ""Usuario"","
/app/backend/tests/test_core_security.py,250,BAJO,Usuario,"""""""Test: Usuario NO tiene acceso a servidor no permitido"""""""
/app/backend/tests/test_core_security.py,256,BAJO,Usuario,"""role"": ""Usuario"","
/app/backend/tests/test_core_security.py,264,BAJO,Supervisor,"""""""Test: Supervisor sigue reglas de allowed_servers"""""""
/app/backend/tests/test_core_security.py,270,BAJO,Supervisor,"""role"": ""Supervisor"","
/app/backend/tests/test_core_security.py,279,BAJO,Usuario,"""""""Test: Usuario sin servidores permitidos"""""""
/app/backend/tests/test_core_security.py,285,BAJO,Usuario,"""role"": ""Usuario"","
/app/backend/tests/test_core_security.py,297,BAJO,Administrador,"""""""Test: Administrador ve todos los servidores"""""""
/app/backend/tests/test_core_security.py,300,BAJO,Administrador,"admin = {""role"": ""Administrador"", ""allowed_servers"": []}"
/app/backend/tests/test_core_security.py,314,BAJO,Usuario,"""""""Test: Usuario ve solo servidores permitidos"""""""
/app/backend/tests/test_core_security.py,317,BAJO,Usuario,"user = {""role"": ""Usuario"", ""allowed_servers"": [""s1"", ""s3""]}"
/app/backend/tests/test_core_security.py,335,BAJO,Usuario,"user = {""role"": ""Usuario"", ""allowed_servers"": [""s1""]}"
/app/backend/tests/test_user_permissions.py,15,BAJO,ADMIN,"from conftest import TEST_ADMIN_EMAIL, TEST_ADMIN_PASSWORD, TEST_USER_EMAIL, TEST_USER_PASSWORD"
/app/backend/tests/test_user_permissions.py,20,BAJO,ADMIN,"ADMIN_EMAIL = os.environ.get(""TEST_ADMIN_EMAIL"", TEST_ADMIN_EMAIL)"
/app/backend/tests/test_user_permissions.py,21,BAJO,ADMIN,"ADMIN_PASSWORD = os.environ.get(""TEST_ADMIN_PASSWORD"", TEST_ADMIN_PASSWORD)"
/app/backend/tests/test_user_permissions.py,37,BAJO,ADMIN,"""email"": ADMIN_EMAIL,"
/app/backend/tests/test_user_permissions.py,38,BAJO,ADMIN,"""password"": ADMIN_PASSWORD"
/app/backend/tests/test_user_permissions.py,78,BAJO,ADMIN,"""email"": ADMIN_EMAIL,"
/app/backend/tests/test_user_permissions.py,79,BAJO,ADMIN,"""password"": ADMIN_PASSWORD"
/app/backend/tests/test_user_permissions.py,90,MEDIO,ADMIN,"assert data[""user""][""email""] == ADMIN_EMAIL"
/app/backend/tests/test_user_permissions.py,91,ALTO,Administrador,"assert data[""user""][""role""] == ""Administrador"""
/app/backend/tests/test_user_permissions.py,228,ALTO,Administrador,"if user_data.get(""role"") != ""Administrador"":"
/app/backend/tests/test_user_permissions.py,247,ALTO,Administrador,"non_admin_user = next((u for u in users if u.get(""role"") != ""Administrador""), None)"
/app/backend/tests/test_sistema_tareas.py,16,BAJO,ADMIN,ADMIN_EMAIL = test_config.admin_email
/app/backend/tests/test_sistema_tareas.py,17,BAJO,ADMIN,ADMIN_PASSWORD = test_config.admin_password
/app/backend/tests/test_sistema_tareas.py,18,BAJO,"SUPERVISOR, VISOR",SUPERVISOR_EMAIL = test_config.supervisor_email
/app/backend/tests/test_sistema_tareas.py,19,BAJO,"SUPERVISOR, VISOR",SUPERVISOR_PASSWORD = test_config.supervisor_password
/app/backend/tests/test_sistema_tareas.py,28,BAJO,ADMIN,"""email"": ADMIN_EMAIL,"
/app/backend/tests/test_sistema_tareas.py,29,BAJO,ADMIN,"""password"": ADMIN_PASSWORD"
/app/backend/tests/test_sistema_tareas.py,34,ALTO,Administrador,"assert data[""user""][""role""] == ""Administrador"""
/app/backend/tests/test_sistema_tareas.py,40,BAJO,"SUPERVISOR, VISOR","""email"": SUPERVISOR_EMAIL,"
/app/backend/tests/test_sistema_tareas.py,41,BAJO,"SUPERVISOR, VISOR","""password"": SUPERVISOR_PASSWORD"
/app/backend/tests/test_sistema_tareas.py,43,ALTO,Supervisor,"assert response.status_code == 200, f""Supervisor login failed: {response.text}"""
/app/backend/tests/test_sistema_tareas.py,46,ALTO,Supervisor,"assert data[""user""][""role""] == ""Supervisor"""
/app/backend/tests/test_sistema_tareas.py,47,BAJO,Supervisor,"print(f""✅ Supervisor login successful - role: {data['user']['role']}"")"
/app/backend/tests/test_sistema_tareas.py,54,BAJO,ADMIN,"""email"": ADMIN_EMAIL,"
/app/backend/tests/test_sistema_tareas.py,55,BAJO,ADMIN,"""password"": ADMIN_PASSWORD"
/app/backend/tests/test_sistema_tareas.py,66,BAJO,"SUPERVISOR, VISOR","""email"": SUPERVISOR_EMAIL,"
/app/backend/tests/test_sistema_tareas.py,67,BAJO,"SUPERVISOR, VISOR","""password"": SUPERVISOR_PASSWORD"
/app/backend/tests/test_sistema_tareas.py,71,BAJO,Supervisor,"pytest.skip(""Supervisor authentication failed"")"
/app/backend/tests/test_sistema_tareas.py,147,BAJO,Supervisor,"""""""Supervisor should also see solicitudes_pendientes_aprobar"""""""
/app/backend/tests/test_sistema_tareas.py,157,BAJO,Supervisor,"print(f""✅ Supervisor can see solicitudes_pendientes_aprobar: {data['solicitudes_pendientes_aprobar']}"")"
/app/backend/tests/test_sistema_tareas.py,179,BAJO,Supervisor,"""""""Supervisor should be able to approve"""""""
/app/backend/tests/test_sistema_tareas.py,188,BAJO,Supervisor,"print(f""✅ Supervisor puede_aprobar={data['puede_aprobar']}"")"
/app/backend/tests/test_sistema_tareas.py,195,BAJO,Supervisor,"""""""Only Supervisor or Admin can assign permissions"""""""
/app/backend/tests/test_sistema_tareas.py,206,ALTO,Administrador,"test_user = next((u for u in usuarios if u[""role""] != ""Administrador""), None)"
/app/backend/tests/test_sistema_tareas.py,231,ALTO,Supervisor,"assert response.status_code == 200, f""Supervisor should be able to assign permissions: {response.text}"""
/app/backend/tests/test_sistema_tareas.py,232,BAJO,Supervisor,"print(""✅ Supervisor can assign permissions to users"")"
/app/backend/tests/test_sistema_tareas.py,237,BAJO,Usuario,class TestUsuariosAsignables:
/app/backend/tests/test_sistema_tareas.py,265,BAJO,Supervisor,"""""""Supervisor should also get list of assignable users"""""""
/app/backend/tests/test_sistema_tareas.py,271,BAJO,Supervisor,"print(""✅ Supervisor can access usuarios-asignables endpoint"")"
/app/backend/tests/test_sistema_tareas.py,389,BAJO,ADMIN,"json={""password"": ADMIN_PASSWORD}"
/app/backend/tests/test_sistema_tareas.py,434,BAJO,Supervisor,"""""""Supervisor can also approve solicitudes"""""""
/app/backend/tests/test_sistema_tareas.py,443,BAJO,Supervisor,"""notas"": ""Supervisor approval test"""
/app/backend/tests/test_sistema_tareas.py,454,BAJO,"SUPERVISOR, VISOR","json={""password"": SUPERVISOR_PASSWORD}"
/app/backend/tests/test_sistema_tareas.py,456,ALTO,Supervisor,"assert response.status_code == 200, f""Supervisor should be able to approve: {response.text}"""
/app/backend/tests/test_sistema_tareas.py,457,BAJO,Supervisor,"print(""✅ Supervisor can approve solicitudes with password signature"")"
/app/backend/tests/test_sistema_tareas.py,459,BAJO,Supervisor,"print(""⚠️ Supervisor cannot create solicitudes (expected if no permissions assigned)"")"
/app/backend/tests/test_rbac_helper.py,11,BAJO,"SUPERADMIN, ADMIN, USUARIO","coro = verificar_permiso_rbac({""role"": ""SUPERADMIN""}, ""USUARIOS"")"
/app/backend/tests/test_rbac_helper.py,17,BAJO,"Usuario, SUPERADMIN, ADMIN, USUARIO","r = asyncio.run(verificar_permiso_rbac({""role"": ""SUPERADMIN"", ""UsuarioID"": 22}, ""SISTEMA_USUARIOS_VER""))"
/app/backend/tests/test_rbac_helper.py,23,BAJO,"Administrador, Usuario, USUARIO","r = asyncio.run(verificar_permiso_rbac({""role"": ""Administrador"", ""UsuarioID"": 1}, ""SISTEMA_USUARIOS_VER""))"
/app/backend/tests/test_rbac_helper.py,28,BAJO,USUARIO,"r = asyncio.run(verificar_permiso_rbac(None, ""SISTEMA_USUARIOS_VER""))"
/app/backend/tests/test_rbac_helper.py,33,ALTO,"SuperAdministrador, Administrador, SUPERADMIN, ADMIN","assert _extract_role({""role"": ""SuperAdministrador""}) == ""SUPERADMINISTRADOR"""
/app/backend/tests/test_rbac_helper.py,34,MEDIO,"SUPERADMIN, ADMIN","assert ""SUPERADMINISTRADOR"" in BYPASS_ROLES"
/app/backend/tests/test_comparativo_inventarios.py,23,BAJO,ADMIN,TEST_EMAIL = test_config.TEST_ADMIN_EMAIL
/app/backend/tests/test_comparativo_inventarios.py,24,BAJO,ADMIN,TEST_PASSWORD = test_config.TEST_ADMIN_PASSWORD
/app/backend/tests/test_recipients_manager.py,470,BAJO,ADMIN,"""email"": test_config.TEST_ADMIN_EMAIL,"
/app/backend/tests/test_recipients_manager.py,471,BAJO,ADMIN,"""password"": test_config.TEST_ADMIN_PASSWORD"
/app/backend/tests/test_email_notifications.py,23,BAJO,ADMIN,ADMIN_EMAIL = test_config.TEST_ADMIN_EMAIL
/app/backend/tests/test_email_notifications.py,24,BAJO,ADMIN,ADMIN_PASSWORD = test_config.TEST_ADMIN_PASSWORD
/app/backend/tests/test_email_notifications.py,27,BAJO,ADMIN,"ADMIN_RBAC_EMAIL = os.getenv('TEST_RBAC_ADMIN_EMAIL', 'admin.rbac.test@edarsa.com')"
/app/backend/tests/test_email_notifications.py,28,BAJO,ADMIN,"ADMIN_RBAC_PASSWORD = os.getenv('TEST_RBAC_ADMIN_PASSWORD', 'AdminRBAC2024!')"
/app/backend/tests/test_email_notifications.py,41,BAJO,ADMIN,"def get_auth_token(self, email=ADMIN_EMAIL, password=ADMIN_PASSWORD):"
/app/backend/tests/test_email_notifications.py,95,BAJO,ADMIN,"token = self.get_auth_token(ADMIN_EMAIL, ADMIN_PASSWORD)"
/app/backend/tests/test_email_notifications.py,99,BAJO,ADMIN,"token = self.get_auth_token(ADMIN_RBAC_EMAIL, ADMIN_RBAC_PASSWORD)"
/app/backend/tests/test_email_notifications.py,140,BAJO,ADMIN,"token = self.get_auth_token(ADMIN_EMAIL, ADMIN_PASSWORD)"
/app/backend/tests/test_email_notifications.py,142,BAJO,ADMIN,"token = self.get_auth_token(ADMIN_RBAC_EMAIL, ADMIN_RBAC_PASSWORD)"
/app/backend/tests/test_email_notifications.py,179,BAJO,ADMIN,"token = self.get_auth_token(ADMIN_EMAIL, ADMIN_PASSWORD)"
/app/backend/tests/test_email_notifications.py,181,BAJO,ADMIN,"token = self.get_auth_token(ADMIN_RBAC_EMAIL, ADMIN_RBAC_PASSWORD)"
/app/backend/tests/test_email_notifications.py,226,BAJO,ADMIN,"token = self.get_auth_token(ADMIN_EMAIL, ADMIN_PASSWORD)"
/app/backend/tests/test_email_notifications.py,228,BAJO,ADMIN,"token = self.get_auth_token(ADMIN_RBAC_EMAIL, ADMIN_RBAC_PASSWORD)"
/app/backend/tests/test_email_notifications.py,269,BAJO,ADMIN,"token = self.get_auth_token(ADMIN_EMAIL, ADMIN_PASSWORD)"
/app/backend/tests/test_email_notifications.py,271,BAJO,ADMIN,"token = self.get_auth_token(ADMIN_RBAC_EMAIL, ADMIN_RBAC_PASSWORD)"
/app/backend/tests/test_email_notifications.py,309,BAJO,ADMIN,"""email"": ADMIN_EMAIL,"
/app/backend/tests/test_email_notifications.py,310,BAJO,ADMIN,"""password"": ADMIN_PASSWORD"
/app/backend/tests/test_email_notifications.py,316,BAJO,ADMIN,"print(f""✅ Primary admin login successful: {ADMIN_EMAIL}"")"
/app/backend/tests/test_email_notifications.py,324,BAJO,ADMIN,"""email"": ADMIN_RBAC_EMAIL,"
/app/backend/tests/test_email_notifications.py,325,BAJO,ADMIN,"""password"": ADMIN_RBAC_PASSWORD"
/app/backend/tests/test_email_notifications.py,331,BAJO,ADMIN,"print(f""✅ RBAC admin login successful: {ADMIN_RBAC_EMAIL}"")"
/app/backend/tests/test_email_notifications.py,347,BAJO,ADMIN,"""email"": ADMIN_EMAIL,"
/app/backend/tests/test_email_notifications.py,348,BAJO,ADMIN,"""password"": ADMIN_PASSWORD"
/app/backend/tests/test_email_notifications.py,355,BAJO,ADMIN,"""email"": ADMIN_RBAC_EMAIL,"
/app/backend/tests/test_email_notifications.py,356,BAJO,ADMIN,"""password"": ADMIN_RBAC_PASSWORD"
/app/backend/tests/test_automatizacion_compras_fase43.py,29,BAJO,ADMIN,"""email"": test_config.TEST_ADMIN_EMAIL,"
/app/backend/tests/test_automatizacion_compras_fase43.py,30,BAJO,ADMIN,"""password"": test_config.TEST_ADMIN_PASSWORD"
/app/backend/utils/migration_helpers.py,27,BAJO,Usuario,"""mongo_db.users"": ""Usuario_Catalogo"","
/app/backend/utils/migration_helpers.py,28,BAJO,Usuario,"""mongo_db.roles"": ""Usuario_Roles"","
/app/backend/utils/migration_helpers.py,147,BAJO,Usuario,"- Usuario_Catalogo, Usuario_Roles"
/app/backend/utils/migration_helpers.py,210,BAJO,Usuario,"""UsuarioPropietarioID"": 1"
/app/backend/api/admin_cache.py,144,BAJO,ADMIN,"current_user: dict = Depends(require_permission(""CACHE_ADMIN""))"
/app/backend/api/admin_cache.py,154,BAJO,"SuperAdministrador, Administrador, ADMIN",Permisos: CACHE_ADMIN o SuperAdministrador
/app/backend/api/admin_cache.py,221,BAJO,ADMIN,"current_user: dict = Depends(require_permission(""CACHE_ADMIN""))"
/app/backend/api/admin_cache.py,226,BAJO,"SuperAdministrador, Administrador, ADMIN",Permisos: CACHE_ADMIN o SuperAdministrador
/app/backend/api/admin_cache.py,242,BAJO,"SuperAdministrador, Administrador, ADMIN","CACHE_ADMIN_ROLES = ['SuperAdministrador', 'Administrador']"
/app/backend/api/admin_cache.py,247,MEDIO,ADMIN,return role in CACHE_ADMIN_ROLES
/app/backend/api/catalogos_sistemas.py,86,BAJO,"SuperAdministrador, Administrador, Supervisor","allowed_roles = ['SuperAdministrador', 'Administrador', 'Gerente', 'Supervisor']"
/app/backend/api/admin_data_quality.py,176,BAJO,Usuario,-- Ejecutar con: Usuario con permisos de escritura en EDARSAHUB
/app/backend/api/admin_scheduler_resync.py,360,BAJO,ADMIN,"current_user: dict = Depends(require_permission(""SCHEDULER_ADMIN""))"
/app/backend/api/admin_scheduler_resync.py,366,BAJO,ADMIN,Permisos: SCHEDULER_ADMIN
/app/backend/api/admin_scheduler_resync.py,432,BAJO,ADMIN,"current_user: dict = Depends(require_permission(""SCHEDULER_ADMIN""))"
/app/backend/api/admin_scheduler_resync.py,446,BAJO,ADMIN,Permisos: SCHEDULER_ADMIN
/app/backend/api/admin_scheduler_resync.py,452,BAJO,Usuario,"logger.info(f""[RESYNC] Usuario: {user_email}"")"
/app/backend/api/admin_core_connections.py,14,BAJO,"SuperAdministrador, Administrador",- Solo SuperAdministrador puede usar estos endpoints
/app/backend/api/admin_core_connections.py,15,BAJO,Administrador,- Administrador normal NO tiene acceso
/app/backend/api/admin_core_connections.py,50,BAJO,"SuperAdministrador, Administrador",Verifica que el usuario sea SuperAdministrador.
/app/backend/api/admin_core_connections.py,52,BAJO,Administrador,FASE 4D: CORE requiere nivel superior a Administrador normal.
/app/backend/api/admin_core_connections.py,55,BAJO,"SuperAdministrador, Administrador",True si es SuperAdministrador
/app/backend/api/admin_core_connections.py,72,BAJO,"Usuario, ADMIN","f""[CORE_ADMIN][PERMISSION_DENIED] Usuario {current_user.get('email')} """
/app/backend/api/admin_core_connections.py,77,BAJO,"SuperAdministrador, Administrador","detail=""Solo SuperAdministrador puede administrar conexiones CORE"""
/app/backend/api/admin_core_connections.py,116,BAJO,ADMIN,"f""[CORE_ADMIN][AUDIT_SQL] No se pudo registrar auditoría SQL: {type(e).__name__}: {e}"""
/app/backend/api/admin_core_connections.py,150,BAJO,ADMIN,"logger.info(f""[CORE_ADMIN][AUDIT] {action}: {log_data}"")"
/app/backend/api/admin_core_connections.py,379,BAJO,"SuperAdministrador, Administrador",RBAC: Solo SuperAdministrador.
/app/backend/api/admin_core_connections.py,400,BAJO,ADMIN,"logger.error(f""[CORE_ADMIN][LIST] Error: {type(e).__name__}"")"
/app/backend/api/admin_core_connections.py,417,BAJO,"SuperAdministrador, Administrador",RBAC: Solo SuperAdministrador (enforced al incluir el router).
/app/backend/api/admin_core_connections.py,456,BAJO,ADMIN,"logger.error(f""[CORE_ADMIN][AUDIT_LOG] Error: {type(e).__name__}"")"
/app/backend/api/admin_core_connections.py,503,BAJO,"SuperAdministrador, Administrador",RBAC: Solo SuperAdministrador.
/app/backend/api/admin_core_connections.py,539,BAJO,"SuperAdministrador, Administrador",RBAC: Solo SuperAdministrador.
/app/backend/api/dba_credential_p0d.py,9,BAJO,"SuperAdministrador, Administrador",Permitir que SuperAdministrador registre credencial DBA/SA de forma segura
/app/backend/api/dba_credential_p0d.py,13,BAJO,"SuperAdministrador, Administrador",- Solo SuperAdministrador puede usar este endpoint
/app/backend/api/dba_credential_p0d.py,60,BAJO,Usuario,'username': 'sa'  # Usuario DBA
/app/backend/api/dba_credential_p0d.py,131,BAJO,"SuperAdministrador, Administrador","""""""Verifica que el usuario sea SuperAdministrador."""""""
/app/backend/api/dba_credential_p0d.py,137,BAJO,Usuario,"f""[DBA_CRED][PERMISSION_DENIED] Usuario {current_user.get('email')} """
/app/backend/api/dba_credential_p0d.py,142,BAJO,"SuperAdministrador, Administrador","detail=""Solo SuperAdministrador puede registrar credencial DBA"""
/app/backend/api/dba_credential_p0d.py,229,BAJO,"SuperAdministrador, Administrador",- Solo SuperAdministrador puede ejecutar
/app/backend/core/server_registry.py,517,BAJO,Usuario,user: Usuario actual para filtrar por permisos (opcional)
/app/backend/core/server_registry.py,562,BAJO,"SuperAdministrador, Administrador",- SuperAdministrador/Administrador: Ve todos los servidores
/app/backend/core/server_registry.py,571,ALTO,"SuperAdministrador, Administrador","if role in ['SuperAdministrador', 'Administrador']:"
/app/backend/core/server_registry.py,578,BAJO,Usuario,"logger.warning(f""[SERVER_REGISTRY][RBAC] Usuario {user.get('email')} sin servidores permitidos"")"
/app/backend/core/server_registry.py,638,ALTO,"SuperAdministrador, Administrador","if role not in ['SuperAdministrador', 'Administrador']:"
/app/backend/core/server_registry.py,714,BAJO,Usuario,user: Usuario para validar permisos (opcional)
/app/backend/core/server_registry.py,729,ALTO,"SuperAdministrador, Administrador","if role not in ['SuperAdministrador', 'Administrador']:"
/app/backend/core/server_registry.py,732,BAJO,Usuario,"logger.warning(f""[SERVER_REGISTRY][ACCESS_DENIED] Usuario sin permisos para servidor {server_id}"")"
/app/backend/core/server_registry.py,1035,BAJO,Usuario,user: Usuario que crea (para auditoría)
/app/backend/core/server_registry.py,1185,BAJO,Usuario,user: Usuario que actualiza (para auditoría)
/app/backend/core/server_registry.py,1379,BAJO,Usuario,user: Usuario que elimina (para auditoría)
/app/backend/core/pool.py,113,BAJO,Administrador,Administrador centralizado de pools de conexiones SQL Server.
/app/backend/core/pool.py,257,BAJO,Usuario,username: Usuario
/app/backend/core/pool.py,518,BAJO,Usuario,username: Usuario
/app/backend/core/auditoria.py,61,BAJO,USUARIO,"USUARIOS = ""USUARIOS"""
/app/backend/core/refresh_tokens.py,267,BAJO,Usuario,"SesionID, UsuarioID, TipoUsuario, RefreshTokenHash, FamiliaTokenID,"
/app/backend/core/refresh_tokens.py,331,BAJO,Usuario,"SesionID, UsuarioID, TipoUsuario, FamiliaTokenID,"
/app/backend/core/refresh_tokens.py,413,BAJO,Usuario,"SesionID, UsuarioID, TipoUsuario, RefreshTokenHash, FamiliaTokenID,"
/app/backend/core/refresh_tokens.py,487,BAJO,Usuario,"SesionID, UsuarioID, TipoUsuario, FamiliaTokenID,"
/app/backend/core/refresh_tokens.py,551,BAJO,Usuario,"SELECT UsuarioID, TipoUsuario"
/app/backend/core/refresh_tokens.py,571,BAJO,Usuario,"RevocadoPorUsuarioID = %s,"
/app/backend/core/refresh_tokens.py,622,BAJO,Usuario,"SELECT SesionID, TipoUsuario"
/app/backend/core/refresh_tokens.py,693,BAJO,Usuario,"SELECT SesionID, TipoUsuario"
/app/backend/core/refresh_tokens.py,695,ALTO,Usuario,WHERE UsuarioID = %s AND EstaActiva = 1 AND SesionID != %s
/app/backend/core/refresh_tokens.py,700,BAJO,Usuario,"SELECT SesionID, TipoUsuario"
/app/backend/core/refresh_tokens.py,702,BAJO,Usuario,WHERE UsuarioID = %s AND EstaActiva = 1
/app/backend/core/refresh_tokens.py,720,BAJO,Usuario,"RevocadoPorUsuarioID = %s,"
/app/backend/core/refresh_tokens.py,722,ALTO,Usuario,WHERE UsuarioID = %s AND EstaActiva = 1 AND SesionID != %s
/app/backend/core/refresh_tokens.py,732,BAJO,Usuario,"RevocadoPorUsuarioID = %s,"
/app/backend/core/refresh_tokens.py,734,BAJO,Usuario,WHERE UsuarioID = %s AND EstaActiva = 1
/app/backend/core/refresh_tokens.py,779,BAJO,Usuario,WHERE UsuarioID = %s AND EstaActiva = 1
/app/backend/core/refresh_tokens.py,836,BAJO,Usuario,"SesionID, UsuarioID, TipoUsuario, Accion,"
/app/backend/core/security.py,10,BAJO,Usuario,"or payload.get(""IDUsuario"")"
/app/backend/core/security.py,161,BAJO,"Administrador, Supervisor, Usuario","role: Rol del usuario (Administrador, Supervisor, Usuario)"
/app/backend/core/security.py,308,BAJO,Usuario,"logging.warning(f""[AUTH] Usuario no encontrado en SQL: {email}"")"
/app/backend/core/security.py,311,BAJO,Usuario,"detail=""Usuario no autorizado"""
/app/backend/core/security.py,316,BAJO,Usuario,"logging.warning(f""[AUTH] Usuario inactivo: {email}"")"
/app/backend/core/security.py,319,BAJO,Usuario,"detail=""Usuario desactivado"""
/app/backend/core/security.py,330,BAJO,Usuario,P5-07: Obtiene usuario SOLO de SQL (Usuario_Catalogo).
/app/backend/core/security.py,355,BAJO,USUARIO,"auth_source = user.get(""auth_source"", ""SQL_USUARIO_CATALOGO"")"
/app/backend/core/security.py,356,BAJO,Usuario,"logging.debug(f""[AUTH-SQL] Usuario resuelto desde SQL: {email}"")"
/app/backend/core/security.py,359,BAJO,Usuario,"logging.info(f""[AUTH-SQL] Usuario no encontrado en SQL: {email}"")"
/app/backend/core/security.py,385,BAJO,Usuario,"logging.warning(f""[AUTH-SQL] Usuario SQL sin campo obligatorio: {field}"")"
/app/backend/core/security.py,416,BAJO,Usuario,HTTPException 404: Usuario no encontrado en BD
/app/backend/core/security.py,453,BAJO,Usuario,"logging.warning(f""[AUTH-DUAL] Usuario no encontrado en SQL: {email}"")"
/app/backend/core/security.py,456,BAJO,Usuario,"detail=""Usuario no autorizado"""
/app/backend/core/security.py,461,BAJO,Usuario,"logging.warning(f""[AUTH-DUAL] Usuario inactivo: {email}"")"
/app/backend/core/security.py,464,BAJO,Usuario,"detail=""Usuario desactivado"""
/app/backend/core/security.py,520,ALTO,"SuperAdministrador, Administrador",if user.get('role') == 'SuperAdministrador':
/app/backend/core/security.py,528,ALTO,Administrador,"if user.get('role') in ['Administrador', 'admin', 'Admin']:"
/app/backend/core/security.py,634,ALTO,"SuperAdministrador, Administrador","if user.get('role') in ['SuperAdministrador', 'Administrador']:"
/app/backend/core/security.py,655,ALTO,"SuperAdministrador, Administrador","if role in ['SuperAdministrador', 'Administrador']:"
/app/backend/core/security.py,656,BAJO,Usuario,"logging.info(f""Usuario es {role}, retornando todos los servidores"")"
/app/backend/core/security.py,661,BAJO,Usuario,"logging.info(""Usuario sin servidores asignados, retornando lista vacía"")"
/app/backend/core/security.py,686,ALTO,"SuperAdministrador, Administrador","if user.get('role') in ['SuperAdministrador', 'Administrador']:"
/app/backend/core/security.py,780,BAJO,Usuario,user_mongo: Usuario obtenido de MongoDB (actual productivo)
/app/backend/core/security.py,803,BAJO,Usuario,result['differences'].append('Usuario no existe en SQL')
/app/backend/core/security.py,875,BAJO,Usuario,user_mongo: Usuario de MongoDB
/app/backend/core/security.py,1049,ALTO,"SuperAdministrador, Administrador","if user_role and user_role not in ['Administrador', 'SuperAdministrador']:"
/app/backend/core/rbac_helper.py,15,BAJO,"SUPERADMIN, ADMIN",- role           -> CodigoRol ('SUPERADMIN' | 'ADMIN' | ...)
/app/backend/core/rbac_helper.py,16,BAJO,Usuario,- UsuarioID      -> id numérico
/app/backend/core/rbac_helper.py,28,BAJO,"SUPERADMIN, ADMIN","""SUPERADMIN"","
/app/backend/core/rbac_helper.py,29,BAJO,"SUPERADMIN, ADMIN","""SUPERADMINISTRADOR"","
/app/backend/core/rbac_helper.py,30,BAJO,ADMIN,"""SUPER ADMIN"","
/app/backend/core/rbac_helper.py,31,BAJO,ADMIN,"""ADMIN"","
/app/backend/core/rbac_helper.py,32,BAJO,ADMIN,"""ADMINISTRADOR"","
/app/backend/core/rbac_helper.py,70,ALTO,Usuario,"for key in (""UsuarioID"", ""_sql_usuario_id"", ""usuario_id"", ""user_id"", ""sql_user_id""):"
/app/backend/core/rbac_helper.py,111,BAJO,Usuario,FROM Usuario_RolesContexto urc
/app/backend/core/rbac_helper.py,112,BAJO,Usuario,INNER JOIN Usuario_Roles r
/app/backend/core/rbac_helper.py,114,BAJO,Usuario,WHERE urc.UsuarioID = %s
/app/backend/core/rbac_helper.py,117,BAJO,"SUPERADMIN, ADMIN","UPPER(LTRIM(RTRIM(r.CodigoRol))) IN ('SUPERADMIN', 'ADMIN')"
/app/backend/core/rbac_helper.py,118,BAJO,"SUPERADMIN, ADMIN","OR UPPER(LTRIM(RTRIM(r.NombreRol))) IN ('SUPERADMINISTRADOR', 'ADMINISTRADOR')"
/app/backend/core/rbac_helper.py,134,BAJO,Usuario,FROM Usuario_RolesContexto urc
/app/backend/core/rbac_helper.py,135,BAJO,Usuario,INNER JOIN Usuario_Roles r
/app/backend/core/rbac_helper.py,137,BAJO,Usuario,INNER JOIN Usuario_PermisosRolModulo prm
/app/backend/core/rbac_helper.py,141,BAJO,Usuario,WHERE urc.UsuarioID = %s
/app/backend/core/context_resolver.py,11,BAJO,Usuario,Context Resolver - Resolución Centralizada de Contexto por Usuario
/app/backend/core/context_resolver.py,475,BAJO,Usuario,user: Usuario autenticado
/app/backend/core/context_resolver.py,499,BAJO,Usuario,"logging.warning(f""[Context Resolver] Usuario {user.get('email')} sin acceso a unidad {unidad_id}"")"
/app/backend/core/context_resolver.py,532,BAJO,Usuario,user: Usuario autenticado
/app/backend/core/context_resolver.py,565,BAJO,Usuario,"raise HTTPException(status_code=403, detail=""Usuario sin empresas asignadas"")"
/app/backend/core/context_resolver.py,581,BAJO,Usuario,"logging.warning(f""[Context Resolver] Usuario {user.get('email')} sin acceso a servidor {server_id}"")"
/app/backend/core/context_resolver.py,647,BAJO,Usuario,user: Usuario autenticado
/app/backend/core/user_access_context.py,28,BAJO,"SuperAdministrador, Administrador",1. SuperAdministrador → acceso global a todo
/app/backend/core/user_access_context.py,29,BAJO,Administrador,2. Administrador → acceso global a todo (legacy)
/app/backend/core/user_access_context.py,43,BAJO,Usuario,- Usuario_Catalogo
/app/backend/core/user_access_context.py,44,BAJO,Usuario,- Usuario_Roles
/app/backend/core/user_access_context.py,45,BAJO,Usuario,- Usuario_RolesAsignacion
/app/backend/core/user_access_context.py,46,BAJO,Usuario,- Usuario_EmpresasAsignacion
/app/backend/core/user_access_context.py,47,BAJO,Usuario,- Usuario_SucursalesAsignacion
/app/backend/core/user_access_context.py,48,BAJO,Usuario,- Usuario_AlmacenesAsignacion
/app/backend/core/user_access_context.py,49,BAJO,Usuario,- Usuario_ServidoresAsignacion
/app/backend/core/user_access_context.py,97,BAJO,"SUPERADMIN, ADMIN","fuente_acceso: str = ""SIN_ACCESO""  # SUPERADMIN, ADMIN, RBAC, LEGACY, MIXTO"
/app/backend/core/user_access_context.py,160,BAJO,Usuario,Obtiene UsuarioID SQL desde PublicUUID.
/app/backend/core/user_access_context.py,163,BAJO,Usuario,SELECT UsuarioID
/app/backend/core/user_access_context.py,164,BAJO,Usuario,FROM Usuario_Catalogo
/app/backend/core/user_access_context.py,174,BAJO,Usuario,Obtiene código de rol del usuario desde Usuario_RolesAsignacion.
/app/backend/core/user_access_context.py,178,BAJO,Usuario,FROM Usuario_RolesAsignacion ra
/app/backend/core/user_access_context.py,179,BAJO,Usuario,JOIN Usuario_Roles r ON ra.RolID = r.RolID
/app/backend/core/user_access_context.py,180,BAJO,Usuario,WHERE ra.UsuarioID = %s AND ra.Activo = 1
/app/backend/core/user_access_context.py,224,BAJO,Usuario,FROM Usuario_EmpresasAsignacion ea
/app/backend/core/user_access_context.py,226,BAJO,Usuario,WHERE ea.UsuarioID = %s AND ea.Activo = 1
/app/backend/core/user_access_context.py,246,BAJO,Usuario,Obtiene servidores asignados al usuario desde Usuario_ServidoresAsignacion.
/app/backend/core/user_access_context.py,250,BAJO,Usuario,FROM Usuario_ServidoresAsignacion
/app/backend/core/user_access_context.py,251,BAJO,Usuario,WHERE UsuarioID = %s AND Activo = 1
/app/backend/core/user_access_context.py,288,BAJO,Usuario,FROM Usuario_SucursalesAsignacion
/app/backend/core/user_access_context.py,289,BAJO,Usuario,WHERE UsuarioID = %s AND Activo = 1
/app/backend/core/user_access_context.py,311,BAJO,Usuario,FROM Usuario_AlmacenesAsignacion
/app/backend/core/user_access_context.py,312,BAJO,Usuario,WHERE UsuarioID = %s AND Activo = 1
/app/backend/core/user_access_context.py,363,ALTO,"SuperAdministrador, Administrador, SUPERADMIN, ADMIN",if role_legacy == 'SuperAdministrador' or role_upper == 'SUPERADMIN':
/app/backend/core/user_access_context.py,365,BAJO,"SUPERADMIN, ADMIN","context.fuente_acceso = ""SUPERADMIN"""
/app/backend/core/user_access_context.py,370,ALTO,"Administrador, ADMIN",if role_legacy == 'Administrador' or role_upper == 'ADMIN':
/app/backend/core/user_access_context.py,372,BAJO,ADMIN,"context.fuente_acceso = ""ADMIN"""
/app/backend/core/cerebro.py,38,BAJO,"Administrador, ADMIN","ADMINISTRADOR = ""Administrador"""
/app/backend/core/cerebro.py,39,BAJO,"Supervisor, SUPERVISOR, VISOR","SUPERVISOR = ""Supervisor"""
/app/backend/core/cerebro.py,40,BAJO,"Usuario, USUARIO","USUARIO = ""Usuario"""
/app/backend/core/cerebro.py,133,BAJO,Usuario,"{""id"": ""usuarios"", ""nombre"": ""Usuarios"", ""icono"": ""UserCog""},"
/app/backend/core/cerebro.py,148,BAJO,USUARIO,role: RoleName = RoleName.USUARIO
/app/backend/core/cerebro.py,160,BAJO,Usuario,"""""""Usuario en base de datos"""""""
/app/backend/core/rbac_helper_sql.py,9,BAJO,Usuario,- SQL-First: Lee roles y jerarquías desde Usuario_Roles
/app/backend/core/rbac_helper_sql.py,39,BAJO,"SUPERADMIN, ADMIN","NIVEL_ACCESO_TOTAL = 80  # SUPERADMIN(100), DIRECCION(80)"
/app/backend/core/rbac_helper_sql.py,80,BAJO,Usuario,FROM Usuario_Roles
/app/backend/core/rbac_helper_sql.py,120,BAJO,"SUPERADMIN, ADMIN","Set con códigos de roles (ej: {'SUPERADMIN', 'DIRECCION'})"
/app/backend/core/rbac_helper_sql.py,140,BAJO,"SuperAdministrador, Administrador","Set con nombres de roles (ej: {'SuperAdministrador', 'Dirección'})"
/app/backend/core/rbac_helper_sql.py,242,BAJO,"SUPERADMIN, ADMIN","""SUPERADMIN"": ""SUPERADMIN"", ""SUPERADMINISTRADOR"": ""SUPERADMIN"","
/app/backend/core/rbac_helper_sql.py,243,BAJO,ADMIN,"""ADMIN"": ""ADMIN"", ""ADMINISTRADOR"": ""ADMIN"","
/app/backend/core/rbac_helper_sql.py,244,BAJO,"SUPERVISOR, VISOR","""SUPERVISOR"": ""SUPERVISOR"","
/app/backend/core/rbac_helper_sql.py,245,BAJO,USUARIO,"""USUARIO"": ""USUARIO"", ""USER"": ""USUARIO"","
/app/backend/core/rbac_helper_sql.py,246,BAJO,VISOR,"""VISOR"": ""VISOR"", ""VIEWER"": ""VISOR"","
/app/backend/core/rbac_helper_sql.py,251,BAJO,"SUPERADMIN, ADMIN","""""""Resuelve el CÓDIGO canónico de rol (ej. 'SUPERADMIN') desde múltiples"
/app/backend/core/rbac_helper_sql.py,276,BAJO,"SUPERADMIN, ADMIN","""""""True si el rol canónico es SUPERADMIN."""""""
/app/backend/core/rbac_helper_sql.py,277,MEDIO,"SUPERADMIN, ADMIN","return get_role_code(user) == ""SUPERADMIN"""
/app/backend/core/rbac_helper_sql.py,281,BAJO,"SuperAdministrador, Administrador","""""""Administrador o SuperAdministrador. Equivale a los gates legacy"
/app/backend/core/rbac_helper_sql.py,282,ALTO,"SuperAdministrador, Administrador","['SuperAdministrador','Administrador'] y '== Administrador' (este último"
/app/backend/core/rbac_helper_sql.py,283,BAJO,"SUPERADMIN, ADMIN","ahora también admite al SUPERADMIN, corrigiendo la negación falsa previa)."""""""
/app/backend/core/rbac_helper_sql.py,284,MEDIO,"SUPERADMIN, ADMIN","return get_role_code(user) in (""SUPERADMIN"", ""ADMIN"")"
/app/backend/core/rbac_helper_sql.py,288,BAJO,"SuperAdministrador, Administrador, Supervisor","""""""Supervisor, Administrador o SuperAdministrador. Equivale a los gates"
/app/backend/core/rbac_helper_sql.py,289,BAJO,"Administrador, Supervisor, SUPERADMIN, ADMIN","legacy ['Administrador','Supervisor'] (ahora también admite al SUPERADMIN)."""""""
/app/backend/core/rbac_helper_sql.py,290,MEDIO,"SUPERADMIN, ADMIN, SUPERVISOR, VISOR","return get_role_code(user) in (""SUPERADMIN"", ""ADMIN"", ""SUPERVISOR"")"
/app/backend/core/security_v2_passive.py,26,BAJO,ADMIN,"'SUPER_ADMIN': 100,"
/app/backend/core/security_v2_passive.py,27,BAJO,ADMIN,"'ADMIN': 90,"
/app/backend/core/security_v2_passive.py,30,BAJO,"SUPERVISOR, VISOR","'SUPERVISOR': 50,"
/app/backend/core/security_v2_passive.py,38,BAJO,"SuperAdministrador, Administrador, ADMIN","'SuperAdministrador': 'SUPER_ADMIN',"
/app/backend/core/security_v2_passive.py,39,BAJO,"Administrador, ADMIN","'Administrador': 'ADMIN',"
/app/backend/core/security_v2_passive.py,40,BAJO,"Supervisor, SUPERVISOR, VISOR","'Supervisor': 'SUPERVISOR',"
/app/backend/core/security_v2_passive.py,41,BAJO,Usuario,"'Usuario': 'OPERADOR',"
/app/backend/core/alcance_helper.py,23,BAJO,"SuperAdministrador, Administrador",1. SuperAdministrador → acceso global (sin filtro)
/app/backend/core/alcance_helper.py,32,BAJO,Usuario,→ Usuario ve usuarios de EMPRESA X + EMPRESA Y
/app/backend/core/alcance_helper.py,186,MEDIO,"SUPERADMIN, ADMIN","if str(current_user.get('role') or '').strip().upper() in ('SUPERADMINISTRADOR', 'SUPERADMIN'):"
/app/backend/core/alcance_helper.py,187,BAJO,"SUPERADMIN, ADMIN","logger.info(f""Alcance resuelto para {email}: SUPERADMIN (global)"")"
/app/backend/core/alcance_helper.py,188,BAJO,"SUPERADMIN, ADMIN","return ResultadoAlcance(tiene_acceso_global=True, fuente_alcance=""SUPERADMIN"").to_dict()"
/app/backend/core/alcance_helper.py,238,MEDIO,"SUPERADMIN, ADMIN","if str(actor.get('role') or '').strip().upper() in ('SUPERADMINISTRADOR', 'SUPERADMIN'):"
/app/backend/core/alcance_helper.py,239,BAJO,"SUPERADMIN, ADMIN","return {""permitido"": True, ""razon"": ""SUPERADMIN""}"
/app/backend/core/inventory_analysis_core.py,130,BAJO,Usuario,mock_user: Usuario simulado para llamadas internas (opcional)
/app/backend/core/inventory_analysis_core.py,135,BAJO,Administrador,"""role"": ""Administrador"","
/app/backend/core/scheduler/routes.py,10,BAJO,ADMIN,"- POST /jobs/{id}/run, DELETE /locks/{job_name} - SCHEDULER_ADMIN"
/app/backend/core/scheduler/routes.py,118,BAJO,ADMIN,"current_user: dict = Depends(require_permission(""SCHEDULER_ADMIN""))"
/app/backend/core/scheduler/routes.py,259,BAJO,ADMIN,"current_user: dict = Depends(require_permission(""SCHEDULER_ADMIN""))"
/app/backend/core/scheduler/jobs/rentabilidad_scheduler_job.py,14,BAJO,Usuario,"SELECT PedidoID, FolioPedido, UsuarioCreadorID"
/app/backend/core/scheduler/jobs/rentabilidad_scheduler_job.py,60,BAJO,Usuario,"INSERT INTO dbo.CRM_OportunidadesHistorial (OportunidadID, EtapaAnteriorID, EtapaNuevaID, MontoAnterior, MontoNuevo, UsuarioModificadorID, Comentario)"
/app/backend/core/scheduler/jobs/rentabilidad_scheduler_job.py,66,BAJO,Usuario,"execute_hub_query(query_log_alerta, (analisis[""TotalVenta""], analisis[""UtilidadBruta""], ped[""UsuarioCreadorID""], comentario_auditoria))"
/app/backend/core/scheduler/jobs/renovaciones_scheduler_job.py,17,BAJO,Usuario,"SELECT ContratoID, CuentaID, FolioContrato, FechaVencimiento, MontoRecurrente, UsuarioAsignadoID"
/app/backend/core/scheduler/jobs/renovaciones_scheduler_job.py,53,BAJO,Usuario,"INSERT INTO dbo.CRM_Actividades (CuentaID, TipoActividad, Asunto, NotasInteraccion, Estatus, UsuarioAsignadoID, FechaProgramada)"
/app/backend/core/scheduler/jobs/renovaciones_scheduler_job.py,58,BAJO,Usuario,"execute_hub_query(query_log_actividad, (contrato[""CuentaID""], asunto_log, notas_log, contrato[""UsuarioAsignadoID""]))"
/app/backend/core/communications/notifications/schemas.py,80,BAJO,"SUPERVISOR, VISOR","SUPERVISOR = ""supervisor"""
/app/backend/core/communications/providers/email_smtp_provider.py,13,BAJO,Usuario,- EMAIL_USER: Usuario de autenticación
/app/backend/core/centro_control/email_notifications.py,15,BAJO,Usuario,- EMAIL_USER: Usuario SMTP
/app/backend/core/centro_control/routes.py,35,BAJO,"Administrador, Supervisor","- Roles: Administrador, Supervisor, Director"
/app/backend/core/centro_control/routes.py,241,BAJO,Usuario,"logger.info(f""[CENTRO CONTROL] Usuario {current_user.get('email')} solicitó reporte de salud"")"
/app/backend/core/centro_control/routes.py,326,BAJO,Usuario,"logger.info(f""[CENTRO CONTROL] Usuario {current_user.get('email')} ejecutó checks de regresión"")"
/app/backend/core/auth/user_repository_sql.py,14,BAJO,"SUPERADMIN, ADMIN",Regla SUPERADMIN:
/app/backend/core/auth/user_repository_sql.py,15,BAJO,"SUPERADMIN, ADMIN","- Si el usuario tiene rol SUPERADMIN, tiene acceso global implícito"
/app/backend/core/auth/user_repository_sql.py,16,BAJO,Usuario,- No depende de Usuario_EmpresasAsignacion
/app/backend/core/auth/user_repository_sql.py,49,BAJO,"SUPERADMIN, ADMIN","""""""Obtiene todas las empresas activas (para SUPERADMIN)"""""""
/app/backend/core/auth/user_repository_sql.py,74,BAJO,"SUPERADMIN, ADMIN",Aplica regla SUPERADMIN: acceso global implícito.
/app/backend/core/auth/user_repository_sql.py,80,MEDIO,"SUPERADMIN, ADMIN",if rol_codigo == 'SUPERADMIN':
/app/backend/core/auth/user_repository_sql.py,92,BAJO,Usuario,FROM Usuario_EmpresasAsignacion ea
/app/backend/core/auth/user_repository_sql.py,94,BAJO,Usuario,WHERE ea.UsuarioID = %s AND ea.Activo = 1
/app/backend/core/auth/user_repository_sql.py,112,BAJO,Usuario,"""""""Obtiene rol del usuario desde Usuario_RolesAsignacion"""""""
/app/backend/core/auth/user_repository_sql.py,115,BAJO,Usuario,FROM Usuario_RolesAsignacion ra
/app/backend/core/auth/user_repository_sql.py,116,BAJO,Usuario,JOIN Usuario_Roles r ON ra.RolID = r.RolID
/app/backend/core/auth/user_repository_sql.py,117,BAJO,Usuario,WHERE ra.UsuarioID = %s AND ra.Activo = 1
/app/backend/core/auth/user_repository_sql.py,137,BAJO,Usuario,- No exponer UsuarioID SQL como id principal
/app/backend/core/auth/user_repository_sql.py,143,BAJO,"SuperAdministrador, Administrador, SUPERADMIN, ADMIN","'SUPERADMIN': 'SuperAdministrador',"
/app/backend/core/auth/user_repository_sql.py,144,BAJO,"Administrador, ADMIN","'ADMIN': 'Administrador',"
/app/backend/core/auth/user_repository_sql.py,145,BAJO,"Supervisor, SUPERVISOR, VISOR","'SUPERVISOR': 'Supervisor',"
/app/backend/core/auth/user_repository_sql.py,146,BAJO,"Usuario, USUARIO","'USUARIO': 'Usuario',"
/app/backend/core/auth/user_repository_sql.py,147,BAJO,"Visor, VISOR","'VISOR': 'Visor',"
/app/backend/core/auth/user_repository_sql.py,202,BAJO,Usuario,"UsuarioID,"
/app/backend/core/auth/user_repository_sql.py,209,BAJO,Usuario,FROM Usuario_Catalogo
/app/backend/core/auth/user_repository_sql.py,247,BAJO,Usuario,"UsuarioID,"
/app/backend/core/auth/user_repository_sql.py,254,BAJO,Usuario,FROM Usuario_Catalogo
/app/backend/core/auth/user_repository_sql.py,305,BAJO,Usuario,"UsuarioID,"
/app/backend/core/auth/user_repository_sql.py,312,BAJO,Usuario,FROM Usuario_Catalogo
/app/backend/core/auth/user_repository_sql.py,314,BAJO,Usuario,ORDER BY UsuarioID
/app/backend/core/auth/user_repository_sql.py,375,BAJO,Usuario,"'differences': ['Usuario no existe en ninguna fuente'],"
/app/backend/core/auth/user_repository_sql.py,385,BAJO,Usuario,"'differences': ['Usuario no migrado a SQL'],"
/app/backend/core/auth/user_repository_sql.py,395,BAJO,Usuario,"'differences': ['Usuario solo en SQL'],"
/app/backend/core/auth/user_repository_sql.py,493,BAJO,"SUPERADMIN, ADMIN",Valida que la regla SUPERADMIN funciona correctamente.
/app/backend/core/auth/user_repository_sql.py,511,BAJO,Usuario,FROM Usuario_Catalogo u
/app/backend/core/auth/user_repository_sql.py,512,BAJO,Usuario,JOIN Usuario_RolesAsignacion ra ON u.UsuarioID = ra.UsuarioID AND ra.Activo = 1
/app/backend/core/auth/user_repository_sql.py,513,BAJO,Usuario,JOIN Usuario_Roles r ON ra.RolID = r.RolID
/app/backend/core/auth/user_repository_sql.py,514,BAJO,"SUPERADMIN, ADMIN",WHERE r.CodigoRol = 'SUPERADMIN'
/app/backend/core/auth/user_repository_sql.py,554,BAJO,Usuario,"- role (opcional, default='Usuario')"
/app/backend/core/auth/user_repository_sql.py,571,BAJO,Usuario,"role = user_data.get('role', 'Usuario')"
/app/backend/core/auth/user_repository_sql.py,584,BAJO,"SuperAdministrador, Administrador, SUPERADMIN, ADMIN","'SuperAdministrador': 'SUPERADMIN',"
/app/backend/core/auth/user_repository_sql.py,585,BAJO,"Administrador, ADMIN","'Administrador': 'ADMIN',"
/app/backend/core/auth/user_repository_sql.py,586,BAJO,"Supervisor, SUPERVISOR, VISOR","'Supervisor': 'SUPERVISOR',"
/app/backend/core/auth/user_repository_sql.py,587,BAJO,"Usuario, USUARIO","'Usuario': 'USUARIO',"
/app/backend/core/auth/user_repository_sql.py,588,BAJO,"Visor, VISOR","'Visor': 'VISOR',"
/app/backend/core/auth/user_repository_sql.py,594,BAJO,USUARIO,"rol_codigo = ROL_MONGO_TO_SQL.get(role, 'USUARIO')"
/app/backend/core/auth/user_repository_sql.py,606,BAJO,Usuario,"cursor.execute(""SELECT UsuarioID FROM Usuario_Catalogo WHERE LOWER(Email) = %s"", (email,))"
/app/backend/core/auth/user_repository_sql.py,616,BAJO,Usuario,INSERT INTO Usuario_Catalogo
/app/backend/core/auth/user_repository_sql.py,617,BAJO,Usuario,"(CodigoUsuario, Username, Email, Nombre, PasswordHashTexto, Activo, PublicUUID, FechaAlta, CreatedBy)"
/app/backend/core/auth/user_repository_sql.py,626,BAJO,Usuario,"cursor.execute(""SELECT RolID FROM Usuario_Roles WHERE CodigoRol = %s"", (rol_codigo,))"
/app/backend/core/auth/user_repository_sql.py,632,BAJO,Usuario,INSERT INTO Usuario_RolesAsignacion
/app/backend/core/auth/user_repository_sql.py,633,BAJO,Usuario,"(UsuarioID, RolID, EsPrincipal, Activo, CreatedAt, CreatedBy)"
/app/backend/core/auth/user_repository_sql.py,650,BAJO,Usuario,INSERT INTO Usuario_EmpresasAsignacion
/app/backend/core/auth/user_repository_sql.py,651,BAJO,Usuario,"(UsuarioID, EmpresaID, EsPrincipal, Activo, CreatedAt, CreatedBy)"
/app/backend/core/auth/user_repository_sql.py,656,BAJO,Usuario,"logging.info(f""[RBAC-SCOPE-G] Usuario creado en SQL: {email} (UUID: {public_uuid})"")"
/app/backend/core/auth/user_repository_sql.py,712,BAJO,Usuario,SELECT UsuarioID FROM Usuario_Catalogo
/app/backend/core/auth/user_repository_sql.py,717,BAJO,Usuario,"raise ValueError(f""Usuario con ID {user_id} no encontrado en SQL"")"
/app/backend/core/auth/user_repository_sql.py,740,BAJO,Usuario,"sql = f""UPDATE Usuario_Catalogo SET {', '.join(updates)} WHERE UsuarioID = %s"""
/app/backend/core/auth/user_repository_sql.py,746,BAJO,"SuperAdministrador, Administrador, SUPERADMIN, ADMIN","'SuperAdministrador': 'SUPERADMIN',"
/app/backend/core/auth/user_repository_sql.py,747,BAJO,"Administrador, ADMIN","'Administrador': 'ADMIN',"
/app/backend/core/auth/user_repository_sql.py,748,BAJO,"Supervisor, SUPERVISOR, VISOR","'Supervisor': 'SUPERVISOR',"
/app/backend/core/auth/user_repository_sql.py,749,BAJO,"Usuario, USUARIO","'Usuario': 'USUARIO',"
/app/backend/core/auth/user_repository_sql.py,750,BAJO,"Visor, VISOR","'Visor': 'VISOR',"
/app/backend/core/auth/user_repository_sql.py,756,BAJO,USUARIO,"rol_codigo = ROL_MONGO_TO_SQL.get(update_data['role'], 'USUARIO')"
/app/backend/core/auth/user_repository_sql.py,758,BAJO,Usuario,"cursor.execute(""SELECT RolID FROM Usuario_Roles WHERE CodigoRol = %s"", (rol_codigo,))"
/app/backend/core/auth/user_repository_sql.py,764,BAJO,Usuario,UPDATE Usuario_RolesAsignacion SET Activo = 0
/app/backend/core/auth/user_repository_sql.py,765,BAJO,Usuario,WHERE UsuarioID = %s AND Activo = 1
/app/backend/core/auth/user_repository_sql.py,769,BAJO,Usuario,INSERT INTO Usuario_RolesAsignacion
/app/backend/core/auth/user_repository_sql.py,770,BAJO,Usuario,"(UsuarioID, RolID, EsPrincipal, Activo, CreatedAt, CreatedBy)"
/app/backend/core/auth/user_repository_sql.py,781,BAJO,Usuario,UPDATE Usuario_EmpresasAsignacion SET Activo = 0
/app/backend/core/auth/user_repository_sql.py,782,BAJO,Usuario,WHERE UsuarioID = %s AND Activo = 1
/app/backend/core/auth/user_repository_sql.py,796,BAJO,Usuario,INSERT INTO Usuario_EmpresasAsignacion
/app/backend/core/auth/user_repository_sql.py,797,BAJO,Usuario,"(UsuarioID, EmpresaID, EsPrincipal, Activo, CreatedAt, CreatedBy)"
/app/backend/core/auth/user_repository_sql.py,802,BAJO,Usuario,"logging.info(f""[RBAC-SCOPE-G] Usuario actualizado en SQL: {user_id}"")"
/app/backend/core/auth/user_repository_sql.py,838,BAJO,Usuario,SELECT UsuarioID FROM Usuario_Catalogo
/app/backend/core/auth/user_repository_sql.py,843,BAJO,Usuario,"raise ValueError(f""Usuario con ID {user_id} no encontrado en SQL"")"
/app/backend/core/auth/user_repository_sql.py,849,BAJO,Usuario,UPDATE Usuario_Catalogo
/app/backend/core/auth/user_repository_sql.py,851,BAJO,Usuario,WHERE UsuarioID = %s
/app/backend/core/auth/user_repository_sql.py,856,BAJO,Usuario,UPDATE Usuario_RolesAsignacion SET Activo = 0
/app/backend/core/auth/user_repository_sql.py,857,BAJO,Usuario,WHERE UsuarioID = %s
/app/backend/core/auth/user_repository_sql.py,861,BAJO,Usuario,UPDATE Usuario_EmpresasAsignacion SET Activo = 0
/app/backend/core/auth/user_repository_sql.py,862,BAJO,Usuario,WHERE UsuarioID = %s
/app/backend/core/auth/user_repository_sql.py,866,BAJO,Usuario,"UPDATE Usuario_ServidoresAsignacion SET Activo = 0, FechaModificacion = GETDATE()"
/app/backend/core/auth/user_repository_sql.py,867,BAJO,Usuario,WHERE UsuarioID = %s
/app/backend/core/auth/user_repository_sql.py,871,BAJO,Usuario,"UPDATE Usuario_SucursalesAsignacion SET Activo = 0, FechaModificacion = GETDATE()"
/app/backend/core/auth/user_repository_sql.py,872,BAJO,Usuario,WHERE UsuarioID = %s
/app/backend/core/auth/user_repository_sql.py,876,BAJO,Usuario,"UPDATE Usuario_AlmacenesAsignacion SET Activo = 0, FechaModificacion = GETDATE()"
/app/backend/core/auth/user_repository_sql.py,877,BAJO,Usuario,WHERE UsuarioID = %s
/app/backend/core/auth/user_repository_sql.py,881,BAJO,Usuario,"logging.info(f""[RBAC-SCOPE-G] Usuario desactivado en SQL: {user_id}"")"
/app/backend/core/auth/sql_user_identity.py,7,BAJO,Usuario,"1. Si ya viene UsuarioID entero, usarlo."
/app/backend/core/auth/sql_user_identity.py,15,ALTO,Usuario,"for key in (""UsuarioID"", ""usuario_id"", ""_sql_usuario_id""):"
/app/backend/core/auth/sql_user_identity.py,37,BAJO,Usuario,SELECT TOP 1 UsuarioID
/app/backend/core/auth/sql_user_identity.py,38,BAJO,Usuario,FROM Usuario_Catalogo
/app/backend/core/auth/sql_user_identity.py,47,BAJO,Usuario,SELECT TOP 1 UsuarioID
/app/backend/core/auth/sql_user_identity.py,48,BAJO,Usuario,FROM Usuario_Catalogo
/app/backend/core/auth/sql_user_identity.py,61,BAJO,Usuario,- deja UsuarioID como canónico
/app/backend/core/auth/sql_user_identity.py,66,BAJO,Usuario,"current_user[""UsuarioID""] = sql_id"
/app/backend/core/rbac/service.py,42,BAJO,"SuperAdministrador, Administrador, SUPERADMIN, ADMIN","""SuperAdministrador"": ""SUPERADMIN"",   # Nivel 100, acceso total"
/app/backend/core/rbac/service.py,43,BAJO,"Administrador, SUPERADMIN, ADMIN","""Administrador"": ""SUPERADMIN"",        # Administrador completo -> SUPERADMIN"
/app/backend/core/rbac/service.py,44,BAJO,"Supervisor, SUPERVISOR, VISOR","""Supervisor"": ""SUPERVISOR"",           # Nivel 50"
/app/backend/core/rbac/service.py,45,BAJO,Usuario,"""Usuario"": ""OPERADOR"",                # Nivel 20"
/app/backend/core/rbac/service.py,49,BAJO,Visor,"""Visor"": ""OPERADOR"",                  # Sin rol específico -> OPERADOR"
/app/backend/core/rbac/service.py,125,ALTO,"SuperAdministrador, Administrador","if user_role_legacy in (""SuperAdministrador"", ""Administrador""):"
/app/backend/core/rbac/service.py,165,BAJO,Usuario,"logger.debug(f""RBAC: Usuario {user_id} PERMITIDO para {permiso_requerido}"")"
/app/backend/core/rbac/service.py,167,BAJO,Usuario,"logger.warning(f""RBAC: Usuario {user_id} DENEGADO para {permiso_requerido}"")"
/app/backend/core/rbac/service.py,296,MEDIO,ADMIN,"""es_admin"": nivel_max >= 100 or ""RBAC_ADMIN"" in permisos_set,"
/app/backend/core/rbac/__init__.py,20,BAJO,Usuario,- Usuario_Roles
/app/backend/core/rbac/__init__.py,21,BAJO,Usuario,- Usuario_RolesAsignacion
/app/backend/core/rbac/__init__.py,22,BAJO,Usuario,- Usuario_Modulos
/app/backend/core/rbac/__init__.py,23,BAJO,Usuario,- Usuario_Acciones
/app/backend/core/rbac/__init__.py,24,BAJO,Usuario,- Usuario_PermisosRolModulo
/app/backend/core/rbac/__init__.py,25,BAJO,Usuario,- Usuario_LogRBACVerificacion
/app/backend/core/rbac/__init__.py,35,BAJO,Usuario,"PermisoUsuarioResponse,"
/app/backend/core/rbac/__init__.py,61,BAJO,Usuario,"'PermisoUsuarioResponse',"
/app/backend/core/rbac/repository_sql.py,9,BAJO,Usuario,- Usuario_Roles
/app/backend/core/rbac/repository_sql.py,10,BAJO,Usuario,- Usuario_RolesAsignacion
/app/backend/core/rbac/repository_sql.py,11,BAJO,Usuario,- Usuario_Modulos
/app/backend/core/rbac/repository_sql.py,12,BAJO,Usuario,- Usuario_Acciones
/app/backend/core/rbac/repository_sql.py,13,BAJO,Usuario,- Usuario_PermisosRolModulo
/app/backend/core/rbac/repository_sql.py,14,BAJO,Usuario,- Usuario_LogRBACVerificacion
/app/backend/core/rbac/repository_sql.py,90,BAJO,Usuario,FROM Usuario_Modulos m
/app/backend/core/rbac/repository_sql.py,91,BAJO,Usuario,CROSS JOIN Usuario_Acciones a
/app/backend/core/rbac/repository_sql.py,128,BAJO,Usuario,"En SQL, los permisos se derivan de Usuario_Modulos × Usuario_Acciones,"
/app/backend/core/rbac/repository_sql.py,132,BAJO,Usuario,"logger.info(""[RBAC-SQL] Permisos derivados de Usuario_Modulos × Usuario_Acciones"")"
/app/backend/core/rbac/repository_sql.py,156,BAJO,Usuario,FROM Usuario_Roles r
/app/backend/core/rbac/repository_sql.py,168,BAJO,Usuario,FROM Usuario_PermisosRolModulo prm
/app/backend/core/rbac/repository_sql.py,169,BAJO,Usuario,JOIN Usuario_Modulos m ON prm.ModuloID = m.ModuloID
/app/backend/core/rbac/repository_sql.py,170,BAJO,Usuario,JOIN Usuario_Acciones a ON prm.AccionID = a.AccionID
/app/backend/core/rbac/repository_sql.py,222,BAJO,Usuario,INSERT INTO Usuario_Roles
/app/backend/core/rbac/repository_sql.py,238,BAJO,Usuario,"cur.execute('SELECT ModuloID FROM Usuario_Modulos WHERE CodigoModulo = %s', (modulo_code,))"
/app/backend/core/rbac/repository_sql.py,240,BAJO,Usuario,"cur.execute('SELECT AccionID FROM Usuario_Acciones WHERE CodigoAccion = %s', (accion_code,))"
/app/backend/core/rbac/repository_sql.py,245,BAJO,Usuario,INSERT INTO Usuario_PermisosRolModulo
/app/backend/core/rbac/repository_sql.py,274,BAJO,Usuario,"cur.execute('SELECT RolID FROM Usuario_Roles WHERE RolID = %s OR CodigoRol = %s', (rol_id, rol_id))"
/app/backend/core/rbac/repository_sql.py,298,BAJO,Usuario,"cur.execute(f""UPDATE Usuario_Roles SET {', '.join(updates)} WHERE RolID = %s"", tuple(params))"
/app/backend/core/rbac/repository_sql.py,303,BAJO,Usuario,"cur.execute(""UPDATE Usuario_PermisosRolModulo SET Activo = 0 WHERE RolID = %s"", (sql_rol_id,))"
/app/backend/core/rbac/repository_sql.py,312,BAJO,Usuario,"cur.execute('SELECT ModuloID FROM Usuario_Modulos WHERE CodigoModulo = %s', (modulo_code,))"
/app/backend/core/rbac/repository_sql.py,314,BAJO,Usuario,"cur.execute('SELECT AccionID FROM Usuario_Acciones WHERE CodigoAccion = %s', (accion_code,))"
/app/backend/core/rbac/repository_sql.py,320,BAJO,Usuario,UPDATE Usuario_PermisosRolModulo SET Activo = 1
/app/backend/core/rbac/repository_sql.py,326,BAJO,Usuario,INSERT INTO Usuario_PermisosRolModulo
/app/backend/core/rbac/repository_sql.py,348,BAJO,Usuario,"UPDATE Usuario_Roles SET Activo = 0, FechaModificacion = GETDATE()"
/app/backend/core/rbac/repository_sql.py,383,BAJO,Usuario,user_id puede ser PublicUUID o UsuarioID.
/app/backend/core/rbac/repository_sql.py,391,BAJO,Usuario,SELECT UsuarioID FROM Usuario_Catalogo
/app/backend/core/rbac/repository_sql.py,392,BAJO,Usuario,WHERE CAST(PublicUUID AS VARCHAR(36)) = %s OR UsuarioID = %s
/app/backend/core/rbac/repository_sql.py,405,BAJO,Usuario,"ra.UsuarioRolAsignacionID,"
/app/backend/core/rbac/repository_sql.py,413,BAJO,Usuario,FROM Usuario_RolesAsignacion ra
/app/backend/core/rbac/repository_sql.py,414,BAJO,Usuario,JOIN Usuario_Roles r ON ra.RolID = r.RolID AND r.Activo = 1
/app/backend/core/rbac/repository_sql.py,415,BAJO,Usuario,WHERE ra.UsuarioID = %s {where_activo}
/app/backend/core/rbac/repository_sql.py,425,BAJO,Usuario,FROM Usuario_PermisosRolModulo prm
/app/backend/core/rbac/repository_sql.py,426,BAJO,Usuario,JOIN Usuario_Modulos m ON prm.ModuloID = m.ModuloID
/app/backend/core/rbac/repository_sql.py,427,BAJO,Usuario,JOIN Usuario_Acciones a ON prm.AccionID = a.AccionID
/app/backend/core/rbac/repository_sql.py,462,BAJO,Usuario,SELECT UsuarioID FROM Usuario_Catalogo
/app/backend/core/rbac/repository_sql.py,467,BAJO,Usuario,"raise ValueError(f""Usuario {user_id} no encontrado"")"
/app/backend/core/rbac/repository_sql.py,471,BAJO,Usuario,"cur.execute('SELECT RolID, CodigoRol FROM Usuario_Roles WHERE RolID = %s OR CodigoRol = %s', (rol_id, rol_id))"
/app/backend/core/rbac/repository_sql.py,479,BAJO,Usuario,"SELECT UsuarioRolAsignacionID, Activo FROM Usuario_RolesAsignacion"
/app/backend/core/rbac/repository_sql.py,480,BAJO,Usuario,WHERE UsuarioID = %s AND RolID = %s
/app/backend/core/rbac/repository_sql.py,488,BAJO,Usuario,UPDATE Usuario_RolesAsignacion
/app/backend/core/rbac/repository_sql.py,490,BAJO,Usuario,WHERE UsuarioRolAsignacionID = %s
/app/backend/core/rbac/repository_sql.py,503,BAJO,Usuario,INSERT INTO Usuario_RolesAsignacion
/app/backend/core/rbac/repository_sql.py,504,BAJO,Usuario,"(UsuarioID, RolID, EsPrincipal, FechaInicio, Activo, CreatedAt, CreatedBy)"
/app/backend/core/rbac/repository_sql.py,533,BAJO,Usuario,SELECT UsuarioID FROM Usuario_Catalogo
/app/backend/core/rbac/repository_sql.py,542,BAJO,Usuario,"cur.execute('SELECT RolID FROM Usuario_Roles WHERE RolID = %s OR CodigoRol = %s', (rol_id, rol_id))"
/app/backend/core/rbac/repository_sql.py,549,BAJO,Usuario,UPDATE Usuario_RolesAsignacion SET Activo = 0
/app/backend/core/rbac/repository_sql.py,550,BAJO,Usuario,WHERE UsuarioID = %s AND RolID = %s
/app/backend/core/rbac/repository_sql.py,602,BAJO,Usuario,SELECT UsuarioID FROM Usuario_Catalogo
/app/backend/core/rbac/repository_sql.py,612,BAJO,Usuario,INSERT INTO Usuario_LogRBACVerificacion
/app/backend/core/rbac/repository_sql.py,613,BAJO,Usuario,"(UsuarioID, PublicUUID, Email, PermisoRequerido, Resultado,"
/app/backend/core/rbac/repository_sql.py,666,BAJO,Usuario,"LogID, UsuarioID, PublicUUID, Email, PermisoRequerido,"
/app/backend/core/rbac/repository_sql.py,669,BAJO,Usuario,FROM Usuario_LogRBACVerificacion
/app/backend/core/rbac/repository.py,12,BAJO,Usuario,- Usuario_Roles
/app/backend/core/rbac/repository.py,13,BAJO,Usuario,- Usuario_RolesAsignacion
/app/backend/core/rbac/repository.py,14,BAJO,Usuario,- Usuario_Modulos
/app/backend/core/rbac/repository.py,15,BAJO,Usuario,- Usuario_Acciones
/app/backend/core/rbac/repository.py,16,BAJO,Usuario,- Usuario_PermisosRolModulo
/app/backend/core/rbac/repository.py,17,BAJO,Usuario,- Usuario_LogRBACVerificacion
/app/backend/core/rbac/repository.py,76,BAJO,Usuario,"Nota: En SQL, los permisos se derivan de Usuario_Modulos × Usuario_Acciones."
/app/backend/core/rbac/repository.py,80,BAJO,Usuario,"""Agregar módulo/acción en Usuario_Modulos/Usuario_Acciones."")"
/app/backend/core/rbac/routes.py,236,BAJO,USUARIO,"current_user: dict = Depends(require_permission(""USUARIOS_VER"")),"
/app/backend/core/rbac/routes.py,270,BAJO,ADMIN,"current_user: dict = Depends(require_permission(""RBAC_ADMIN"")),"
/app/backend/core/rbac/middleware.py,114,ALTO,Administrador,"if user.get(""role"") == ""Administrador"":"
/app/backend/core/rbac/middleware.py,174,ALTO,Administrador,"if user.get(""role"") == ""Administrador"":"
/app/backend/core/rbac/middleware.py,222,ALTO,Administrador,"if user.get(""role"") == ""Administrador"":"
/app/backend/core/rbac/middleware.py,315,ALTO,Administrador,"""es_admin"": user.get(""role"") == ""Administrador"","
/app/backend/core/rbac/schemas.py,48,BAJO,ADMIN,"ADMIN = ""admin"""
/app/backend/core/rbac/schemas.py,170,BAJO,Usuario,class PermisoUsuarioResponse(BaseModel):
/app/backend/core/rbac/schemas.py,254,BAJO,ADMIN,"{""codigo"": ""SCHEDULER_ADMIN"", ""modulo"": ""scheduler"", ""accion"": ""admin"", ""descripcion"": ""Administración completa del scheduler""},"
/app/backend/core/rbac/schemas.py,270,BAJO,USUARIO,"{""codigo"": ""USUARIOS_VER"", ""modulo"": ""auth"", ""accion"": ""ver"", ""descripcion"": ""Ver usuarios""},"
/app/backend/core/rbac/schemas.py,271,BAJO,USUARIO,"{""codigo"": ""USUARIOS_GESTIONAR"", ""modulo"": ""auth"", ""accion"": ""gestionar"", ""descripcion"": ""Gestionar usuarios""},"
/app/backend/core/rbac/schemas.py,274,BAJO,ADMIN,"{""codigo"": ""RBAC_ADMIN"", ""modulo"": ""auth"", ""accion"": ""admin"", ""descripcion"": ""Administración completa RBAC""},"
/app/backend/core/rbac/schemas.py,284,BAJO,ADMIN,"""nombre"": ""ADMIN"","
/app/backend/core/rbac/schemas.py,285,BAJO,Administrador,"""descripcion"": ""Administrador del sistema con acceso total"","
/app/backend/core/rbac/schemas.py,302,BAJO,ADMIN,"""SCHEDULER_VER"", ""SCHEDULER_ADMIN"","
/app/backend/core/rbac/schemas.py,305,BAJO,USUARIO,"""USUARIOS_VER"", ""ROLES_VER"","
/app/backend/core/rbac/schemas.py,326,BAJO,"SUPERVISOR, VISOR","""nombre"": ""SUPERVISOR"","
/app/backend/core/rbac/schemas.py,327,BAJO,Supervisor,"""descripcion"": ""Supervisor - crea propuestas y gestiona tareas"","
/app/backend/core/rbac/schemas.py,371,BAJO,USUARIO,"""USUARIOS_VER"", ""ROLES_VER"","
/app/backend/core/rbac/schemas.py,390,BAJO,Usuario,"'PermisoUsuarioResponse',"
/app/backend/core/rbac_sql/service.py,6,BAJO,Usuario,- Sys_Usuarios = usuarios/login
/app/backend/core/rbac_sql/service.py,7,BAJO,Usuario,- Usuario_Roles = catálogo canónico de roles
/app/backend/core/rbac_sql/service.py,8,BAJO,Usuario,- Usuario_RolesAsignacion = asignación usuario-rol
/app/backend/core/rbac_sql/service.py,9,BAJO,Usuario,- Usuario_EmpresasAsignacion = alcance empresa
/app/backend/core/rbac_sql/service.py,10,BAJO,Usuario,- Usuario_SucursalesAsignacion = alcance sucursal
/app/backend/core/rbac_sql/service.py,11,BAJO,Usuario,- Usuario_ServidoresAsignacion = alcance servidor
/app/backend/core/rbac_sql/service.py,23,BAJO,Usuario,FROM dbo.Usuario_RolesAsignacion ura
/app/backend/core/rbac_sql/service.py,24,BAJO,Usuario,INNER JOIN dbo.Usuario_Roles r
/app/backend/core/rbac_sql/service.py,26,BAJO,Usuario,WHERE ura.UsuarioID = %s
/app/backend/core/rbac_sql/service.py,35,BAJO,Usuario,FROM dbo.Usuario_EmpresasAsignacion
/app/backend/core/rbac_sql/service.py,36,BAJO,Usuario,WHERE UsuarioID = %s
/app/backend/core/rbac_sql/service.py,44,BAJO,Usuario,"UsuarioID,"
/app/backend/core/rbac_sql/service.py,48,BAJO,Usuario,FROM dbo.Usuario_SucursalesAsignacion
/app/backend/core/rbac_sql/service.py,49,BAJO,Usuario,WHERE UsuarioID = %s
/app/backend/core/rbac_sql/service.py,57,BAJO,Usuario,FROM dbo.Usuario_ServidoresAsignacion
/app/backend/core/rbac_sql/service.py,58,BAJO,Usuario,WHERE UsuarioID = %s
/app/backend/core/rbac_sql/service.py,66,BAJO,Usuario,No crear Usuario_UnidadesAsignacion si el modelo actual usa sucursales/servidores.
/app/backend/core/rbac_sql/service.py,75,BAJO,Usuario,FROM dbo.Usuario_SucursalesAsignacion usa
/app/backend/core/rbac_sql/service.py,79,BAJO,Usuario,WHERE usa.UsuarioID = %s
/app/backend/core/rbac_sql/service.py,96,BAJO,USUARIO,"""source"": ""SQL_CANONICO_SYS_USUARIOS_USUARIO_ROLES"""
/app/backend/core/rbac_sql/service.py,103,BAJO,Usuario,FROM dbo.Usuario_EmpresasAsignacion
/app/backend/core/rbac_sql/service.py,104,BAJO,Usuario,WHERE UsuarioID = %s
/app/backend/core/rbac_sql/service.py,113,BAJO,Usuario,FROM dbo.Usuario_SucursalesAsignacion
/app/backend/core/rbac_sql/service.py,114,BAJO,Usuario,WHERE UsuarioID = %s
/app/backend/core/rbac_sql/service.py,124,BAJO,Usuario,FROM dbo.Usuario_ServidoresAsignacion
/app/backend/core/rbac_sql/service.py,125,BAJO,Usuario,WHERE UsuarioID = %s
/app/backend/core/rbac_sql/service.py,136,BAJO,Usuario,"usa.UsuarioID,"
/app/backend/core/rbac_sql/service.py,142,BAJO,Usuario,FROM dbo.Usuario_SucursalesAsignacion usa
/app/backend/core/rbac_sql/service.py,148,BAJO,Usuario,WHERE x.UsuarioID = %s
/app/backend/tools/test_sql_connection_from_servidores.py,109,BAJO,USUARIO,"result[""error""] = ""SIN_USUARIO"""
/app/backend/tools/test_sql_connection_from_servidores.py,236,BAJO,USUARIO,"print(f""   USUARIO: {'CONFIGURADO' if config.get('username') else 'SIN_USUARIO'}"")"
/app/backend/tools/sync_sales_dry_run.py,897,BAJO,USUARIO,"""usuario_status"": ""USUARIO_CONFIGURADO"" if server_config.get(""username"") else ""SIN_USUARIO"","
/app/backend/tools/sync_sales_dry_run.py,971,BAJO,Usuario,"f""Usuario: {report['servidor']['usuario_status']}"","
/app/backend/tools/sync_sales_dry_run.py,1146,BAJO,Usuario,"logger.info(f""   Usuario: CONFIGURADO"")"
/app/backend/tools/check_mpro_server_config.py,77,BAJO,USUARIO,"print(f""sql_user_status={'CONFIGURADO' if row['username'] else 'SIN_USUARIO_SQL'}"")"
/app/backend/routes/portal_proveedores.py,13,BAJO,"SuperAdministrador, Administrador",- Requiere rol SuperAdministrador o Administrador para acceso admin
/app/backend/routes/portal_proveedores.py,47,BAJO,"SuperAdministrador, Administrador, SUPERADMIN, ADMIN","ADMIN_ROLES = ['SuperAdministrador', 'Administrador', 'SUPERADMIN', 'ADMIN', 'ADMINISTRADOR']"
/app/backend/routes/portal_proveedores.py,59,BAJO,"SuperAdministrador, Administrador",2. Rol SuperAdministrador o Administrador
/app/backend/routes/portal_proveedores.py,62,BAJO,Usuario,- Usuarios no autenticados (401)
/app/backend/routes/portal_proveedores.py,64,BAJO,Usuario,- Usuarios internos sin rol admin (403)
/app/backend/routes/portal_proveedores.py,71,BAJO,Usuario,HTTPException 403: Usuario sin permiso administrativo
/app/backend/routes/portal_proveedores.py,89,BAJO,ADMIN,"f""[PORTAL-ADMIN] Token de proveedor rechazado. """
/app/backend/routes/portal_proveedores.py,121,MEDIO,ADMIN,if user_role not in ADMIN_ROLES:
/app/backend/routes/portal_proveedores.py,123,BAJO,"Usuario, ADMIN","f""[PORTAL-ADMIN] Acceso denegado: Usuario {user_email} """
/app/backend/routes/portal_proveedores.py,132,BAJO,ADMIN,"""roles_permitidos"": ADMIN_ROLES"
/app/backend/routes/portal_proveedores.py,136,BAJO,ADMIN,"logging.info(f""[PORTAL-ADMIN] Acceso permitido: {user_email} ({user_role})"")"
/app/backend/routes/portal_proveedores.py,1190,BAJO,ADMIN,"f""[PORTAL-ADMIN] Proveedor eliminado: {supplier.get('rfc')} """
/app/frontend/src/App.js,18,BAJO,Usuario,import Usuarios from '@/pages/Usuarios';
/app/frontend/src/App.js,152,BAJO,Usuario,"<Route path=""usuarios"" element={<Usuarios />} />"
/app/frontend/src/portal-inteligencia/App.jsx,60,BAJO,Usuario,"nombre: 'Usuario Externo',"
/app/frontend/src/portal-inteligencia/App.jsx,69,BAJO,Usuario,"nombre: 'Usuario Demo',"
/app/frontend/src/portal-inteligencia/App.jsx,191,BAJO,Usuario,"<p className=""text-xs font-medium text-white truncate"">{user?.nombre || 'Usuario'}</p>"
/app/frontend/src/portal-inteligencia/App.jsx,219,BAJO,Usuario,<span>{user?.email || 'Usuario'}</span>
/app/frontend/src/contexts/AuthContext.jsx,77,ALTO,"SuperAdministrador, Administrador",if (isPreviewMode() && (serverUser.role === 'SuperAdministrador' || serverUser.role === 'Administrador')) {
/app/frontend/src/contexts/AuthContext.jsx,145,ALTO,"SuperAdministrador, Administrador",if (isPreviewMode() && (userData.role === 'SuperAdministrador' || userData.role === 'Administrador')) {
/app/frontend/src/contexts/AuthContext.jsx,200,BAJO,"Administrador, Supervisor, Usuario","const roles = ['Usuario', 'Supervisor', 'Administrador'];"
/app/frontend/src/contexts/AuthContext.jsx,211,ALTO,"SuperAdministrador, Administrador",return user?.role === 'Administrador' || user?.role === 'admin' || user?.role === 'SuperAdministrador';
/app/frontend/src/pages/Compras.js,1463,BAJO,Visor,"<p className=""text-zinc-500"">Visor PDF se mostrará aquí</p>"
/app/frontend/src/pages/Compras.js,1596,ALTO,Administrador,const puedeEditarDiasObjetivo = currentUser?.role === 'admin' || currentUser?.role === 'Administrador' || currentUser?.role === 'gerente' || currentUser?.permisos?.includes('editar_dias_inventario');
/app/frontend/src/pages/Compras.js,3426,BAJO,Usuario,"logger.log(`[Compras] Usuario autenticado: ${user.email}, procediendo a cargar unidades`);"
/app/frontend/src/pages/Nominas.js,33,BAJO,"Administrador, Supervisor","'Gerencia': ['Administrador', 'Supervisor'],"
/app/frontend/src/pages/Nominas.js,34,BAJO,"Administrador, Supervisor","'RH': ['Administrador', 'Supervisor'],"
/app/frontend/src/pages/Nominas.js,35,BAJO,"Administrador, Supervisor","'Maquilador': ['Administrador', 'Supervisor', 'Maquilador'],"
/app/frontend/src/pages/Nominas.js,36,BAJO,Administrador,"'Tesorería': ['Administrador', 'Tesoreria'],"
/app/frontend/src/pages/Nominas.js,37,BAJO,Administrador,'Sistema': ['Administrador']
/app/frontend/src/pages/Nominas.js,101,ALTO,Administrador,const isAdmin = currentUser?.role === 'Administrador';
/app/frontend/src/pages/Nominas.js,102,ALTO,Supervisor,const isSupervisor = currentUser?.role === 'Supervisor';
/app/frontend/src/pages/Nominas.js,354,BAJO,Supervisor,{(isAdmin || isSupervisor) && (
/app/frontend/src/pages/AuditoriasProgramadas.jsx,211,BAJO,"Administrador, Supervisor","ver: ['Administrador', 'Supervisor', 'Gerente', 'Director', 'Auditor'].includes(user?.role),"
/app/frontend/src/pages/AuditoriasProgramadas.jsx,212,BAJO,Administrador,"programar: ['Administrador', 'Gerente', 'Director'].includes(user?.role),"
/app/frontend/src/pages/AuditoriasProgramadas.jsx,213,BAJO,Administrador,"gestionar: ['Administrador', 'Director'].includes(user?.role),"
/app/frontend/src/pages/AuditoriasProgramadas.jsx,717,BAJO,Usuario,<TableHead>Usuario</TableHead>
/app/frontend/src/pages/Finanzas.js,93,ALTO,Administrador,const isAdmin = user?.role === 'Administrador';
/app/frontend/src/pages/Finanzas.js,408,BAJO,Usuario,"logger.log(`[CxP] Usuario sin permiso global, forzando: ${sucursalAEnviar}`);"
/app/frontend/src/pages/ConfigAsignaciones.jsx,101,BAJO,Usuario,"const [usuarios, setUsuarios] = useState([]);"
/app/frontend/src/pages/ConfigAsignaciones.jsx,105,BAJO,Usuario,"const [busquedaUsuario, setBusquedaUsuario] = useState('');"
/app/frontend/src/pages/ConfigAsignaciones.jsx,147,ALTO,"SuperAdministrador, Administrador",const isSuperAdmin = userRole === 'SuperAdministrador';
/app/frontend/src/pages/ConfigAsignaciones.jsx,231,BAJO,Usuario,const fetchUsuarios = async () => {
/app/frontend/src/pages/ConfigAsignaciones.jsx,237,BAJO,Usuario,setUsuarios(activos);
/app/frontend/src/pages/ConfigAsignaciones.jsx,319,BAJO,Usuario,fetchUsuarios();
/app/frontend/src/pages/ConfigAsignaciones.jsx,346,BAJO,Usuario,setBusquedaUsuario('');
/app/frontend/src/pages/ConfigAsignaciones.jsx,372,BAJO,Usuario,setBusquedaUsuario('');
/app/frontend/src/pages/ConfigAsignaciones.jsx,552,BAJO,Usuario,const handleToggleUsuario = (usuarioId) => {
/app/frontend/src/pages/ConfigAsignaciones.jsx,568,BAJO,Usuario,const handleSelectAllUsuarios = () => {
/app/frontend/src/pages/ConfigAsignaciones.jsx,583,BAJO,Usuario,if (!busquedaUsuario) return true;
/app/frontend/src/pages/ConfigAsignaciones.jsx,584,BAJO,Usuario,const term = busquedaUsuario.toLowerCase();
/app/frontend/src/pages/ConfigAsignaciones.jsx,726,BAJO,Usuario,const matchUsuario = a.usuario_responsable_nombre?.toLowerCase().includes(term);
/app/frontend/src/pages/ConfigAsignaciones.jsx,727,BAJO,Usuario,if (!matchUnidad && !matchAlmacen && !matchUsuario) return false;
/app/frontend/src/pages/ConfigAsignaciones.jsx,1023,BAJO,"SuperAdministrador, Administrador",{/* Botón de sincronización - Solo SuperAdministrador */}
/app/frontend/src/pages/ConfigAsignaciones.jsx,1138,BAJO,Usuario,{/* Usuario(s) Responsable(s) - Multiselect con búsqueda */}
/app/frontend/src/pages/ConfigAsignaciones.jsx,1140,BAJO,Usuario,<Label>Usuario(s) Responsable(s) *</Label>
/app/frontend/src/pages/ConfigAsignaciones.jsx,1150,BAJO,Usuario,value={busquedaUsuario}
/app/frontend/src/pages/ConfigAsignaciones.jsx,1151,BAJO,Usuario,onChange={(e) => setBusquedaUsuario(e.target.value)}
/app/frontend/src/pages/ConfigAsignaciones.jsx,1162,BAJO,Usuario,onClick={handleSelectAllUsuarios}
/app/frontend/src/pages/ConfigAsignaciones.jsx,1186,BAJO,Usuario,handleToggleUsuario(u.id);
/app/frontend/src/pages/ExploradorBD.js,539,BAJO,Administrador,{/* Modal de Credenciales de Administrador */}
/app/frontend/src/pages/ExploradorBD.js,545,BAJO,Administrador,Credenciales de Administrador BD
/app/frontend/src/pages/ExploradorBD.js,557,BAJO,Usuario,Usuario SQL Server
/app/frontend/src/pages/ExploradorBD.js,893,ALTO,Administrador,setIsAdmin(user.rol === 'Administrador' || user.email === 'admin@inventario.com' || user.role === 'Administrador');
/app/frontend/src/pages/ExploradorBD.js,1049,BAJO,Usuario,"'Usuario': ['usuario', 'user', 'empleado', 'personal', 'rrhh', 'nomina', 'colaborador', 'login', 'sesion', 'rol', 'permiso'],"
/app/frontend/src/pages/Servidores.js,1524,BAJO,Usuario,"<span className=""text-zinc-600"">Usuario:</span>"
/app/frontend/src/pages/Servidores.js,2349,BAJO,Usuario,<p>✓ Usuario: {vtigerTestStatus[conn.id].user.username}</p>
/app/frontend/src/pages/Servidores.js,2411,BAJO,Usuario,"<th className=""px-3 py-2 text-left font-medium text-zinc-600"">Usuario</th>"
/app/frontend/src/pages/Servidores.js,2914,BAJO,Usuario,"<Label htmlFor=""vtiger-user"">Usuario</Label>"
/app/frontend/src/pages/Servidores.js,2996,BAJO,Usuario,Usuario: {vtigerTestResult.user.username} | Vtiger v{vtigerTestResult.user.vtigerVersion}
/app/frontend/src/pages/Servidores.js,3191,BAJO,Usuario,"<Label htmlFor=""username"">Usuario</Label>"
/app/frontend/src/pages/RecursosHumanos.js,71,ALTO,Administrador,const isAdmin = currentUser?.role === 'Administrador' || currentUser?.role === 'admin';
/app/frontend/src/pages/RecursosHumanos.js,72,ALTO,Supervisor,const isSupervisor = currentUser?.role === 'Supervisor';
/app/frontend/src/pages/RecursosHumanos.js,1230,BAJO,Supervisor,isSupervisor={isSupervisor}
/app/frontend/src/pages/Scheduler.jsx,219,BAJO,"Administrador, Supervisor","canView: ['Administrador', 'Supervisor', 'Gerente', 'Director', 'Auditor'].includes(user?.role),"
/app/frontend/src/pages/Scheduler.jsx,220,BAJO,"Administrador, Supervisor","canManage: ['Administrador', 'Supervisor', 'Gerente', 'Director'].includes(user?.role),"
/app/frontend/src/pages/Scheduler.jsx,221,BAJO,Administrador,"canAdmin: ['Administrador', 'Director'].includes(user?.role),"
/app/frontend/src/pages/DBACredentialManager.jsx,87,BAJO,"SuperAdministrador, Administrador","setMessage({ type: 'error', text: 'Acceso denegado. Solo SuperAdministrador.' });"
/app/frontend/src/pages/DBACredentialManager.jsx,260,BAJO,"SuperAdministrador, Administrador",Solo SuperAdministrador puede acceder a esta funcionalidad.
/app/frontend/src/pages/DBACredentialManager.jsx,263,BAJO,Usuario,Usuario actual: {userEmail} ({userRole})
/app/frontend/src/pages/DBACredentialManager.jsx,327,BAJO,Usuario,"<p className=""text-xs text-gray-500 uppercase"">Usuario DBA</p>"
/app/frontend/src/pages/DBACredentialManager.jsx,484,BAJO,Usuario,"<p className=""text-gray-500"">Usuario Sistema</p>"
/app/frontend/src/pages/Login.js,199,BAJO,Usuario,"<span className=""text-slate-400"">Usuario:</span>{' '}"
/app/frontend/src/pages/MisTareas.js,58,BAJO,Usuario,"const [usuarios, setUsuarios] = useState([]);"
/app/frontend/src/pages/MisTareas.js,90,BAJO,Usuario,"const [usuarioSeleccionado, setUsuarioSeleccionado] = useState(null);"
/app/frontend/src/pages/MisTareas.js,119,ALTO,Administrador,const isAdmin = currentUser?.role === 'Administrador';
/app/frontend/src/pages/MisTareas.js,120,ALTO,Supervisor,const isSupervisor = currentUser?.role === 'Supervisor';
/app/frontend/src/pages/MisTareas.js,121,BAJO,Supervisor,const canApprove = isAdmin || isSupervisor;
/app/frontend/src/pages/MisTareas.js,193,BAJO,Usuario,const loadUsuarios = async () => {
/app/frontend/src/pages/MisTareas.js,196,BAJO,Usuario,setUsuarios(ensureArray(data?.usuarios));
/app/frontend/src/pages/MisTareas.js,226,BAJO,Usuario,"await Promise.all([loadUsuarios(), loadProveedores(), loadServersProveedor()]);"
/app/frontend/src/pages/MisTareas.js,331,BAJO,Usuario,setUsuarioSeleccionado(usuario);
/app/frontend/src/pages/MisTareas.js,350,BAJO,Usuario,loadUsuarios();
/app/frontend/src/pages/MisTareas.js,911,BAJO,Supervisor,{/* Solicitudes Pendientes de Aprobar (Solo para Supervisor/Admin) */}
/app/frontend/src/pages/MisTareas.js,1194,BAJO,Supervisor,{/* Proveedores Pendientes de Aprobación (Solo Supervisor/Admin) */}
/app/frontend/src/pages/Layout.js,172,ALTO,Supervisor,"tablero_ejecutivo: isAdmin || role === 'Supervisor',"
/app/frontend/src/pages/Layout.js,177,ALTO,Supervisor,"finanzas: isAdmin || role === 'Supervisor',"
/app/frontend/src/pages/Layout.js,178,ALTO,Supervisor,"produccion: isAdmin || role === 'Supervisor',"
/app/frontend/src/pages/Layout.js,179,ALTO,Supervisor,"recursos_humanos: isAdmin || role === 'Supervisor',"
/app/frontend/src/pages/Layout.js,180,ALTO,Supervisor,"reportes_bi: isAdmin || role === 'Supervisor',"
/app/frontend/src/pages/Layout.js,181,ALTO,Supervisor,"catalogos: isAdmin || role === 'Supervisor',"
/app/frontend/src/pages/Layout.js,182,ALTO,Supervisor,"centro_control: isAdmin || role === 'Supervisor' || role === 'Director',"
/app/frontend/src/pages/Layout.js,184,ALTO,Supervisor,"programacion: isAdmin || role === 'Supervisor',"
/app/frontend/src/pages/Layout.js,185,ALTO,Supervisor,"automatizaciones: isAdmin || role === 'Supervisor',"
/app/frontend/src/pages/Layout.js,187,ALTO,Supervisor,"catalogo_sql: isAdmin || role === 'Supervisor',"
/app/frontend/src/pages/Layout.js,189,ALTO,Supervisor,"alertas: isAdmin || role === 'Supervisor',"
/app/frontend/src/pages/Layout.js,192,ALTO,Supervisor,"pos_generico: isAdmin || role === 'Supervisor',"
/app/frontend/src/pages/Layout.js,193,ALTO,Supervisor,"comandero: isAdmin || role === 'Supervisor',"
/app/frontend/src/pages/Layout.js,194,ALTO,Supervisor,"edarsa_go: isAdmin || role === 'Supervisor',"
/app/frontend/src/pages/Layout.js,195,ALTO,Supervisor,"chef_ia: isAdmin || role === 'Supervisor',"
/app/frontend/src/pages/Layout.js,272,BAJO,"Administrador, Supervisor, Usuario","roles: ['Usuario', 'Supervisor', 'Administrador'],"
/app/frontend/src/pages/Layout.js,278,BAJO,"Administrador, Supervisor","roles: ['Supervisor', 'Administrador'],"
/app/frontend/src/pages/Layout.js,284,BAJO,"Administrador, Supervisor, Usuario","roles: ['Usuario', 'Supervisor', 'Administrador'],"
/app/frontend/src/pages/Layout.js,290,BAJO,"Administrador, Supervisor, Usuario","roles: ['Usuario', 'Supervisor', 'Administrador']"
/app/frontend/src/pages/Layout.js,296,BAJO,"Administrador, Supervisor, Usuario","roles: ['Usuario', 'Supervisor', 'Administrador']"
/app/frontend/src/pages/Layout.js,302,BAJO,"Administrador, Supervisor, Usuario","roles: ['Usuario', 'Supervisor', 'Administrador']"
/app/frontend/src/pages/Layout.js,308,BAJO,"Administrador, Supervisor, Usuario","roles: ['Usuario', 'Supervisor', 'Administrador']"
/app/frontend/src/pages/Layout.js,316,BAJO,"Administrador, Supervisor, Usuario","roles: ['Usuario', 'Supervisor', 'Administrador'],"
/app/frontend/src/pages/Layout.js,322,BAJO,"Administrador, Supervisor, Usuario","roles: ['Usuario', 'Supervisor', 'Administrador']"
/app/frontend/src/pages/Layout.js,328,BAJO,"Administrador, Supervisor, Usuario","roles: ['Usuario', 'Supervisor', 'Administrador']"
/app/frontend/src/pages/Layout.js,334,BAJO,"Administrador, Supervisor, Usuario","roles: ['Usuario', 'Supervisor', 'Administrador']"
/app/frontend/src/pages/Layout.js,340,BAJO,"Administrador, Supervisor, Usuario","roles: ['Usuario', 'Supervisor', 'Administrador']"
/app/frontend/src/pages/Layout.js,346,BAJO,"Administrador, Supervisor, Usuario","roles: ['Usuario', 'Supervisor', 'Administrador']"
/app/frontend/src/pages/Layout.js,352,BAJO,"Administrador, Supervisor, Usuario","roles: ['Usuario', 'Supervisor', 'Administrador']"
/app/frontend/src/pages/Layout.js,358,BAJO,"Administrador, Supervisor, Usuario","roles: ['Usuario', 'Supervisor', 'Administrador']"
/app/frontend/src/pages/Layout.js,364,BAJO,"Administrador, Supervisor, Usuario","roles: ['Usuario', 'Supervisor', 'Administrador']"
/app/frontend/src/pages/Layout.js,370,BAJO,"Administrador, Supervisor, Usuario","roles: ['Usuario', 'Supervisor', 'Administrador']"
/app/frontend/src/pages/Layout.js,376,BAJO,"Administrador, Supervisor, Usuario","roles: ['Usuario', 'Supervisor', 'Administrador']"
/app/frontend/src/pages/Layout.js,382,BAJO,"Administrador, Supervisor, Usuario","roles: ['Usuario', 'Supervisor', 'Administrador']"
/app/frontend/src/pages/Layout.js,388,BAJO,"Administrador, Supervisor, Usuario","roles: ['Usuario', 'Supervisor', 'Administrador']"
/app/frontend/src/pages/Layout.js,394,BAJO,"Administrador, Supervisor, Usuario","roles: ['Usuario', 'Supervisor', 'Administrador']"
/app/frontend/src/pages/Layout.js,400,BAJO,"Administrador, Supervisor","roles: ['Supervisor', 'Administrador']"
/app/frontend/src/pages/Layout.js,408,BAJO,"Administrador, Supervisor, Usuario","roles: ['Usuario', 'Supervisor', 'Administrador'],"
/app/frontend/src/pages/Layout.js,414,BAJO,"Administrador, Supervisor, Usuario","roles: ['Usuario', 'Supervisor', 'Administrador'],"
/app/frontend/src/pages/Layout.js,420,BAJO,"Administrador, Supervisor","roles: ['Supervisor', 'Administrador'],"
/app/frontend/src/pages/Layout.js,427,BAJO,"Administrador, Supervisor, Usuario","roles: ['Usuario', 'Supervisor', 'Administrador'],"
/app/frontend/src/pages/Layout.js,433,BAJO,"Administrador, Supervisor, Usuario","roles: ['Usuario', 'Supervisor', 'Administrador']"
/app/frontend/src/pages/Layout.js,439,BAJO,"Administrador, Supervisor, Usuario","roles: ['Usuario', 'Supervisor', 'Administrador']"
/app/frontend/src/pages/Layout.js,445,BAJO,"Administrador, Supervisor","roles: ['Operador', 'Supervisor', 'Administrador']"
/app/frontend/src/pages/Layout.js,451,BAJO,"Administrador, Supervisor, Usuario","roles: ['Usuario', 'Supervisor', 'Administrador']"
/app/frontend/src/pages/Layout.js,459,BAJO,"Administrador, Supervisor, Usuario","roles: ['Usuario', 'Supervisor', 'Administrador'],"
/app/frontend/src/pages/Layout.js,465,BAJO,"Administrador, Supervisor, Usuario","roles: ['Usuario', 'Supervisor', 'Administrador']"
/app/frontend/src/pages/Layout.js,471,BAJO,"Administrador, Supervisor, Usuario","roles: ['Usuario', 'Supervisor', 'Administrador']"
/app/frontend/src/pages/Layout.js,479,BAJO,"Administrador, Supervisor","roles: ['Supervisor', 'Administrador'],"
/app/frontend/src/pages/Layout.js,486,BAJO,Administrador,roles: ['Administrador']
/app/frontend/src/pages/Layout.js,494,BAJO,"Administrador, Supervisor","roles: ['Supervisor', 'Administrador'],"
/app/frontend/src/pages/Layout.js,501,BAJO,"Administrador, Supervisor","roles: ['Supervisor', 'Administrador'],"
/app/frontend/src/pages/Layout.js,510,BAJO,"SuperAdministrador, Administrador, Supervisor, SUPERADMIN, ADMIN","{ name: 'Centro de Control', href: '/centro-control', icon: Shield, roles: ['SuperAdministrador', 'SUPERADMIN', 'Administrador', 'ADMIN', 'Supervisor', 'Director'] },"
/app/frontend/src/pages/Layout.js,511,BAJO,"SuperAdministrador, Administrador, SUPERADMIN, ADMIN","{ name: 'Servidores', href: '/servidores', icon: Server, roles: ['SuperAdministrador', 'SUPERADMIN', 'Administrador', 'ADMIN'] },"
/app/frontend/src/pages/Layout.js,512,BAJO,"SuperAdministrador, Administrador, Supervisor, SUPERADMIN, ADMIN","{ name: 'Programación', href: '/scheduler', icon: Clock, roles: ['SuperAdministrador', 'SUPERADMIN', 'Administrador', 'ADMIN', 'Supervisor'] },"
/app/frontend/src/pages/Layout.js,513,BAJO,"SuperAdministrador, Administrador, Supervisor, SUPERADMIN, ADMIN","{ name: 'Automatizaciones', href: '/automatizaciones', icon: CalendarCheck, roles: ['SuperAdministrador', 'SUPERADMIN', 'Administrador', 'ADMIN', 'Supervisor', 'Gerente', 'Director', 'Auditor'] },"
/app/frontend/src/pages/Layout.js,514,BAJO,"SuperAdministrador, Administrador, SUPERADMIN, ADMIN","{ name: 'Asignaciones', href: '/configuracion/asignaciones', icon: UserCog, roles: ['SuperAdministrador', 'SUPERADMIN', 'Administrador', 'ADMIN'] },"
/app/frontend/src/pages/Layout.js,515,BAJO,"SuperAdministrador, Administrador, Supervisor, SUPERADMIN, ADMIN","{ name: 'Catálogo SQL', href: '/catalogo-consultas', icon: Database, roles: ['SuperAdministrador', 'SUPERADMIN', 'Supervisor', 'Administrador', 'ADMIN'] },"
/app/frontend/src/pages/Layout.js,516,BAJO,"SuperAdministrador, Administrador, SUPERADMIN, ADMIN","{ name: 'Explorador BD', href: '/explorador-bd', icon: TableProperties, roles: ['SuperAdministrador', 'SUPERADMIN', 'Administrador', 'ADMIN'] },"
/app/frontend/src/pages/Layout.js,517,BAJO,"SuperAdministrador, Administrador, Supervisor, SUPERADMIN, ADMIN","{ name: 'Alertas', href: '/alertas', icon: Bell, roles: ['SuperAdministrador', 'SUPERADMIN', 'Supervisor', 'Administrador', 'ADMIN'] },"
/app/frontend/src/pages/Layout.js,518,BAJO,"SuperAdministrador, Administrador, Usuario, SUPERADMIN, ADMIN","{ name: 'Usuarios', href: '/usuarios', icon: Users, roles: ['SuperAdministrador', 'SUPERADMIN', 'Administrador', 'ADMIN'] },"
/app/frontend/src/pages/Layout.js,519,BAJO,"SuperAdministrador, Administrador, SUPERADMIN, ADMIN","{ name: 'Config. Operativa', href: '/admin/configuracion-operativa', icon: Settings, roles: ['SuperAdministrador', 'SUPERADMIN', 'Administrador', 'ADMIN'] },"
/app/frontend/src/pages/Layout.js,520,BAJO,"SuperAdministrador, Administrador, SUPERADMIN, ADMIN","{ name: 'DBA Diagnóstico', href: '/admin/dba-credential', icon: Key, roles: ['SuperAdministrador', 'SUPERADMIN'] },"
/app/frontend/src/pages/Usuarios.js,24,BAJO,Usuario,const Usuarios = () => {
/app/frontend/src/pages/Usuarios.js,59,BAJO,Usuario,"const [usuariosCatalogos, setUsuariosCatalogos] = useState([]);"
/app/frontend/src/pages/Usuarios.js,62,BAJO,Usuario,"const [usuarioSeleccionadoCat, setUsuarioSeleccionadoCat] = useState(null);"
/app/frontend/src/pages/Usuarios.js,94,BAJO,Usuario,"role: 'Usuario',"
/app/frontend/src/pages/Usuarios.js,155,BAJO,Usuario,loadUsuariosCatalogos();
/app/frontend/src/pages/Usuarios.js,251,BAJO,Usuario,const loadUsuariosCatalogos = async () => {
/app/frontend/src/pages/Usuarios.js,255,BAJO,Usuario,setUsuariosCatalogos(Array.isArray(response.data) ? response.data : []);
/app/frontend/src/pages/Usuarios.js,272,BAJO,Usuario,setUsuarioSeleccionadoCat(usuario);
/app/frontend/src/pages/Usuarios.js,293,BAJO,Usuario,loadUsuariosCatalogos();
/app/frontend/src/pages/Usuarios.js,429,BAJO,Usuario,toast.success('Usuario actualizado exitosamente');
/app/frontend/src/pages/Usuarios.js,433,BAJO,Usuario,toast.success('Usuario creado exitosamente');
/app/frontend/src/pages/Usuarios.js,460,BAJO,Usuario,toast.success('Usuario eliminado');
/app/frontend/src/pages/Usuarios.js,550,BAJO,Usuario,"role: 'Usuario',"
/app/frontend/src/pages/Usuarios.js,560,MEDIO,"SUPERADMIN, ADMIN",return normalized === 'SUPERADMIN' || normalized === 'SUPERADMINISTRADOR';
/app/frontend/src/pages/Usuarios.js,565,MEDIO,ADMIN,return normalized === 'ADMIN' || normalized === 'ADMINISTRADOR' || isSuperAdmin(role);
/app/frontend/src/pages/Usuarios.js,570,BAJO,"SuperAdministrador, Administrador","'SuperAdministrador': 'bg-purple-100 text-purple-700 border-purple-200',"
/app/frontend/src/pages/Usuarios.js,571,BAJO,"SUPERADMIN, ADMIN","'SUPERADMIN': 'bg-purple-100 text-purple-700 border-purple-200',"
/app/frontend/src/pages/Usuarios.js,572,BAJO,Administrador,"'Administrador': 'bg-red-100 text-red-700 border-red-200',"
/app/frontend/src/pages/Usuarios.js,573,BAJO,ADMIN,"'ADMIN': 'bg-red-100 text-red-700 border-red-200',"
/app/frontend/src/pages/Usuarios.js,574,BAJO,Supervisor,"'Supervisor': 'bg-blue-100 text-blue-700 border-blue-200',"
/app/frontend/src/pages/Usuarios.js,575,BAJO,"SUPERVISOR, VISOR","'SUPERVISOR': 'bg-blue-100 text-blue-700 border-blue-200',"
/app/frontend/src/pages/Usuarios.js,576,BAJO,Usuario,"'Usuario': 'bg-green-100 text-green-700 border-green-200',"
/app/frontend/src/pages/Usuarios.js,577,BAJO,USUARIO,'USUARIO': 'bg-green-100 text-green-700 border-green-200'
/app/frontend/src/pages/Usuarios.js,585,BAJO,"SUPERVISOR, VISOR","if ((role || '').toUpperCase().includes('SUPERVISOR')) return <Eye className=""h-4 w-4"" />;"
/app/frontend/src/pages/Usuarios.js,592,BAJO,Usuario,"'Usuario': 1,"
/app/frontend/src/pages/Usuarios.js,593,BAJO,USUARIO,"'USUARIO': 1,"
/app/frontend/src/pages/Usuarios.js,594,BAJO,Supervisor,"'Supervisor': 2,"
/app/frontend/src/pages/Usuarios.js,595,BAJO,"SUPERVISOR, VISOR","'SUPERVISOR': 2,"
/app/frontend/src/pages/Usuarios.js,596,BAJO,Administrador,"'Administrador': 3,"
/app/frontend/src/pages/Usuarios.js,597,BAJO,ADMIN,"'ADMINISTRADOR': 3,"
/app/frontend/src/pages/Usuarios.js,598,BAJO,ADMIN,"'ADMIN': 3,"
/app/frontend/src/pages/Usuarios.js,599,BAJO,"SuperAdministrador, Administrador","'SuperAdministrador': 100,"
/app/frontend/src/pages/Usuarios.js,600,BAJO,"SUPERADMIN, ADMIN","'SUPERADMIN': 100,"
/app/frontend/src/pages/Usuarios.js,601,BAJO,ADMIN,'SUPER_ADMIN': 100
/app/frontend/src/pages/Usuarios.js,650,BAJO,Usuario,const canViewUsuarios = () => {
/app/frontend/src/pages/Usuarios.js,658,BAJO,USUARIO,if (permisosNuevos.includes('SISTEMA_USUARIOS_VER')) return true;
/app/frontend/src/pages/Usuarios.js,661,BAJO,"SUPERVISOR, VISOR",if (isAdmin(userData.role) || (userData.role || '').toUpperCase().includes('SUPERVISOR')) return true;
/app/frontend/src/pages/Usuarios.js,691,BAJO,"SUPERVISOR, VISOR",if (isAdmin(userData.role) || (userData.role || '').toUpperCase().includes('SUPERVISOR')) return true;
/app/frontend/src/pages/Usuarios.js,707,BAJO,USUARIO,"'SISTEMA_USUARIOS_VER',"
/app/frontend/src/pages/Usuarios.js,708,BAJO,USUARIO,"'SISTEMA_USUARIOS_CREAR',     // FASE 11"
/app/frontend/src/pages/Usuarios.js,709,BAJO,USUARIO,"'SISTEMA_USUARIOS_EDITAR',"
/app/frontend/src/pages/Usuarios.js,710,BAJO,USUARIO,"'SISTEMA_USUARIOS_ELIMINAR',"
/app/frontend/src/pages/Usuarios.js,716,BAJO,"ADMIN, USUARIO, VISOR","const RBAC_ROLES_PILOTO = ['VISOR_ESTRUCTURA', 'VISOR_SISTEMA', 'VISOR_ADMIN', 'ADMIN_USUARIOS', 'GESTOR_SISTEMA'];"
/app/frontend/src/pages/Usuarios.js,720,BAJO,"Visor, VISOR","{ codigo: 'PERFIL_VISOR_BASICO', nombre: 'Visor Básico', roles: ['VISOR_ESTRUCTURA'] },"
/app/frontend/src/pages/Usuarios.js,721,BAJO,"Visor, VISOR","{ codigo: 'PERFIL_VISOR_SISTEMA', nombre: 'Visor Sistema', roles: ['VISOR_ESTRUCTURA', 'VISOR_SISTEMA'] },"
/app/frontend/src/pages/Usuarios.js,722,BAJO,"Visor, ADMIN, VISOR","{ codigo: 'PERFIL_VISOR_COMPLETO', nombre: 'Visor Completo', roles: ['VISOR_ADMIN'] },"
/app/frontend/src/pages/Usuarios.js,723,BAJO,"Usuario, ADMIN, USUARIO, VISOR","{ codigo: 'PERFIL_ADMIN_USUARIOS', nombre: 'Admin Usuarios', roles: ['VISOR_ADMIN', 'ADMIN_USUARIOS'] },"
/app/frontend/src/pages/Usuarios.js,825,BAJO,Usuario,"<h1 className=""text-2xl font-bold text-zinc-800"">Usuarios y Roles</h1>"
/app/frontend/src/pages/Usuarios.js,831,BAJO,Usuario,{canViewUsuarios() && (
/app/frontend/src/pages/Usuarios.js,834,BAJO,Usuario,Usuarios
/app/frontend/src/pages/Usuarios.js,863,MEDIO,USUARIO,{/* ============= TAB USUARIOS ============= */}
/app/frontend/src/pages/Usuarios.js,882,BAJO,Usuario,Agregar Usuario
/app/frontend/src/pages/Usuarios.js,1222,ALTO,Administrador,"{role.nombre === 'Administrador' ? <Shield className=""h-5 w-5 text-red-600"" /> :"
/app/frontend/src/pages/Usuarios.js,1223,ALTO,Supervisor,"role.nombre === 'Supervisor' ? <Eye className=""h-5 w-5 text-blue-600"" /> :"
/app/frontend/src/pages/Usuarios.js,1335,BAJO,Usuario,{/* Sección: Configurar Permisos de Catálogos por Usuario */}
/app/frontend/src/pages/Usuarios.js,1340,BAJO,Usuario,Configurar Permisos de Catálogos por Usuario
/app/frontend/src/pages/Usuarios.js,1348,BAJO,Usuario,"<th className=""text-left py-3 px-4 font-medium text-zinc-500"">Usuario</th>"
/app/frontend/src/pages/Usuarios.js,1601,BAJO,Usuario,El filtrado de alcance RBAC ya está activo en los módulos piloto (Usuarios).
/app/frontend/src/pages/Usuarios.js,1611,BAJO,"SuperAdministrador, Administrador",{/* Solo visible para SuperAdministrador */}
/app/frontend/src/pages/Usuarios.js,1636,BAJO,"SuperAdministrador, Administrador",{/* SuperAdministrador tiene acceso total automático */}
/app/frontend/src/pages/Usuarios.js,1642,BAJO,"SuperAdministrador, Administrador",El SuperAdministrador tiene acceso completo al 100% de la aplicación
/app/frontend/src/pages/Usuarios.js,1741,BAJO,Usuario,<DialogTitle>{editMode ? 'Editar Usuario' : 'Nuevo Usuario'}</DialogTitle>
/app/frontend/src/pages/Usuarios.js,1780,BAJO,Usuario,"<SelectItem value=""Usuario"">Usuario</SelectItem>"
/app/frontend/src/pages/Usuarios.js,1781,BAJO,Supervisor,"<SelectItem value=""Supervisor"">Supervisor</SelectItem>"
/app/frontend/src/pages/Usuarios.js,1782,BAJO,Administrador,"<SelectItem value=""Administrador"">Administrador</SelectItem>"
/app/frontend/src/pages/Usuarios.js,1965,BAJO,Usuario,export default Usuarios;
/app/frontend/src/pages/comercial/CostosMargenes.jsx,1168,BAJO,Usuario,{/* Usuarios involucrados */}
/app/frontend/src/pages/comercial/PricingIACharts.jsx,281,BAJO,Usuario,"['Fecha', 'Producto', 'Tipo', 'Confianza', 'Revisión', 'Precio Actual', 'Precio Sugerido', 'Usuario'],"
/app/frontend/src/pages/crm/CRMDashboard.jsx,210,BAJO,Usuario,{item.Usuario && <p>{item.Usuario}</p>}
/app/frontend/src/components/PropinasTPV.jsx,320,BAJO,Administrador,"return ['admin', 'superadmin', 'Admin', 'Administrador'].includes(userRole);"
/app/frontend/src/components/ModalSolicitudCatalogo.jsx,31,BAJO,Supervisor,"opciones: ['Operativo', 'Supervisor', 'Gerencial', 'Directivo'] }"
/app/frontend/src/components/ModalSolicitudCatalogo.jsx,240,BAJO,Supervisor,Su solicitud será revisada por un Supervisor (creación)
/app/frontend/src/components/ModalSolicitudCatalogo.jsx,241,BAJO,Administrador,y luego por un Administrador (autorización).
/app/frontend/src/components/TabOperativasCompras.jsx,91,BAJO,Administrador,"const isGerencia = ['Gerente', 'Director', 'Administrador'].includes(userRole);"
/app/frontend/src/components/TabOperativasCompras.jsx,92,BAJO,Administrador,"const isTesoreria = ['Tesoreria', 'Director', 'Administrador'].includes(userRole);"
/app/frontend/src/components/TabOperativasCompras.jsx,342,BAJO,Usuario,"<div className=""text-zinc-500 text-xs"">Usuario</div>"
/app/frontend/src/components/GestionSolicitudesCatalogo.jsx,44,BAJO,Usuario,const userRole = user.role || 'Usuario';
/app/frontend/src/components/GestionSolicitudesCatalogo.jsx,110,ALTO,"Administrador, Supervisor",if (userRole === 'Supervisor' || userRole === 'Administrador') {
/app/frontend/src/components/GestionSolicitudesCatalogo.jsx,117,ALTO,Administrador,if (userRole === 'Administrador') {
/app/frontend/src/components/recursos-humanos/RhCatalogos.jsx,62,BAJO,Administrador,<span>Solo lectura (requiere rol Administrador para editar)</span>
/app/frontend/src/components/recursos-humanos/RhNominas.jsx,67,BAJO,Supervisor,"isSupervisor,"
/app/frontend/src/components/recursos-humanos/RhNominas.jsx,154,BAJO,Supervisor,{(isAdmin || isSupervisor) && (
/app/frontend/src/components/recursos-humanos/RhNominas.jsx,233,BAJO,Administrador,"<p className=""text-zinc-400 text-sm"">Solo Administradores pueden modificar la configuración.</p>"
/app/frontend/src/components/fase2_operativo/ResponsabilidadAccionesModal.jsx,80,BAJO,"Supervisor, SUPERVISOR, VISOR","{ value: 'SUPERVISOR', label: 'Supervisor' },"
/app/frontend/src/components/fase2_operativo/ResponsabilidadAccionesModal.jsx,101,BAJO,Usuario,"const [usuarioId, setUsuarioId] = useState('');"
/app/frontend/src/components/fase2_operativo/ResponsabilidadAccionesModal.jsx,102,BAJO,"Usuario, SUPERVISOR, VISOR","const [usuarioRol, setUsuarioRol] = useState('SUPERVISOR');"
/app/frontend/src/components/fase2_operativo/ResponsabilidadAccionesModal.jsx,218,BAJO,Usuario,{/* Usuario ID */}
/app/frontend/src/components/fase2_operativo/ResponsabilidadAccionesModal.jsx,221,BAJO,Usuario,ID de Usuario *
/app/frontend/src/components/fase2_operativo/ResponsabilidadAccionesModal.jsx,226,BAJO,Usuario,onChange={(e) => setUsuarioId(e.target.value)}
/app/frontend/src/components/fase2_operativo/ResponsabilidadAccionesModal.jsx,241,BAJO,Usuario,onChange={(e) => setUsuarioRol(e.target.value)}
/app/frontend/src/components/fase2_operativo/OperativoDashboard.jsx,298,BAJO,Usuario,{/* Usuario Asignado */}
/app/frontend/src/components/fase2_operativo/OperativoDashboard.jsx,301,BAJO,Usuario,Usuario Asignado
/app/frontend/src/components/crm/PipelineKanban.jsx,23,BAJO,Usuario,"body: JSON.stringify({ EtapaNueva: etapaDestino, UsuarioModificadorID: ""1"", Comentario: ""Transición desde Tablero Kanban UI"" })"
/app/frontend/src/components/crm/OperacionesFlujoPanel.jsx,25,BAJO,Usuario,"body: JSON.stringify({ CotizacionID: cotizacionId, UsuarioProcesadorID: 1 })"
/app/frontend/src/components/admin/RolesList.jsx,13,BAJO,Administrador,"{ id: 1, nombre_rol: 'Administrador', activo: true, permisos: ['all'] },"
/app/frontend/src/components/admin/RolesList.jsx,14,BAJO,Usuario,"{ id: 2, nombre_rol: 'Usuario', activo: true, permisos: ['read'] },"
/app/frontend/src/components/admin/RolesList.jsx,15,BAJO,Supervisor,"{ id: 3, nombre_rol: 'Supervisor', activo: true, permisos: ['read', 'write'] }"
/app/frontend/src/components/admin/ResyncPanel.jsx,515,BAJO,Usuario,<TableHead>Usuario</TableHead>
/app/frontend/src/components/admin/bitacora/useBitacoraRBACData.js,61,BAJO,"SuperAdministrador, Administrador",throw new Error('Acceso denegado. Solo SuperAdministrador puede ver la bitácora.');
/app/frontend/src/components/admin/bitacora/BitacoraComponents.jsx,210,BAJO,Usuario,"<th className=""text-left p-3 font-medium"">Usuario</th>"
/app/frontend/src/components/admin/bitacora/BitacoraComponents.jsx,321,BAJO,Usuario,"<label className=""text-xs text-zinc-500"">Usuario</label>"
/app/frontend/src/components/compras/operativas/AutomatizacionesTable.jsx,35,BAJO,Usuario,<TableHead>Usuario</TableHead>
/app/frontend/src/lib/auth.js,42,BAJO,"SuperAdministrador, Administrador, Supervisor, Usuario","const roles = ['Usuario', 'Supervisor', 'Administrador', 'SuperAdministrador'];"
/app/frontend/src/hooks/useMenusByContext.js,2,BAJO,Usuario,"import { fetchMenusUsuario } from ""../services/menuContextService"";"
/app/frontend/src/hooks/useMenusByContext.js,17,BAJO,Usuario,const data = await fetchMenusUsuario(unidadNegocioId || null);
/app/frontend/src/utils/styleHelpers.js,61,BAJO,Administrador,"'Administrador': 'bg-red-100',"
/app/frontend/src/utils/styleHelpers.js,62,BAJO,"SuperAdministrador, Administrador","'SuperAdministrador': 'bg-purple-100',"
/app/frontend/src/utils/styleHelpers.js,63,BAJO,Supervisor,"'Supervisor': 'bg-blue-100',"
/app/frontend/src/utils/styleHelpers.js,170,BAJO,Supervisor,"1: 'Supervisor o Admin aprueba',"
/app/frontend/src/utils/styleHelpers.js,171,BAJO,Supervisor,"2: 'Supervisor → Admin',"
/app/frontend/src/utils/styleHelpers.js,172,BAJO,Supervisor,3: 'Supervisor → Admin → Admin final'
/app/frontend/src/config/enterpriseMenuConfig.js,351,BAJO,Usuario,"label: ""Usuarios"","
/app/frontend/src/config/enterpriseMenuConfig.js,430,MEDIO,"SUPERADMIN, ADMIN","const isSuperAdmin = role === ""SUPERADMIN"" || role === ""SUPER_ADMIN"" || role === ""SUPERADMINISTRADOR"";"
/app/frontend/src/config/enterpriseMenuConfig.js,431,MEDIO,ADMIN,"const isAdmin = role === ""ADMIN"" || role === ""ADMINISTRADOR"";"
/app/frontend/src/services/menuContextService.js,11,BAJO,Usuario,export async function fetchMenusUsuario(unidadNegocioId = null) {
