severity,classification,module,pattern,file,line,code
ALTA,PROHIBIDO_POSIBLE_LIVE_VISUAL,Comercial,remote POS names,/app/backend/modules/comercial/adapters.py,170,Consulta una API MPRO local y retorna los resultados.
ALTA,PROHIBIDO_POSIBLE_LIVE_VISUAL,Comercial,remote POS names,/app/backend/modules/comercial/cache_service.py,94,Ejemplo: comercial:dashboard:server123:suc001:MANAGEMENTPRO:2026-04-20:periodo=mes
ALTA,PROHIBIDO_POSIBLE_LIVE_VISUAL,Comercial,remote POS names,/app/backend/modules/comercial/crm_router.py,191,def crear_cotizacion_enterprise(cotizacion: CotizacionCreate):
ALTA,PROHIBIDO_POSIBLE_LIVE_VISUAL,Comercial,execute_sql_query,/app/backend/modules/comercial/historical_kpis_repository.py,95,return execute_sql_query(
ALTA,PROHIBIDO_POSIBLE_LIVE_VISUAL,Comercial,remote POS names,/app/backend/modules/comercial/inteligencia_comercial_routes.py,10,- No consulta SoftRestaurant/MPRO en vivo desde dashboard.
ALTA,PROHIBIDO_POSIBLE_LIVE_VISUAL,Comercial,remote POS names,/app/backend/modules/comercial/queries/mpro.py,37,- get_kpis_mpro() en service.py
ALTA,PROHIBIDO_POSIBLE_LIVE_VISUAL,Comercial,remote POS names,/app/backend/modules/comercial/queries/mpro.py,126,ORIGEN: Extraída de service.py líneas 871-884 (get_kpis_mpro_por_sucursal)
ALTA,PROHIBIDO_POSIBLE_LIVE_VISUAL,Comercial,remote POS names,/app/backend/modules/comercial/queries/mpro.py,145,- get_kpis_mpro_por_sucursal() en service.py (migración Bloque 4)
ALTA,PROHIBIDO_POSIBLE_LIVE_VISUAL,Comercial,remote POS names,/app/backend/modules/comercial/queries/mpro.py,146,- /comercial/tablero-ejecutivo para servidores MPRO
ALTA,PROHIBIDO_POSIBLE_LIVE_VISUAL,Comercial,remote POS names,/app/backend/modules/comercial/queries/mpro.py,245,# FUNCIÓN PARA DASHBOARD MPRO CON FILTRO FLEXIBLE
ALTA,PROHIBIDO_POSIBLE_LIVE_VISUAL,Comercial,remote POS names,/app/backend/modules/comercial/queries/mpro.py,265,- Usa la misma lógica que el endpoint dashboard MPRO
ALTA,PROHIBIDO_POSIBLE_LIVE_VISUAL,Comercial,remote POS names,/app/backend/modules/comercial/queries/mpro.py,278,- /comercial/dashboard/{server_id} (sección MPRO)
ALTA,PROHIBIDO_POSIBLE_LIVE_VISUAL,Comercial,remote POS names,/app/backend/modules/comercial/queries/mpro.py,362,# QUERY SQL - Basada en routes.py dashboard MPRO
ALTA,PROHIBIDO_POSIBLE_LIVE_VISUAL,Comercial,remote POS names,/app/backend/modules/comercial/queries/mpro.py,617,ORIGEN: Extraída de service.py líneas 862-884 (get_kpis_mpro_por_sucursal)
ALTA,PROHIBIDO_POSIBLE_LIVE_VISUAL,Comercial,remote POS names,/app/backend/modules/comercial/queries/mpro.py,638,- get_kpis_mpro_por_sucursal() en service.py (migración Bloque 4)
ALTA,PROHIBIDO_POSIBLE_LIVE_VISUAL,Comercial,remote POS names,/app/backend/modules/comercial/queries/softrestaurant.py,33,- get_kpis_softrestaurant() en service.py
ALTA,PROHIBIDO_POSIBLE_LIVE_VISUAL,Comercial,remote POS names,/app/backend/modules/comercial/queries/softrestaurant.py,106,ORIGEN: Extraída de service.py líneas 341-363 (get_kpis_softrestaurant)
ALTA,PROHIBIDO_POSIBLE_LIVE_VISUAL,Comercial,remote POS names,/app/backend/modules/comercial/queries/softrestaurant.py,121,- get_kpis_softrestaurant() en service.py (migración Bloque 4)
ALTA,PROHIBIDO_POSIBLE_LIVE_VISUAL,Comercial,remote POS names,/app/backend/modules/comercial/routes.py,46,- get_kpis_softrestaurant()
ALTA,PROHIBIDO_POSIBLE_LIVE_VISUAL,Comercial,remote POS names,/app/backend/modules/comercial/routes.py,47,- get_kpis_mpro()
ALTA,PROHIBIDO_POSIBLE_LIVE_VISUAL,Comercial,remote POS names,/app/backend/modules/comercial/routes.py,48,- get_kpis_mpro_por_sucursal()
ALTA,PROHIBIDO_POSIBLE_LIVE_VISUAL,Comercial,remote POS names,/app/backend/modules/comercial/routes.py,100,"get_kpis_softrestaurant,"
ALTA,PROHIBIDO_POSIBLE_LIVE_VISUAL,Comercial,remote POS names,/app/backend/modules/comercial/routes.py,101,"get_kpis_mpro,"
ALTA,PROHIBIDO_POSIBLE_LIVE_VISUAL,Comercial,remote POS names,/app/backend/modules/comercial/routes.py,102,"get_kpis_mpro_por_sucursal,"
ALTA,PROHIBIDO_POSIBLE_LIVE_VISUAL,Comercial,remote POS names,/app/backend/modules/comercial/routes.py,179,# remotos (SoftRestaurant/MPRO) desde la UI. Los endpoints afectados devolverán
ALTA,PROHIBIDO_POSIBLE_LIVE_VISUAL,Comercial,remote POS names,/app/backend/modules/comercial/routes.py,991,"kpis = get_kpis_softrestaurant(server, fecha_ini, fecha_fin, fecha_ini_ant, fecha_fin_ant,"
ALTA,PROHIBIDO_POSIBLE_LIVE_VISUAL,Comercial,remote POS names,/app/backend/modules/comercial/routes.py,1443,kpis_mpro = {
ALTA,PROHIBIDO_POSIBLE_LIVE_VISUAL,Comercial,remote POS names,/app/backend/modules/comercial/routes.py,1454,"server=server, kpis=kpis_mpro,"
ALTA,PROHIBIDO_POSIBLE_LIVE_VISUAL,Comercial,remote POS names,/app/backend/modules/comercial/routes.py,1469,"totales[k] += kpis_mpro.get(k, 0)"
ALTA,PROHIBIDO_POSIBLE_LIVE_VISUAL,Comercial,remote POS names,/app/backend/modules/comercial/routes.py,1470,"totales[""pendiente_cerrar""] += kpis_mpro.get(""pendiente_cerrar"", 0)"
ALTA,PROHIBIDO_POSIBLE_LIVE_VISUAL,Comercial,remote POS names,/app/backend/modules/comercial/routes.py,1506,unidades_mpro = get_kpis_mpro_por_sucursal(
ALTA,PROHIBIDO_FRONTEND_FILTROS,Comercial,frontend api servers,/app/backend/modules/comercial/routes.py,1761,# Los servidores con tipo_conexion=API_LOCAL no se incluyen en /api/servers
ALTA,PROHIBIDO_POSIBLE_LIVE_VISUAL,Comercial,remote POS names,/app/backend/modules/comercial/routes.py,3120,# KPIs generales de mesas para MPRO
ALTA,PROHIBIDO_POSIBLE_LIVE_VISUAL,Comercial,remote POS names,/app/backend/modules/comercial/routes.py,3856,"# El frontend envía nombres (ORIGEN, QUERETARO) pero MPRO usa códigos (0023, 0021)"
ALTA,PROHIBIDO_POSIBLE_LIVE_VISUAL,Comercial,remote POS names,/app/backend/modules/comercial/routes.py,4587,edarsahub_kpis_mpro = get_dashboard_kpis_from_edarsahub(
ALTA,PROHIBIDO_POSIBLE_LIVE_VISUAL,Comercial,remote POS names,/app/backend/modules/comercial/routes.py,4598,if edarsahub_kpis_mpro:
ALTA,PROHIBIDO_POSIBLE_LIVE_VISUAL,Comercial,remote POS names,/app/backend/modules/comercial/routes.py,4600,"logging.info(f""[DASHBOARD-FIX-MPRO] {server['name']}: Usando datos de EDARSAHUB (ventas=${edarsahub_kpis_mpro['ventas_periodo']:,.2f})"")"
ALTA,PROHIBIDO_POSIBLE_LIVE_VISUAL,Comercial,remote POS names,/app/backend/modules/comercial/routes.py,4604,"""source_message"": f""Datos consolidados de EDARSAHUB ({edarsahub_kpis_mpro['registros_consultados']} días)"","
ALTA,PROHIBIDO_POSIBLE_LIVE_VISUAL,Comercial,remote POS names,/app/backend/modules/comercial/routes.py,4605,"""source_type"": edarsahub_kpis_mpro['source'],"
ALTA,PROHIBIDO_POSIBLE_LIVE_VISUAL,Comercial,remote POS names,/app/backend/modules/comercial/routes.py,4611,"""ventas_periodo"": edarsahub_kpis_mpro['ventas_periodo'],"
ALTA,PROHIBIDO_POSIBLE_LIVE_VISUAL,Comercial,remote POS names,/app/backend/modules/comercial/routes.py,4612,"""ticket_promedio"": edarsahub_kpis_mpro['ticket_promedio'],"
ALTA,PROHIBIDO_POSIBLE_LIVE_VISUAL,Comercial,remote POS names,/app/backend/modules/comercial/routes.py,4613,"""cheques_total"": edarsahub_kpis_mpro['cheques_total'],"
ALTA,PROHIBIDO_POSIBLE_LIVE_VISUAL,Comercial,remote POS names,/app/backend/modules/comercial/routes.py,4614,"""pax_total"": edarsahub_kpis_mpro['pax_total'],"
ALTA,PROHIBIDO_POSIBLE_LIVE_VISUAL,Comercial,remote POS names,/app/backend/modules/comercial/routes.py,4615,"""pax_promedio"": edarsahub_kpis_mpro['pax_promedio'],"
ALTA,PROHIBIDO_POSIBLE_LIVE_VISUAL,Comercial,remote POS names,/app/backend/modules/comercial/routes.py,4616,"""consumo_persona"": edarsahub_kpis_mpro['consumo_persona'],"
ALTA,PROHIBIDO_POSIBLE_LIVE_VISUAL,Comercial,remote POS names,/app/backend/modules/comercial/routes.py,4617,"""mesas_atendidas"": edarsahub_kpis_mpro['mesas_atendidas'],"
ALTA,PROHIBIDO_POSIBLE_LIVE_VISUAL,Comercial,remote POS names,/app/backend/modules/comercial/routes.py,4618,"""rotacion_mesas"": edarsahub_kpis_mpro['rotacion_mesas'],"
ALTA,PROHIBIDO_POSIBLE_LIVE_VISUAL,Comercial,remote POS names,/app/backend/modules/comercial/routes.py,4619,"""venta_por_hora"": edarsahub_kpis_mpro['venta_por_hora']"
ALTA,PROHIBIDO_POSIBLE_LIVE_VISUAL,Comercial,remote POS names,/app/backend/modules/comercial/routes.py,4622,"""vs_periodo_anterior"": edarsahub_kpis_mpro['vs_periodo_anterior'],"
ALTA,PROHIBIDO_POSIBLE_LIVE_VISUAL,Comercial,remote POS names,/app/backend/modules/comercial/routes.py,4623,"""vs_ano_anterior"": edarsahub_kpis_mpro['vs_ano_anterior'],"
ALTA,PROHIBIDO_POSIBLE_LIVE_VISUAL,Comercial,remote POS names,/app/backend/modules/comercial/routes.py,4624,"""vs_presupuesto"": edarsahub_kpis_mpro['vs_presupuesto'],"
ALTA,PROHIBIDO_POSIBLE_LIVE_VISUAL,Comercial,remote POS names,/app/backend/modules/comercial/routes.py,4626,"""ventas_anterior"": edarsahub_kpis_mpro['ventas_anterior'],"
ALTA,PROHIBIDO_POSIBLE_LIVE_VISUAL,Comercial,remote POS names,/app/backend/modules/comercial/routes.py,4627,"""ventas_ano_anterior"": edarsahub_kpis_mpro['ventas_ano_anterior']"
ALTA,PROHIBIDO_POSIBLE_LIVE_VISUAL,Comercial,remote POS names,/app/backend/modules/comercial/routes.py,4634,# FASE 1B-R1: CORRECCIÓN NO-LIVE DASHBOARD MPRO
ALTA,PROHIBIDO_POSIBLE_LIVE_VISUAL,Comercial,remote POS names,/app/backend/modules/comercial/routes.py,4639,"logging.warning(f""[DASHBOARD-NO-LIVE-MPRO] {server['name']}: EDARSAHUB sin datos vigentes, verificando snapshot histórico"")"
ALTA,PROHIBIDO_POSIBLE_LIVE_VISUAL,Comercial,remote POS names,/app/backend/modules/comercial/routes.py,4648,"logging.info(f""[DASHBOARD-NO-LIVE-MPRO] {server['name']}: Retornando datos STALE de {stale_snapshot_mpro['fecha_snapshot']}"")"
ALTA,PROHIBIDO_POSIBLE_LIVE_VISUAL,Comercial,remote POS names,/app/backend/modules/comercial/routes.py,4658,"""kpis"": stale_snapshot_mpro.get('kpis'),"
ALTA,PROHIBIDO_POSIBLE_LIVE_VISUAL,Comercial,remote POS names,/app/backend/modules/comercial/routes.py,4668,"logging.warning(f""[DASHBOARD-NO-LIVE-MPRO] {server['name']}: Sin datos en EDARSAHUB, retornando SIN_DATOS_EDARSAHUB"")"
ALTA,PROHIBIDO_POSIBLE_LIVE_VISUAL,Comercial,remote POS names,/app/backend/modules/comercial/routes_competidores_enterprise.py,2,FASE 1C-3I-B v2: Endpoints Enterprise de Competidores por Unidad de Negocio
ALTA,PROHIBIDO_POSIBLE_LIVE_VISUAL,Comercial,remote POS names,/app/backend/modules/comercial/routes_competidores_enterprise.py,32,"router = APIRouter(prefix=""/comercial"", tags=[""Competidores Enterprise""])"
ALTA,PROHIBIDO_POSIBLE_LIVE_VISUAL,Comercial,remote POS names,/app/backend/modules/comercial/service.py,11,- Migrado: get_kpis_softrestaurant() desde server.py
ALTA,PROHIBIDO_POSIBLE_LIVE_VISUAL,Comercial,remote POS names,/app/backend/modules/comercial/service.py,12,- Migrado: get_kpis_mpro() desde server.py
ALTA,PROHIBIDO_POSIBLE_LIVE_VISUAL,Comercial,remote POS names,/app/backend/modules/comercial/service.py,13,- Migrado: get_kpis_mpro_por_sucursal() desde server.py
ALTA,PROHIBIDO_POSIBLE_LIVE_VISUAL,Comercial,remote POS names,/app/backend/modules/comercial/service.py,527,"RAZÓN: Para MPRO, los datos en Comercial_KPIs_Diarios_v2 tienen un server_id"
ALTA,PROHIBIDO_POSIBLE_LIVE_VISUAL,Comercial,remote POS names,/app/backend/modules/comercial/service.py,1369,"def get_kpis_softrestaurant(server, fecha_ini, fecha_fin, fecha_ini_ant, fecha_fin_ant, fecha_ini_año_ant, fecha_fin_año_ant, dias_transcurridos, dias_mes, solo_ventas_dia=False):"
ALTA,PROHIBIDO_POSIBLE_LIVE_VISUAL,Comercial,remote POS names,/app/backend/modules/comercial/service.py,1371,TABLERO EJECUTIVO - KPIs SoftRestaurant desde EDARSAHUB
ALTA,PROHIBIDO_POSIBLE_LIVE_VISUAL,Comercial,remote POS names,/app/backend/modules/comercial/service.py,1499,"def get_kpis_mpro(server, fecha_ini, fecha_fin, fecha_ini_ant, fecha_fin_ant, fecha_ini_año_ant, fecha_fin_año_ant, dias_transcurridos, dias_mes):"
ALTA,PROHIBIDO_POSIBLE_LIVE_VISUAL,Comercial,remote POS names,/app/backend/modules/comercial/service.py,1501,TABLERO EJECUTIVO - KPIs MPRO desde EDARSAHUB
ALTA,PROHIBIDO_POSIBLE_LIVE_VISUAL,Comercial,remote POS names,/app/backend/modules/comercial/service.py,1511,"Para KPIs por sucursal individual, usar get_kpis_mpro_por_sucursal."
ALTA,PROHIBIDO_POSIBLE_LIVE_VISUAL,Comercial,remote POS names,/app/backend/modules/comercial/service.py,1522,"logging.warning(f""[TABLERO-EDARSAHUB] {nombre}: server_id {server_id} no tiene mapeo de unidad MPRO"")"
ALTA,PROHIBIDO_POSIBLE_LIVE_VISUAL,Comercial,remote POS names,/app/backend/modules/comercial/service.py,1534,# Agregar KPIs de todas las sucursales MPRO
ALTA,PROHIBIDO_POSIBLE_LIVE_VISUAL,Comercial,remote POS names,/app/backend/modules/comercial/service.py,1674,"def get_kpis_mpro_por_sucursal(server, fecha_ini, fecha_fin, fecha_ini_ant, fecha_fin_ant, fecha_ini_año_ant, fecha_fin_año_ant, dias_transcurridos, dias_mes, solo_ventas_dia=False):"
ALTA,PROHIBIDO_POSIBLE_LIVE_VISUAL,Comercial,remote POS names,/app/backend/modules/comercial/service.py,1676,Query para MPRO que devuelve KPIs DIVIDIDOS POR SUCURSAL (como en Inventarios).
ALTA,PROHIBIDO_POSIBLE_LIVE_VISUAL,Comercial,remote POS names,/app/backend/modules/comercial/service.py,1815,"# - Para modo HUB (Tablero Ejecutivo), MPRO debe leer de EDARSAHUB SQL"
ALTA,PROHIBIDO_POSIBLE_LIVE_VISUAL,Comercial,remote POS names,/app/backend/modules/comercial/service.py,1816,"# - NO consultar servidores MPRO directamente (bases QUERETARO, ORIGEN)"
ALTA,PROHIBIDO_POSIBLE_LIVE_VISUAL,Comercial,remote POS names,/app/backend/modules/comercial/service.py,1817,# - Usar la misma fuente que SoftRestaurant: Comercial_KPIs_Diarios_v2
ALTA,PROHIBIDO_POSIBLE_LIVE_VISUAL,Comercial,remote POS names,/app/backend/modules/comercial/service.py,1861,"kpis['system_type'] = ""MPRO"""
ALTA,PROHIBIDO_POSIBLE_LIVE_VISUAL,Comercial,remote POS names,/app/backend/modules/comercial/service.py,1923,"logging.info(f""[TABLERO] MPRO {server['name']}: Conexión OK - Fechas: {fecha_ini} a {fecha_fin}"")"
ALTA,PROHIBIDO_POSIBLE_LIVE_VISUAL,Comercial,remote POS names,/app/backend/modules/comercial/service.py,2005,"logging.info(f""MPRO {server['name']}: Consultando ventas del {fi} al {ff}"")"
ALTA,PROHIBIDO_POSIBLE_LIVE_VISUAL,Comercial,remote POS names,/app/backend/modules/comercial/service.py,2015,"f""Error consultando MPRO por sucursal {server['name']}: {result_principal.error} """
ALTA,PROHIBIDO_POSIBLE_LIVE_VISUAL,Comercial,remote POS names,/app/backend/modules/comercial/service.py,2261,def get_kpis_mpro_con_estado(
ALTA,PROHIBIDO_POSIBLE_LIVE_VISUAL,Comercial,remote POS names,/app/backend/modules/comercial/service.py,2268,FASE 4.4: Obtiene KPIs de MPRO con envelope de estado.
ALTA,PROHIBIDO_POSIBLE_LIVE_VISUAL,Comercial,remote POS names,/app/backend/modules/comercial/service.py,2287,"unidades = get_kpis_mpro_por_sucursal(server, fecha_ini, fecha_fin, solo_ventas_dia)"
ALTA,PROHIBIDO_POSIBLE_LIVE_VISUAL,Comercial,remote POS names,/app/backend/modules/comercial/service.py,2335,"'get_kpis_softrestaurant',"
ALTA,PROHIBIDO_POSIBLE_LIVE_VISUAL,Comercial,remote POS names,/app/backend/modules/comercial/service.py,2336,"'get_kpis_mpro',"
ALTA,PROHIBIDO_POSIBLE_LIVE_VISUAL,Comercial,remote POS names,/app/backend/modules/comercial/service.py,2337,"'get_kpis_mpro_por_sucursal',"
ALTA,PROHIBIDO_POSIBLE_LIVE_VISUAL,Comercial,remote POS names,/app/backend/modules/comercial/service.py,2339,"'get_kpis_mpro_con_estado',"
ALTA,PROHIBIDO_POSIBLE_LIVE_VISUAL,Comercial,remote POS names,/app/backend/modules/comercial/service.py,2378,NO consulta: Servidores remotos SoftRestaurant
ALTA,PROHIBIDO_POSIBLE_LIVE_VISUAL,Comercial,remote POS names,/app/backend/modules/comercial/service.py,2538,# Este fallback maneja el caso donde los datos MPRO en Comercial_KPIs_Diarios_v2
ALTA,PROHIBIDO_POSIBLE_LIVE_VISUAL,Comercial,remote POS names,/app/backend/modules/comercial/service.py,2546,"logging.info(f""[DASHBOARD-EDARSAHUB-MPRO-FIX] Intentando búsqueda por unidad_negocio_id: {unidad_ids}"")"
ALTA,PROHIBIDO_POSIBLE_LIVE_VISUAL,Comercial,remote POS names,/app/backend/modules/comercial/service.py,2564,result_mpro = _query_edarsahub_tablero(query_mpro)
ALTA,PROHIBIDO_POSIBLE_LIVE_VISUAL,Comercial,remote POS names,/app/backend/modules/comercial/service.py,2575,"f""[DASHBOARD-EDARSAHUB-MPRO-FIX] Datos MPRO encontrados por unidad_negocio_id: """
ALTA,PROHIBIDO_POSIBLE_LIVE_VISUAL,Comercial,remote POS names,/app/backend/modules/comercial_v2/carga_historica_24_meses.py,19,"- SoftRestaurant: ventas cerradas en KPIs, temporales en tabla separada"
ALTA,PROHIBIDO_POSIBLE_LIVE_VISUAL,Comercial,remote POS names,/app/backend/modules/comercial_v2/carga_historica_24_meses.py,629,"reporte_mes = cargar_mes_softrestaurant(unidad, run_id, mes, anio)"
ALTA,PROHIBIDO_POSIBLE_LIVE_VISUAL,Comercial,remote POS names,/app/backend/modules/comercial_v2/carga_historica_24_meses.py,631,"reporte_mes = cargar_mes_mpro(unidad, run_id, mes, anio)"
ALTA,PROHIBIDO_POSIBLE_LIVE_VISUAL,Comercial,remote POS names,/app/backend/modules/comercial_v2/carga_historica_abril_2026.py,774,reporte_unidad = cargar_unidad_softrestaurant(
ALTA,PROHIBIDO_POSIBLE_LIVE_VISUAL,Comercial,remote POS names,/app/backend/modules/comercial_v2/carga_historica_abril_2026.py,778,reporte_unidad = cargar_unidad_mpro(
ALTA,PROHIBIDO_POSIBLE_LIVE_VISUAL,Comercial,remote POS names,/app/backend/modules/comercial_v2/mappers.py,75,Mapea un registro de SoftRestaurant (cheques + turnos) a KPIs Diarios v2.
ALTA,PROHIBIDO_POSIBLE_LIVE_VISUAL,Comercial,remote POS names,/app/backend/modules/comercial_v2/mappers.py,207,Mapea un registro de MPRO (Venta_Encabezado) a KPIs Diarios v2.
ALTA,PROHIBIDO_POSIBLE_LIVE_VISUAL,Comercial,remote POS names,/app/backend/modules/comercial_v2/schemas.py,59,"""""""Datos de KPIs diarios desde el origen (SoftRestaurant/MPRO)"""""""
ALTA,PROHIBIDO_FRONTEND_FILTROS,Comercial,frontend api servers,/app/backend/tests/test_comercial.py,120,"f""{api_base_url}/api/servers"","
ALTA,PROHIBIDO_POSIBLE_LIVE_VISUAL,Comercial,remote POS names,/app/backend/tests/test_dashboard_comercial.py,69,"valid_types = [""MPRO"", ""SoftRestaurant"", ""Otro""]"
ALTA,PROHIBIDO_POSIBLE_LIVE_VISUAL,Comercial,remote POS names,/app/frontend/src/pages/Comercial.js,14,* ║ - Integración con servidores MPRO y SoftRestaurant                         ║
ALTA,PROHIBIDO_POSIBLE_LIVE_VISUAL,Comercial,remote POS names,/app/frontend/src/pages/Comercial.js,1392,Fuente: {fuentePaxHoy === 'tempcheques' ? 'Ventas sin corte (tempcheques)' : fuentePaxHoy === 'api_local' ? 'API Local MPRO' : fuentePaxHoy}
ALTA,PROHIBIDO_FRONTEND_FILTROS,Comercial,frontend api servers,/app/frontend/src/pages/Comercial.js,2807,// NO hacer llamada adicional a /api/servers/.../sucursales que no respeta RBAC
ALTA,PROHIBIDO_POSIBLE_LIVE_VISUAL,Comercial,remote POS names,/app/frontend/src/pages/comercial/CostosMargenes.jsx,790,producto.sistema_origen === 'SOFTRESTAURANT_PRO'
ALTA,PROHIBIDO_POSIBLE_LIVE_VISUAL,Comercial,remote POS names,/app/frontend/src/pages/comercial/CostosMargenes.jsx,794,{producto.sistema_origen === 'SOFTRESTAURANT_PRO' ? 'SoftRestaurant' : 'MPRO'}
ALTA,PROHIBIDO_POSIBLE_LIVE_VISUAL,Comercial,remote POS names,/app/frontend/src/pages/comercial/CostosMargenes.jsx,1103,solicitud.system_type === 'SOFTRESTAURANT_PRO'
ALTA,PROHIBIDO_POSIBLE_LIVE_VISUAL,Comercial,remote POS names,/app/frontend/src/pages/comercial/CostosMargenes.jsx,1107,{solicitud.system_type === 'SOFTRESTAURANT_PRO' ? 'SoftRestaurant' : 'MPRO'}
ALTA,PROHIBIDO_POSIBLE_LIVE_VISUAL,Comercial,remote POS names,/app/frontend/src/pages/comercial/CostosMargenes.jsx,1837,{prod.sistema_origen === 'SOFTRESTAURANT_PRO' ? 'SUSPENDIDO' : 'BAJA'}
ALTA,PROHIBIDO_POSIBLE_LIVE_VISUAL,Comercial,remote POS names,/app/frontend/src/pages/comercial/CostosMargenes.jsx,1849,prod.sistema_origen === 'SOFTRESTAURANT_PRO'
ALTA,PROHIBIDO_POSIBLE_LIVE_VISUAL,Comercial,remote POS names,/app/frontend/src/pages/comercial/CostosMargenes.jsx,1853,{prod.sistema_origen === 'SOFTRESTAURANT_PRO' ? 'SR' : 'MPRO'}
ALTA,PROHIBIDO_POSIBLE_LIVE_VISUAL,Comercial,remote POS names,/app/frontend/src/pages/comercial/CostosMargenes.jsx,1987,{prod.sistema_origen === 'SOFTRESTAURANT_PRO' ? 'SUSPENDIDO' : 'BAJA'}
ALTA,PROHIBIDO_POSIBLE_LIVE_VISUAL,Comercial,remote POS names,/app/frontend/src/pages/comercial/CostosMargenes.jsx,1999,prod.sistema_origen === 'SOFTRESTAURANT_PRO'
ALTA,PROHIBIDO_POSIBLE_LIVE_VISUAL,Comercial,remote POS names,/app/frontend/src/pages/comercial/CostosMargenes.jsx,2003,{prod.sistema_origen === 'SOFTRESTAURANT_PRO' ? 'SR' : 'MPRO'}
ALTA,PROHIBIDO_POSIBLE_LIVE_VISUAL,Comercial,remote POS names,/app/frontend/src/pages/comercial/CostosMargenes.jsx,3177,sol.system_type === 'SOFTRESTAURANT_PRO'
ALTA,PROHIBIDO_POSIBLE_LIVE_VISUAL,Comercial,remote POS names,/app/frontend/src/pages/comercial/CostosMargenes.jsx,3181,{sol.system_type === 'SOFTRESTAURANT_PRO' ? 'SR' : 'MPRO'}
ALTA,PROHIBIDO_POSIBLE_LIVE_VISUAL,Compras,pytds.connect,/app/backend/modules/compras/historical_kpis_repository.py,50,return pytds.connect(
ALTA,PROHIBIDO_FRONTEND_FILTROS,Compras,frontend api servers,/app/backend/tests/test_compras_analisis.py,30,"servers_response = requests.get(f""{BASE_URL}/api/servers"", headers=self.headers)"
ALTA,PROHIBIDO_POSIBLE_LIVE_VISUAL,Compras,remote POS names,/app/backend/tests/test_compras_analisis.py,188,"f""{BASE_URL}/api/compras/facturas-proveedor/{self.softrestaurant_server['id']}"","
ALTA,PROHIBIDO_POSIBLE_LIVE_VISUAL,Compras,remote POS names,/app/backend/tests/test_compras_analisis.py,205,"f""{BASE_URL}/api/compras/facturas-proveedor/{self.softrestaurant_server['id']}"","
ALTA,PROHIBIDO_POSIBLE_LIVE_VISUAL,Compras,remote POS names,/app/backend/tests/test_compras_analisis.py,238,"f""{BASE_URL}/api/compras/detalle-factura/{self.softrestaurant_server['id']}/TEST-001"","
ALTA,PROHIBIDO_POSIBLE_LIVE_VISUAL,Compras,remote POS names,/app/backend/tests/test_compras_analisis.py,250,"f""{BASE_URL}/api/compras/detalle-factura/{self.softrestaurant_server['id']}/TEST-001"","
ALTA,PROHIBIDO_FRONTEND_FILTROS,Compras,frontend api servers,/app/backend/tests/test_compras_analisis.py,280,"servers_response = requests.get(f""{BASE_URL}/api/servers"", headers=self.headers)"
ALTA,PROHIBIDO_POSIBLE_LIVE_VISUAL,Compras,remote POS names,/app/backend/tests/test_compras_analisis.py,289,def test_mpro_analisis_endpoint(self):
ALTA,PROHIBIDO_POSIBLE_LIVE_VISUAL,Compras,remote POS names,/app/backend/tests/test_compras_analisis.py,290,"""""""Test analisis endpoint for MPRO server"""""""
ALTA,PROHIBIDO_POSIBLE_LIVE_VISUAL,Compras,remote POS names,/app/backend/tests/test_compras_analisis.py,296,"f""{BASE_URL}/api/servers/{self.mpro_server['id']}/sucursales"","
ALTA,PROHIBIDO_FRONTEND_FILTROS,Compras,frontend api servers,/app/backend/tests/test_compras_analisis.py,296,"f""{BASE_URL}/api/servers/{self.mpro_server['id']}/sucursales"","
ALTA,PROHIBIDO_FRONTEND_FILTROS,Compras,frontend api servers,/app/backend/tests/test_compras_module.py,72,"f""{BASE_URL}/api/servers"","
ALTA,PROHIBIDO_POSIBLE_LIVE_VISUAL,Compras,remote POS names,/app/backend/tests/test_compras_module.py,88,"f""{BASE_URL}/api/servers/{MPRO_SERVER_ID}/sucursales"","
ALTA,PROHIBIDO_FRONTEND_FILTROS,Compras,frontend api servers,/app/backend/tests/test_compras_module.py,88,"f""{BASE_URL}/api/servers/{MPRO_SERVER_ID}/sucursales"","
ALTA,PROHIBIDO_POSIBLE_LIVE_VISUAL,Compras,remote POS names,/app/backend/tests/test_compras_module.py,111,"f""{BASE_URL}/api/servers/{MPRO_SERVER_ID}/sucursales"","
ALTA,PROHIBIDO_FRONTEND_FILTROS,Compras,frontend api servers,/app/backend/tests/test_compras_module.py,111,"f""{BASE_URL}/api/servers/{MPRO_SERVER_ID}/sucursales"","
ALTA,PROHIBIDO_POSIBLE_LIVE_VISUAL,Compras,remote POS names,/app/backend/tests/test_compras_module.py,121,"f""{BASE_URL}/api/servers/{MPRO_SERVER_ID}/almacenes?sucursal={sucursal_nombre}"","
ALTA,PROHIBIDO_FRONTEND_FILTROS,Compras,frontend api servers,/app/backend/tests/test_compras_module.py,121,"f""{BASE_URL}/api/servers/{MPRO_SERVER_ID}/almacenes?sucursal={sucursal_nombre}"","
ALTA,PROHIBIDO_POSIBLE_LIVE_VISUAL,Compras,remote POS names,/app/backend/tests/test_compras_module.py,158,"f""{BASE_URL}/api/servers/{MPRO_SERVER_ID}/sucursales"","
ALTA,PROHIBIDO_FRONTEND_FILTROS,Compras,frontend api servers,/app/backend/tests/test_compras_module.py,158,"f""{BASE_URL}/api/servers/{MPRO_SERVER_ID}/sucursales"","
ALTA,PROHIBIDO_POSIBLE_LIVE_VISUAL,Compras,remote POS names,/app/backend/tests/test_compras_module.py,169,"f""{BASE_URL}/api/servers/{MPRO_SERVER_ID}/almacenes?sucursal={sucursal_nombre}"","
ALTA,PROHIBIDO_FRONTEND_FILTROS,Compras,frontend api servers,/app/backend/tests/test_compras_module.py,169,"f""{BASE_URL}/api/servers/{MPRO_SERVER_ID}/almacenes?sucursal={sucursal_nombre}"","
ALTA,PROHIBIDO_POSIBLE_LIVE_VISUAL,Compras,remote POS names,/app/backend/tests/test_compras_module.py,361,"f""{BASE_URL}/api/compras/parametros/{MPRO_SERVER_ID}"","
ALTA,PROHIBIDO_POSIBLE_LIVE_VISUAL,Compras,remote POS names,/app/frontend/src/components/compras/operativas/AutomatizacionesTable.jsx,49,"<Badge variant=""outline"" className=""text-xs"">{item.origen_sistema || 'MPRO'}</Badge>"
ALTA,PROHIBIDO_POSIBLE_LIVE_VISUAL,Compras,remote POS names,/app/frontend/src/pages/Compras.js,906,"const [kpis, setKpis] = useState({ totalCompras: 0, numProveedores: 0, numFacturas: 0, promedioFactura: 0 });"
ALTA,PROHIBIDO_POSIBLE_LIVE_VISUAL,Compras,remote POS names,/app/frontend/src/pages/Compras.js,939,"numProveedores: proveedores.length,"
ALTA,PROHIBIDO_POSIBLE_LIVE_VISUAL,Compras,remote POS names,/app/frontend/src/pages/Compras.js,947,"setKpis({ totalCompras: 0, numProveedores: 0, numFacturas: 0, promedioFactura: 0 });"
ALTA,PROHIBIDO_POSIBLE_LIVE_VISUAL,Compras,remote POS names,/app/frontend/src/pages/Compras.js,1127,"<p className=""text-xl font-bold text-blue-600"">{kpis.numProveedores}</p>"
ALTA,PROHIBIDO_POSIBLE_LIVE_VISUAL,Compras,remote POS names,/app/frontend/src/pages/Compras.js,3497,"// Para unidades con sucursal_origen_id definida (MPRO), preseleccionar"
ALTA,PROHIBIDO_POSIBLE_LIVE_VISUAL,Compras,remote POS names,/app/frontend/src/pages/Compras.js,3501,"// Para MPRO, usar el código de sucursal (id) directamente, no el nombre."
ALTA,PROHIBIDO_POSIBLE_LIVE_VISUAL,Compras,remote POS names,/app/frontend/src/pages/Compras.js,3508,// Usar el ID/código exacto para MPRO
ALTA,PROHIBIDO_POSIBLE_LIVE_VISUAL,Compras,remote POS names,/app/frontend/src/pages/Compras.js,3514,// SoftRestaurant: usar nombre ya que es single-tenant
ALTA,PROHIBIDO_POSIBLE_LIVE_VISUAL,Dashboard,remote POS names,/app/backend/core/policies/no_live_dashboard_policy.py,3,"Los dashboards y reportes ejecutivos no deben consultar SoftRestaurant, MPRO,"
ALTA,PROHIBIDO_POSIBLE_LIVE_VISUAL,Dashboard,pyodbc.connect,/app/backend/core/policies/no_live_dashboard_policy.py,13,"""pyodbc.connect("","
ALTA,PROHIBIDO_POSIBLE_LIVE_VISUAL,Dashboard,pymssql.connect,/app/backend/core/policies/no_live_dashboard_policy.py,14,"""pymssql.connect("","
ALTA,PROHIBIDO_POSIBLE_LIVE_VISUAL,Dashboard,pymssql.connect,/app/backend/modules/tablajeria/dashboard_service.py,27,return pymssql.connect(
ALTA,PROHIBIDO_POSIBLE_LIVE_VISUAL,Dashboard,remote POS names,/app/backend/tests/test_dashboard_servers.py,4,- MPRO (ManagmentPro)
ALTA,PROHIBIDO_POSIBLE_LIVE_VISUAL,Dashboard,remote POS names,/app/backend/tests/test_dashboard_servers.py,5,- Cienfuegos SoftRestaurant
ALTA,PROHIBIDO_POSIBLE_LIVE_VISUAL,Dashboard,remote POS names,/app/backend/tests/test_dashboard_servers.py,6,- LA ESTELAR (SoftRestaurant)
ALTA,PROHIBIDO_POSIBLE_LIVE_VISUAL,Dashboard,remote POS names,/app/backend/tests/test_dashboard_servers.py,23,"""MPRO"": ""1b230a06-ffaf-4c70-bd27-b1be3579dea6"","
ALTA,PROHIBIDO_POSIBLE_LIVE_VISUAL,Dashboard,remote POS names,/app/backend/tests/test_dashboard_servers.py,109,class TestDashboardMPRO:
ALTA,PROHIBIDO_POSIBLE_LIVE_VISUAL,Dashboard,remote POS names,/app/backend/tests/test_dashboard_servers.py,110,"""""""Test dashboard functionality with MPRO server"""""""
ALTA,PROHIBIDO_POSIBLE_LIVE_VISUAL,Dashboard,remote POS names,/app/backend/tests/test_dashboard_servers.py,112,"def test_dashboard_mpro_loads(self, auth_headers):"
ALTA,PROHIBIDO_POSIBLE_LIVE_VISUAL,Dashboard,remote POS names,/app/backend/tests/test_dashboard_servers.py,113,"""""""Test dashboard loads data for MPRO server"""""""
ALTA,PROHIBIDO_POSIBLE_LIVE_VISUAL,Dashboard,remote POS names,/app/backend/tests/test_dashboard_servers.py,114,"server_id = SERVER_IDS[""MPRO""]"
ALTA,PROHIBIDO_POSIBLE_LIVE_VISUAL,Dashboard,remote POS names,/app/backend/tests/test_dashboard_servers.py,120,"assert response.status_code == 200, f""MPRO dashboard failed: {response.text}"""
ALTA,PROHIBIDO_POSIBLE_LIVE_VISUAL,Dashboard,remote POS names,/app/backend/tests/test_dashboard_servers.py,124,"assert data[""success""], f""MPRO dashboard returned error: {data.get('message')}"""
ALTA,PROHIBIDO_POSIBLE_LIVE_VISUAL,Dashboard,remote POS names,/app/backend/tests/test_dashboard_servers.py,131,"print(f""MPRO Dashboard - Server: {dashboard_data.get('server_name')}"")"
ALTA,PROHIBIDO_POSIBLE_LIVE_VISUAL,Dashboard,remote POS names,/app/backend/tests/test_dashboard_servers.py,132,"print(f""MPRO KPIs: {dashboard_data.get('kpis')}"")"
ALTA,PROHIBIDO_POSIBLE_LIVE_VISUAL,Dashboard,remote POS names,/app/backend/tests/test_dashboard_servers.py,134,"def test_mpro_kpis_calculated(self, auth_headers):"
ALTA,PROHIBIDO_POSIBLE_LIVE_VISUAL,Dashboard,remote POS names,/app/backend/tests/test_dashboard_servers.py,135,"""""""Verify KPIs are calculated for MPRO"""""""
ALTA,PROHIBIDO_POSIBLE_LIVE_VISUAL,Dashboard,remote POS names,/app/backend/tests/test_dashboard_servers.py,136,"server_id = SERVER_IDS[""MPRO""]"
ALTA,PROHIBIDO_POSIBLE_LIVE_VISUAL,Dashboard,remote POS names,/app/backend/tests/test_dashboard_servers.py,158,"print(f""MPRO KPIs validated: {len(expected_kpi_fields)} fields present"")"
ALTA,PROHIBIDO_POSIBLE_LIVE_VISUAL,Dashboard,remote POS names,/app/backend/tests/test_dashboard_servers.py,162,"""""""Test dashboard functionality with Cienfuegos SoftRestaurant server"""""""
ALTA,PROHIBIDO_POSIBLE_LIVE_VISUAL,Dashboard,remote POS names,/app/backend/tests/test_dashboard_servers.py,236,class TestMPROFilters:
ALTA,PROHIBIDO_POSIBLE_LIVE_VISUAL,Dashboard,remote POS names,/app/backend/tests/test_dashboard_servers.py,237,"""""""Test filter endpoints for MPRO server"""""""
ALTA,PROHIBIDO_POSIBLE_LIVE_VISUAL,Dashboard,remote POS names,/app/backend/tests/test_dashboard_servers.py,239,"def test_mpro_tipos_movimiento(self, auth_headers):"
ALTA,PROHIBIDO_POSIBLE_LIVE_VISUAL,Dashboard,remote POS names,/app/backend/tests/test_dashboard_servers.py,240,"""""""Test tipos-movimiento endpoint for MPRO"""""""
ALTA,PROHIBIDO_POSIBLE_LIVE_VISUAL,Dashboard,remote POS names,/app/backend/tests/test_dashboard_servers.py,241,"server_id = SERVER_IDS[""MPRO""]"
ALTA,PROHIBIDO_FRONTEND_FILTROS,Dashboard,frontend api servers,/app/backend/tests/test_dashboard_servers.py,243,"f""{BASE_URL}/api/servers/{server_id}/tipos-movimiento"","
ALTA,PROHIBIDO_POSIBLE_LIVE_VISUAL,Dashboard,remote POS names,/app/backend/tests/test_dashboard_servers.py,250,"print(f""MPRO Tipos Movimiento count: {len(data)}"")"
ALTA,PROHIBIDO_POSIBLE_LIVE_VISUAL,Dashboard,remote POS names,/app/backend/tests/test_dashboard_servers.py,257,"def test_mpro_categorias(self, auth_headers):"
ALTA,PROHIBIDO_POSIBLE_LIVE_VISUAL,Dashboard,remote POS names,/app/backend/tests/test_dashboard_servers.py,258,"""""""Test categorias endpoint for MPRO"""""""
ALTA,PROHIBIDO_POSIBLE_LIVE_VISUAL,Dashboard,remote POS names,/app/backend/tests/test_dashboard_servers.py,259,"server_id = SERVER_IDS[""MPRO""]"
ALTA,PROHIBIDO_FRONTEND_FILTROS,Dashboard,frontend api servers,/app/backend/tests/test_dashboard_servers.py,261,"f""{BASE_URL}/api/servers/{server_id}/categorias"","
ALTA,PROHIBIDO_POSIBLE_LIVE_VISUAL,Dashboard,remote POS names,/app/backend/tests/test_dashboard_servers.py,268,"print(f""MPRO Categorías count: {len(data)}"")"
ALTA,PROHIBIDO_POSIBLE_LIVE_VISUAL,Dashboard,remote POS names,/app/backend/tests/test_dashboard_servers.py,270,"def test_mpro_departamentos(self, auth_headers):"
ALTA,PROHIBIDO_POSIBLE_LIVE_VISUAL,Dashboard,remote POS names,/app/backend/tests/test_dashboard_servers.py,271,"""""""Test departamentos endpoint for MPRO"""""""
ALTA,PROHIBIDO_POSIBLE_LIVE_VISUAL,Dashboard,remote POS names,/app/backend/tests/test_dashboard_servers.py,272,"server_id = SERVER_IDS[""MPRO""]"
ALTA,PROHIBIDO_FRONTEND_FILTROS,Dashboard,frontend api servers,/app/backend/tests/test_dashboard_servers.py,274,"f""{BASE_URL}/api/servers/{server_id}/departamentos"","
ALTA,PROHIBIDO_POSIBLE_LIVE_VISUAL,Dashboard,remote POS names,/app/backend/tests/test_dashboard_servers.py,281,"print(f""MPRO Departamentos count: {len(data)}"")"
ALTA,PROHIBIDO_FRONTEND_FILTROS,Dashboard,frontend api servers,/app/backend/tests/test_dashboard_servers.py,291,"f""{BASE_URL}/api/servers/{server_id}/tipos-movimiento"","
ALTA,PROHIBIDO_FRONTEND_FILTROS,Dashboard,frontend api servers,/app/backend/tests/test_dashboard_servers.py,304,"f""{BASE_URL}/api/servers/{server_id}/categorias"","
ALTA,PROHIBIDO_FRONTEND_FILTROS,Dashboard,frontend api servers,/app/backend/tests/test_dashboard_servers.py,317,"f""{BASE_URL}/api/servers/{server_id}/departamentos"","
ALTA,PROHIBIDO_FRONTEND_FILTROS,Dashboard,frontend api servers,/app/backend/tests/test_dashboard_servers.py,331,"""""""Test GET /api/servers returns all active servers"""""""
ALTA,PROHIBIDO_FRONTEND_FILTROS,Dashboard,frontend api servers,/app/backend/tests/test_dashboard_servers.py,333,"f""{BASE_URL}/api/servers"","
ALTA,PROHIBIDO_FRONTEND_FILTROS,Dashboard,frontend api servers,/app/backend/tests/test_dashboard_servers.py,353,"f""{BASE_URL}/api/servers"","
ALTA,PROHIBIDO_POSIBLE_LIVE_VISUAL,Dashboard,remote POS names,/app/frontend/src/portal/pages/DashboardPage.jsx,276,"// AZUL sutil para MPRO, VIOLETA sutil para SoftRestaurant"
ALTA,PROHIBIDO_POSIBLE_LIVE_VISUAL,Dashboard,remote POS names,/app/frontend/src/portal/pages/DashboardPage.jsx,277,const isMPRO = s.system_type === 'MPRO';
ALTA,PROHIBIDO_POSIBLE_LIVE_VISUAL,Dashboard,remote POS names,/app/frontend/src/portal/pages/DashboardPage.jsx,283,"backgroundColor: isMPRO ? '#F5F9FF' : '#FAF8FF',"
ALTA,PROHIBIDO_POSIBLE_LIVE_VISUAL,Dashboard,remote POS names,/app/frontend/src/portal/pages/DashboardPage.jsx,284,border: isMPRO ? '1px solid #E1EDFB' : '1px solid #EDE9F5'
ALTA,PROHIBIDO_POSIBLE_LIVE_VISUAL,Dashboard,remote POS names,/app/frontend/src/portal/pages/DashboardPage.jsx,336,style={s.system_type === 'MPRO'
ALTA,PROHIBIDO_POSIBLE_LIVE_VISUAL,Dashboard,remote POS names,/app/frontend/src/portal/pages/DashboardPage.jsx,344,style={s.system_type === 'MPRO'
ALTA,PROHIBIDO_POSIBLE_LIVE_VISUAL,Dashboard,remote POS names,/app/frontend/src/portal/pages/DashboardPage.jsx,349,{s.system_type === 'MPRO' ? 'Management Pro' : 'Soft Restaurant'}
ALTA,PROHIBIDO_POSIBLE_LIVE_VISUAL,Dashboard,remote POS names,/app/frontend/src/portal/pages/DashboardPage.jsx,418,style={suc.system_type === 'MPRO'
ALTA,PROHIBIDO_POSIBLE_LIVE_VISUAL,Dashboard,remote POS names,/app/frontend/src/portal/pages/DashboardPage.jsx,423,{suc.system_type === 'MPRO' ? 'MPro' : 'SR'}
ALTA,PROHIBIDO_POSIBLE_LIVE_VISUAL,ExploradorBD,remote POS names,/app/frontend/src/pages/ExploradorBD.js,807,// El primer combo usa códigos canónicos (SOFTRESTAURANT) pero las conexiones
ALTA,PROHIBIDO_POSIBLE_LIVE_VISUAL,ExploradorBD,remote POS names,/app/frontend/src/pages/ExploradorBD.js,808,"// pueden tener variantes (SoftRestaurant, SOFRESATAURANT_ENTER)"
ALTA,PROHIBIDO_POSIBLE_LIVE_VISUAL,ExploradorBD,remote POS names,/app/frontend/src/services/exploradorService.js,15,* - Elimina hardcoding de SOFTRESTAURANT/MPRO/API_LOCAL
ALTA,PROHIBIDO_POSIBLE_LIVE_VISUAL,ExploradorBD,remote POS names,/app/frontend/src/services/exploradorService.js,31,"*   - sistema_codigo: MPRO, SOFTRESTAURANT, API_LOCAL, etc."
ALTA,PROHIBIDO_POSIBLE_LIVE_VISUAL,ExploradorBD,remote POS names,/app/frontend/src/services/exploradorService.js,140,"* Útil para validar variantes como ""ManagmentPro"" -> ""MPRO"""
ALTA,PROHIBIDO_POSIBLE_LIVE_VISUAL,Finanzas,remote POS names,/app/backend/modules/finanzas/cuentas_por_pagar.py,257,# FASE 1 CxP FIX: NO consultar SoftRestaurant si el filtro es exclusivamente MPRO
ALTA,PROHIBIDO_POSIBLE_LIVE_VISUAL,Finanzas,remote POS names,/app/backend/modules/finanzas/cuentas_por_pagar.py,320,# FINANZAS-CXP-MPRO-COMBINE-01: Consultar MPRO siempre que no sea filtro exclusivo SoftRestaurant
ALTA,PROHIBIDO_POSIBLE_LIVE_VISUAL,Finanzas,remote POS names,/app/backend/modules/finanzas/cuentas_por_pagar.py,333,"# Consultar MPRO si: no hay filtro, o hay filtro MPRO, o no es filtro exclusivo SR"
ALTA,PROHIBIDO_POSIBLE_LIVE_VISUAL,Finanzas,remote POS names,/app/backend/modules/finanzas/cuentas_por_pagar.py,854,# 1. Consultar SoftRestaurant (si no es filtro exclusivo MPRO)
ALTA,PROHIBIDO_POSIBLE_LIVE_VISUAL,Finanzas,remote POS names,/app/backend/modules/finanzas/cuentas_por_pagar.py,871,# 2. Consultar MPRO (si no es filtro exclusivo SoftRestaurant)
ALTA,PROHIBIDO_POSIBLE_LIVE_VISUAL,Finanzas,pytds.connect,/app/backend/modules/finanzas/historical_kpis_repository.py,49,return pytds.connect(
ALTA,PROHIBIDO_POSIBLE_LIVE_VISUAL,Finanzas,remote POS names,/app/backend/modules/finanzas/repository_softrestaurant.py,243,"logging.warning(f""[SoftRestaurant] sucursal_id no reconocido: {sucursal_id}, consultando todas"")"
ALTA,PROHIBIDO_POSIBLE_LIVE_VISUAL,Finanzas,remote POS names,/app/frontend/src/components/finanzas/FinanzasCuentasPorPagar.jsx,114,// Esto asegura que la búsqueda funcione correctamente para datos de SoftRestaurant y MPRO
ALTA,PROHIBIDO_POSIBLE_LIVE_VISUAL,Finanzas,remote POS names,/app/frontend/src/components/finanzas/FinanzasCuentasPorPagar.jsx,736,"M: { bg: 'bg-indigo-600', border: 'border-l-indigo-500', text: 'MPRO' }"
ALTA,PROHIBIDO_POSIBLE_LIVE_VISUAL,Finanzas,remote POS names,/app/frontend/src/pages/Finanzas.js,66,"const [cxpSucursales, setCxpSucursales] = useState([]);  // Sucursales de MPRO para CxP"
ALTA,PROHIBIDO_POSIBLE_LIVE_VISUAL,Finanzas,remote POS names,/app/frontend/src/pages/Finanzas.js,181,"// Ordenar categorías: A, B, X, M (MPRO)"
ALTA,PROHIBIDO_POSIBLE_LIVE_VISUAL,Finanzas,remote POS names,/app/frontend/src/pages/Finanzas.js,360,// Load sucursales CxP (MPRO - para cuentas por pagar)
ALTA,PROHIBIDO_POSIBLE_LIVE_VISUAL,Finanzas,direct host ddns,/app/frontend/src/pages/Finanzas.js,388,"// El backend espera sucursal_id con el código/nombre de la unidad (ej: ""CIENFUEGOS"", ""130MID"")"
ALTA,PROHIBIDO_POSIBLE_LIVE_VISUAL,Finanzas,direct host ddns,/app/frontend/src/pages/Finanzas.js,397,"// Usar el código de la unidad (ej: ""CIENFUEGOS"", ""130MID"", ""ESTELAR"")"
ALTA,PROHIBIDO_POSIBLE_LIVE_VISUAL,Finanzas,remote POS names,/app/frontend/src/pages/Finanzas.js,806,loadCxpSucursales();  // Cargar sucursales de MPRO para CxP
ALTA,PROHIBIDO_POSIBLE_LIVE_VISUAL,Finanzas / Propinas TPV,remote POS names,/app/backend/modules/finanzas/propinas_tpv/repository.py,8,- Consultas SQL a SoftRestaurant (SOLO LECTURA)
ALTA,PROHIBIDO_POSIBLE_LIVE_VISUAL,Finanzas / Propinas TPV,remote POS names,/app/backend/modules/finanzas/propinas_tpv/repository.py,116,"logger.info(f""Consultando propinas SoftRestaurant: {server['name']} [{fecha_inicio} - {fecha_fin}]"")"
ALTA,PROHIBIDO_POSIBLE_LIVE_VISUAL,Finanzas / Propinas TPV,remote POS names,/app/backend/modules/finanzas/propinas_tpv/routes_sql.py,571,"""""""Consulta propinas de SoftRestaurant sin guardar."""""""
ALTA,PROHIBIDO_POSIBLE_LIVE_VISUAL,Finanzas / Propinas TPV,remote POS names,/app/frontend/src/components/finanzas/propinas/PropinasTable.jsx,84,"'SoftRestaurant': 'bg-blue-100 text-blue-700',"
ALTA,PROHIBIDO_POSIBLE_LIVE_VISUAL,Finanzas / Propinas TPV,remote POS names,/app/frontend/src/components/finanzas/propinas/PropinasTable.jsx,85,'MPRO': 'bg-purple-100 text-purple-700'
ALTA,PROHIBIDO_FRONTEND_FILTROS,Inventarios,frontend api servers,/app/backend/tests/test_comparativo_inventarios.py,74,"response = self.session.get(f""{BASE_URL}/api/servers"")"
ALTA,PROHIBIDO_POSIBLE_LIVE_VISUAL,Inventarios,remote POS names,/app/backend/tests/test_comparativo_inventarios.py,88,"response = self.session.get(f""{BASE_URL}/api/servers/{MPRO_SERVER_ID}/sucursales"")"
ALTA,PROHIBIDO_FRONTEND_FILTROS,Inventarios,frontend api servers,/app/backend/tests/test_comparativo_inventarios.py,88,"response = self.session.get(f""{BASE_URL}/api/servers/{MPRO_SERVER_ID}/sucursales"")"
ALTA,PROHIBIDO_POSIBLE_LIVE_VISUAL,Inventarios,remote POS names,/app/backend/tests/test_comparativo_inventarios.py,104,"f""{BASE_URL}/api/servers/{MPRO_SERVER_ID}/almacenes"","
ALTA,PROHIBIDO_FRONTEND_FILTROS,Inventarios,frontend api servers,/app/backend/tests/test_comparativo_inventarios.py,104,"f""{BASE_URL}/api/servers/{MPRO_SERVER_ID}/almacenes"","
ALTA,PROHIBIDO_POSIBLE_LIVE_VISUAL,No clasificado,execute_sql_query,/app/backend/api/admin_core_connections.py,153,return execute_sql_query(
ALTA,PROHIBIDO_POSIBLE_LIVE_VISUAL,No clasificado,execute_sql_query,/app/backend/api/admin_core_connections.py,197,result = execute_sql_query(
ALTA,PROHIBIDO_POSIBLE_LIVE_VISUAL,No clasificado,pymssql.connect,/app/backend/api/admin_core_connections.py,320,connection = pymssql.connect(
ALTA,PROHIBIDO_POSIBLE_LIVE_VISUAL,No clasificado,direct host ddns,/app/backend/api/admin_data_quality.py,6,CASO ACTUAL: DATA-QUALITY-130MID-001
ALTA,PROHIBIDO_POSIBLE_LIVE_VISUAL,No clasificado,execute_sql_query,/app/backend/api/admin_data_quality.py,55,result = execute_sql_query(
ALTA,PROHIBIDO_POSIBLE_LIVE_VISUAL,No clasificado,direct host ddns,/app/backend/api/admin_data_quality.py,106,Issue: DATA-QUALITY-130MID-001
ALTA,PROHIBIDO_POSIBLE_LIVE_VISUAL,No clasificado,direct host ddns,/app/backend/api/admin_data_quality.py,120,WHERE unidad_negocio_id = '130MID'
ALTA,PROHIBIDO_POSIBLE_LIVE_VISUAL,No clasificado,direct host ddns,/app/backend/api/admin_data_quality.py,129,WHERE codigo = '130MID' AND activo = 1
ALTA,PROHIBIDO_POSIBLE_LIVE_VISUAL,No clasificado,direct host ddns,/app/backend/api/admin_data_quality.py,137,"raise HTTPException(status_code=404, detail=""No se encontró la unidad canónica 130MID"")"
ALTA,PROHIBIDO_POSIBLE_LIVE_VISUAL,No clasificado,direct host ddns,/app/backend/api/admin_data_quality.py,179,INTO #Backup_130MID_PreFix_{datetime.now().strftime('%Y%m%d_%H%M%S')}
ALTA,PROHIBIDO_POSIBLE_LIVE_VISUAL,No clasificado,direct host ddns,/app/backend/api/admin_data_quality.py,181,WHERE unidad_negocio_id = '130MID'
ALTA,PROHIBIDO_POSIBLE_LIVE_VISUAL,No clasificado,direct host ddns,/app/backend/api/admin_data_quality.py,187,WHERE unidad_negocio_id = '130MID'
ALTA,PROHIBIDO_POSIBLE_LIVE_VISUAL,No clasificado,direct host ddns,/app/backend/api/admin_data_quality.py,196,WHERE unidad_negocio_id = '130MID'
ALTA,PROHIBIDO_POSIBLE_LIVE_VISUAL,No clasificado,direct host ddns,/app/backend/api/admin_data_quality.py,204,WHERE unidad_negocio_id = '130MID'
ALTA,PROHIBIDO_POSIBLE_LIVE_VISUAL,No clasificado,direct host ddns,/app/backend/api/admin_data_quality.py,211,"issue_id=""DATA-QUALITY-130MID-001"","
ALTA,PROHIBIDO_POSIBLE_LIVE_VISUAL,No clasificado,direct host ddns,/app/backend/api/admin_data_quality.py,305,WHERE unidad_negocio_id = '130MID'
ALTA,PROHIBIDO_POSIBLE_LIVE_VISUAL,No clasificado,direct host ddns,/app/backend/api/admin_data_quality.py,313,SELECT nombre FROM Unidades_Negocio WHERE codigo = '130MID' AND activo = 1
ALTA,PROHIBIDO_POSIBLE_LIVE_VISUAL,No clasificado,direct host ddns,/app/backend/api/admin_data_quality.py,325,"""issue_id"": ""DATA-QUALITY-130MID-001"","
ALTA,PROHIBIDO_POSIBLE_LIVE_VISUAL,No clasificado,remote POS names,/app/backend/api/catalogos_sistemas.py,171,- API_LOCAL (Enterprise) SÍ aparece aquí
ALTA,PROHIBIDO_POSIBLE_LIVE_VISUAL,No clasificado,remote POS names,/app/backend/api/catalogos_sistemas.py,204,- MPRO: ManagementPro
ALTA,PROHIBIDO_POSIBLE_LIVE_VISUAL,No clasificado,remote POS names,/app/backend/api/catalogos_sistemas.py,205,- ENTERPRISE: Enterprise
ALTA,PROHIBIDO_POSIBLE_LIVE_VISUAL,No clasificado,remote POS names,/app/backend/api/catalogos_sistemas.py,206,- SOFTRESTAURANT_PRO: SoftRestaurant Pro
ALTA,PROHIBIDO_POSIBLE_LIVE_VISUAL,No clasificado,remote POS names,/app/backend/api/catalogos_sistemas.py,216,WHEN UPPER(sc.system_type) = 'ENTERPRISE' THEN 'Enterprise'
ALTA,PROHIBIDO_POSIBLE_LIVE_VISUAL,No clasificado,remote POS names,/app/backend/api/catalogos_sistemas.py,217,WHEN UPPER(sc.system_type) = 'SOFRESATAURANT_ENTER' THEN 'Enterprise'
ALTA,PROHIBIDO_POSIBLE_LIVE_VISUAL,No clasificado,remote POS names,/app/backend/api/catalogos_sistemas.py,218,WHEN UPPER(sc.system_type) = 'SOFTRESTAURANT_PRO' THEN 'SoftRestaurant Pro'
ALTA,PROHIBIDO_POSIBLE_LIVE_VISUAL,No clasificado,remote POS names,/app/backend/api/catalogos_sistemas.py,219,WHEN UPPER(sc.system_type) = 'SOFTRESTAURANT' THEN 'SoftRestaurant Pro'
ALTA,PROHIBIDO_POSIBLE_LIVE_VISUAL,No clasificado,remote POS names,/app/backend/api/catalogos_sistemas.py,220,"WHEN UPPER(sc.system_type) IN ('SOFT_RESTAURANT', 'SR') THEN 'SoftRestaurant Pro'"
ALTA,PROHIBIDO_POSIBLE_LIVE_VISUAL,No clasificado,remote POS names,/app/backend/api/catalogos_sistemas.py,221,WHEN UPPER(sc.system_type) = 'MPRO' THEN 'ManagementPro'
ALTA,PROHIBIDO_POSIBLE_LIVE_VISUAL,No clasificado,remote POS names,/app/backend/api/catalogos_sistemas.py,222,"WHEN UPPER(sc.system_type) IN ('MANAGEMENTPRO', 'MANAGMENTPRO') THEN 'ManagementPro'"
ALTA,PROHIBIDO_POSIBLE_LIVE_VISUAL,No clasificado,execute_sql_query,/app/backend/api/catalogos_sistemas.py,236,results = execute_sql_query(
ALTA,PROHIBIDO_POSIBLE_LIVE_VISUAL,No clasificado,remote POS names,/app/backend/api/catalogos_sistemas.py,275,- API_LOCAL (Enterprise) NO aparece aquí (no tiene query_ventas validada)
ALTA,PROHIBIDO_POSIBLE_LIVE_VISUAL,No clasificado,remote POS names,/app/backend/api/catalogos_sistemas.py,276,- Solo SOFTRESTAURANT y MPRO actualmente
ALTA,PROHIBIDO_POSIBLE_LIVE_VISUAL,No clasificado,remote POS names,/app/backend/api/catalogos_sistemas.py,348,- ManagmentPro -> MPRO
ALTA,PROHIBIDO_POSIBLE_LIVE_VISUAL,No clasificado,remote POS names,/app/backend/api/catalogos_sistemas.py,350,- SoftRestaurant -> SOFTRESTAURANT
ALTA,PROHIBIDO_POSIBLE_LIVE_VISUAL,No clasificado,remote POS names,/app/backend/api/catalogos_sistemas.py,351,- SR -> SOFTRESTAURANT
ALTA,PROHIBIDO_POSIBLE_LIVE_VISUAL,No clasificado,pymssql.connect,/app/backend/api/configuracion_operativa_unidades.py,98,return pymssql.connect(
ALTA,PROHIBIDO_POSIBLE_LIVE_VISUAL,No clasificado,pymssql.connect,/app/backend/api/dba_credential_p0d.py,369,conn = pymssql.connect(
ALTA,PROHIBIDO_POSIBLE_LIVE_VISUAL,No clasificado,pymssql.connect,/app/backend/api/dba_credential_p0d.py,484,conn = pymssql.connect(
ALTA,PROHIBIDO_POSIBLE_LIVE_VISUAL,No clasificado,remote POS names,/app/backend/catalogo/catalogo_consultas.py,7,# VENTAS - SoftRestaurant
ALTA,PROHIBIDO_POSIBLE_LIVE_VISUAL,No clasificado,remote POS names,/app/backend/catalogo/catalogo_consultas.py,12,"""sistema"": ""SoftRestaurant"","
ALTA,PROHIBIDO_POSIBLE_LIVE_VISUAL,No clasificado,remote POS names,/app/backend/catalogo/catalogo_consultas.py,32,"""sistema"": ""SoftRestaurant"","
ALTA,PROHIBIDO_POSIBLE_LIVE_VISUAL,No clasificado,remote POS names,/app/backend/catalogo/catalogo_consultas.py,52,"""sistema"": ""SoftRestaurant"","
ALTA,PROHIBIDO_POSIBLE_LIVE_VISUAL,No clasificado,remote POS names,/app/backend/catalogo/catalogo_consultas.py,74,"""sistema"": ""SoftRestaurant"","
ALTA,PROHIBIDO_POSIBLE_LIVE_VISUAL,No clasificado,remote POS names,/app/backend/catalogo/catalogo_consultas.py,96,"""sistema"": ""SoftRestaurant"","
ALTA,PROHIBIDO_POSIBLE_LIVE_VISUAL,No clasificado,remote POS names,/app/backend/catalogo/catalogo_consultas.py,120,"""sistema"": ""SoftRestaurant"","
ALTA,PROHIBIDO_POSIBLE_LIVE_VISUAL,No clasificado,remote POS names,/app/backend/catalogo/catalogo_consultas.py,144,"""sistema"": ""SoftRestaurant"","
ALTA,PROHIBIDO_POSIBLE_LIVE_VISUAL,No clasificado,remote POS names,/app/backend/catalogo/catalogo_consultas.py,169,"""sistema"": ""SoftRestaurant"","
ALTA,PROHIBIDO_POSIBLE_LIVE_VISUAL,No clasificado,remote POS names,/app/backend/catalogo/catalogo_consultas.py,190,# COMPRAS - SoftRestaurant
ALTA,PROHIBIDO_POSIBLE_LIVE_VISUAL,No clasificado,remote POS names,/app/backend/catalogo/catalogo_consultas.py,195,"""sistema"": ""SoftRestaurant"","
ALTA,PROHIBIDO_POSIBLE_LIVE_VISUAL,No clasificado,remote POS names,/app/backend/catalogo/catalogo_consultas.py,212,"""sistema"": ""SoftRestaurant"","
ALTA,PROHIBIDO_POSIBLE_LIVE_VISUAL,No clasificado,remote POS names,/app/backend/catalogo/catalogo_consultas.py,233,"""sistema"": ""SoftRestaurant"","
ALTA,PROHIBIDO_POSIBLE_LIVE_VISUAL,No clasificado,remote POS names,/app/backend/catalogo/catalogo_consultas.py,255,# INVENTARIOS - SoftRestaurant
ALTA,PROHIBIDO_POSIBLE_LIVE_VISUAL,No clasificado,remote POS names,/app/backend/catalogo/catalogo_consultas.py,260,"""sistema"": ""SoftRestaurant"","
ALTA,PROHIBIDO_POSIBLE_LIVE_VISUAL,No clasificado,remote POS names,/app/backend/catalogo/catalogo_consultas.py,281,# VENTAS - MPRO
ALTA,PROHIBIDO_POSIBLE_LIVE_VISUAL,No clasificado,remote POS names,/app/backend/catalogo/catalogo_consultas.py,283,"""MPRO_VENTAS_PERIODO"": {"
ALTA,PROHIBIDO_POSIBLE_LIVE_VISUAL,No clasificado,remote POS names,/app/backend/catalogo/catalogo_consultas.py,285,"""descripcion"": ""Total de ventas MPRO entre dos fechas"","
ALTA,PROHIBIDO_POSIBLE_LIVE_VISUAL,No clasificado,remote POS names,/app/backend/catalogo/catalogo_consultas.py,286,"""sistema"": ""MPRO"","
ALTA,PROHIBIDO_POSIBLE_LIVE_VISUAL,No clasificado,remote POS names,/app/backend/catalogo/catalogo_consultas.py,300,"""MPRO_VENTAS_POR_DIA"": {"
ALTA,PROHIBIDO_POSIBLE_LIVE_VISUAL,No clasificado,remote POS names,/app/backend/catalogo/catalogo_consultas.py,302,"""descripcion"": ""Ventas MPRO desglosadas por día"","
ALTA,PROHIBIDO_POSIBLE_LIVE_VISUAL,No clasificado,remote POS names,/app/backend/catalogo/catalogo_consultas.py,303,"""sistema"": ""MPRO"","
ALTA,PROHIBIDO_POSIBLE_LIVE_VISUAL,No clasificado,remote POS names,/app/backend/catalogo/catalogo_consultas.py,320,"""MPRO_VENTAS_POR_SUCURSAL"": {"
ALTA,PROHIBIDO_POSIBLE_LIVE_VISUAL,No clasificado,remote POS names,/app/backend/catalogo/catalogo_consultas.py,322,"""descripcion"": ""Ventas MPRO por sucursal/almacén"","
ALTA,PROHIBIDO_POSIBLE_LIVE_VISUAL,No clasificado,remote POS names,/app/backend/catalogo/catalogo_consultas.py,323,"""sistema"": ""MPRO"","
ALTA,PROHIBIDO_POSIBLE_LIVE_VISUAL,No clasificado,remote POS names,/app/backend/catalogo/catalogo_consultas.py,341,"""MPRO_VENTAS_POR_PRODUCTO"": {"
ALTA,PROHIBIDO_POSIBLE_LIVE_VISUAL,No clasificado,remote POS names,/app/backend/catalogo/catalogo_consultas.py,343,"""descripcion"": ""Top productos MPRO más vendidos"","
ALTA,PROHIBIDO_POSIBLE_LIVE_VISUAL,No clasificado,remote POS names,/app/backend/catalogo/catalogo_consultas.py,344,"""sistema"": ""MPRO"","
ALTA,PROHIBIDO_POSIBLE_LIVE_VISUAL,No clasificado,remote POS names,/app/backend/catalogo/catalogo_consultas.py,364,# COMPRAS - MPRO
ALTA,PROHIBIDO_POSIBLE_LIVE_VISUAL,No clasificado,remote POS names,/app/backend/catalogo/catalogo_consultas.py,366,"""MPRO_COMPRAS_PERIODO"": {"
ALTA,PROHIBIDO_POSIBLE_LIVE_VISUAL,No clasificado,remote POS names,/app/backend/catalogo/catalogo_consultas.py,368,"""descripcion"": ""Total de compras MPRO"","
ALTA,PROHIBIDO_POSIBLE_LIVE_VISUAL,No clasificado,remote POS names,/app/backend/catalogo/catalogo_consultas.py,369,"""sistema"": ""MPRO"","
ALTA,PROHIBIDO_POSIBLE_LIVE_VISUAL,No clasificado,remote POS names,/app/backend/catalogo/catalogo_consultas.py,383,"""MPRO_COMPRAS_POR_PROVEEDOR"": {"
ALTA,PROHIBIDO_POSIBLE_LIVE_VISUAL,No clasificado,remote POS names,/app/backend/catalogo/catalogo_consultas.py,385,"""descripcion"": ""Compras MPRO por proveedor"","
ALTA,PROHIBIDO_POSIBLE_LIVE_VISUAL,No clasificado,remote POS names,/app/backend/catalogo/catalogo_consultas.py,386,"""sistema"": ""MPRO"","
ALTA,PROHIBIDO_POSIBLE_LIVE_VISUAL,No clasificado,remote POS names,/app/backend/catalogo/catalogo_consultas.py,405,# PAGOS - SoftRestaurant
ALTA,PROHIBIDO_POSIBLE_LIVE_VISUAL,No clasificado,remote POS names,/app/backend/catalogo/catalogo_consultas.py,410,"""sistema"": ""SoftRestaurant"","
ALTA,PROHIBIDO_POSIBLE_LIVE_VISUAL,No clasificado,remote POS names,/app/backend/catalogo/catalogo_consultas.py,433,"""sistema"": ""SoftRestaurant"","
ALTA,PROHIBIDO_POSIBLE_LIVE_VISUAL,No clasificado,remote POS names,/app/backend/catalogo/consultas_mpro.py,1,# Catálogo de Consultas para ManagementPro (MPRO)
ALTA,PROHIBIDO_POSIBLE_LIVE_VISUAL,No clasificado,remote POS names,/app/backend/catalogo/consultas_mpro.py,4,CONSULTAS_MPRO = {
ALTA,PROHIBIDO_POSIBLE_LIVE_VISUAL,No clasificado,remote POS names,/app/backend/catalogo/consultas_mpro.py,445,# Estructura de tablas principales de MPRO
ALTA,PROHIBIDO_POSIBLE_LIVE_VISUAL,No clasificado,remote POS names,/app/backend/catalogo/consultas_mpro.py,446,ESTRUCTURA_TABLAS_MPRO = {
ALTA,PROHIBIDO_POSIBLE_LIVE_VISUAL,No clasificado,remote POS names,/app/backend/catalogo/consultas_softrestaurant.py,1,# Catálogo de Consultas para SoftRestaurant
ALTA,PROHIBIDO_POSIBLE_LIVE_VISUAL,No clasificado,remote POS names,/app/backend/catalogo/consultas_softrestaurant.py,2,# Estas consultas están adaptadas para la estructura de SoftRestaurant
ALTA,PROHIBIDO_POSIBLE_LIVE_VISUAL,No clasificado,remote POS names,/app/backend/catalogo/consultas_softrestaurant.py,4,CONSULTAS_SOFTRESTAURANT = {
ALTA,PROHIBIDO_POSIBLE_LIVE_VISUAL,No clasificado,remote POS names,/app/backend/catalogo/consultas_softrestaurant.py,166,# Estructura de tablas principales de SoftRestaurant
ALTA,PROHIBIDO_POSIBLE_LIVE_VISUAL,No clasificado,remote POS names,/app/backend/catalogo/consultas_softrestaurant.py,167,ESTRUCTURA_TABLAS_SOFTRESTAURANT = {
ALTA,PROHIBIDO_POSIBLE_LIVE_VISUAL,No clasificado,remote POS names,/app/backend/core/cache_key_builder.py,203,"# Resultado: ""comercial:dashboard:abc123:suc001:MANAGEMENTPRO:2026-04-25"""
ALTA,PROHIBIDO_POSIBLE_LIVE_VISUAL,No clasificado,remote POS names,/app/backend/core/db.py,363,igual que el reporte de SoftRestaurant.
ALTA,PROHIBIDO_POSIBLE_LIVE_VISUAL,No clasificado,remote POS names,/app/backend/core/db.py,372,# AHORA: No restar propinas para cuadrar con reporte SoftRestaurant
ALTA,PROHIBIDO_POSIBLE_LIVE_VISUAL,No clasificado,remote POS names,/app/backend/core/db.py,381,igual que el reporte de SoftRestaurant.
ALTA,PROHIBIDO_POSIBLE_LIVE_VISUAL,No clasificado,remote POS names,/app/backend/core/db.py,390,# AHORA: No restar propinas para cuadrar con reporte SoftRestaurant
ALTA,PROHIBIDO_POSIBLE_LIVE_VISUAL,No clasificado,remote POS names,/app/backend/core/providers.py,482,# Endpoint típico de ventas del día en API local MPRO
ALTA,PROHIBIDO_POSIBLE_LIVE_VISUAL,No clasificado,remote POS names,/app/backend/core/regression_checker.py,172,from modules.comercial.service import get_kpis_softrestaurant
ALTA,PROHIBIDO_POSIBLE_LIVE_VISUAL,No clasificado,remote POS names,/app/backend/core/regression_checker.py,281,"from modules.comercial.service import get_kpis_softrestaurant, get_kpis_mpro"
ALTA,PROHIBIDO_POSIBLE_LIVE_VISUAL,No clasificado,remote POS names,/app/backend/core/regression_checker.py,291,"evidence={""functions_available"": [""get_kpis_softrestaurant"", ""get_kpis_mpro""]},"
ALTA,PROHIBIDO_FRONTEND_FILTROS,No clasificado,frontend api servers,/app/backend/core/server_registry.py,15,- /api/servers endpoint
ALTA,PROHIBIDO_POSIBLE_LIVE_VISUAL,No clasificado,remote POS names,/app/backend/core/system_type_utils.py,318,Formato: [SYSTEM_TYPE][CHECK] check=is_mpro result=True endpoint=X
ALTA,PROHIBIDO_POSIBLE_LIVE_VISUAL,No clasificado,remote POS names,/app/backend/init_queries.py,13,# Consultas MPRO
ALTA,PROHIBIDO_FRONTEND_FILTROS,No clasificado,frontend api servers,/app/backend/modules/api_connections/universal_test_routes.py,23,- Endpoint SQL: /api/servers/{server_id}/universal-query-test
ALTA,PROHIBIDO_POSIBLE_LIVE_VISUAL,No clasificado,remote POS names,/app/backend/modules/consultas_sql/models.py,331,"1: ""SOFTRESTAURANT"","
ALTA,PROHIBIDO_POSIBLE_LIVE_VISUAL,No clasificado,remote POS names,/app/backend/modules/consultas_sql/models.py,332,"2: ""MPRO"","
ALTA,PROHIBIDO_POSIBLE_LIVE_VISUAL,No clasificado,remote POS names,/app/backend/modules/consultas_sql/models.py,342,"codigo_sistema: Optional[str] = None  # 'SOFTRESTAURANT', 'MPRO'"
ALTA,PROHIBIDO_POSIBLE_LIVE_VISUAL,No clasificado,execute_sql_query,/app/backend/modules/consultas_sql/repository.py,63,return execute_sql_query(
ALTA,PROHIBIDO_POSIBLE_LIVE_VISUAL,No clasificado,remote POS names,/app/backend/modules/consultas_sql/repository.py,103,"'SOFTRESTAURANT': 1,  # Alias de compatibilidad"
ALTA,PROHIBIDO_POSIBLE_LIVE_VISUAL,No clasificado,remote POS names,/app/backend/modules/consultas_sql/repository.py,104,"'SOFTRESTAURANT_PRO': 1,"
ALTA,PROHIBIDO_POSIBLE_LIVE_VISUAL,No clasificado,remote POS names,/app/backend/modules/consultas_sql/repository.py,105,"'MPRO': 2,"
ALTA,PROHIBIDO_POSIBLE_LIVE_VISUAL,No clasificado,remote POS names,/app/backend/modules/consultas_sql/repository.py,107,"'ENTERPRISE': 6,"
ALTA,PROHIBIDO_POSIBLE_LIVE_VISUAL,No clasificado,remote POS names,/app/backend/modules/consultas_sql/repository.py,648,"'consultas_softrestaurant', COUNT(*)"
ALTA,PROHIBIDO_POSIBLE_LIVE_VISUAL,No clasificado,remote POS names,/app/backend/modules/consultas_sql/repository.py,652,"'consultas_mpro', COUNT(*)"
ALTA,PROHIBIDO_POSIBLE_LIVE_VISUAL,No clasificado,execute_sql_query,/app/backend/modules/consultas_sql/routes.py,353,versiones_rows = execute_sql_query(
ALTA,PROHIBIDO_POSIBLE_LIVE_VISUAL,No clasificado,remote POS names,/app/backend/modules/consultas_sql/routes.py,428,WHEN 1 THEN 'SOFTRESTAURANT_PRO'
ALTA,PROHIBIDO_POSIBLE_LIVE_VISUAL,No clasificado,remote POS names,/app/backend/modules/consultas_sql/routes.py,429,WHEN 2 THEN 'MPRO'
ALTA,PROHIBIDO_POSIBLE_LIVE_VISUAL,No clasificado,remote POS names,/app/backend/modules/consultas_sql/routes.py,430,WHEN 6 THEN 'ENTERPRISE'
ALTA,PROHIBIDO_POSIBLE_LIVE_VISUAL,No clasificado,execute_sql_query,/app/backend/modules/consultas_sql/routes.py,445,servidores_rows = execute_sql_query(
ALTA,PROHIBIDO_POSIBLE_LIVE_VISUAL,No clasificado,execute_sql_query,/app/backend/modules/consultas_sql/routes.py,819,rows = execute_sql_query(
ALTA,PROHIBIDO_POSIBLE_LIVE_VISUAL,No clasificado,remote POS names,/app/backend/modules/consultas_sql/routes.py,888,- SOFTRESTAURANT_PRO (SistemaTipoID=1)
ALTA,PROHIBIDO_POSIBLE_LIVE_VISUAL,No clasificado,remote POS names,/app/backend/modules/consultas_sql/routes.py,889,- MPRO (SistemaTipoID=2)
ALTA,PROHIBIDO_POSIBLE_LIVE_VISUAL,No clasificado,remote POS names,/app/backend/modules/consultas_sql/routes.py,890,- ENTERPRISE (SistemaTipoID=6)
ALTA,PROHIBIDO_POSIBLE_LIVE_VISUAL,No clasificado,remote POS names,/app/backend/modules/consultas_sql/routes.py,899,"codigo=""SOFTRESTAURANT_PRO"","
ALTA,PROHIBIDO_POSIBLE_LIVE_VISUAL,No clasificado,remote POS names,/app/backend/modules/consultas_sql/routes.py,900,"nombre=""SoftRestaurant Pro"","
ALTA,PROHIBIDO_POSIBLE_LIVE_VISUAL,No clasificado,remote POS names,/app/backend/modules/consultas_sql/routes.py,901,"count_consultas=counts.get('consultas_softrestaurant', 0)"
ALTA,PROHIBIDO_POSIBLE_LIVE_VISUAL,No clasificado,remote POS names,/app/backend/modules/consultas_sql/routes.py,905,"codigo=""MPRO"","
ALTA,PROHIBIDO_POSIBLE_LIVE_VISUAL,No clasificado,remote POS names,/app/backend/modules/consultas_sql/routes.py,906,"nombre=""ManagementPro"","
ALTA,PROHIBIDO_POSIBLE_LIVE_VISUAL,No clasificado,remote POS names,/app/backend/modules/consultas_sql/routes.py,907,"count_consultas=counts.get('consultas_mpro', 0)"
ALTA,PROHIBIDO_POSIBLE_LIVE_VISUAL,No clasificado,remote POS names,/app/backend/modules/consultas_sql/service.py,69,"sistema: 'SOFTRESTAURANT', 'MPRO' o None para todos"
ALTA,PROHIBIDO_POSIBLE_LIVE_VISUAL,No clasificado,remote POS names,/app/backend/modules/consultas_sql/service.py,340,"'sistemas': ['SOFTRESTAURANT', 'MPRO'],"
ALTA,PROHIBIDO_POSIBLE_LIVE_VISUAL,No clasificado,execute_sql_query,/app/backend/modules/corporate_filters/router.py,48,"return execute_sql_query(host, port, database, username, password, query, timeout_seconds=45)"
ALTA,PROHIBIDO_POSIBLE_LIVE_VISUAL,No clasificado,remote POS names,/app/backend/modules/crm/routes.py,2,CRM Routes - Endpoints básicos del CRM Enterprise
ALTA,PROHIBIDO_POSIBLE_LIVE_VISUAL,No clasificado,remote POS names,/app/backend/routes/portal_proveedores.py,650,# MPRO: Consultar saldos desde tabla Movimiento
ALTA,PROHIBIDO_POSIBLE_LIVE_VISUAL,No clasificado,remote POS names,/app/backend/routes/portal_proveedores.py,784,# SoftRestaurant: Consultar saldos desde tabla compras
ALTA,PROHIBIDO_FRONTEND_FILTROS,No clasificado,frontend api servers,/app/backend/scripts/encrypt_core_server_secrets.py,14,- Los endpoints normales (POST/PUT/DELETE /api/servers) rechazan CORE
ALTA,PROHIBIDO_FRONTEND_FILTROS,No clasificado,frontend api servers,/app/backend/scripts/validate_catalogo_sistemas_endpoints.py,316,"response = requests.get(f""{API_URL}/api/servers"", headers=headers, timeout=30)"
ALTA,PROHIBIDO_FRONTEND_FILTROS,No clasificado,frontend api servers,/app/backend/scripts/validate_catalogo_sistemas_endpoints.py,320,"print_result(""/api/servers"", test_passed, f""{num_servers} servidores"")"
ALTA,PROHIBIDO_FRONTEND_FILTROS,No clasificado,frontend api servers,/app/backend/scripts/validate_catalogo_sistemas_endpoints.py,324,"print_result(""/api/servers"", False, str(e))"
ALTA,PROHIBIDO_FRONTEND_FILTROS,No clasificado,frontend api servers,/app/backend/scripts/validate_consultas_sql_endpoints_fase_4b.py,90,# 2. /api/servers legacy
ALTA,PROHIBIDO_FRONTEND_FILTROS,No clasificado,frontend api servers,/app/backend/scripts/validate_consultas_sql_endpoints_fase_4b.py,93,"resp = requests.get(f""{API_BASE}/api/servers"", headers=headers, timeout=30)"
ALTA,PROHIBIDO_FRONTEND_FILTROS,No clasificado,frontend api servers,/app/backend/scripts/validate_consultas_sql_endpoints_fase_4b.py,94,"log_test(""/api/servers funciona"", resp.status_code == 200, f""Status: {resp.status_code}"")"
ALTA,PROHIBIDO_FRONTEND_FILTROS,No clasificado,frontend api servers,/app/backend/scripts/validate_consultas_sql_endpoints_fase_4b.py,96,"log_test(""/api/servers funciona"", False, str(e))"
ALTA,PROHIBIDO_POSIBLE_LIVE_VISUAL,No clasificado,remote POS names,/app/backend/server.py,96,"from catalogo.consultas_mpro import CONSULTAS_MPRO, ESTRUCTURA_TABLAS_MPRO"
ALTA,PROHIBIDO_POSIBLE_LIVE_VISUAL,No clasificado,remote POS names,/app/backend/server.py,97,"from catalogo.consultas_softrestaurant import CONSULTAS_SOFTRESTAURANT, ESTRUCTURA_TABLAS_SOFTRESTAURANT"
ALTA,PROHIBIDO_POSIBLE_LIVE_VISUAL,No clasificado,remote POS names,/app/backend/server.py,457,"get_kpis_softrestaurant,"
ALTA,PROHIBIDO_POSIBLE_LIVE_VISUAL,No clasificado,remote POS names,/app/backend/server.py,458,"get_kpis_mpro,"
ALTA,PROHIBIDO_POSIBLE_LIVE_VISUAL,No clasificado,remote POS names,/app/backend/server.py,459,"get_kpis_mpro_por_sucursal,"
ALTA,PROHIBIDO_POSIBLE_LIVE_VISUAL,No clasificado,remote POS names,/app/backend/server.py,508,from modules.comercial.routes_competidores_enterprise import router as competidores_enterprise_router
ALTA,PROHIBIDO_POSIBLE_LIVE_VISUAL,No clasificado,remote POS names,/app/backend/server.py,509,api_router.include_router(competidores_enterprise_router)
ALTA,PROHIBIDO_POSIBLE_LIVE_VISUAL,No clasificado,remote POS names,/app/backend/server.py,641,# MÓDULO PROPINAS TPV: Registrar router de propinas TPV (FASE 1 MVP - Solo SoftRestaurant)
ALTA,PROHIBIDO_POSIBLE_LIVE_VISUAL,No clasificado,remote POS names,/app/backend/server.py,2908,"logging.info(f""[MPRO Sucursales] Consultando sucursales para {server['name']}..."")"
ALTA,PROHIBIDO_POSIBLE_LIVE_VISUAL,No clasificado,remote POS names,/app/backend/server.py,3498,"@api_router.get(""/servers/{server_id}/almacenes-softrestaurant"")"
ALTA,PROHIBIDO_POSIBLE_LIVE_VISUAL,No clasificado,remote POS names,/app/backend/server.py,3532,"raise HTTPException(status_code=400, detail=""Este endpoint es solo para SoftRestaurant"")"
ALTA,PROHIBIDO_POSIBLE_LIVE_VISUAL,No clasificado,remote POS names,/app/backend/server.py,4400,# Consulta proporcionada por el usuario para MPRO
ALTA,PROHIBIDO_POSIBLE_LIVE_VISUAL,No clasificado,remote POS names,/app/backend/server.py,4449,# Consulta proporcionada por el usuario para MPRO
ALTA,PROHIBIDO_POSIBLE_LIVE_VISUAL,No clasificado,remote POS names,/app/backend/server.py,5364,"logging.info(f""Reporte SoftRestaurant generado: {len(results)} productos"")"
ALTA,PROHIBIDO_POSIBLE_LIVE_VISUAL,No clasificado,remote POS names,/app/backend/server.py,6539,"for nombre, consulta in CONSULTAS_MPRO.items()"
ALTA,PROHIBIDO_POSIBLE_LIVE_VISUAL,No clasificado,remote POS names,/app/backend/server.py,6549,"for nombre, consulta in CONSULTAS_SOFTRESTAURANT.items()"
ALTA,PROHIBIDO_POSIBLE_LIVE_VISUAL,No clasificado,remote POS names,/app/backend/server.py,6602,consultas = CONSULTAS_MPRO
ALTA,PROHIBIDO_POSIBLE_LIVE_VISUAL,No clasificado,remote POS names,/app/backend/server.py,6604,consultas = CONSULTAS_SOFTRESTAURANT
ALTA,PROHIBIDO_POSIBLE_LIVE_VISUAL,No clasificado,remote POS names,/app/backend/server.py,6971,"def get_dashboard_inventory_query_softrestaurant(departamentos=None, categorias=None):"
ALTA,PROHIBIDO_POSIBLE_LIVE_VISUAL,No clasificado,remote POS names,/app/backend/server.py,6973,Consulta para obtener datos de inventario físico de SoftRestaurant
ALTA,PROHIBIDO_POSIBLE_LIVE_VISUAL,No clasificado,remote POS names,/app/backend/server.py,7037,"def get_dashboard_inventory_query_mpro(departamentos=None, categorias=None):"
ALTA,PROHIBIDO_POSIBLE_LIVE_VISUAL,No clasificado,remote POS names,/app/backend/server.py,7039,Consulta para obtener datos de inventario físico de MPRO
ALTA,PROHIBIDO_POSIBLE_LIVE_VISUAL,No clasificado,remote POS names,/app/backend/server.py,7162,"query_sql = get_dashboard_inventory_query_softrestaurant(departamentos, categorias)"
ALTA,PROHIBIDO_POSIBLE_LIVE_VISUAL,No clasificado,remote POS names,/app/backend/server.py,7164,"query_sql = get_dashboard_inventory_query_mpro(departamentos, categorias)"
ALTA,PROHIBIDO_POSIBLE_LIVE_VISUAL,No clasificado,remote POS names,/app/backend/server.py,10503,# CORRECCIÓN AUDITORIA-COMPRAS-DASHBOARD-MPRO-01 (2026-04-29):
ALTA,PROHIBIDO_POSIBLE_LIVE_VISUAL,No clasificado,remote POS names,/app/backend/server.py,10532,"logging.info(f""[COMPRAS_DASHBOARD_MPRO] Sucursal={sucursal_codigo}, Período={fecha_inicio} a {fecha_fin}"")"
ALTA,PROHIBIDO_POSIBLE_LIVE_VISUAL,No clasificado,remote POS names,/app/backend/server.py,10541,"logging.error(f""[COMPRAS_DASHBOARD_MPRO] COMPRAS_QUERY_ERROR: Sin respuesta para sucursal {sucursal_codigo}"")"
ALTA,PROHIBIDO_POSIBLE_LIVE_VISUAL,No clasificado,remote POS names,/app/backend/server.py,10600,"logging.info(f""[COMPRAS_DASHBOARD_MPRO] Resultado: {total_facturas} facturas, ${total_compras:,.2f}, {prov_activos} proveedores"")"
ALTA,PROHIBIDO_POSIBLE_LIVE_VISUAL,No clasificado,remote POS names,/app/backend/server.py,11505,# - get_kpis_softrestaurant() -> modules/comercial/service.py
ALTA,PROHIBIDO_POSIBLE_LIVE_VISUAL,No clasificado,remote POS names,/app/backend/server.py,11506,# - get_kpis_mpro() -> modules/comercial/service.py
ALTA,PROHIBIDO_POSIBLE_LIVE_VISUAL,No clasificado,remote POS names,/app/backend/server.py,11507,# - get_kpis_mpro_por_sucursal() -> modules/comercial/service.py
ALTA,PROHIBIDO_POSIBLE_LIVE_VISUAL,No clasificado,remote POS names,/app/backend/server.py,15250,if is_mpro_system(sistema_server) and not consulta_id.startswith('MPRO_'):
ALTA,PROHIBIDO_POSIBLE_LIVE_VISUAL,No clasificado,remote POS names,/app/backend/server.py,15251,"raise HTTPException(status_code=400, detail=f""Esta consulta es para {sistema_consulta}, no para MPRO"")"
ALTA,PROHIBIDO_POSIBLE_LIVE_VISUAL,No clasificado,remote POS names,/app/backend/server.py,15252,if is_softrestaurant_system(sistema_server) and not consulta_id.startswith('SR_'):
ALTA,PROHIBIDO_POSIBLE_LIVE_VISUAL,No clasificado,remote POS names,/app/backend/server.py,15253,"raise HTTPException(status_code=400, detail=f""Esta consulta es para {sistema_consulta}, no para SoftRestaurant"")"
ALTA,PROHIBIDO_FRONTEND_FILTROS,No clasificado,frontend api servers,/app/backend/tests/test_auth_mocks.py,90,"response = client.get(""/api/servers"")"
ALTA,PROHIBIDO_POSIBLE_LIVE_VISUAL,No clasificado,remote POS names,/app/backend/tests/test_bloque4_paridad.py,11,1. get_kpis_softrestaurant() -> usa query_ventas_periodo_sr()
ALTA,PROHIBIDO_POSIBLE_LIVE_VISUAL,No clasificado,remote POS names,/app/backend/tests/test_bloque4_paridad.py,12,2. get_kpis_mpro_por_sucursal() -> usa query_ventas_por_sucursal_mpro()
ALTA,PROHIBIDO_POSIBLE_LIVE_VISUAL,No clasificado,remote POS names,/app/backend/tests/test_bloque4_paridad.py,347,# Verificar uso en get_kpis_softrestaurant
ALTA,PROHIBIDO_POSIBLE_LIVE_VISUAL,No clasificado,remote POS names,/app/backend/tests/test_bloque4_paridad.py,349,"""get_kpis_softrestaurant debe llamar a query_ventas_periodo_sr"""
ALTA,PROHIBIDO_POSIBLE_LIVE_VISUAL,No clasificado,remote POS names,/app/backend/tests/test_bloque4_paridad.py,351,# Verificar uso en get_kpis_mpro_por_sucursal
ALTA,PROHIBIDO_POSIBLE_LIVE_VISUAL,No clasificado,remote POS names,/app/backend/tests/test_bloque4_paridad.py,353,"""get_kpis_mpro_por_sucursal debe llamar a query_ventas_por_sucursal_mpro"""
ALTA,PROHIBIDO_POSIBLE_LIVE_VISUAL,No clasificado,remote POS names,/app/backend/tests/test_bloque4_paridad.py,415,"print(""    - get_kpis_softrestaurant() -> usa query_ventas_periodo_sr()"")"
ALTA,PROHIBIDO_POSIBLE_LIVE_VISUAL,No clasificado,remote POS names,/app/backend/tests/test_bloque4_paridad.py,416,"print(""    - get_kpis_mpro_por_sucursal() -> usa query_ventas_por_sucursal_mpro()"")"
ALTA,PROHIBIDO_FRONTEND_FILTROS,No clasificado,frontend api servers,/app/backend/tests/test_inventory_analysis_filters.py,45,"""""""Tests for GET /api/servers/{server_id}/report-filters endpoint"""""""
ALTA,PROHIBIDO_POSIBLE_LIVE_VISUAL,No clasificado,remote POS names,/app/backend/tests/test_inventory_analysis_filters.py,61,"""""""Test that report-filters endpoint returns categorias for MPRO server"""""""
ALTA,PROHIBIDO_POSIBLE_LIVE_VISUAL,No clasificado,remote POS names,/app/backend/tests/test_inventory_analysis_filters.py,63,"f""{BASE_URL}/api/servers/{MPRO_SERVER_ID}/report-filters"","
ALTA,PROHIBIDO_FRONTEND_FILTROS,No clasificado,frontend api servers,/app/backend/tests/test_inventory_analysis_filters.py,63,"f""{BASE_URL}/api/servers/{MPRO_SERVER_ID}/report-filters"","
ALTA,PROHIBIDO_POSIBLE_LIVE_VISUAL,No clasificado,remote POS names,/app/backend/tests/test_inventory_analysis_filters.py,81,"""""""Test that report-filters endpoint returns familias for MPRO server"""""""
ALTA,PROHIBIDO_POSIBLE_LIVE_VISUAL,No clasificado,remote POS names,/app/backend/tests/test_inventory_analysis_filters.py,83,"f""{BASE_URL}/api/servers/{MPRO_SERVER_ID}/report-filters"","
ALTA,PROHIBIDO_FRONTEND_FILTROS,No clasificado,frontend api servers,/app/backend/tests/test_inventory_analysis_filters.py,83,"f""{BASE_URL}/api/servers/{MPRO_SERVER_ID}/report-filters"","
ALTA,PROHIBIDO_POSIBLE_LIVE_VISUAL,No clasificado,remote POS names,/app/backend/tests/test_inventory_analysis_filters.py,101,"""""""Test that report-filters endpoint returns subfamilias for MPRO server"""""""
ALTA,PROHIBIDO_POSIBLE_LIVE_VISUAL,No clasificado,remote POS names,/app/backend/tests/test_inventory_analysis_filters.py,103,"f""{BASE_URL}/api/servers/{MPRO_SERVER_ID}/report-filters"","
ALTA,PROHIBIDO_FRONTEND_FILTROS,No clasificado,frontend api servers,/app/backend/tests/test_inventory_analysis_filters.py,103,"f""{BASE_URL}/api/servers/{MPRO_SERVER_ID}/report-filters"","
ALTA,PROHIBIDO_POSIBLE_LIVE_VISUAL,No clasificado,remote POS names,/app/backend/tests/test_inventory_analysis_filters.py,123,"f""{BASE_URL}/api/servers/{MPRO_SERVER_ID}/report-filters"","
ALTA,PROHIBIDO_FRONTEND_FILTROS,No clasificado,frontend api servers,/app/backend/tests/test_inventory_analysis_filters.py,123,"f""{BASE_URL}/api/servers/{MPRO_SERVER_ID}/report-filters"","
ALTA,PROHIBIDO_FRONTEND_FILTROS,No clasificado,frontend api servers,/app/backend/tests/test_inventory_analysis_filters.py,137,"response = requests.get(f""{BASE_URL}/api/servers"", headers=self.headers)"
ALTA,PROHIBIDO_POSIBLE_LIVE_VISUAL,No clasificado,remote POS names,/app/backend/tests/test_inventory_analysis_filters.py,149,"f""{BASE_URL}/api/servers/{non_mpro_server['id']}/report-filters"","
ALTA,PROHIBIDO_FRONTEND_FILTROS,No clasificado,frontend api servers,/app/backend/tests/test_inventory_analysis_filters.py,149,"f""{BASE_URL}/api/servers/{non_mpro_server['id']}/report-filters"","
ALTA,PROHIBIDO_POSIBLE_LIVE_VISUAL,No clasificado,remote POS names,/app/backend/tests/test_inventory_analysis_filters.py,183,"f""{BASE_URL}/api/servers/{MPRO_SERVER_ID}/report-filters"","
ALTA,PROHIBIDO_FRONTEND_FILTROS,No clasificado,frontend api servers,/app/backend/tests/test_inventory_analysis_filters.py,183,"f""{BASE_URL}/api/servers/{MPRO_SERVER_ID}/report-filters"","
ALTA,PROHIBIDO_POSIBLE_LIVE_VISUAL,No clasificado,remote POS names,/app/backend/tests/test_inventory_analysis_filters.py,190,"f""{BASE_URL}/api/servers/{MPRO_SERVER_ID}/sucursales"","
ALTA,PROHIBIDO_FRONTEND_FILTROS,No clasificado,frontend api servers,/app/backend/tests/test_inventory_analysis_filters.py,190,"f""{BASE_URL}/api/servers/{MPRO_SERVER_ID}/sucursales"","
ALTA,PROHIBIDO_POSIBLE_LIVE_VISUAL,No clasificado,remote POS names,/app/backend/tests/test_inventory_analysis_filters.py,201,"f""{BASE_URL}/api/servers/{MPRO_SERVER_ID}/almacenes"","
ALTA,PROHIBIDO_FRONTEND_FILTROS,No clasificado,frontend api servers,/app/backend/tests/test_inventory_analysis_filters.py,201,"f""{BASE_URL}/api/servers/{MPRO_SERVER_ID}/almacenes"","
ALTA,PROHIBIDO_POSIBLE_LIVE_VISUAL,No clasificado,remote POS names,/app/backend/tests/test_inventory_analysis_filters.py,213,"f""{BASE_URL}/api/servers/{MPRO_SERVER_ID}/inventarios"","
ALTA,PROHIBIDO_FRONTEND_FILTROS,No clasificado,frontend api servers,/app/backend/tests/test_inventory_analysis_filters.py,213,"f""{BASE_URL}/api/servers/{MPRO_SERVER_ID}/inventarios"","
ALTA,PROHIBIDO_POSIBLE_LIVE_VISUAL,No clasificado,remote POS names,/app/backend/tests/test_inventory_analysis_filters.py,280,"f""{BASE_URL}/api/servers/{MPRO_SERVER_ID}/sucursales"","
ALTA,PROHIBIDO_FRONTEND_FILTROS,No clasificado,frontend api servers,/app/backend/tests/test_inventory_analysis_filters.py,280,"f""{BASE_URL}/api/servers/{MPRO_SERVER_ID}/sucursales"","
ALTA,PROHIBIDO_POSIBLE_LIVE_VISUAL,No clasificado,remote POS names,/app/backend/tests/test_inventory_analysis_filters.py,291,"f""{BASE_URL}/api/servers/{MPRO_SERVER_ID}/almacenes"","
ALTA,PROHIBIDO_FRONTEND_FILTROS,No clasificado,frontend api servers,/app/backend/tests/test_inventory_analysis_filters.py,291,"f""{BASE_URL}/api/servers/{MPRO_SERVER_ID}/almacenes"","
ALTA,PROHIBIDO_POSIBLE_LIVE_VISUAL,No clasificado,remote POS names,/app/backend/tests/test_inventory_analysis_filters.py,303,"f""{BASE_URL}/api/servers/{MPRO_SERVER_ID}/inventarios"","
ALTA,PROHIBIDO_FRONTEND_FILTROS,No clasificado,frontend api servers,/app/backend/tests/test_inventory_analysis_filters.py,303,"f""{BASE_URL}/api/servers/{MPRO_SERVER_ID}/inventarios"","
ALTA,PROHIBIDO_FRONTEND_FILTROS,No clasificado,frontend api servers,/app/backend/tests/test_inventory_analysis_filters.py,376,"response = requests.get(f""{BASE_URL}/api/servers"", headers=self.headers)"
ALTA,PROHIBIDO_POSIBLE_LIVE_VISUAL,No clasificado,remote POS names,/app/backend/tests/test_movement_sales_details.py,169,"suc_response = api_client.get(f""{BASE_URL}/api/servers/{MPRO_SERVER_ID}/sucursales"")"
ALTA,PROHIBIDO_FRONTEND_FILTROS,No clasificado,frontend api servers,/app/backend/tests/test_movement_sales_details.py,169,"suc_response = api_client.get(f""{BASE_URL}/api/servers/{MPRO_SERVER_ID}/sucursales"")"
ALTA,PROHIBIDO_POSIBLE_LIVE_VISUAL,No clasificado,remote POS names,/app/backend/tests/test_movement_sales_details.py,176,"alm_response = api_client.get(f""{BASE_URL}/api/servers/{MPRO_SERVER_ID}/almacenes"","
ALTA,PROHIBIDO_FRONTEND_FILTROS,No clasificado,frontend api servers,/app/backend/tests/test_movement_sales_details.py,176,"alm_response = api_client.get(f""{BASE_URL}/api/servers/{MPRO_SERVER_ID}/almacenes"","
ALTA,PROHIBIDO_POSIBLE_LIVE_VISUAL,No clasificado,remote POS names,/app/backend/tests/test_mpro_inventory_analysis.py,61,"f""{BASE_URL}/api/servers/{MPRO_SERVER_ID}"","
ALTA,PROHIBIDO_FRONTEND_FILTROS,No clasificado,frontend api servers,/app/backend/tests/test_mpro_inventory_analysis.py,61,"f""{BASE_URL}/api/servers/{MPRO_SERVER_ID}"","
ALTA,PROHIBIDO_POSIBLE_LIVE_VISUAL,No clasificado,remote POS names,/app/backend/tests/test_mpro_inventory_analysis.py,73,"f""{BASE_URL}/api/servers/{MPRO_SERVER_ID}/sucursales"","
ALTA,PROHIBIDO_FRONTEND_FILTROS,No clasificado,frontend api servers,/app/backend/tests/test_mpro_inventory_analysis.py,73,"f""{BASE_URL}/api/servers/{MPRO_SERVER_ID}/sucursales"","
ALTA,PROHIBIDO_POSIBLE_LIVE_VISUAL,No clasificado,remote POS names,/app/backend/tests/test_mpro_inventory_analysis.py,85,"f""{BASE_URL}/api/servers/{MPRO_SERVER_ID}/almacenes"","
ALTA,PROHIBIDO_FRONTEND_FILTROS,No clasificado,frontend api servers,/app/backend/tests/test_mpro_inventory_analysis.py,85,"f""{BASE_URL}/api/servers/{MPRO_SERVER_ID}/almacenes"","
ALTA,PROHIBIDO_POSIBLE_LIVE_VISUAL,No clasificado,remote POS names,/app/backend/tests/test_mpro_inventory_analysis.py,213,"f""{BASE_URL}/api/servers/{self.SOFTRESTAURANT_SERVER_ID}"","
ALTA,PROHIBIDO_FRONTEND_FILTROS,No clasificado,frontend api servers,/app/backend/tests/test_mpro_inventory_analysis.py,213,"f""{BASE_URL}/api/servers/{self.SOFTRESTAURANT_SERVER_ID}"","
ALTA,PROHIBIDO_POSIBLE_LIVE_VISUAL,No clasificado,remote POS names,/app/backend/tests/test_mpro_inventory_analysis.py,224,"f""{BASE_URL}/api/servers/{self.SOFTRESTAURANT_SERVER_ID}/almacenes-softrestaurant"","
ALTA,PROHIBIDO_FRONTEND_FILTROS,No clasificado,frontend api servers,/app/backend/tests/test_mpro_inventory_analysis.py,224,"f""{BASE_URL}/api/servers/{self.SOFTRESTAURANT_SERVER_ID}/almacenes-softrestaurant"","
ALTA,PROHIBIDO_POSIBLE_LIVE_VISUAL,No clasificado,remote POS names,/app/backend/tests/test_mpro_inventory_analysis.py,235,"f""{BASE_URL}/api/servers/{self.SOFTRESTAURANT_SERVER_ID}/inventarios"","
ALTA,PROHIBIDO_FRONTEND_FILTROS,No clasificado,frontend api servers,/app/backend/tests/test_mpro_inventory_analysis.py,235,"f""{BASE_URL}/api/servers/{self.SOFTRESTAURANT_SERVER_ID}/inventarios"","
ALTA,PROHIBIDO_FRONTEND_FILTROS,No clasificado,frontend api servers,/app/backend/tests/test_permissions_v5.py,83,"f""{BASE_URL}/api/servers"","
ALTA,PROHIBIDO_FRONTEND_FILTROS,No clasificado,frontend api servers,/app/backend/tests/test_permissions_v5.py,99,"f""{BASE_URL}/api/servers"","
ALTA,PROHIBIDO_FRONTEND_FILTROS,No clasificado,frontend api servers,/app/backend/tests/test_permissions_v5.py,152,"f""{BASE_URL}/api/servers/{MANAGMENT_PRO_ID}/sucursales"","
ALTA,PROHIBIDO_POSIBLE_LIVE_VISUAL,No clasificado,remote POS names,/app/backend/tests/test_softrestaurant_inventory.py,60,"f""{BASE_URL}/api/servers/{SOFTRESTAURANT_SERVER_ID}"","
ALTA,PROHIBIDO_FRONTEND_FILTROS,No clasificado,frontend api servers,/app/backend/tests/test_softrestaurant_inventory.py,60,"f""{BASE_URL}/api/servers/{SOFTRESTAURANT_SERVER_ID}"","
ALTA,PROHIBIDO_POSIBLE_LIVE_VISUAL,No clasificado,remote POS names,/app/backend/tests/test_softrestaurant_inventory.py,71,"f""{BASE_URL}/api/servers/{SOFTRESTAURANT_SERVER_ID}/almacenes-softrestaurant"","
ALTA,PROHIBIDO_FRONTEND_FILTROS,No clasificado,frontend api servers,/app/backend/tests/test_softrestaurant_inventory.py,71,"f""{BASE_URL}/api/servers/{SOFTRESTAURANT_SERVER_ID}/almacenes-softrestaurant"","
ALTA,PROHIBIDO_POSIBLE_LIVE_VISUAL,No clasificado,remote POS names,/app/backend/tests/test_softrestaurant_inventory.py,87,"f""{BASE_URL}/api/servers/{SOFTRESTAURANT_SERVER_ID}/inventarios"","
ALTA,PROHIBIDO_FRONTEND_FILTROS,No clasificado,frontend api servers,/app/backend/tests/test_softrestaurant_inventory.py,87,"f""{BASE_URL}/api/servers/{SOFTRESTAURANT_SERVER_ID}/inventarios"","
ALTA,PROHIBIDO_POSIBLE_LIVE_VISUAL,No clasificado,remote POS names,/app/backend/tests/test_softrestaurant_inventory.py,106,"f""{BASE_URL}/api/servers/{SOFTRESTAURANT_SERVER_ID}/inventarios"","
ALTA,PROHIBIDO_FRONTEND_FILTROS,No clasificado,frontend api servers,/app/backend/tests/test_softrestaurant_inventory.py,106,"f""{BASE_URL}/api/servers/{SOFTRESTAURANT_SERVER_ID}/inventarios"","
ALTA,PROHIBIDO_POSIBLE_LIVE_VISUAL,No clasificado,remote POS names,/app/backend/tests/test_softrestaurant_inventory.py,159,"f""{BASE_URL}/api/servers/{SOFTRESTAURANT_SERVER_ID}/inventarios"","
ALTA,PROHIBIDO_FRONTEND_FILTROS,No clasificado,frontend api servers,/app/backend/tests/test_softrestaurant_inventory.py,159,"f""{BASE_URL}/api/servers/{SOFTRESTAURANT_SERVER_ID}/inventarios"","
ALTA,PROHIBIDO_POSIBLE_LIVE_VISUAL,No clasificado,remote POS names,/app/backend/tests/test_softrestaurant_inventory.py,217,"f""{BASE_URL}/api/servers/{SOFTRESTAURANT_SERVER_ID}/inventarios"","
ALTA,PROHIBIDO_FRONTEND_FILTROS,No clasificado,frontend api servers,/app/backend/tests/test_softrestaurant_inventory.py,217,"f""{BASE_URL}/api/servers/{SOFTRESTAURANT_SERVER_ID}/inventarios"","
ALTA,PROHIBIDO_POSIBLE_LIVE_VISUAL,No clasificado,remote POS names,/app/backend/tests/test_softrestaurant_inventory.py,274,"f""{BASE_URL}/api/servers/{SOFTRESTAURANT_SERVER_ID}/inventarios"","
ALTA,PROHIBIDO_FRONTEND_FILTROS,No clasificado,frontend api servers,/app/backend/tests/test_softrestaurant_inventory.py,274,"f""{BASE_URL}/api/servers/{SOFTRESTAURANT_SERVER_ID}/inventarios"","
ALTA,PROHIBIDO_POSIBLE_LIVE_VISUAL,No clasificado,remote POS names,/app/backend/tests/test_softrestaurant_inventory.py,332,"f""{BASE_URL}/api/servers/{SOFTRESTAURANT_SERVER_ID}/inventarios"","
ALTA,PROHIBIDO_FRONTEND_FILTROS,No clasificado,frontend api servers,/app/backend/tests/test_softrestaurant_inventory.py,332,"f""{BASE_URL}/api/servers/{SOFTRESTAURANT_SERVER_ID}/inventarios"","
ALTA,PROHIBIDO_POSIBLE_LIVE_VISUAL,No clasificado,remote POS names,/app/backend/tests/test_sucursales_permissions.py,100,"f""{BASE_URL}/api/servers/{MPRO_SERVER_ID}/sucursales"","
ALTA,PROHIBIDO_FRONTEND_FILTROS,No clasificado,frontend api servers,/app/backend/tests/test_sucursales_permissions.py,100,"f""{BASE_URL}/api/servers/{MPRO_SERVER_ID}/sucursales"","
ALTA,PROHIBIDO_POSIBLE_LIVE_VISUAL,No clasificado,remote POS names,/app/backend/tests/test_sucursales_permissions.py,118,"f""{BASE_URL}/api/servers/{MPRO_SERVER_ID}/sucursales"","
ALTA,PROHIBIDO_FRONTEND_FILTROS,No clasificado,frontend api servers,/app/backend/tests/test_sucursales_permissions.py,118,"f""{BASE_URL}/api/servers/{MPRO_SERVER_ID}/sucursales"","
ALTA,PROHIBIDO_POSIBLE_LIVE_VISUAL,No clasificado,remote POS names,/app/backend/tests/test_sucursales_permissions.py,269,"f""{BASE_URL}/api/servers/{MPRO_SERVER_ID}/sucursales"","
ALTA,PROHIBIDO_FRONTEND_FILTROS,No clasificado,frontend api servers,/app/backend/tests/test_sucursales_permissions.py,269,"f""{BASE_URL}/api/servers/{MPRO_SERVER_ID}/sucursales"","
ALTA,PROHIBIDO_FRONTEND_FILTROS,No clasificado,frontend api servers,/app/backend/tests/test_user_permissions.py,172,"f""{BASE_URL}/api/servers"","
ALTA,PROHIBIDO_FRONTEND_FILTROS,No clasificado,frontend api servers,/app/backend/tests/test_user_permissions.py,211,"f""{BASE_URL}/api/servers"","
ALTA,PROHIBIDO_FRONTEND_FILTROS,No clasificado,frontend api servers,/app/backend/tests/test_user_permissions.py,329,"f""{BASE_URL}/api/servers/{server_id}"","
ALTA,PROHIBIDO_FRONTEND_FILTROS,No clasificado,frontend api servers,/app/backend/tests/test_user_permissions.py,353,"f""{BASE_URL}/api/servers/{server_id}"","
ALTA,PROHIBIDO_POSIBLE_LIVE_VISUAL,No clasificado,remote POS names,/app/frontend/src/App.js,34,// CRM Enterprise
ALTA,PROHIBIDO_POSIBLE_LIVE_VISUAL,No clasificado,remote POS names,/app/frontend/src/App.js,43,// CRM Comercial (Enterprise-Grade)
ALTA,PROHIBIDO_POSIBLE_LIVE_VISUAL,No clasificado,remote POS names,/app/frontend/src/App.js,111,{/* CRM Enterprise */}
ALTA,PROHIBIDO_POSIBLE_LIVE_VISUAL,No clasificado,remote POS names,/app/frontend/src/App.js,117,{/* CRM Comercial (Enterprise-Grade) */}
ALTA,PROHIBIDO_POSIBLE_LIVE_VISUAL,No clasificado,remote POS names,/app/frontend/src/components/QueryConfigWizard.js,32,placeholder: `-- Ejemplo para SoftRestaurant:
ALTA,PROHIBIDO_POSIBLE_LIVE_VISUAL,No clasificado,remote POS names,/app/frontend/src/components/QueryConfigWizard.js,43,-- Ejemplo para MPRO:
ALTA,PROHIBIDO_POSIBLE_LIVE_VISUAL,No clasificado,remote POS names,/app/frontend/src/components/QueryConfigWizard.js,60,placeholder: `-- Ejemplo para SoftRestaurant:
ALTA,PROHIBIDO_POSIBLE_LIVE_VISUAL,No clasificado,remote POS names,/app/frontend/src/components/QueryConfigWizard.js,73,-- Ejemplo para MPRO:
ALTA,PROHIBIDO_POSIBLE_LIVE_VISUAL,No clasificado,remote POS names,/app/frontend/src/components/QueryConfigWizard.js,91,placeholder: `-- Ejemplo para SoftRestaurant (Compras):
ALTA,PROHIBIDO_POSIBLE_LIVE_VISUAL,No clasificado,remote POS names,/app/frontend/src/components/QueryConfigWizard.js,104,-- Ejemplo para MPRO:
ALTA,PROHIBIDO_POSIBLE_LIVE_VISUAL,No clasificado,remote POS names,/app/frontend/src/components/catalogo-consultas/useCatalogoConsultasData.js,11,* Ya no hardcodea SoftRestaurant y MPRO.
ALTA,PROHIBIDO_POSIBLE_LIVE_VISUAL,No clasificado,remote POS names,/app/frontend/src/components/catalogo-consultas/useCatalogoConsultasData.js,133,"{ Codigo: 'SOFTRESTAURANT', Descripcion: 'SoftRestaurant' },"
ALTA,PROHIBIDO_POSIBLE_LIVE_VISUAL,No clasificado,remote POS names,/app/frontend/src/components/catalogo-consultas/useCatalogoConsultasData.js,134,"{ Codigo: 'MPRO', Descripcion: 'ManagementPro (MPRO)' }"
ALTA,PROHIBIDO_POSIBLE_LIVE_VISUAL,No clasificado,remote POS names,/app/frontend/src/components/crm/PipelineKanban.jsx,38,"<h1 className=""text-2xl font-bold tracking-tight text-white"">🏛️ Pipeline Enterprise - Tablero Kanban</h1>"
ALTA,PROHIBIDO_POSIBLE_LIVE_VISUAL,No clasificado,remote POS names,/app/frontend/src/components/tesoreria/TesoreriaCorteZComponents.jsx,204,corte.fuente === 'SOFTRESTAURANT' ? 'bg-emerald-100' : 'bg-indigo-100'
ALTA,PROHIBIDO_POSIBLE_LIVE_VISUAL,No clasificado,remote POS names,/app/frontend/src/components/tesoreria/TesoreriaCorteZComponents.jsx,207,corte.fuente === 'SOFTRESTAURANT' ? 'text-emerald-600' : 'text-indigo-600'
ALTA,PROHIBIDO_FRONTEND_FILTROS,No clasificado,frontend api servers,/app/frontend/src/components/tesoreria/useTesoreriaCorteZData.js,6,* FIX BUG 2026-05-26: Usa fetchUnidadesNegocio centralizado en lugar de /api/servers
ALTA,PROHIBIDO_POSIBLE_LIVE_VISUAL,No clasificado,remote POS names,/app/frontend/src/components/ui/form.jsx,3,"import { Controller, FormProvider, useFormContext } from ""react-hook-form"";"
ALTA,PROHIBIDO_POSIBLE_LIVE_VISUAL,No clasificado,remote POS names,/app/frontend/src/components/ui/form.jsx,8,const Form = FormProvider
ALTA,PROHIBIDO_FRONTEND_FILTROS,No clasificado,frontend api servers,/app/frontend/src/filters/corporateFiltersApi.js,11,* - No usar /api/servers ni /api/sucursales.
ALTA,PROHIBIDO_FRONTEND_FILTROS,No clasificado,frontend api sucursales,/app/frontend/src/filters/corporateFiltersApi.js,11,* - No usar /api/servers ni /api/sucursales.
ALTA,PROHIBIDO_POSIBLE_LIVE_VISUAL,No clasificado,remote POS names,/app/frontend/src/pages/CatalogoConsultas.js,69,if (sistemaConsulta === 'SOFTRESTAURANT' && sistemaServer === 'SOFTRESTAURANT') return true;
ALTA,PROHIBIDO_POSIBLE_LIVE_VISUAL,No clasificado,remote POS names,/app/frontend/src/pages/CatalogoConsultas.js,70,if (sistemaConsulta === 'MPRO' && sistemaServer === 'MPRO') return true;
ALTA,PROHIBIDO_POSIBLE_LIVE_VISUAL,No clasificado,remote POS names,/app/frontend/src/pages/CatalogoConsultas.js,71,if (sistemaConsulta === 'MANAGEMENTPRO (MPRO)' && sistemaServer === 'MPRO') return true;
ALTA,PROHIBIDO_POSIBLE_LIVE_VISUAL,No clasificado,remote POS names,/app/frontend/src/pages/CatalogoConsultas.js,167,c.sistema?.toUpperCase() === 'MPRO'
ALTA,PROHIBIDO_POSIBLE_LIVE_VISUAL,No clasificado,remote POS names,/app/frontend/src/pages/CatalogoConsultas.js,169,: c.sistema?.toUpperCase() === 'SOFTRESTAURANT'
ALTA,PROHIBIDO_POSIBLE_LIVE_VISUAL,No clasificado,remote POS names,/app/frontend/src/services/unidadesNegocioService.js,35,"*   - system_type: Tipo de sistema origen (MPRO, SoftRestaurant)"
ALTA,PROHIBIDO_POSIBLE_LIVE_VISUAL,No clasificado,remote POS names,/app/frontend/src/services/unidadesNegocioService.js,36,*   - sucursal_origen_id: ID de sucursal en sistema externo (para MPRO)
ALTA,PROHIBIDO_POSIBLE_LIVE_VISUAL,No clasificado,remote POS names,/app/frontend/src/services/unidadesNegocioService.js,68,* Para sistemas MPRO que tienen múltiples sucursales en el mismo servidor.
ALTA,PROHIBIDO_POSIBLE_LIVE_VISUAL,No clasificado,remote POS names,/app/frontend/src/utils/styleHelpers.js,152,'api_local': 'API Local MPRO'
ALTA,PROHIBIDO_POSIBLE_LIVE_VISUAL,Recursos Humanos,remote POS names,/app/frontend/src/components/recursos-humanos/RhCatalogos.jsx,198,"<th className=""px-4 py-3 text-center font-medium text-zinc-600"">MPRO</th>"
ALTA,PROHIBIDO_POSIBLE_LIVE_VISUAL,Recursos Humanos,remote POS names,/app/frontend/src/components/recursos-humanos/RhCatalogos.jsx,233,{p.MPRO_ID ? (
ALTA,PROHIBIDO_POSIBLE_LIVE_VISUAL,Recursos Humanos,remote POS names,/app/frontend/src/components/recursos-humanos/RhCatalogos.jsx,234,"<span className=""px-2 py-0.5 bg-green-50 text-green-700 text-xs rounded"">{p.MPRO_ID}</span>"
ALTA,PROHIBIDO_POSIBLE_LIVE_VISUAL,Recursos Humanos,remote POS names,/app/frontend/src/components/recursos-humanos/RhCatalogos.jsx,297,"<th className=""px-4 py-3 text-center font-medium text-zinc-600"">MPRO</th>"
ALTA,PROHIBIDO_POSIBLE_LIVE_VISUAL,Recursos Humanos,remote POS names,/app/frontend/src/components/recursos-humanos/RhCatalogos.jsx,342,{t.MPRO_ID ? (
ALTA,PROHIBIDO_POSIBLE_LIVE_VISUAL,Recursos Humanos,remote POS names,/app/frontend/src/components/recursos-humanos/RhCatalogos.jsx,343,"<span className=""px-2 py-0.5 bg-green-50 text-green-700 text-xs rounded"">{t.MPRO_ID}</span>"
ALTA,PROHIBIDO_POSIBLE_LIVE_VISUAL,Recursos Humanos,remote POS names,/app/frontend/src/pages/RecursosHumanos.js,220,mpro_id: ''
ALTA,PROHIBIDO_POSIBLE_LIVE_VISUAL,Recursos Humanos,remote POS names,/app/frontend/src/pages/RecursosHumanos.js,229,mpro_id: ''
ALTA,PROHIBIDO_POSIBLE_LIVE_VISUAL,Recursos Humanos,remote POS names,/app/frontend/src/pages/RecursosHumanos.js,748,mpro_id: ''
ALTA,PROHIBIDO_POSIBLE_LIVE_VISUAL,Recursos Humanos,remote POS names,/app/frontend/src/pages/RecursosHumanos.js,765,mpro_id: puesto.MPRO_ID || ''
ALTA,PROHIBIDO_POSIBLE_LIVE_VISUAL,Recursos Humanos,remote POS names,/app/frontend/src/pages/RecursosHumanos.js,838,mpro_id: ''
ALTA,PROHIBIDO_POSIBLE_LIVE_VISUAL,Recursos Humanos,remote POS names,/app/frontend/src/pages/RecursosHumanos.js,856,mpro_id: tipo.MPRO_ID || ''
ALTA,PROHIBIDO_POSIBLE_LIVE_VISUAL,Recursos Humanos,remote POS names,/app/frontend/src/pages/RecursosHumanos.js,2251,"<Label htmlFor=""puesto-mpro"">ID MPRO</Label>"
ALTA,PROHIBIDO_POSIBLE_LIVE_VISUAL,Recursos Humanos,remote POS names,/app/frontend/src/pages/RecursosHumanos.js,2253,"id=""puesto-mpro"""
ALTA,PROHIBIDO_POSIBLE_LIVE_VISUAL,Recursos Humanos,remote POS names,/app/frontend/src/pages/RecursosHumanos.js,2254,value={formPuesto.mpro_id}
ALTA,PROHIBIDO_POSIBLE_LIVE_VISUAL,Recursos Humanos,remote POS names,/app/frontend/src/pages/RecursosHumanos.js,2255,"onChange={(e) => setFormPuesto({...formPuesto, mpro_id: e.target.value})}"
ALTA,PROHIBIDO_POSIBLE_LIVE_VISUAL,Recursos Humanos,remote POS names,/app/frontend/src/pages/RecursosHumanos.js,2256,"placeholder=""Código MPRO"""
ALTA,PROHIBIDO_POSIBLE_LIVE_VISUAL,Recursos Humanos,remote POS names,/app/frontend/src/pages/RecursosHumanos.js,2257,"data-testid=""input-puesto-mpro"""
ALTA,PROHIBIDO_POSIBLE_LIVE_VISUAL,Recursos Humanos,remote POS names,/app/frontend/src/pages/RecursosHumanos.js,2354,"<Label htmlFor=""tipo-mpro"">ID MPRO</Label>"
ALTA,PROHIBIDO_POSIBLE_LIVE_VISUAL,Recursos Humanos,remote POS names,/app/frontend/src/pages/RecursosHumanos.js,2356,"id=""tipo-mpro"""
ALTA,PROHIBIDO_POSIBLE_LIVE_VISUAL,Recursos Humanos,remote POS names,/app/frontend/src/pages/RecursosHumanos.js,2357,value={formTipoIncidencia.mpro_id}
ALTA,PROHIBIDO_POSIBLE_LIVE_VISUAL,Recursos Humanos,remote POS names,/app/frontend/src/pages/RecursosHumanos.js,2358,"onChange={(e) => setFormTipoIncidencia({...formTipoIncidencia, mpro_id: e.target.value})}"
ALTA,PROHIBIDO_POSIBLE_LIVE_VISUAL,Recursos Humanos,remote POS names,/app/frontend/src/pages/RecursosHumanos.js,2359,"placeholder=""Código MPRO"""
ALTA,PROHIBIDO_POSIBLE_LIVE_VISUAL,Recursos Humanos,remote POS names,/app/frontend/src/pages/RecursosHumanos.js,2360,"data-testid=""input-tipo-mpro"""
ALTA,PROHIBIDO_POSIBLE_LIVE_VISUAL,Recursos Humanos,remote POS names,/app/frontend/src/pages/RecursosHumanos.js,2412,<li>Crea columnas de mapeo para NomiPAQ y MPRO</li>
ALTA,PROHIBIDO_POSIBLE_LIVE_VISUAL,Reportes,remote POS names,/app/frontend/src/pages/Reportes.js,38,if (selectedServer?.system_type === 'SoftRestaurant') {
ALTA,PROHIBIDO_POSIBLE_LIVE_VISUAL,Reportes,remote POS names,/app/frontend/src/pages/Reportes.js,42,// MPRO
ALTA,PROHIBIDO_POSIBLE_LIVE_VISUAL,Reportes,remote POS names,/app/frontend/src/pages/Reportes.js,97,"const [erroresCaptura, setErroresCaptura] = useState([]); // Errores de captura de inventario (MPRO)"
ALTA,PROHIBIDO_POSIBLE_LIVE_VISUAL,Reportes,remote POS names,/app/frontend/src/pages/Reportes.js,225,// Estado para agrupar insumos de múltiples inventarios (MPRO)
ALTA,PROHIBIDO_POSIBLE_LIVE_VISUAL,Reportes,remote POS names,/app/frontend/src/pages/Reportes.js,534,"// Si es SoftRestaurant, cargar almacenes directamente (no tiene sucursales)"
ALTA,PROHIBIDO_POSIBLE_LIVE_VISUAL,Reportes,remote POS names,/app/frontend/src/pages/Reportes.js,535,if (server?.system_type === 'SoftRestaurant') {
ALTA,PROHIBIDO_POSIBLE_LIVE_VISUAL,Reportes,remote POS names,/app/frontend/src/pages/Reportes.js,536,loadAlmacenesSoftRestaurant();
ALTA,PROHIBIDO_POSIBLE_LIVE_VISUAL,Reportes,remote POS names,/app/frontend/src/pages/Reportes.js,538,"// Si es MPRO con sucursal_origen_id ya establecida, cargar almacenes"
ALTA,PROHIBIDO_POSIBLE_LIVE_VISUAL,Reportes,remote POS names,/app/frontend/src/pages/Reportes.js,539,else if (server?.system_type === 'MPRO' && filters.sucursal_id) {
ALTA,PROHIBIDO_POSIBLE_LIVE_VISUAL,Reportes,remote POS names,/app/frontend/src/pages/Reportes.js,546,// Cargar almacenes para SoftRestaurant (no requiere sucursal)
ALTA,PROHIBIDO_POSIBLE_LIVE_VISUAL,Reportes,remote POS names,/app/frontend/src/pages/Reportes.js,550,? `/servers/${filters.server_id}/almacenes-softrestaurant?solo_consumo=true`
ALTA,PROHIBIDO_POSIBLE_LIVE_VISUAL,Reportes,remote POS names,/app/frontend/src/pages/Reportes.js,551,: `/servers/${filters.server_id}/almacenes-softrestaurant`;
ALTA,PROHIBIDO_POSIBLE_LIVE_VISUAL,Reportes,remote POS names,/app/frontend/src/pages/Reportes.js,558,sucursal: 'SoftRestaurant'
ALTA,PROHIBIDO_POSIBLE_LIVE_VISUAL,Reportes,remote POS names,/app/frontend/src/pages/Reportes.js,561,"logger.error('Error al cargar almacenes SoftRestaurant:', error);"
ALTA,PROHIBIDO_POSIBLE_LIVE_VISUAL,Reportes,remote POS names,/app/frontend/src/pages/Reportes.js,590,// Solo cargar almacenes si NO es SoftRestaurant (que ya los carga directamente)
ALTA,PROHIBIDO_POSIBLE_LIVE_VISUAL,Reportes,remote POS names,/app/frontend/src/pages/Reportes.js,591,if (currentServer?.system_type !== 'SoftRestaurant') {
ALTA,PROHIBIDO_POSIBLE_LIVE_VISUAL,Reportes,remote POS names,/app/frontend/src/pages/Reportes.js,601,if (filters.query_type === 'pendientes' && filters.server_id && selectedServer?.system_type === 'SoftRestaurant') {
ALTA,PROHIBIDO_POSIBLE_LIVE_VISUAL,Reportes,remote POS names,/app/frontend/src/pages/Reportes.js,603,loadAlmacenesSoftRestaurant(true);
ALTA,PROHIBIDO_POSIBLE_LIVE_VISUAL,Reportes,remote POS names,/app/frontend/src/pages/Reportes.js,604,} else if (filters.server_id && selectedServer?.system_type === 'SoftRestaurant' && filters.query_type !== 'pendientes') {
ALTA,PROHIBIDO_POSIBLE_LIVE_VISUAL,Reportes,remote POS names,/app/frontend/src/pages/Reportes.js,606,loadAlmacenesSoftRestaurant(false);
ALTA,PROHIBIDO_POSIBLE_LIVE_VISUAL,Reportes,remote POS names,/app/frontend/src/pages/Reportes.js,613,if (filters.query_type === 'pendientes' && filters.server_id && selectedServer?.system_type === 'SoftRestaurant') {
ALTA,PROHIBIDO_POSIBLE_LIVE_VISUAL,Reportes,remote POS names,/app/frontend/src/pages/Reportes.js,631,"// Para MPRO usar sucursal_id, para SoftRestaurant usar 'SoftRestaurant'"
ALTA,PROHIBIDO_POSIBLE_LIVE_VISUAL,Reportes,remote POS names,/app/frontend/src/pages/Reportes.js,636,if (selectedServer?.system_type === 'SoftRestaurant') {
ALTA,PROHIBIDO_POSIBLE_LIVE_VISUAL,Reportes,remote POS names,/app/frontend/src/pages/Reportes.js,637,params.sucursal = 'SoftRestaurant';
ALTA,PROHIBIDO_POSIBLE_LIVE_VISUAL,Reportes,remote POS names,/app/frontend/src/pages/Reportes.js,639,// MPRO: usar sucursal_id para filtro correcto
ALTA,PROHIBIDO_POSIBLE_LIVE_VISUAL,Reportes,remote POS names,/app/frontend/src/pages/Reportes.js,674,if (selectedServer?.system_type === 'SoftRestaurant' || filters.sucursal_id) {
ALTA,PROHIBIDO_POSIBLE_LIVE_VISUAL,Reportes,remote POS names,/app/frontend/src/pages/Reportes.js,745,"// Si tiene sucursal_origen_id (MPRO con sucursal auto-definida), también auto-seleccionar sucursal"
ALTA,PROHIBIDO_POSIBLE_LIVE_VISUAL,Reportes,remote POS names,/app/frontend/src/pages/Reportes.js,746,if (unidad.sucursal_origen_id && unidad.system_type === 'MPRO') {
ALTA,PROHIBIDO_POSIBLE_LIVE_VISUAL,Reportes,remote POS names,/app/frontend/src/pages/Reportes.js,927,// Preparar info de inventarios para MPRO (folio + comentario + almacen_id para el cache)
ALTA,PROHIBIDO_POSIBLE_LIVE_VISUAL,Reportes,remote POS names,/app/frontend/src/pages/Reportes.js,953,// Info completa de inventarios para MPRO
ALTA,PROHIBIDO_POSIBLE_LIVE_VISUAL,Reportes,remote POS names,/app/frontend/src/pages/Reportes.js,981,// Manejar errores de captura de inventario (MPRO)
ALTA,PROHIBIDO_POSIBLE_LIVE_VISUAL,Reportes,remote POS names,/app/frontend/src/pages/Reportes.js,1073,if (systemType === 'MPRO') {
ALTA,PROHIBIDO_POSIBLE_LIVE_VISUAL,Reportes,remote POS names,/app/frontend/src/pages/Reportes.js,1074,// Para MPRO: usar las fechas exactas de los inventarios (solo fecha)
ALTA,PROHIBIDO_POSIBLE_LIVE_VISUAL,Reportes,remote POS names,/app/frontend/src/pages/Reportes.js,1077,} else if (systemType === 'SoftRestaurant') {
ALTA,PROHIBIDO_POSIBLE_LIVE_VISUAL,Reportes,remote POS names,/app/frontend/src/pages/Reportes.js,1078,"// Para SoftRestaurant: fecha inicial + 1 segundo, fecha final - 1 segundo"
ALTA,PROHIBIDO_POSIBLE_LIVE_VISUAL,Reportes,remote POS names,/app/frontend/src/pages/Reportes.js,1320,// Para MPRO: cada almacén puede tener un comentario específico del inventario seleccionado
ALTA,PROHIBIDO_POSIBLE_LIVE_VISUAL,Reportes,remote POS names,/app/frontend/src/pages/Reportes.js,1595,"// Si tiene sucursal_origen_id (MPRO con sucursal auto-definida), auto-seleccionar"
ALTA,PROHIBIDO_POSIBLE_LIVE_VISUAL,Reportes,remote POS names,/app/frontend/src/pages/Reportes.js,1596,if (unidad.sucursal_origen_id && unidad.system_type === 'MPRO') {
ALTA,PROHIBIDO_POSIBLE_LIVE_VISUAL,Reportes,remote POS names,/app/frontend/src/pages/Reportes.js,1649,{selectedServer?.system_type === 'SoftRestaurant' && (
ALTA,PROHIBIDO_POSIBLE_LIVE_VISUAL,Reportes,remote POS names,/app/frontend/src/pages/Reportes.js,1655,{/* Sucursal - Solo mostrar si NO es SoftRestaurant y NO tiene sucursal_origen_id (auto-resolución) y hay múltiples */}
ALTA,PROHIBIDO_POSIBLE_LIVE_VISUAL,Reportes,remote POS names,/app/frontend/src/pages/Reportes.js,1656,{selectedServer?.system_type !== 'SoftRestaurant' &&
ALTA,PROHIBIDO_POSIBLE_LIVE_VISUAL,Reportes,remote POS names,/app/frontend/src/pages/Reportes.js,1974,({selectedServer.system_type === 'MPRO' ? 'Fecha inv. inicial' : 'Fecha inv. inicial + 1 seg'})
ALTA,PROHIBIDO_POSIBLE_LIVE_VISUAL,Reportes,remote POS names,/app/frontend/src/pages/Reportes.js,1993,({selectedServer.system_type === 'MPRO' ? 'Fecha inv. final' : 'Fecha inv. final - 1 seg'})
ALTA,PROHIBIDO_POSIBLE_LIVE_VISUAL,Reportes,remote POS names,/app/frontend/src/pages/Reportes.js,2007,"{/* Opción de agrupar insumos - debajo de las fechas, solo visible con multi-inventario en MPRO */}"
ALTA,PROHIBIDO_POSIBLE_LIVE_VISUAL,Reportes,remote POS names,/app/frontend/src/pages/Reportes.js,2008,{selectedServer?.system_type === 'MPRO' && (selectedInventariosIni.length > 1 || selectedInventariosFin.length > 1) && (
ALTA,PROHIBIDO_POSIBLE_LIVE_VISUAL,Reportes,remote POS names,/app/frontend/src/pages/Reportes.js,2024,"{/* Filtros adicionales (Categoría, Familia, SubFamilia) - Para MPRO y SoftRestaurant */}"
ALTA,PROHIBIDO_POSIBLE_LIVE_VISUAL,Reportes,remote POS names,/app/frontend/src/pages/Reportes.js,2025,{filters.query_type === 'analisis' && (selectedServer?.system_type === 'MPRO' || selectedServer?.system_type === 'SoftRestaurant') && (
ALTA,PROHIBIDO_POSIBLE_LIVE_VISUAL,Reportes,remote POS names,/app/frontend/src/pages/Reportes.js,2035,<Label>{selectedServer?.system_type === 'SoftRestaurant' ? 'Clasificación' : 'Categorías'}</Label>
ALTA,PROHIBIDO_POSIBLE_LIVE_VISUAL,Reportes,remote POS names,/app/frontend/src/pages/Reportes.js,2099,<Label>{selectedServer?.system_type === 'SoftRestaurant' ? 'Grupos' : 'Familias'}</Label>
ALTA,PROHIBIDO_POSIBLE_LIVE_VISUAL,Reportes,remote POS names,/app/frontend/src/pages/Reportes.js,2163,<Label>{selectedServer?.system_type === 'SoftRestaurant' ? 'SubGrupos' : 'SubFamilias'}</Label>
ALTA,PROHIBIDO_POSIBLE_LIVE_VISUAL,Reportes,remote POS names,/app/frontend/src/pages/Reportes.js,2393,{/* Errores de captura de inventario (MPRO) */}
ALTA,PROHIBIDO_POSIBLE_LIVE_VISUAL,Reportes,remote POS names,/app/frontend/src/pages/Reportes.js,2506,{filters.query_type === 'pendientes' && selectedServer?.system_type === 'SoftRestaurant' && (
ALTA,PROHIBIDO_FRONTEND_FILTROS,Servidores / Configuración,frontend api servers,/app/backend/tests/test_servers.py,20,"f""{api_base_url}/api/servers"","
ALTA,PROHIBIDO_FRONTEND_FILTROS,Servidores / Configuración,frontend api servers,/app/backend/tests/test_servers.py,33,"f""{api_base_url}/api/servers"","
ALTA,PROHIBIDO_FRONTEND_FILTROS,Servidores / Configuración,frontend api servers,/app/backend/tests/test_servers.py,52,"f""{api_base_url}/api/servers"""
ALTA,PROHIBIDO_POSIBLE_LIVE_VISUAL,Servidores / Configuración,remote POS names,/app/frontend/src/pages/Servidores.js,119,"tipo: 'MPRO',"
ALTA,PROHIBIDO_POSIBLE_LIVE_VISUAL,Servidores / Configuración,remote POS names,/app/frontend/src/pages/Servidores.js,230,"{ Codigo: 'MPRO', Descripcion: 'ManagementPro (MPRO)' },"
ALTA,PROHIBIDO_POSIBLE_LIVE_VISUAL,Servidores / Configuración,remote POS names,/app/frontend/src/pages/Servidores.js,231,"{ Codigo: 'SOFTRESTAURANT', Descripcion: 'SoftRestaurant' },"
ALTA,PROHIBIDO_POSIBLE_LIVE_VISUAL,Servidores / Configuración,remote POS names,/app/frontend/src/pages/Servidores.js,232,"{ Codigo: 'API_LOCAL', Descripcion: 'API Local (Enterprise)' },"
ALTA,PROHIBIDO_POSIBLE_LIVE_VISUAL,Servidores / Configuración,remote POS names,/app/frontend/src/pages/Servidores.js,327,"tipo: 'MPRO',"
ALTA,PROHIBIDO_POSIBLE_LIVE_VISUAL,Servidores / Configuración,remote POS names,/app/frontend/src/pages/Servidores.js,328,"servidor_padre: 'ManagementPro',"
ALTA,PROHIBIDO_POSIBLE_LIVE_VISUAL,Servidores / Configuración,remote POS names,/app/frontend/src/pages/Servidores.js,339,"tipo: 'MPRO',"
ALTA,PROHIBIDO_POSIBLE_LIVE_VISUAL,Servidores / Configuración,remote POS names,/app/frontend/src/pages/Servidores.js,340,"servidor_padre: 'ManagementPro',"
ALTA,PROHIBIDO_POSIBLE_LIVE_VISUAL,Servidores / Configuración,remote POS names,/app/frontend/src/pages/Servidores.js,678,"system_type: 'MPRO',"
ALTA,PROHIBIDO_POSIBLE_LIVE_VISUAL,Servidores / Configuración,remote POS names,/app/frontend/src/pages/Servidores.js,1187,"system_type: 'MPRO',"
ALTA,PROHIBIDO_POSIBLE_LIVE_VISUAL,Servidores / Configuración,remote POS names,/app/frontend/src/pages/Servidores.js,1207,"system_type: server.system_type || 'MPRO',"
ALTA,PROHIBIDO_POSIBLE_LIVE_VISUAL,Servidores / Configuración,remote POS names,/app/frontend/src/pages/Servidores.js,1624,{/* Botón para configurar sucursales visibles (solo MPRO) */}
ALTA,PROHIBIDO_POSIBLE_LIVE_VISUAL,Servidores / Configuración,remote POS names,/app/frontend/src/pages/Servidores.js,1625,{server.system_type === 'MPRO' && (
ALTA,PROHIBIDO_POSIBLE_LIVE_VISUAL,Servidores / Configuración,remote POS names,/app/frontend/src/pages/Servidores.js,1657,"tipo: 'MPRO',"
ALTA,PROHIBIDO_POSIBLE_LIVE_VISUAL,Servidores / Configuración,remote POS names,/app/frontend/src/pages/Servidores.js,3093,<li>• <strong>MPRO:</strong> Usa fechas exactas de inventarios inicial y final</li>
ALTA,PROHIBIDO_POSIBLE_LIVE_VISUAL,Servidores / Configuración,remote POS names,/app/frontend/src/pages/Servidores.js,3094,"<li>• <strong>SoftRestaurant:</strong> Fecha inicial +1 seg, fecha final -1 seg</li>"
ALTA,PROHIBIDO_FRONTEND_FILTROS,Servidores / Configuración,frontend api servers,/app/frontend/src/services/serversService.js,4,* Servicio centralizado para el consumo de /api/servers
ALTA,PROHIBIDO_FRONTEND_FILTROS,Servidores / Configuración,frontend api servers,/app/frontend/src/services/serversService.js,12,* - NO modifica el endpoint /api/servers
ALTA,PROHIBIDO_FRONTEND_FILTROS,Servidores / Configuración,frontend api servers,/app/frontend/src/services/serversService.js,34,* @param {Array} servers - Array de servidores del endpoint /api/servers
ALTA,PROHIBIDO_FRONTEND_FILTROS,Servidores / Configuración,frontend api servers,/app/frontend/src/services/serversService.js,43,* Obtiene servidores operativos desde /api/servers
MEDIA,REVISAR,Comercial,remote POS names,/app/backend/modules/comercial/__init__.py,13,- adapters.py: Integración con APIs locales MPRO
MEDIA,REVISAR,Comercial,remote POS names,/app/backend/modules/comercial/__init__.py,18,- APIS_MPRO_LOCALES (configuración)
MEDIA,REVISAR,Comercial,remote POS names,/app/backend/modules/comercial/__init__.py,19,- query_api_mpro_local()
MEDIA,REVISAR,Comercial,remote POS names,/app/backend/modules/comercial/__init__.py,38,"APIS_MPRO_LOCALES,"
MEDIA,REVISAR,Comercial,remote POS names,/app/backend/modules/comercial/__init__.py,39,"query_api_mpro_local,"
MEDIA,REVISAR,Comercial,remote POS names,/app/backend/modules/comercial/__init__.py,71,# Adapters (APIs locales MPRO)
MEDIA,REVISAR,Comercial,remote POS names,/app/backend/modules/comercial/__init__.py,72,"'APIS_MPRO_LOCALES',"
MEDIA,REVISAR,Comercial,remote POS names,/app/backend/modules/comercial/__init__.py,73,"'query_api_mpro_local',"
MEDIA,REVISAR,Comercial,remote POS names,/app/backend/modules/comercial/adapters.py,25,Adaptadores para integración con APIs locales MPRO.
MEDIA,REVISAR,Comercial,remote POS names,/app/backend/modules/comercial/adapters.py,57,# CONFIGURACIÓN APIs LOCALES MPRO (FALLBACK LEGACY - SOLO SI EmpresaResolver FALLA)
MEDIA,REVISAR,Comercial,remote POS names,/app/backend/modules/comercial/adapters.py,62,APIS_MPRO_LOCALES_LEGACY = {
MEDIA,REVISAR,Comercial,remote POS names,/app/backend/modules/comercial/adapters.py,65,"""url"": os.environ.get(""API_MPRO_ORIGEN_URL"", ""http://54.39.104.176:8000/query""),"
MEDIA,REVISAR,Comercial,remote POS names,/app/backend/modules/comercial/adapters.py,66,"""api_key"": os.environ.get(""API_MPRO_KEY"", ""EDARSA_2026_SECURE_KEY""),"
MEDIA,REVISAR,Comercial,remote POS names,/app/backend/modules/comercial/adapters.py,73,"""url"": os.environ.get(""API_MPRO_QRO_URL"", ""http://54.39.104.176:8001/query""),"
MEDIA,REVISAR,Comercial,remote POS names,/app/backend/modules/comercial/adapters.py,74,"""api_key"": os.environ.get(""API_MPRO_KEY"", ""EDARSA_2026_SECURE_KEY""),"
MEDIA,REVISAR,Comercial,remote POS names,/app/backend/modules/comercial/adapters.py,82,APIS_MPRO_LOCALES = APIS_MPRO_LOCALES_LEGACY
MEDIA,REVISAR,Comercial,remote POS names,/app/backend/modules/comercial/adapters.py,150,"api_config[""url""] = os.environ.get(""API_MPRO_ORIGEN_URL"", ""http://54.39.104.176:8000/query"")"
MEDIA,REVISAR,Comercial,remote POS names,/app/backend/modules/comercial/adapters.py,152,"api_config[""url""] = os.environ.get(""API_MPRO_QRO_URL"", ""http://54.39.104.176:8001/query"")"
MEDIA,REVISAR,Comercial,remote POS names,/app/backend/modules/comercial/adapters.py,157,"api_config[""api_key""] = os.environ.get(""API_MPRO_KEY"", ""EDARSA_2026_SECURE_KEY"")"
MEDIA,REVISAR,Comercial,remote POS names,/app/backend/modules/comercial/adapters.py,168,"def query_api_mpro_local(api_config: dict, sql_query: str, timeout: int = 3) -> dict:"
MEDIA,REVISAR,Comercial,remote POS names,/app/backend/modules/comercial/adapters.py,180,"print(f""*** query_api_mpro_local: Iniciando query a {api_config.get('nombre', 'N/A')} ***"")"
MEDIA,REVISAR,Comercial,remote POS names,/app/backend/modules/comercial/adapters.py,181,"print(f""*** query_api_mpro_local: URL = {api_config.get('url', 'N/A')} ***"")"
MEDIA,REVISAR,Comercial,remote POS names,/app/backend/modules/comercial/adapters.py,182,"print(f""*** query_api_mpro_local: activo = {api_config.get('activo', 'N/A')} ***"")"
MEDIA,REVISAR,Comercial,remote POS names,/app/backend/modules/comercial/adapters.py,185,"print(""*** query_api_mpro_local: API desactivada, omitiendo ***"")"
MEDIA,REVISAR,Comercial,remote POS names,/app/backend/modules/comercial/adapters.py,189,"print(""*** query_api_mpro_local: URL no configurada, omitiendo ***"")"
MEDIA,REVISAR,Comercial,remote POS names,/app/backend/modules/comercial/adapters.py,196,"print(""*** query_api_mpro_local: Enviando request... ***"")"
MEDIA,REVISAR,Comercial,remote POS names,/app/backend/modules/comercial/adapters.py,204,"print(f""*** query_api_mpro_local: Response status = {response.status_code} ***"")"
MEDIA,REVISAR,Comercial,remote POS names,/app/backend/modules/comercial/adapters.py,212,"print(f""*** query_api_mpro_local: Response body = {response.text[:200]} ***"")"
MEDIA,REVISAR,Comercial,remote POS names,/app/backend/modules/comercial/adapters.py,228,Obtiene las ventas del día actual desde una API MPRO local.
MEDIA,REVISAR,Comercial,remote POS names,/app/backend/modules/comercial/adapters.py,267,"result = query_api_mpro_local(api_config, sql_ventas_hoy)"
MEDIA,REVISAR,Comercial,remote POS names,/app/backend/modules/comercial/adapters.py,406,# ========== FALLBACK LEGACY: Buscar en APIS_MPRO_LOCALES_LEGACY ==========
MEDIA,REVISAR,Comercial,remote POS names,/app/backend/modules/comercial/adapters.py,408,"print(""*** API Local: Intentando fallback legacy (APIS_MPRO_LOCALES_LEGACY) ***"")"
MEDIA,REVISAR,Comercial,remote POS names,/app/backend/modules/comercial/adapters.py,437,"for api_id, api_cfg in APIS_MPRO_LOCALES_LEGACY.items():"
MEDIA,REVISAR,Comercial,remote POS names,/app/backend/modules/comercial/adapters.py,475,"'APIS_MPRO_LOCALES',"
MEDIA,REVISAR,Comercial,remote POS names,/app/backend/modules/comercial/adapters.py,476,"'query_api_mpro_local',"
MEDIA,REVISAR_POSIBLE_LIVE,Comercial,execute_sql_query,/app/backend/modules/comercial/alertas_margen_repository.py,108,"count_result = execute_sql_query(*conn, count_query)"
MEDIA,REVISAR_POSIBLE_LIVE,Comercial,execute_sql_query,/app/backend/modules/comercial/alertas_margen_repository.py,148,"rows = execute_sql_query(*conn, data_query) or []"
MEDIA,REVISAR_POSIBLE_LIVE,Comercial,execute_sql_query,/app/backend/modules/comercial/alertas_margen_repository.py,225,"rows = execute_sql_query(*conn, query)"
MEDIA,REVISAR_POSIBLE_LIVE,Comercial,execute_sql_query,/app/backend/modules/comercial/alertas_margen_repository.py,317,"result = execute_sql_query(*conn, query)"
MEDIA,REVISAR_POSIBLE_LIVE,Comercial,execute_sql_query,/app/backend/modules/comercial/alertas_margen_repository.py,421,"execute_sql_query(*conn, query)"
MEDIA,REVISAR_POSIBLE_LIVE,Comercial,execute_sql_query,/app/backend/modules/comercial/alertas_margen_repository.py,486,"execute_sql_query(*conn, query)"
MEDIA,REVISAR_POSIBLE_LIVE,Comercial,execute_sql_query,/app/backend/modules/comercial/alertas_margen_repository.py,518,"execute_sql_query(*conn, query)"
MEDIA,REVISAR_POSIBLE_LIVE,Comercial,execute_sql_query,/app/backend/modules/comercial/alertas_margen_repository.py,618,"rows = execute_sql_query(*conn, query)"
MEDIA,REVISAR_POSIBLE_LIVE,Comercial,execute_sql_query,/app/backend/modules/comercial/alertas_margen_repository.py,675,"rows = execute_sql_query(*conn, query) or []"
MEDIA,REVISAR_POSIBLE_LIVE,Comercial,execute_sql_query,/app/backend/modules/comercial/alertas_margen_repository.py,752,"rows = execute_sql_query(*conn, query)"
MEDIA,REVISAR,Comercial,remote POS names,/app/backend/modules/comercial/cache_service.py,14,entre SoftRestaurant y MPRO.
MEDIA,REVISAR,Comercial,remote POS names,/app/backend/modules/comercial/cache_service.py,89,SoftRestaurant y MPRO. Esto garantiza que:
MEDIA,REVISAR,Comercial,remote POS names,/app/backend/modules/comercial/cache_service.py,90,- SoftRestaurant NO comparta caché con MPRO
MEDIA,REVISAR,Comercial,remote POS names,/app/backend/modules/comercial/cache_service.py,91,- MPRO NO comparta caché con SoftRestaurant
MEDIA,REVISAR,Comercial,remote POS names,/app/backend/modules/comercial/cache_service.py,92,"- Variantes de system_type (MPRO, ManagmentPro, etc.) se normalicen"
MEDIA,REVISAR,Comercial,remote POS names,/app/backend/modules/comercial/inteligencia_comercial_routes.py,51,"NO conecta a SoftRestaurant, MPRO, MongoDB ni sistemas externos."
MEDIA,REVISAR_POSIBLE_LIVE,Comercial,pytds.connect,/app/backend/modules/comercial/inteligencia_comercial_routes.py,62,return pytds.connect(
MEDIA,REVISAR,Comercial,remote POS names,/app/backend/modules/comercial/queries/__init__.py,17,- softrestaurant.py: Queries base para servidores SoftRestaurant
MEDIA,REVISAR,Comercial,remote POS names,/app/backend/modules/comercial/queries/__init__.py,18,- mpro.py: Queries base para servidores MPRO
MEDIA,REVISAR,Comercial,remote POS names,/app/backend/modules/comercial/queries/__init__.py,22,- VENTAS_TOTAL: query_ventas_periodo_sr/mpro
MEDIA,REVISAR,Comercial,remote POS names,/app/backend/modules/comercial/queries/__init__.py,25,- CORTES_TURNOS: query_ventas_sin_corte_sr/mpro
MEDIA,REVISAR,Comercial,remote POS names,/app/backend/modules/comercial/queries/__init__.py,44,# Bloque 2: Query base de ventas SoftRestaurant
MEDIA,REVISAR,Comercial,remote POS names,/app/backend/modules/comercial/queries/__init__.py,45,from .softrestaurant import (
MEDIA,REVISAR,Comercial,remote POS names,/app/backend/modules/comercial/queries/__init__.py,50,# Bloque 3: Query base de ventas MPRO
MEDIA,REVISAR,Comercial,remote POS names,/app/backend/modules/comercial/queries/__init__.py,51,from .mpro import (
MEDIA,REVISAR,Comercial,remote POS names,/app/backend/modules/comercial/queries/__init__.py,52,"query_ventas_periodo_mpro,"
MEDIA,REVISAR,Comercial,remote POS names,/app/backend/modules/comercial/queries/__init__.py,53,"VentasPeriodoResult as VentasPeriodoResultMPRO,"
MEDIA,REVISAR,Comercial,remote POS names,/app/backend/modules/comercial/queries/__init__.py,69,"__phase__ = ""BLOQUE_3_VENTAS_MPRO"""
MEDIA,REVISAR,Comercial,remote POS names,/app/backend/modules/comercial/queries/mpro.py,2,EDARSA HUB - Queries Base para MPRO (ManagementPro)
MEDIA,REVISAR,Comercial,remote POS names,/app/backend/modules/comercial/queries/mpro.py,6,Centralizar las queries SQL homologadas para servidores MPRO.
MEDIA,REVISAR,Comercial,remote POS names,/app/backend/modules/comercial/queries/mpro.py,9,TABLAS PRINCIPALES MPRO:
MEDIA,REVISAR,Comercial,remote POS names,/app/backend/modules/comercial/queries/mpro.py,18,"- query_ventas_periodo_mpro: Ventas totales, PAX, cheques para un período"
MEDIA,REVISAR,Comercial,remote POS names,/app/backend/modules/comercial/queries/mpro.py,19,- query_ventas_sin_corte_mpro: Ventas del día sin cierre
MEDIA,REVISAR,Comercial,remote POS names,/app/backend/modules/comercial/queries/mpro.py,20,- query_ventas_por_sucursal_mpro: Ventas desglosadas por sucursal
MEDIA,REVISAR,Comercial,remote POS names,/app/backend/modules/comercial/queries/mpro.py,30,DIFERENCIAS CON SOFTRESTAURANT:
MEDIA,REVISAR,Comercial,remote POS names,/app/backend/modules/comercial/queries/mpro.py,56,from core.system_type_utils import is_mpro_system
MEDIA,REVISAR,Comercial,remote POS names,/app/backend/modules/comercial/queries/mpro.py,61,# Importar EmpresaResolver para resolución canónica de sucursales MPRO
MEDIA,REVISAR,Comercial,remote POS names,/app/backend/modules/comercial/queries/mpro.py,71,"logging.warning(f""[MPRO] EmpresaResolver no disponible: {e}. Usando fallback."")"
MEDIA,REVISAR,Comercial,remote POS names,/app/backend/modules/comercial/queries/mpro.py,79,# Tablas conocidas de MPRO para validación
MEDIA,REVISAR,Comercial,remote POS names,/app/backend/modules/comercial/queries/mpro.py,80,MPRO_KNOWN_TABLES = [
MEDIA,REVISAR,Comercial,remote POS names,/app/backend/modules/comercial/queries/mpro.py,92,"MODULE_NAME = ""COMERCIAL_QUERIES_MPRO"""
MEDIA,REVISAR,Comercial,remote POS names,/app/backend/modules/comercial/queries/mpro.py,96,# RESULTADO HOMOLOGADO (igual que SoftRestaurant para consistencia)
MEDIA,REVISAR,Comercial,remote POS names,/app/backend/modules/comercial/queries/mpro.py,103,Estructura idéntica a softrestaurant.py para consistencia.
MEDIA,REVISAR,Comercial,remote POS names,/app/backend/modules/comercial/queries/mpro.py,117,def query_ventas_periodo_mpro(
MEDIA,REVISAR,Comercial,remote POS names,/app/backend/modules/comercial/queries/mpro.py,124,Query base ÚNICA de ventas para MPRO.
MEDIA,REVISAR,Comercial,remote POS names,/app/backend/modules/comercial/queries/mpro.py,134,DIFERENCIAS VS SOFTRESTAURANT:
MEDIA,REVISAR,Comercial,remote POS names,/app/backend/modules/comercial/queries/mpro.py,160,if not is_mpro_system(system_type):
MEDIA,REVISAR,Comercial,remote POS names,/app/backend/modules/comercial/queries/mpro.py,163,"error=f""Server {server.get('name')} no es MPRO (es {system_type})"""
MEDIA,REVISAR,Comercial,remote POS names,/app/backend/modules/comercial/queries/mpro.py,176,"fi = _format_fecha_mpro(fecha_ini, es_fin=False)"
MEDIA,REVISAR,Comercial,remote POS names,/app/backend/modules/comercial/queries/mpro.py,177,"ff = _format_fecha_mpro(fecha_fin, es_fin=True)"
MEDIA,REVISAR,Comercial,remote POS names,/app/backend/modules/comercial/queries/mpro.py,180,"filtro_suc = _build_sucursal_filter_mpro(sucursal_id, alias=""VE"")"
MEDIA,REVISAR_POSIBLE_LIVE,Comercial,execute_sql_query,/app/backend/modules/comercial/queries/mpro.py,199,result = execute_sql_query(
MEDIA,REVISAR,Comercial,remote POS names,/app/backend/modules/comercial/queries/mpro.py,237,"logging.warning(f""[{MODULE_NAME}] Error en query_ventas_periodo_mpro para {server.get('name')}: {e}"")"
MEDIA,REVISAR,Comercial,remote POS names,/app/backend/modules/comercial/queries/mpro.py,248,def query_ventas_periodo_mpro_con_filtro_flexible(
MEDIA,REVISAR,Comercial,remote POS names,/app/backend/modules/comercial/queries/mpro.py,256,Query de ventas MPRO con filtro flexible de sucursal.
MEDIA,REVISAR,Comercial,remote POS names,/app/backend/modules/comercial/queries/mpro.py,261,A diferencia de query_ventas_periodo_mpro():
MEDIA,REVISAR,Comercial,remote POS names,/app/backend/modules/comercial/queries/mpro.py,293,if not is_mpro_system(system_type):
MEDIA,REVISAR,Comercial,remote POS names,/app/backend/modules/comercial/queries/mpro.py,296,"error=f""Server {server.get('name')} no es MPRO (es {system_type})"""
MEDIA,REVISAR,Comercial,remote POS names,/app/backend/modules/comercial/queries/mpro.py,309,"fi = _format_fecha_mpro(fecha_ini, es_fin=False)"
MEDIA,REVISAR,Comercial,remote POS names,/app/backend/modules/comercial/queries/mpro.py,310,"ff = _format_fecha_mpro(fecha_fin, es_fin=True)"
MEDIA,REVISAR,Comercial,remote POS names,/app/backend/modules/comercial/queries/mpro.py,332,codigo_sucursal_resuelto = _resolver_codigo_sucursal_mpro(sucursal)
MEDIA,REVISAR,Comercial,remote POS names,/app/backend/modules/comercial/queries/mpro.py,338,"logging.info(f""[MPRO] Filtro resuelto por EmpresaResolver: '{sucursal}' -> '{codigo_sucursal_resuelto}'"")"
MEDIA,REVISAR,Comercial,remote POS names,/app/backend/modules/comercial/queries/mpro.py,352,"logging.warning(f""[MPRO] Filtro LIKE legacy para '{sucursal}' - considerar agregar alias a EmpresaResolver"")"
MEDIA,REVISAR,Comercial,remote POS names,/app/backend/modules/comercial/queries/mpro.py,379,"print(f""*** [MPRO Query] Ejecutando query para {server.get('name')} sucursal={sucursal} ***"")"
MEDIA,REVISAR_POSIBLE_LIVE,Comercial,execute_sql_query,/app/backend/modules/comercial/queries/mpro.py,380,result = execute_sql_query(
MEDIA,REVISAR,Comercial,remote POS names,/app/backend/modules/comercial/queries/mpro.py,389,"print(f""*** [MPRO Query] Resultado: {result[:1] if result else 'None/Empty'} ***"")"
MEDIA,REVISAR,Comercial,remote POS names,/app/backend/modules/comercial/queries/mpro.py,396,"print(f""*** [MPRO Query] Ventas={ventas:,.2f}, PAX={pax}, Cheques={cheques} ***"")"
MEDIA,REVISAR,Comercial,remote POS names,/app/backend/modules/comercial/queries/mpro.py,398,# Lógica de estimación PAX (igual que query_ventas_periodo_mpro)
MEDIA,REVISAR,Comercial,remote POS names,/app/backend/modules/comercial/queries/mpro.py,403,"logging.info(f""[{MODULE_NAME}] query_ventas_periodo_mpro_con_filtro_flexible: """
MEDIA,REVISAR,Comercial,remote POS names,/app/backend/modules/comercial/queries/mpro.py,416,"logging.info(f""[{MODULE_NAME}] query_ventas_periodo_mpro_con_filtro_flexible: """
MEDIA,REVISAR,Comercial,remote POS names,/app/backend/modules/comercial/queries/mpro.py,427,"logging.warning(f""[{MODULE_NAME}] Error en query_ventas_periodo_mpro_con_filtro_flexible """
MEDIA,REVISAR,Comercial,remote POS names,/app/backend/modules/comercial/queries/mpro.py,439,"def _format_fecha_mpro(fecha_iso: str, es_fin: bool = False) -> str:"
MEDIA,REVISAR,Comercial,remote POS names,/app/backend/modules/comercial/queries/mpro.py,441,Convierte fecha ISO (YYYY-MM-DD) a formato SQL con hora para MPRO.
MEDIA,REVISAR,Comercial,remote POS names,/app/backend/modules/comercial/queries/mpro.py,457,"def _build_sucursal_filter_mpro(sucursal_id: Optional[str], alias: str = ""VE"") -> str:"
MEDIA,REVISAR,Comercial,remote POS names,/app/backend/modules/comercial/queries/mpro.py,459,Construye filtro SQL para sucursal en MPRO.
MEDIA,REVISAR,Comercial,remote POS names,/app/backend/modules/comercial/queries/mpro.py,473,def _resolver_codigo_sucursal_mpro(sucursal: str) -> Optional[str]:
MEDIA,REVISAR,Comercial,remote POS names,/app/backend/modules/comercial/queries/mpro.py,475,FASE 5C HELPER: Resuelve un alias/nombre de sucursal a CodigoSucursalSistema MPRO.
MEDIA,REVISAR,Comercial,remote POS names,/app/backend/modules/comercial/queries/mpro.py,512,"logging.debug(f""[MPRO] _resolver_codigo_sucursal_mpro: '{sucursal}' -> EmpresaID={empresa.empresa_id}"")"
MEDIA,REVISAR,Comercial,remote POS names,/app/backend/modules/comercial/queries/mpro.py,518,"logging.info(f""[MPRO] _resolver_codigo_sucursal_mpro: EmpresaID={empresa.empresa_id} -> CodigoSucursal={connection.codigo_sucursal_sistema}"")"
MEDIA,REVISAR,Comercial,remote POS names,/app/backend/modules/comercial/queries/mpro.py,524,"logging.info(f""[MPRO] _resolver_codigo_sucursal_mpro: EmpresaID={empresa.empresa_id} -> CodigoSucursal={connection_api.codigo_sucursal_sistema} (via API_LOCAL)"")"
MEDIA,REVISAR,Comercial,remote POS names,/app/backend/modules/comercial/queries/mpro.py,528,"logging.warning(f""[MPRO] Error en _resolver_codigo_sucursal_mpro para '{sucursal}': {e}"")"
MEDIA,REVISAR,Comercial,remote POS names,/app/backend/modules/comercial/queries/mpro.py,547,"logging.warning(f""[MPRO] _resolver_codigo_sucursal_mpro: Usando fallback hardcodeado para '{sucursal}' -> '{codigo}'"")"
MEDIA,REVISAR,Comercial,remote POS names,/app/backend/modules/comercial/queries/mpro.py,553,def _build_sucursal_filter_mpro_flexible(
MEDIA,REVISAR,Comercial,remote POS names,/app/backend/modules/comercial/queries/mpro.py,559,Construye filtro SQL flexible para sucursal en MPRO.
MEDIA,REVISAR,Comercial,remote POS names,/app/backend/modules/comercial/queries/mpro.py,561,FASE 5C: Usa _resolver_codigo_sucursal_mpro() para resolución canónica.
MEDIA,REVISAR,Comercial,remote POS names,/app/backend/modules/comercial/queries/mpro.py,576,codigo_resuelto = _resolver_codigo_sucursal_mpro(sucursal)
MEDIA,REVISAR,Comercial,remote POS names,/app/backend/modules/comercial/queries/mpro.py,609,def query_ventas_por_sucursal_mpro(
MEDIA,REVISAR,Comercial,remote POS names,/app/backend/modules/comercial/queries/mpro.py,615,Query base de ventas AGRUPADAS POR SUCURSAL para MPRO.
MEDIA,REVISAR,Comercial,remote POS names,/app/backend/modules/comercial/queries/mpro.py,620,DIFERENCIA CON query_ventas_periodo_mpro():
MEDIA,REVISAR,Comercial,remote POS names,/app/backend/modules/comercial/queries/mpro.py,651,if not is_mpro_system(system_type):
MEDIA,REVISAR,Comercial,remote POS names,/app/backend/modules/comercial/queries/mpro.py,654,"error=f""Server {server.get('name')} no es MPRO (es {system_type})"""
MEDIA,REVISAR,Comercial,remote POS names,/app/backend/modules/comercial/queries/mpro.py,667,"fi = _format_fecha_mpro(fecha_ini, es_fin=False)"
MEDIA,REVISAR,Comercial,remote POS names,/app/backend/modules/comercial/queries/mpro.py,668,"ff = _format_fecha_mpro(fecha_fin, es_fin=True)"
MEDIA,REVISAR_POSIBLE_LIVE,Comercial,execute_sql_query,/app/backend/modules/comercial/queries/mpro.py,690,result = execute_sql_query(
MEDIA,REVISAR,Comercial,remote POS names,/app/backend/modules/comercial/queries/mpro.py,710,"logging.info(f""[{MODULE_NAME}] query_ventas_por_sucursal_mpro: {len(sucursales)} sucursales para {server.get('name')}"")"
MEDIA,REVISAR,Comercial,remote POS names,/app/backend/modules/comercial/queries/mpro.py,718,"logging.info(f""[{MODULE_NAME}] query_ventas_por_sucursal_mpro: Sin sucursales con ventas para {server.get('name')}"")"
MEDIA,REVISAR,Comercial,remote POS names,/app/backend/modules/comercial/queries/mpro.py,726,"logging.warning(f""[{MODULE_NAME}] Error en query_ventas_por_sucursal_mpro para {server.get('name')}: {e}"")"
MEDIA,REVISAR,Comercial,remote POS names,/app/backend/modules/comercial/queries/softrestaurant.py,2,EDARSA HUB - Queries Base para SoftRestaurant
MEDIA,REVISAR,Comercial,remote POS names,/app/backend/modules/comercial/queries/softrestaurant.py,6,Centralizar las queries SQL homologadas para servidores SoftRestaurant.
MEDIA,REVISAR,Comercial,remote POS names,/app/backend/modules/comercial/queries/softrestaurant.py,9,TABLAS PRINCIPALES SOFTRESTAURANT:
MEDIA,REVISAR,Comercial,remote POS names,/app/backend/modules/comercial/queries/softrestaurant.py,50,from core.system_type_utils import is_softrestaurant_system
MEDIA,REVISAR,Comercial,remote POS names,/app/backend/modules/comercial/queries/softrestaurant.py,56,# Tablas conocidas de SoftRestaurant para validación
MEDIA,REVISAR,Comercial,remote POS names,/app/backend/modules/comercial/queries/softrestaurant.py,104,Query base ÚNICA de ventas para SoftRestaurant.
MEDIA,REVISAR,Comercial,remote POS names,/app/backend/modules/comercial/queries/softrestaurant.py,136,if not is_softrestaurant_system(system_type):
MEDIA,REVISAR,Comercial,remote POS names,/app/backend/modules/comercial/queries/softrestaurant.py,139,"error=f""Server {server.get('name')} no es SoftRestaurant (es {system_type})"""
MEDIA,REVISAR_POSIBLE_LIVE,Comercial,execute_sql_query,/app/backend/modules/comercial/queries/softrestaurant.py,181,result = execute_sql_query(
MEDIA,REVISAR,Comercial,remote POS names,/app/backend/modules/comercial/queries/softrestaurant.py,222,Convierte fecha ISO (YYYY-MM-DD) a formato SoftRestaurant (YYYYMMDD).
MEDIA,REVISAR,Comercial,remote POS names,/app/backend/modules/comercial/queries/softrestaurant.py,235,Construye filtro SQL para sucursal en SoftRestaurant.
MEDIA,REVISAR,Comercial,remote POS names,/app/backend/modules/comercial/queries/softrestaurant.py,239,- La columna idestacion puede no existir en algunas versiones de SoftRestaurant.
MEDIA,REVISAR,Comercial,remote POS names,/app/backend/modules/comercial/queries/softrestaurant.py,263,"# La columna idestacion en SoftRestaurant tiene IDs como '130GRADOSCAJA', no nombres"
MEDIA,REVISAR_POSIBLE_LIVE,Comercial,direct host ddns,/app/backend/modules/comercial/queries/softrestaurant.py,264,"nombres_ignorar = ('cienfuegos', 'la estelar', 'estelar', 'origen', 'queretaro', 'merida', '130 mid', '130mid')"
MEDIA,REVISAR_POSIBLE_LIVE,Comercial,execute_sql_query,/app/backend/modules/comercial/repository.py,156,results = execute_sql_query(
MEDIA,REVISAR_POSIBLE_LIVE,Comercial,execute_sql_query,/app/backend/modules/comercial/repository.py,186,results = execute_sql_query(
MEDIA,REVISAR,Comercial,remote POS names,/app/backend/modules/comercial/repository.py,292,# Construir condición para sucursal_origen_id (puede ser NULL para SoftRestaurant)
MEDIA,REVISAR,Comercial,remote POS names,/app/backend/modules/comercial/repository.py,296,"# Para SoftRestaurant sin código, buscar por server_id con sucursal_origen_id NULL"
MEDIA,REVISAR_POSIBLE_LIVE,Comercial,execute_sql_query,/app/backend/modules/comercial/repository.py,306,results = execute_sql_query(
MEDIA,REVISAR,Comercial,remote POS names,/app/backend/modules/comercial/repository.py,361,# QUERIES SQL - VENTAS MPRO
MEDIA,REVISAR,Comercial,remote POS names,/app/backend/modules/comercial/repository.py,364,"def query_ventas_mpro(server: Dict, mes: int, anio: int, sucursal_id: str = None) -> List[Dict]:"
MEDIA,REVISAR,Comercial,remote POS names,/app/backend/modules/comercial/repository.py,366,Obtiene ventas de MPRO para un mes/año específico.
MEDIA,REVISAR_POSIBLE_LIVE,Comercial,execute_sql_query,/app/backend/modules/comercial/repository.py,384,return execute_sql_query(
MEDIA,REVISAR,Comercial,remote POS names,/app/backend/modules/comercial/repository.py,390,"def query_ventas_softrestaurant(server: Dict, mes: int, anio: int) -> List[Dict]:"
MEDIA,REVISAR,Comercial,remote POS names,/app/backend/modules/comercial/repository.py,392,Obtiene ventas de SoftRestaurant para un mes/año específico.
MEDIA,REVISAR_POSIBLE_LIVE,Comercial,execute_sql_query,/app/backend/modules/comercial/repository.py,413,return execute_sql_query(
MEDIA,REVISAR,Comercial,remote POS names,/app/backend/modules/comercial/repository.py,423,"def query_ticket_perfecto_mpro(server: Dict, mes: int, anio: int, sucursal_id: str = None) -> List[Dict]:"
MEDIA,REVISAR,Comercial,remote POS names,/app/backend/modules/comercial/repository.py,425,Obtiene datos de ticket perfecto para MPRO.
MEDIA,REVISAR_POSIBLE_LIVE,Comercial,execute_sql_query,/app/backend/modules/comercial/repository.py,448,return execute_sql_query(
MEDIA,REVISAR,Comercial,remote POS names,/app/backend/modules/comercial/repository.py,752,"'query_ventas_mpro',"
MEDIA,REVISAR,Comercial,remote POS names,/app/backend/modules/comercial/repository.py,753,"'query_ventas_softrestaurant',"
MEDIA,REVISAR,Comercial,remote POS names,/app/backend/modules/comercial/repository.py,755,"'query_ticket_perfecto_mpro',"
MEDIA,REVISAR,Comercial,remote POS names,/app/backend/modules/comercial/routes.py,27,- ✅ Adapters (APIs locales MPRO) migrados a adapters.py
MEDIA,REVISAR,Comercial,remote POS names,/app/backend/modules/comercial/routes.py,40,- APIS_MPRO_LOCALES (configuración)
MEDIA,REVISAR,Comercial,remote POS names,/app/backend/modules/comercial/routes.py,41,- query_api_mpro_local()
MEDIA,REVISAR,Comercial,remote POS names,/app/backend/modules/comercial/routes.py,113,from modules.comercial.queries.softrestaurant import query_ventas_periodo_sr
MEDIA,REVISAR,Comercial,remote POS names,/app/backend/modules/comercial/routes.py,114,# BLOQUE 5.2: Import de query MPRO centralizada con filtro flexible
MEDIA,REVISAR,Comercial,remote POS names,/app/backend/modules/comercial/routes.py,115,from modules.comercial.queries.mpro import query_ventas_periodo_mpro_con_filtro_flexible
MEDIA,REVISAR,Comercial,remote POS names,/app/backend/modules/comercial/routes.py,159,"is_mpro_system,"
MEDIA,REVISAR,Comercial,remote POS names,/app/backend/modules/comercial/routes.py,160,"is_softrestaurant_system,"
MEDIA,REVISAR_POSIBLE_LIVE,Comercial,execute_sql_query,/app/backend/modules/comercial/routes.py,457,result = execute_sql_query(
MEDIA,REVISAR,Comercial,remote POS names,/app/backend/modules/comercial/routes.py,881,if is_softrestaurant_system(server.get('system_type')):
MEDIA,REVISAR,Comercial,remote POS names,/app/backend/modules/comercial/routes.py,994,"logging.warning(f""[BLINDAJE] Error SoftRestaurant {server['name']}: {sr_error}"")"
MEDIA,REVISAR,Comercial,remote POS names,/app/backend/modules/comercial/routes.py,1386,elif is_mpro_system(server.get('system_type')):
MEDIA,REVISAR,Comercial,remote POS names,/app/backend/modules/comercial/routes.py,1388,# FASE P0.5 MPRO: Ventas del Día lee EDARSAHUB SQL (NO API_LOCAL)
MEDIA,REVISAR,Comercial,remote POS names,/app/backend/modules/comercial/routes.py,1390,"logging.info(f""Procesando servidor MPRO: {server['name']}"")"
MEDIA,REVISAR,Comercial,remote POS names,/app/backend/modules/comercial/routes.py,1393,# MPRO Ventas del Día: Leer de EDARSAHUB SQL (NO API_LOCAL)
MEDIA,REVISAR,Comercial,remote POS names,/app/backend/modules/comercial/routes.py,1401,unidad_codigo_mpro = 'ORIGEN'
MEDIA,REVISAR,Comercial,remote POS names,/app/backend/modules/comercial/routes.py,1403,unidad_codigo_mpro = '130QRO'
MEDIA,REVISAR,Comercial,remote POS names,/app/backend/modules/comercial/routes.py,1405,"unidad_codigo_mpro = server.get('unidad_negocio_id') or server_name_upper.replace(' LOCAL', '').strip()"
MEDIA,REVISAR,Comercial,remote POS names,/app/backend/modules/comercial/routes.py,1408,fecha_op = get_fecha_operacion(unidad_codigo_mpro)
MEDIA,REVISAR,Comercial,remote POS names,/app/backend/modules/comercial/routes.py,1414,"ventas_dia_snapshot = get_ventas_dia_abiertas(fecha_op, [unidad_codigo_mpro])"
MEDIA,REVISAR,Comercial,remote POS names,/app/backend/modules/comercial/routes.py,1424,if vd_id == unidad_codigo_mpro:
MEDIA,REVISAR,Comercial,remote POS names,/app/backend/modules/comercial/routes.py,1448,"'unidad': unidad_codigo_mpro, 'fuente': 'EDARSAHUB_SQL',"
MEDIA,REVISAR,Comercial,remote POS names,/app/backend/modules/comercial/routes.py,1451,"logging.info(f""[P0.5-MPRO] {server['name']}: EDARSAHUB SQL = ${total_estimado:,.2f}"")"
MEDIA,REVISAR,Comercial,remote POS names,/app/backend/modules/comercial/routes.py,1463,"sucursal=unidad_codigo_mpro,"
MEDIA,REVISAR,Comercial,remote POS names,/app/backend/modules/comercial/routes.py,1472,"logging.warning(f""[P0.5-MPRO] {server['name']}: Sin datos en EDARSAHUB"")"
MEDIA,REVISAR,Comercial,remote POS names,/app/backend/modules/comercial/routes.py,1483,"sucursal=unidad_codigo_mpro,"
MEDIA,REVISAR,Comercial,remote POS names,/app/backend/modules/comercial/routes.py,1487,except Exception as mpro_error:
MEDIA,REVISAR,Comercial,remote POS names,/app/backend/modules/comercial/routes.py,1488,"logging.error(f""[P0.5-MPRO] Error: {mpro_error}"")"
MEDIA,REVISAR,Comercial,remote POS names,/app/backend/modules/comercial/routes.py,1499,"error_code=""MPRO_EDARSAHUB_ERROR"","
MEDIA,REVISAR,Comercial,remote POS names,/app/backend/modules/comercial/routes.py,1500,"error_message=str(mpro_error)[:100],"
MEDIA,REVISAR,Comercial,remote POS names,/app/backend/modules/comercial/routes.py,1504,# MPRO modo HUB (NO ventas del día)
MEDIA,REVISAR,Comercial,remote POS names,/app/backend/modules/comercial/routes.py,1510,"logging.info(f""MPRO {server['name']}: {len(unidades_mpro)} unidades"")"
MEDIA,REVISAR,Comercial,remote POS names,/app/backend/modules/comercial/routes.py,1511,"unidades_mpro = await filtrar_unidades_por_visibilidad(unidades_mpro, server['id'])"
MEDIA,REVISAR,Comercial,remote POS names,/app/backend/modules/comercial/routes.py,1514,for unidad in unidades_mpro:
MEDIA,REVISAR,Comercial,remote POS names,/app/backend/modules/comercial/routes.py,1534,"source_period_mpro, source_live_mpro = ""MPRO_API_LOCAL"", ""LOCAL_API"""
MEDIA,REVISAR,Comercial,remote POS names,/app/backend/modules/comercial/routes.py,1535,live_status_mpro = LiveStatus.LIVE_CONNECTED
MEDIA,REVISAR,Comercial,remote POS names,/app/backend/modules/comercial/routes.py,1537,"source_period_mpro, source_live_mpro = ""EDARSAHUB_SQL"", ""EDARSAHUB_SQL"""
MEDIA,REVISAR,Comercial,remote POS names,/app/backend/modules/comercial/routes.py,1538,live_status_mpro = LiveStatus.LIVE_NOT_APPLICABLE
MEDIA,REVISAR,Comercial,remote POS names,/app/backend/modules/comercial/routes.py,1540,"source_period_mpro, source_live_mpro = ""MPRO_SQL_DIRECT"", ""SQL_DIRECT"""
MEDIA,REVISAR,Comercial,remote POS names,/app/backend/modules/comercial/routes.py,1541,live_status_mpro = LiveStatus.LIVE_CONNECTED
MEDIA,REVISAR,Comercial,remote POS names,/app/backend/modules/comercial/routes.py,1546,"live_status=live_status_mpro,"
MEDIA,REVISAR,Comercial,remote POS names,/app/backend/modules/comercial/routes.py,1551,"source_period=source_period_mpro,"
MEDIA,REVISAR,Comercial,remote POS names,/app/backend/modules/comercial/routes.py,1552,"source_live=source_live_mpro,"
MEDIA,REVISAR,Comercial,remote POS names,/app/backend/modules/comercial/routes.py,1566,except Exception as mpro_error:
MEDIA,REVISAR,Comercial,remote POS names,/app/backend/modules/comercial/routes.py,1567,"logging.error(f""[P0-LOG] MPRO error: {server['name']}: {mpro_error}"")"
MEDIA,REVISAR,Comercial,remote POS names,/app/backend/modules/comercial/routes.py,1570,"live_status, source_real_status = classify_connection_error(mpro_error, server)"
MEDIA,REVISAR,Comercial,remote POS names,/app/backend/modules/comercial/routes.py,1583,"error_code=""MPRO_ERROR"","
MEDIA,REVISAR,Comercial,remote POS names,/app/backend/modules/comercial/routes.py,1584,"error_message=f""MPRO no disponible: {str(mpro_error)[:100]}"","
MEDIA,REVISAR,Comercial,remote POS names,/app/backend/modules/comercial/routes.py,1590,"logging.info(f""[P0-LOG] MPRO caché: {len(cached_list)} unidades"")"
MEDIA,REVISAR,Comercial,remote POS names,/app/backend/modules/comercial/routes.py,1604,"cache_warning=""MPRO caída, usando caché"","
MEDIA,REVISAR,Comercial,remote POS names,/app/backend/modules/comercial/routes.py,1622,"error_message=""Sin datos MPRO"","
MEDIA,REVISAR,Comercial,remote POS names,/app/backend/modules/comercial/routes.py,1686,# Para SoftRestaurant: 1 unidad por servidor (sucursal_origen_id es NULL)
MEDIA,REVISAR,Comercial,remote POS names,/app/backend/modules/comercial/routes.py,1687,# Para MPRO: usar server_id + sucursal_origen_id (ya corregido en P0)
MEDIA,REVISAR,Comercial,remote POS names,/app/backend/modules/comercial/routes.py,1688,if sid and not suc:  # SoftRestaurant
MEDIA,REVISAR,Comercial,remote POS names,/app/backend/modules/comercial/routes.py,1700,2. Resolver desde EDARSAHUB por server_id (SoftRestaurant)
MEDIA,REVISAR,Comercial,remote POS names,/app/backend/modules/comercial/routes.py,1809,"'system_type': snapshot.get('sistema_origen', 'MPRO'),"
MEDIA,REVISAR_POSIBLE_LIVE,Comercial,execute_sql_query,/app/backend/modules/comercial/routes.py,1961,result = execute_sql_query(
MEDIA,REVISAR_POSIBLE_LIVE,Comercial,pymssql.connect,/app/backend/modules/comercial/routes.py,2044,conn = pymssql.connect(
MEDIA,REVISAR,Comercial,remote POS names,/app/backend/modules/comercial/routes.py,2109,# FASE 3A.3: Incluir system_type para evitar colisiones MPRO/SoftRestaurant
MEDIA,REVISAR,Comercial,remote POS names,/app/backend/modules/comercial/routes.py,2133,if is_softrestaurant_system(server.get('system_type')):
MEDIA,REVISAR_POSIBLE_LIVE,Comercial,execute_sql_query,/app/backend/modules/comercial/routes.py,2160,result_prod = execute_sql_query(
MEDIA,REVISAR_POSIBLE_LIVE,Comercial,execute_sql_query,/app/backend/modules/comercial/routes.py,2192,result_vend = execute_sql_query(
MEDIA,REVISAR,Comercial,remote POS names,/app/backend/modules/comercial/routes.py,2210,elif is_mpro_system(server.get('system_type')):
MEDIA,REVISAR,Comercial,remote POS names,/app/backend/modules/comercial/routes.py,2211,# IMPLEMENTACIÓN MPRO (Abril 2026)
MEDIA,REVISAR,Comercial,remote POS names,/app/backend/modules/comercial/routes.py,2216,# Filtro de sucursal para MPRO
MEDIA,REVISAR,Comercial,remote POS names,/app/backend/modules/comercial/routes.py,2229,"# NOTA: En MPRO, la tabla Venta tiene Vn_Cantidad_1 y Vn_Precio_Neto_Importe"
MEDIA,REVISAR_POSIBLE_LIVE,Comercial,execute_sql_query,/app/backend/modules/comercial/routes.py,2245,result_prod = execute_sql_query(
MEDIA,REVISAR,Comercial,remote POS names,/app/backend/modules/comercial/routes.py,2263,# Ventas por vendedor (top 10) - En MPRO usar tabla Vendedor
MEDIA,REVISAR_POSIBLE_LIVE,Comercial,execute_sql_query,/app/backend/modules/comercial/routes.py,2278,result_vend = execute_sql_query(
MEDIA,REVISAR_POSIBLE_LIVE,Comercial,pymssql.connect,/app/backend/modules/comercial/routes.py,2381,conn = pymssql.connect(
MEDIA,REVISAR,Comercial,remote POS names,/app/backend/modules/comercial/routes.py,2455,# FASE 3A.3: Incluir system_type para evitar colisiones MPRO/SoftRestaurant
MEDIA,REVISAR,Comercial,remote POS names,/app/backend/modules/comercial/routes.py,2481,if is_softrestaurant_system(server.get('system_type')):
MEDIA,REVISAR,Comercial,remote POS names,/app/backend/modules/comercial/routes.py,2488,# clasificacionventa puede no existir en algunas versiones de SoftRestaurant
MEDIA,REVISAR_POSIBLE_LIVE,Comercial,execute_sql_query,/app/backend/modules/comercial/routes.py,2505,result = execute_sql_query(
MEDIA,REVISAR_POSIBLE_LIVE,Comercial,execute_sql_query,/app/backend/modules/comercial/routes.py,2543,result_simple = execute_sql_query(
MEDIA,REVISAR_POSIBLE_LIVE,Comercial,execute_sql_query,/app/backend/modules/comercial/routes.py,2581,result_rent = execute_sql_query(
MEDIA,REVISAR,Comercial,remote POS names,/app/backend/modules/comercial/routes.py,2668,# PROHIBIDO: Abrir conexión a SoftRestaurant/MPRO/Enterprise
MEDIA,REVISAR_POSIBLE_LIVE,Comercial,pymssql.connect,/app/backend/modules/comercial/routes.py,2683,conn = pymssql.connect(
MEDIA,REVISAR_POSIBLE_LIVE,Comercial,pymssql.connect,/app/backend/modules/comercial/routes.py,2791,conn_hoy = pymssql.connect(
MEDIA,REVISAR_POSIBLE_LIVE,Comercial,pymssql.connect,/app/backend/modules/comercial/routes.py,2900,conn = pymssql.connect(
MEDIA,REVISAR,Comercial,remote POS names,/app/backend/modules/comercial/routes.py,2995,if is_softrestaurant_system(server.get('system_type')):
MEDIA,REVISAR_POSIBLE_LIVE,Comercial,execute_sql_query,/app/backend/modules/comercial/routes.py,3022,result = execute_sql_query(
MEDIA,REVISAR_POSIBLE_LIVE,Comercial,execute_sql_query,/app/backend/modules/comercial/routes.py,3078,result_rot = execute_sql_query(
MEDIA,REVISAR,Comercial,remote POS names,/app/backend/modules/comercial/routes.py,3103,elif is_mpro_system(server.get('system_type')):
MEDIA,REVISAR,Comercial,remote POS names,/app/backend/modules/comercial/routes.py,3104,# BLINDAJE: Definir f_fin para MPRO
MEDIA,REVISAR,Comercial,remote POS names,/app/backend/modules/comercial/routes.py,3107,"# Filtro de sucursal para MPRO - no filtrar si es ""default"" o nombre del servidor"
MEDIA,REVISAR_POSIBLE_LIVE,Comercial,execute_sql_query,/app/backend/modules/comercial/routes.py,3136,result = execute_sql_query(
MEDIA,REVISAR,Comercial,remote POS names,/app/backend/modules/comercial/routes.py,3159,"# BLINDAJE MPRO: Usar nombre de MongoDB (ya obtenido arriba), con fallback a SQL si no se encontró"
MEDIA,REVISAR,Comercial,remote POS names,/app/backend/modules/comercial/routes.py,3160,nombre_final_mpro = nombre_unidad_mostrar
MEDIA,REVISAR,Comercial,remote POS names,/app/backend/modules/comercial/routes.py,3162,if nombre_final_mpro == server['name'] and sucursal:
MEDIA,REVISAR_POSIBLE_LIVE,Comercial,execute_sql_query,/app/backend/modules/comercial/routes.py,3169,result_nombre = execute_sql_query(
MEDIA,REVISAR,Comercial,remote POS names,/app/backend/modules/comercial/routes.py,3174,nombre_final_mpro = result_nombre[0]['nombre']
MEDIA,REVISAR,Comercial,remote POS names,/app/backend/modules/comercial/routes.py,3179,"""nombre"": nombre_final_mpro,"
MEDIA,REVISAR,Comercial,remote POS names,/app/backend/modules/comercial/routes.py,3192,# Rotación por hora para MPRO
MEDIA,REVISAR_POSIBLE_LIVE,Comercial,execute_sql_query,/app/backend/modules/comercial/routes.py,3209,result_rotacion = execute_sql_query(
MEDIA,REVISAR,Comercial,remote POS names,/app/backend/modules/comercial/routes.py,3295,if is_softrestaurant_system(server.get('system_type')):
MEDIA,REVISAR,Comercial,remote POS names,/app/backend/modules/comercial/routes.py,3296,# Formato de fecha para SoftRestaurant (YYYYMMDD)
MEDIA,REVISAR_POSIBLE_LIVE,Comercial,execute_sql_query,/app/backend/modules/comercial/routes.py,3347,result = execute_sql_query(
MEDIA,REVISAR_POSIBLE_LIVE,Comercial,execute_sql_query,/app/backend/modules/comercial/routes.py,3362,result_total = execute_sql_query(
MEDIA,REVISAR,Comercial,remote POS names,/app/backend/modules/comercial/routes.py,3394,elif is_mpro_system(server.get('system_type')):
MEDIA,REVISAR,Comercial,remote POS names,/app/backend/modules/comercial/routes.py,3395,# Formato de fecha para MPRO (YYYYMMDD)
MEDIA,REVISAR,Comercial,remote POS names,/app/backend/modules/comercial/routes.py,3408,sucursal_lower == 'mpro'
MEDIA,REVISAR,Comercial,remote POS names,/app/backend/modules/comercial/routes.py,3420,"logging.info(f""Detalle MPRO: f_ini={f_ini}, f_fin={f_fin}, sucursal={sucursal}, skip_filter={skip_sucursal_filter}, sucursal_filter={sucursal_filter}"")"
MEDIA,REVISAR,Comercial,remote POS names,/app/backend/modules/comercial/routes.py,3422,# Query para MPRO - usa Venta_Encabezado con Comanda para PAX
MEDIA,REVISAR,Comercial,remote POS names,/app/backend/modules/comercial/routes.py,3441,"logging.info(f""Query MPRO detalle: {query_detalle[:200]}..."")"
MEDIA,REVISAR_POSIBLE_LIVE,Comercial,execute_sql_query,/app/backend/modules/comercial/routes.py,3442,result = execute_sql_query(
MEDIA,REVISAR_POSIBLE_LIVE,Comercial,execute_sql_query,/app/backend/modules/comercial/routes.py,3458,result_total = execute_sql_query(
MEDIA,REVISAR,Comercial,remote POS names,/app/backend/modules/comercial/routes.py,3572,if is_softrestaurant_system(server.get('system_type')):
MEDIA,REVISAR,Comercial,remote POS names,/app/backend/modules/comercial/routes.py,3573,# Formato YYYYMMDD para SoftRestaurant - usando CONVERT para evitar errores de conversión
MEDIA,REVISAR_POSIBLE_LIVE,Comercial,execute_sql_query,/app/backend/modules/comercial/routes.py,3598,result_ventas_reales = execute_sql_query(
MEDIA,REVISAR,Comercial,remote POS names,/app/backend/modules/comercial/routes.py,3606,# NOTA: En SoftRestaurant la tabla de detalle es 'cheqdet' (no 'chequedetalle')
MEDIA,REVISAR,Comercial,remote POS names,/app/backend/modules/comercial/routes.py,3612,"'SoftRestaurant' as categoria,"
MEDIA,REVISAR_POSIBLE_LIVE,Comercial,execute_sql_query,/app/backend/modules/comercial/routes.py,3646,ventas_actual = execute_sql_query(
MEDIA,REVISAR_POSIBLE_LIVE,Comercial,execute_sql_query,/app/backend/modules/comercial/routes.py,3651,precios_base = execute_sql_query(
MEDIA,REVISAR,Comercial,remote POS names,/app/backend/modules/comercial/routes.py,3659,"logging.warning(f""Precios Constantes SoftRestaurant {server['name']}: Sin datos en período base {periodo_base}"")"
MEDIA,REVISAR,Comercial,remote POS names,/app/backend/modules/comercial/routes.py,3690,"logging.info(f""SoftRestaurant - Ventas reales: {ventas_reales_periodo}, Suma productos: {suma_productos_actual}, Factor: {factor_ajuste}"")"
MEDIA,REVISAR,Comercial,remote POS names,/app/backend/modules/comercial/routes.py,3851,elif is_mpro_system(server.get('system_type')):
MEDIA,REVISAR,Comercial,remote POS names,/app/backend/modules/comercial/routes.py,3852,# Para MPRO - Las ventas están en la tabla 'venta' directamente
MEDIA,REVISAR,Comercial,remote POS names,/app/backend/modules/comercial/routes.py,3868,"logging.info(f""Precios Constantes MPRO: Traduciendo sucursal '{sucursal}' -> '{sucursal_codigo}'"")"
MEDIA,REVISAR,Comercial,remote POS names,/app/backend/modules/comercial/routes.py,3870,# Filtro de sucursal - en MPRO se relaciona venta con sucursal
MEDIA,REVISAR,Comercial,remote POS names,/app/backend/modules/comercial/routes.py,3876,"query_ventas_reales_mpro = f"""""""
MEDIA,REVISAR_POSIBLE_LIVE,Comercial,execute_sql_query,/app/backend/modules/comercial/routes.py,3884,result_ventas_reales = execute_sql_query(
MEDIA,REVISAR,Comercial,remote POS names,/app/backend/modules/comercial/routes.py,3886,"server['username'], server['password'], query_ventas_reales_mpro"
MEDIA,REVISAR_POSIBLE_LIVE,Comercial,execute_sql_query,/app/backend/modules/comercial/routes.py,3924,ventas_actual = execute_sql_query(
MEDIA,REVISAR_POSIBLE_LIVE,Comercial,execute_sql_query,/app/backend/modules/comercial/routes.py,3929,precios_base = execute_sql_query(
MEDIA,REVISAR,Comercial,remote POS names,/app/backend/modules/comercial/routes.py,3937,"logging.warning(f""Precios Constantes MPRO {server['name']}: Sin datos en período base {periodo_base}"")"
MEDIA,REVISAR,Comercial,remote POS names,/app/backend/modules/comercial/routes.py,3967,"logging.info(f""MPRO - Ventas reales: {ventas_reales_periodo}, Suma productos: {suma_productos_actual}, Factor: {factor_ajuste}"")"
MEDIA,REVISAR_POSIBLE_LIVE,Comercial,pymssql.connect,/app/backend/modules/comercial/routes.py,4129,conn = pymssql.connect(
MEDIA,REVISAR,Comercial,remote POS names,/app/backend/modules/comercial/routes.py,4236,Soporta SoftRestaurant y MPRO.
MEDIA,REVISAR,Comercial,remote POS names,/app/backend/modules/comercial/routes.py,4438,if is_softrestaurant_system(server.get('system_type')):
MEDIA,REVISAR,Comercial,remote POS names,/app/backend/modules/comercial/routes.py,4450,"# PROHIBIDO: Abrir conexión remota a SoftRestaurant para obtener ""último día"""
MEDIA,REVISAR,Comercial,remote POS names,/app/backend/modules/comercial/routes.py,4460,"logging.info(f""[NO-LIVE] SoftRestaurant Query - Período: {f_ini} a {f_fin} (EDARSAHUB-ONLY)"")"
MEDIA,REVISAR,Comercial,remote POS names,/app/backend/modules/comercial/routes.py,4525,# PROHIBIDO: Abrir conexión remota a SoftRestaurant/MPRO/Enterprise
MEDIA,REVISAR,Comercial,remote POS names,/app/backend/modules/comercial/routes.py,4576,elif is_mpro_system(server.get('system_type')):
MEDIA,REVISAR,Comercial,remote POS names,/app/backend/modules/comercial/routes.py,4578,# FASE 7-FIX: EDARSAHUB COMO FUENTE PRINCIPAL PARA MPRO
MEDIA,REVISAR,Comercial,remote POS names,/app/backend/modules/comercial/routes.py,4580,# MISMO FIX que SoftRestaurant: Usar EDARSAHUB primero.
MEDIA,REVISAR,Comercial,remote POS names,/app/backend/modules/comercial/routes.py,4599,# EDARSAHUB tiene datos MPRO - usar estos como fuente principal
MEDIA,REVISAR,Comercial,remote POS names,/app/backend/modules/comercial/routes.py,4636,# PROHIBIDO: Abrir conexión remota a MPRO/Enterprise
MEDIA,REVISAR,Comercial,remote POS names,/app/backend/modules/comercial/routes.py,4644,stale_snapshot_mpro = get_last_valid_snapshot_edarsahub(server_id)
MEDIA,REVISAR,Comercial,remote POS names,/app/backend/modules/comercial/routes.py,4646,if stale_snapshot_mpro:
MEDIA,REVISAR,Comercial,remote POS names,/app/backend/modules/comercial/routes.py,4659,"""comparativo"": stale_snapshot_mpro.get('comparativo'),"
MEDIA,REVISAR_POSIBLE_LIVE,Comercial,direct host ddns,/app/backend/modules/comercial/routes.py,4726,"elif any(x in clean_id for x in [""MERIDA"", ""130MID"", ""MID""]):"
MEDIA,REVISAR,Comercial,remote POS names,/app/backend/modules/comercial/routes_competidores_enterprise.py,20,from .services.competidores_enterprise_service import (
MEDIA,REVISAR,Comercial,remote POS names,/app/backend/modules/comercial/service.py,17,- query_api_mpro_local() -> modules/comercial/adapters.py
MEDIA,REVISAR,Comercial,remote POS names,/app/backend/modules/comercial/service.py,48,from modules.comercial.queries.softrestaurant import query_ventas_periodo_sr
MEDIA,REVISAR,Comercial,remote POS names,/app/backend/modules/comercial/service.py,49,"from modules.comercial.queries.mpro import query_ventas_periodo_mpro, query_ventas_por_sucursal_mpro"
MEDIA,REVISAR_POSIBLE_LIVE,Comercial,direct host ddns,/app/backend/modules/comercial/service.py,92,"# CÓDIGOS OFICIALES: 130MID, 130QRO, CIENFUEGOS, ESTELAR, ORIGEN"
MEDIA,REVISAR_POSIBLE_LIVE,Comercial,execute_sql_query,/app/backend/modules/comercial/service.py,128,result = execute_sql_query(
MEDIA,REVISAR,Comercial,remote POS names,/app/backend/modules/comercial/service.py,153,# Mapeo por server_id (para SoftRestaurant sin sucursal)
MEDIA,REVISAR,Comercial,remote POS names,/app/backend/modules/comercial/service.py,157,# Mapeo por server_id:sucursal (para MPRO con sucursal)
MEDIA,REVISAR,Comercial,remote POS names,/app/backend/modules/comercial/service.py,184,sucursal: ID de sucursal (para MPRO)
MEDIA,REVISAR,Comercial,remote POS names,/app/backend/modules/comercial/service.py,211,"def _obtener_codigo_canonico_mpro(server_id: str, sucursal_id: str, sucursal_nombre: str) -> tuple:"
MEDIA,REVISAR,Comercial,remote POS names,/app/backend/modules/comercial/service.py,213,CAMBIO B HELPER: Obtiene código y nombre canónico para una sucursal MPRO.
MEDIA,REVISAR,Comercial,remote POS names,/app/backend/modules/comercial/service.py,221,server_id: ID del servidor MPRO
MEDIA,REVISAR,Comercial,remote POS names,/app/backend/modules/comercial/service.py,235,"logging.debug(f""[SERVICE] _obtener_codigo_canonico_mpro: EmpresaResolver resolvió '{sucursal_nombre}' -> {empresa.codigo_empresa}"")"
MEDIA,REVISAR,Comercial,remote POS names,/app/backend/modules/comercial/service.py,239,# Los códigos MPRO deben estar en Sistema_EmpresasServidores
MEDIA,REVISAR,Comercial,remote POS names,/app/backend/modules/comercial/service.py,257,"logging.debug(f""[SERVICE] _obtener_codigo_canonico_mpro: Resuelto por CodigoSucursalSistema '{sucursal_id}' -> {codigo}"")"
MEDIA,REVISAR_POSIBLE_LIVE,Comercial,direct host ddns,/app/backend/modules/comercial/service.py,299,"- La identidad principal es unidad_negocio_id CANÓNICO (130MID, 130QRO, etc.)"
MEDIA,REVISAR_POSIBLE_LIVE,Comercial,direct host ddns,/app/backend/modules/comercial/service.py,305,- 130MID (130° MÉRIDA)
MEDIA,REVISAR_POSIBLE_LIVE,Comercial,direct host ddns,/app/backend/modules/comercial/service.py,331,# Mérida - todas las variantes resuelven a 130MID
MEDIA,REVISAR_POSIBLE_LIVE,Comercial,direct host ddns,/app/backend/modules/comercial/service.py,332,"'130-MER': '130MID',"
MEDIA,REVISAR_POSIBLE_LIVE,Comercial,direct host ddns,/app/backend/modules/comercial/service.py,333,"'130-MID': '130MID',"
MEDIA,REVISAR_POSIBLE_LIVE,Comercial,direct host ddns,/app/backend/modules/comercial/service.py,334,"'130MER': '130MID',"
MEDIA,REVISAR_POSIBLE_LIVE,Comercial,direct host ddns,/app/backend/modules/comercial/service.py,335,"'130 MERIDA': '130MID',"
MEDIA,REVISAR_POSIBLE_LIVE,Comercial,direct host ddns,/app/backend/modules/comercial/service.py,336,"'130 MÉRIDA': '130MID',"
MEDIA,REVISAR_POSIBLE_LIVE,Comercial,direct host ddns,/app/backend/modules/comercial/service.py,337,"'130° MERIDA': '130MID',"
MEDIA,REVISAR_POSIBLE_LIVE,Comercial,direct host ddns,/app/backend/modules/comercial/service.py,338,"'130° MÉRIDA': '130MID',"
MEDIA,REVISAR_POSIBLE_LIVE,Comercial,direct host ddns,/app/backend/modules/comercial/service.py,339,"'MERIDA': '130MID',"
MEDIA,REVISAR_POSIBLE_LIVE,Comercial,direct host ddns,/app/backend/modules/comercial/service.py,340,"'MÉRIDA': '130MID',"
MEDIA,REVISAR_POSIBLE_LIVE,Comercial,direct host ddns,/app/backend/modules/comercial/service.py,354,"'130MID': '130MID',"
MEDIA,REVISAR,Comercial,remote POS names,/app/backend/modules/comercial/service.py,370,"def _obtener_sucursales_mpro_desde_resolver() -> List[Dict[str, Any]]:"
MEDIA,REVISAR,Comercial,remote POS names,/app/backend/modules/comercial/service.py,372,FASE 5B HELPER: Obtiene la lista de sucursales MPRO desde EmpresaResolver.
MEDIA,REVISAR,Comercial,remote POS names,/app/backend/modules/comercial/service.py,374,Lee de Sistema_EmpresasServidores las empresas que tienen conexión MPRO
MEDIA,REVISAR,Comercial,remote POS names,/app/backend/modules/comercial/service.py,389,# Buscar empresas con conexiones MPRO (tienen NumeroSucursalSistema)
MEDIA,REVISAR,Comercial,remote POS names,/app/backend/modules/comercial/service.py,444,"logging.info(f""[SERVICE] _obtener_sucursales_mpro_desde_resolver: {len(sucursales)} sucursales obtenidas via EmpresaResolver"")"
MEDIA,REVISAR,Comercial,remote POS names,/app/backend/modules/comercial/service.py,448,"logging.warning(f""[SERVICE] Error obteniendo sucursales MPRO desde EmpresaResolver: {e}"")"
MEDIA,REVISAR,Comercial,remote POS names,/app/backend/modules/comercial/service.py,453,"logging.warning(""[SERVICE] _obtener_sucursales_mpro_desde_resolver: Usando fallback hardcodeado"")"
MEDIA,REVISAR_POSIBLE_LIVE,Comercial,execute_sql_query,/app/backend/modules/comercial/service.py,480,result = execute_sql_query(
MEDIA,REVISAR,Comercial,remote POS names,/app/backend/modules/comercial/service.py,542,# FIX: Usar unidad_negocio_id para MPRO
MEDIA,REVISAR_POSIBLE_LIVE,Comercial,direct host ddns,/app/backend/modules/comercial/service.py,818,"unidad_negocio_id: ID de unidad (130MID, CIENFUEGOS, etc.)"
MEDIA,REVISAR,Comercial,remote POS names,/app/backend/modules/comercial/service.py,912,# FIX: Pasar unidad_negocio_id para filtro más confiable (especialmente para MPRO)
MEDIA,REVISAR_POSIBLE_LIVE,Comercial,direct host ddns,/app/backend/modules/comercial/service.py,1037,"# - Los códigos canónicos son: 130MID, 130QRO, CIENFUEGOS, ESTELAR, ORIGEN"
MEDIA,REVISAR,Comercial,remote POS names,/app/backend/modules/comercial/service.py,1040,# SoftRestaurant
MEDIA,REVISAR_POSIBLE_LIVE,Comercial,direct host ddns,/app/backend/modules/comercial/service.py,1041,"""a5547321-1139-4d2b-9d53-182ca737b6b6"": {""unidad_negocio_id"": ""130MID"", ""nombre"": ""130° MÉRIDA"", ""sucursal_id"": ""DEFAULT"", ""sistema"": ""SoftRestaurant""},"
MEDIA,REVISAR,Comercial,remote POS names,/app/backend/modules/comercial/service.py,1041,"""a5547321-1139-4d2b-9d53-182ca737b6b6"": {""unidad_negocio_id"": ""130MID"", ""nombre"": ""130° MÉRIDA"", ""sucursal_id"": ""DEFAULT"", ""sistema"": ""SoftRestaurant""},"
MEDIA,REVISAR,Comercial,remote POS names,/app/backend/modules/comercial/service.py,1042,"""6d053c22-523e-48c0-b72b-96081e2d781b"": {""unidad_negocio_id"": ""CIENFUEGOS"", ""nombre"": ""CIENFUEGOS"", ""sucursal_id"": ""DEFAULT"", ""sistema"": ""SoftRestaurant""},"
MEDIA,REVISAR,Comercial,remote POS names,/app/backend/modules/comercial/service.py,1043,"""a5ff0e25-f029-43db-b634-d4ac814c904f"": {""unidad_negocio_id"": ""ESTELAR"", ""nombre"": ""LA ESTELAR"", ""sucursal_id"": ""DEFAULT"", ""sistema"": ""SoftRestaurant""},"
MEDIA,REVISAR,Comercial,remote POS names,/app/backend/modules/comercial/service.py,1044,# MPRO (necesitan sucursal específica)
MEDIA,REVISAR,Comercial,remote POS names,/app/backend/modules/comercial/service.py,1050,"""sistema"": ""MPRO"""
MEDIA,REVISAR,Comercial,remote POS names,/app/backend/modules/comercial/service.py,1210,"if system_type.upper() in ['MPRO', 'MANAGEMENTPRO']:"
MEDIA,REVISAR,Comercial,remote POS names,/app/backend/modules/comercial/service.py,1212,"elif system_type.upper() in ['SOFTRESTAURANT', 'SR']:"
MEDIA,REVISAR,Comercial,remote POS names,/app/backend/modules/comercial/service.py,1402,"nombre = unidad_negocio_nombre or server.get('name', 'SoftRestaurant')"
MEDIA,REVISAR_POSIBLE_LIVE,Comercial,direct host ddns,/app/backend/modules/comercial/service.py,1410,# El mapeo traduce códigos canónicos (130MID) a formatos legacy (130-MER)
MEDIA,REVISAR,Comercial,remote POS names,/app/backend/modules/comercial/service.py,1509,"NOTA: MPRO tiene múltiples sucursales (0021 = 130° QUERETARO, 0023 = ORIGEN)."
MEDIA,REVISAR,Comercial,remote POS names,/app/backend/modules/comercial/service.py,1516,"nombre = server.get('name', 'MPRO')"
MEDIA,REVISAR,Comercial,remote POS names,/app/backend/modules/comercial/service.py,1518,# Obtener configuración de unidades MPRO
MEDIA,REVISAR,Comercial,remote POS names,/app/backend/modules/comercial/service.py,1519,"mpro_config = UNIDADES_EDARSAHUB_MAP.get(server_id, {})"
MEDIA,REVISAR,Comercial,remote POS names,/app/backend/modules/comercial/service.py,1521,if not mpro_config or 'sucursales' not in mpro_config:
MEDIA,REVISAR,Comercial,remote POS names,/app/backend/modules/comercial/service.py,1525,"sucursales = mpro_config.get('sucursales', {})"
MEDIA,REVISAR,Comercial,remote POS names,/app/backend/modules/comercial/service.py,1592,# FIX PROYECCIÓN MENSUAL MPRO: Usar días transcurridos OPERATIVOS
MEDIA,REVISAR,Comercial,remote POS names,/app/backend/modules/comercial/service.py,1594,# REGLA CANÓNICA: Misma que SoftRestaurant
MEDIA,REVISAR,Comercial,remote POS names,/app/backend/modules/comercial/service.py,1627,"logging.info(f""[PROYECCION-FIX-MPRO] {nombre}: Mes cerrado, días={dias_transcurridos_calc}"")"
MEDIA,REVISAR,Comercial,remote POS names,/app/backend/modules/comercial/service.py,1630,"logging.info(f""[PROYECCION-FIX-MPRO] {nombre}: Mes actual, FechaOp={fecha_operacion_actual}, días={dias_transcurridos_calc}"")"
MEDIA,REVISAR,Comercial,remote POS names,/app/backend/modules/comercial/service.py,1691,"logging.debug(f""MPRO {server['name']}: solo_ventas_dia={solo_ventas_dia}, fecha_ini={fecha_ini}, fecha_fin={fecha_fin}"")"
MEDIA,REVISAR,Comercial,remote POS names,/app/backend/modules/comercial/service.py,1700,"logging.info(f""[FIX-P0] MPRO {server['name']}: Modo Ventas del Día - LEYENDO DE EDARSAHUB SQL (NO API local)"")"
MEDIA,REVISAR,Comercial,remote POS names,/app/backend/modules/comercial/service.py,1703,# FASE 5B: Obtener sucursales MPRO desde EmpresaResolver
MEDIA,REVISAR,Comercial,remote POS names,/app/backend/modules/comercial/service.py,1704,# Reemplaza el hardcoding de sucursales_mpro
MEDIA,REVISAR,Comercial,remote POS names,/app/backend/modules/comercial/service.py,1706,sucursales_mpro = _obtener_sucursales_mpro_desde_resolver()
MEDIA,REVISAR,Comercial,remote POS names,/app/backend/modules/comercial/service.py,1710,for suc in sucursales_mpro:
MEDIA,REVISAR,Comercial,remote POS names,/app/backend/modules/comercial/service.py,1737,"""system_type"": ""MPRO"","
MEDIA,REVISAR,Comercial,remote POS names,/app/backend/modules/comercial/service.py,1767,"f""[FIX-P0] MPRO {nombre_canonico}: EDARSAHUB SQL OK - """
MEDIA,REVISAR,Comercial,remote POS names,/app/backend/modules/comercial/service.py,1775,"""system_type"": ""MPRO"","
MEDIA,REVISAR,Comercial,remote POS names,/app/backend/modules/comercial/service.py,1804,"f""[FIX-P0] MPRO {nombre_canonico}: Sin datos en EDARSAHUB SQL - """
MEDIA,REVISAR,Comercial,remote POS names,/app/backend/modules/comercial/service.py,1820,"# Las bases MPRO (QUERETARO, ORIGEN) son fuentes de extracción, no de lectura."
MEDIA,REVISAR,Comercial,remote POS names,/app/backend/modules/comercial/service.py,1823,"logging.info(f""[FIX-HUB] MPRO {server['name']}: Modo Histórico/Acumulado - LEYENDO DE EDARSAHUB SQL (NO bases MPRO)"")"
MEDIA,REVISAR,Comercial,remote POS names,/app/backend/modules/comercial/service.py,1825,# Obtener sucursales MPRO desde EmpresaResolver
MEDIA,REVISAR,Comercial,remote POS names,/app/backend/modules/comercial/service.py,1826,sucursales_mpro = _obtener_sucursales_mpro_desde_resolver()
MEDIA,REVISAR,Comercial,remote POS names,/app/backend/modules/comercial/service.py,1830,for suc in sucursales_mpro:
MEDIA,REVISAR,Comercial,remote POS names,/app/backend/modules/comercial/service.py,1843,# Usar la misma función que SoftRestaurant para leer de EDARSAHUB
MEDIA,REVISAR,Comercial,remote POS names,/app/backend/modules/comercial/service.py,1869,"f""[FIX-HUB] MPRO {nombre_canonico}: EDARSAHUB SQL OK - """
MEDIA,REVISAR,Comercial,remote POS names,/app/backend/modules/comercial/service.py,1879,"""system_type"": ""MPRO"","
MEDIA,REVISAR,Comercial,remote POS names,/app/backend/modules/comercial/service.py,1905,"f""[FIX-HUB] MPRO {nombre_canonico}: Sin datos en EDARSAHUB SQL para período {fecha_ini} a {fecha_fin}"""
MEDIA,REVISAR,Comercial,remote POS names,/app/backend/modules/comercial/service.py,1913,"logging.error(f""MPRO {server['name']}: Rango de fechas inválido ({fecha_ini} > {fecha_fin})"")"
MEDIA,REVISAR,Comercial,remote POS names,/app/backend/modules/comercial/service.py,1916,# Formato YYYYMMDD para MPRO (SQL Server con configuración regional español)
MEDIA,REVISAR,Comercial,remote POS names,/app/backend/modules/comercial/service.py,1920,"logging.error(f""MPRO {server['name']}: Error convirtiendo fechas: {e}"")"
MEDIA,REVISAR_POSIBLE_LIVE,Comercial,execute_sql_query,/app/backend/modules/comercial/service.py,1937,"result_ultimo = execute_sql_query(server['host'], server['port'], server['database'],"
MEDIA,REVISAR,Comercial,remote POS names,/app/backend/modules/comercial/service.py,1957,"logging.debug(f""MPRO por sucursal {server['name']} - Ultimo dia con ventas: {anio_ultimo}-{mes_ultimo:02d}-{dia_con_datos:02d}"")"
MEDIA,REVISAR,Comercial,remote POS names,/app/backend/modules/comercial/service.py,1967,"logging.debug(f""MPRO por sucursal {server['name']} - Período ajustado: {fi} a {ff}, días: {dias_transcurridos}"")"
MEDIA,REVISAR,Comercial,remote POS names,/app/backend/modules/comercial/service.py,1996,"logging.info(f""MPRO por sucursal Períodos ajustados - Mes ant: {fecha_ini_ant} a {fecha_fin_ant}, Año ant: {fecha_ini_año_ant} a {fecha_fin_año_ant}"")"
MEDIA,REVISAR,Comercial,remote POS names,/app/backend/modules/comercial/service.py,1998,"logging.warning(f""MPRO por sucursal Error detectando último día: {e}"")"
MEDIA,REVISAR,Comercial,remote POS names,/app/backend/modules/comercial/service.py,2007,# BLOQUE 4: Migrado a query centralizada query_ventas_por_sucursal_mpro()
MEDIA,REVISAR,Comercial,remote POS names,/app/backend/modules/comercial/service.py,2008,# ORIGEN ANTERIOR: SQL directo líneas 862-875 (ahora en queries/mpro.py)
MEDIA,REVISAR,Comercial,remote POS names,/app/backend/modules/comercial/service.py,2009,"result_principal = query_ventas_por_sucursal_mpro(server, fecha_ini, fecha_fin)"
MEDIA,REVISAR,Comercial,remote POS names,/app/backend/modules/comercial/service.py,2021,"logging.warning(f""MPRO {server['name']}: No se encontraron sucursales con ventas"")"
MEDIA,REVISAR,Comercial,remote POS names,/app/backend/modules/comercial/service.py,2024,"logging.info(f""MPRO {server['name']}: Query retornó {len(result_principal.sucursales)} sucursales"")"
MEDIA,REVISAR,Comercial,remote POS names,/app/backend/modules/comercial/service.py,2039,"logging.info(f""[MPRO] Sucursal no visible omitida: sucursal_origen_id={sucursal_id}, nombre={sucursal_nombre}"")"
MEDIA,REVISAR_POSIBLE_LIVE,Comercial,execute_sql_query,/app/backend/modules/comercial/service.py,2063,"result_ultimo_suc = execute_sql_query(server['host'], server['port'], server['database'],"
MEDIA,REVISAR,Comercial,remote POS names,/app/backend/modules/comercial/service.py,2072,"logging.debug(f""MPRO {sucursal_nombre} - Ultimo dia con ventas: dia {dia_suc}"")"
MEDIA,REVISAR_POSIBLE_LIVE,Comercial,execute_sql_query,/app/backend/modules/comercial/service.py,2126,"r_ant = execute_sql_query(server['host'], server['port'], server['database'],"
MEDIA,REVISAR_POSIBLE_LIVE,Comercial,execute_sql_query,/app/backend/modules/comercial/service.py,2149,"r_año = execute_sql_query(server['host'], server['port'], server['database'],"
MEDIA,REVISAR,Comercial,remote POS names,/app/backend/modules/comercial/service.py,2212,"logging.debug(f""MPRO {sucursal_nombre}: Dia={dia_suc}, Actual={ventas:.2f}, MesAnt({fia_suc}-{ffa_suc})={ventas_ant:.2f} -> {var_vs_mes_ant}%, AnoAnt({fiaa_suc}-{ffaa_suc})={ventas_año:.2f} -> {var_vs_año_ant}%"")"
MEDIA,REVISAR,Comercial,remote POS names,/app/backend/modules/comercial/service.py,2219,# via resolve_unidad_by_server_sucursal() - NO usar _obtener_codigo_canonico_mpro()
MEDIA,REVISAR,Comercial,remote POS names,/app/backend/modules/comercial/service.py,2227,"""system_type"": ""MPRO"","
MEDIA,REVISAR,Comercial,remote POS names,/app/backend/modules/comercial/service.py,2252,"logging.info(f""MPRO {server['name']} - Sucursal '{nombre_canonico}' (origen_id={sucursal_id}): Ventas={ventas}, Cheques={cheques}"")"
MEDIA,REVISAR,Comercial,remote POS names,/app/backend/modules/comercial/service.py,2352,"# SoftRestaurant. Si la conexión fallaba, mostraba ""Sin Datos"" aunque EDARSAHUB"
MEDIA,REVISAR,Comercial,remote POS names,/app/backend/modules/comercial/service.py,2489,"FIX MPRO: Si no encuentra por server_id, intenta buscar por unidad_negocio_id"
MEDIA,REVISAR,Comercial,remote POS names,/app/backend/modules/comercial/service.py,2490,derivado del nombre del servidor. Esto maneja casos donde los datos MPRO
MEDIA,REVISAR,Comercial,remote POS names,/app/backend/modules/comercial/service.py,2536,# FIX MPRO: Buscar por unidad_negocio_id si no encontramos por server_id
MEDIA,REVISAR,Comercial,remote POS names,/app/backend/modules/comercial/service.py,2551,"query_mpro = f"""""""
MEDIA,REVISAR,Comercial,remote POS names,/app/backend/modules/comercial/service.py,2566,if result_mpro and len(result_mpro) > 0:
MEDIA,REVISAR,Comercial,remote POS names,/app/backend/modules/comercial/service.py,2567,row = result_mpro[0]
MEDIA,REVISAR,Comercial,remote POS names,/app/backend/modules/comercial/service.py,2610,# ManagmentPro (servidor MPRO principal) - no necesita fallback
MEDIA,REVISAR_POSIBLE_LIVE,Comercial,pymssql.connect,/app/backend/modules/comercial/service.py,2632,conn = pymssql.connect(
MEDIA,REVISAR_POSIBLE_LIVE,Comercial,execute_sql_query,/app/backend/modules/comercial/services/benchmark_service.py,121,"count_result = execute_sql_query(*conn, count_query)"
MEDIA,REVISAR_POSIBLE_LIVE,Comercial,execute_sql_query,/app/backend/modules/comercial/services/benchmark_service.py,158,"result = execute_sql_query(*conn, query)"
MEDIA,REVISAR_POSIBLE_LIVE,Comercial,execute_sql_query,/app/backend/modules/comercial/services/benchmark_service.py,201,"result = execute_sql_query(*conn, query)"
MEDIA,REVISAR_POSIBLE_LIVE,Comercial,execute_sql_query,/app/backend/modules/comercial/services/benchmark_service.py,251,"result = execute_sql_query(*conn, query)"
MEDIA,REVISAR_POSIBLE_LIVE,Comercial,execute_sql_query,/app/backend/modules/comercial/services/benchmark_service.py,304,"execute_sql_query(*conn, insert_query)"
MEDIA,REVISAR_POSIBLE_LIVE,Comercial,execute_sql_query,/app/backend/modules/comercial/services/benchmark_service.py,352,"execute_sql_query(*conn, update_query)"
MEDIA,REVISAR_POSIBLE_LIVE,Comercial,execute_sql_query,/app/backend/modules/comercial/services/benchmark_service.py,374,"execute_sql_query(*conn, update_query)"
MEDIA,REVISAR_POSIBLE_LIVE,Comercial,execute_sql_query,/app/backend/modules/comercial/services/benchmark_service.py,394,"execute_sql_query(*conn, update_query)"
MEDIA,REVISAR_POSIBLE_LIVE,Comercial,execute_sql_query,/app/backend/modules/comercial/services/benchmark_service.py,430,"result_benchmark = execute_sql_query(*conn, query_benchmark)"
MEDIA,REVISAR_POSIBLE_LIVE,Comercial,execute_sql_query,/app/backend/modules/comercial/services/benchmark_service.py,449,"result_productos = execute_sql_query(*conn, query_productos)"
MEDIA,REVISAR_POSIBLE_LIVE,Comercial,execute_sql_query,/app/backend/modules/comercial/services/benchmark_service.py,523,"result = execute_sql_query(*conn, query_validados)"
MEDIA,REVISAR_POSIBLE_LIVE,Comercial,execute_sql_query,/app/backend/modules/comercial/services/benchmark_service.py,571,"result_menu = execute_sql_query(*conn, query_con_menu)"
MEDIA,REVISAR,Comercial,remote POS names,/app/backend/modules/comercial/services/competidores_enterprise_service.py,2,FASE 1C-3I-B v2: Servicio Enterprise de Competidores por Unidad de Negocio
MEDIA,REVISAR_POSIBLE_LIVE,Comercial,execute_sql_query,/app/backend/modules/comercial/services/competidores_enterprise_service.py,116,"execute_sql_query(*conn, query)"
MEDIA,REVISAR_POSIBLE_LIVE,Comercial,execute_sql_query,/app/backend/modules/comercial/services/competidores_enterprise_service.py,151,"count_result = execute_sql_query(*conn, count_query)"
MEDIA,REVISAR_POSIBLE_LIVE,Comercial,execute_sql_query,/app/backend/modules/comercial/services/competidores_enterprise_service.py,181,"result = execute_sql_query(*conn, query)"
MEDIA,REVISAR_POSIBLE_LIVE,Comercial,execute_sql_query,/app/backend/modules/comercial/services/competidores_enterprise_service.py,232,"check_result = execute_sql_query(*conn, check_query)"
MEDIA,REVISAR_POSIBLE_LIVE,Comercial,execute_sql_query,/app/backend/modules/comercial/services/competidores_enterprise_service.py,245,"existe_result = execute_sql_query(*conn, existe_query)"
MEDIA,REVISAR_POSIBLE_LIVE,Comercial,execute_sql_query,/app/backend/modules/comercial/services/competidores_enterprise_service.py,292,"execute_sql_query(*conn, insert_query)"
MEDIA,REVISAR_POSIBLE_LIVE,Comercial,execute_sql_query,/app/backend/modules/comercial/services/competidores_enterprise_service.py,326,"execute_sql_query(*conn, update_query)"
MEDIA,REVISAR_POSIBLE_LIVE,Comercial,execute_sql_query,/app/backend/modules/comercial/services/competidores_enterprise_service.py,372,"count_result = execute_sql_query(*conn, count_query)"
MEDIA,REVISAR_POSIBLE_LIVE,Comercial,execute_sql_query,/app/backend/modules/comercial/services/competidores_enterprise_service.py,411,"result = execute_sql_query(*conn, query)"
MEDIA,REVISAR_POSIBLE_LIVE,Comercial,execute_sql_query,/app/backend/modules/comercial/services/competidores_enterprise_service.py,493,"result = execute_sql_query(*conn, query)"
MEDIA,REVISAR_POSIBLE_LIVE,Comercial,execute_sql_query,/app/backend/modules/comercial/services/competidores_enterprise_service.py,542,"result = execute_sql_query(*conn, query)"
MEDIA,REVISAR_POSIBLE_LIVE,Comercial,execute_sql_query,/app/backend/modules/comercial/services/competidores_enterprise_service.py,580,"result = execute_sql_query(*conn, query)"
MEDIA,REVISAR_POSIBLE_LIVE,Comercial,execute_sql_query,/app/backend/modules/comercial/services/competidores_enterprise_service.py,635,"result = execute_sql_query(*conn, query)"
MEDIA,REVISAR_POSIBLE_LIVE,Comercial,execute_sql_query,/app/backend/modules/comercial/services/competidores_service.py,155,"count_result = execute_sql_query(*conn, count_query)"
MEDIA,REVISAR_POSIBLE_LIVE,Comercial,execute_sql_query,/app/backend/modules/comercial/services/competidores_service.py,202,"result = execute_sql_query(*conn, query)"
MEDIA,REVISAR_POSIBLE_LIVE,Comercial,execute_sql_query,/app/backend/modules/comercial/services/competidores_service.py,255,"result = execute_sql_query(*conn, query)"
MEDIA,REVISAR_POSIBLE_LIVE,Comercial,execute_sql_query,/app/backend/modules/comercial/services/competidores_service.py,345,"execute_sql_query(*conn, insert_query)"
MEDIA,REVISAR_POSIBLE_LIVE,Comercial,execute_sql_query,/app/backend/modules/comercial/services/competidores_service.py,423,"execute_sql_query(*conn, update_query)"
MEDIA,REVISAR_POSIBLE_LIVE,Comercial,execute_sql_query,/app/backend/modules/comercial/services/competidores_service.py,442,"execute_sql_query(*conn, update_items_query)"
MEDIA,REVISAR_POSIBLE_LIVE,Comercial,execute_sql_query,/app/backend/modules/comercial/services/competidores_service.py,453,"execute_sql_query(*conn, update_query)"
MEDIA,REVISAR_POSIBLE_LIVE,Comercial,execute_sql_query,/app/backend/modules/comercial/services/competidores_service.py,489,"count_result = execute_sql_query(*conn, count_query)"
MEDIA,REVISAR_POSIBLE_LIVE,Comercial,execute_sql_query,/app/backend/modules/comercial/services/competidores_service.py,521,"result = execute_sql_query(*conn, query)"
MEDIA,REVISAR_POSIBLE_LIVE,Comercial,execute_sql_query,/app/backend/modules/comercial/services/competidores_service.py,559,"result = execute_sql_query(*conn, query)"
MEDIA,REVISAR_POSIBLE_LIVE,Comercial,execute_sql_query,/app/backend/modules/comercial/services/competidores_service.py,622,"execute_sql_query(*conn, insert_query)"
MEDIA,REVISAR_POSIBLE_LIVE,Comercial,execute_sql_query,/app/backend/modules/comercial/services/competidores_service.py,681,"execute_sql_query(*conn, update_query)"
MEDIA,REVISAR_POSIBLE_LIVE,Comercial,execute_sql_query,/app/backend/modules/comercial/services/competidores_service.py,699,"execute_sql_query(*conn, update_query)"
MEDIA,REVISAR_POSIBLE_LIVE,Comercial,execute_sql_query,/app/backend/modules/comercial/services/competidores_service.py,725,"result = execute_sql_query(*conn, query)"
MEDIA,REVISAR_POSIBLE_LIVE,Comercial,execute_sql_query,/app/backend/modules/comercial/services/competidores_service.py,760,"result = execute_sql_query(*conn, query)"
MEDIA,REVISAR_POSIBLE_LIVE,Comercial,execute_sql_query,/app/backend/modules/comercial/services/impuestos_service.py,152,"override_result = execute_sql_query(*conn, override_query)"
MEDIA,REVISAR_POSIBLE_LIVE,Comercial,execute_sql_query,/app/backend/modules/comercial/services/impuestos_service.py,182,"producto_result = execute_sql_query(*conn, producto_query)"
MEDIA,REVISAR_POSIBLE_LIVE,Comercial,execute_sql_query,/app/backend/modules/comercial/services/impuestos_service.py,286,"result = execute_sql_query(*conn, query)"
MEDIA,REVISAR_POSIBLE_LIVE,Comercial,execute_sql_query,/app/backend/modules/comercial/services/impuestos_service.py,339,"result = execute_sql_query(*conn, query)"
MEDIA,REVISAR_POSIBLE_LIVE,Comercial,execute_sql_query,/app/backend/modules/comercial/services/listas_competidores_service.py,103,"execute_sql_query(*conn, ddl_listas)"
MEDIA,REVISAR_POSIBLE_LIVE,Comercial,execute_sql_query,/app/backend/modules/comercial/services/listas_competidores_service.py,104,"execute_sql_query(*conn, ddl_detalle)"
MEDIA,REVISAR_POSIBLE_LIVE,Comercial,execute_sql_query,/app/backend/modules/comercial/services/listas_competidores_service.py,175,"result = execute_sql_query(*conn, query)"
MEDIA,REVISAR_POSIBLE_LIVE,Comercial,execute_sql_query,/app/backend/modules/comercial/services/listas_competidores_service.py,176,"count_result = execute_sql_query(*conn, count_query)"
MEDIA,REVISAR_POSIBLE_LIVE,Comercial,execute_sql_query,/app/backend/modules/comercial/services/listas_competidores_service.py,256,"execute_sql_query(*conn, query)"
MEDIA,REVISAR_POSIBLE_LIVE,Comercial,execute_sql_query,/app/backend/modules/comercial/services/listas_competidores_service.py,314,"execute_sql_query(*conn, query)"
MEDIA,REVISAR_POSIBLE_LIVE,Comercial,execute_sql_query,/app/backend/modules/comercial/services/listas_competidores_service.py,336,"execute_sql_query(*conn, query)"
MEDIA,REVISAR_POSIBLE_LIVE,Comercial,execute_sql_query,/app/backend/modules/comercial/services/listas_competidores_service.py,372,"result = execute_sql_query(*conn, query)"
MEDIA,REVISAR_POSIBLE_LIVE,Comercial,execute_sql_query,/app/backend/modules/comercial/services/listas_competidores_service.py,445,"result = execute_sql_query(*conn, query)"
MEDIA,REVISAR_POSIBLE_LIVE,Comercial,execute_sql_query,/app/backend/modules/comercial/services/listas_competidores_service.py,498,"existing = execute_sql_query(*conn, check_query)"
MEDIA,REVISAR_POSIBLE_LIVE,Comercial,execute_sql_query,/app/backend/modules/comercial/services/listas_competidores_service.py,513,"execute_sql_query(*conn, reactivate_query)"
MEDIA,REVISAR_POSIBLE_LIVE,Comercial,execute_sql_query,/app/backend/modules/comercial/services/listas_competidores_service.py,533,"execute_sql_query(*conn, insert_query)"
MEDIA,REVISAR_POSIBLE_LIVE,Comercial,execute_sql_query,/app/backend/modules/comercial/services/listas_competidores_service.py,563,"execute_sql_query(*conn, query)"
MEDIA,REVISAR_POSIBLE_LIVE,Comercial,execute_sql_query,/app/backend/modules/comercial/services/listas_competidores_service.py,584,"result = execute_sql_query(*conn, query)"
MEDIA,REVISAR_POSIBLE_LIVE,Comercial,execute_sql_query,/app/backend/modules/comercial/services/listas_competidores_service.py,612,"result = execute_sql_query(*conn, query)"
MEDIA,REVISAR_POSIBLE_LIVE,Comercial,execute_sql_query,/app/backend/modules/comercial/services/metricas_ia_service.py,105,"result = execute_sql_query(*conn, query_totales)"
MEDIA,REVISAR_POSIBLE_LIVE,Comercial,execute_sql_query,/app/backend/modules/comercial/services/metricas_ia_service.py,140,"result = execute_sql_query(*conn, query_por_dia)"
MEDIA,REVISAR_POSIBLE_LIVE,Comercial,execute_sql_query,/app/backend/modules/comercial/services/metricas_ia_service.py,163,"result = execute_sql_query(*conn, query_productos)"
MEDIA,REVISAR_POSIBLE_LIVE,Comercial,execute_sql_query,/app/backend/modules/comercial/services/metricas_ia_service.py,185,"result = execute_sql_query(*conn, query_competidores)"
MEDIA,REVISAR_POSIBLE_LIVE,Comercial,execute_sql_query,/app/backend/modules/comercial/services/metricas_ia_service.py,220,"result = execute_sql_query(*conn, query_ultimos)"
MEDIA,REVISAR_POSIBLE_LIVE,Comercial,execute_sql_query,/app/backend/modules/comercial/services/metricas_ia_service.py,251,"result = execute_sql_query(*conn, query_promedios)"
MEDIA,REVISAR_POSIBLE_LIVE,Comercial,execute_sql_query,/app/backend/modules/comercial/services/metricas_ia_service.py,274,"result = execute_sql_query(*conn, query_tipos)"
MEDIA,REVISAR_POSIBLE_LIVE,Comercial,execute_sql_query,/app/backend/modules/comercial/services/metricas_ia_service.py,324,"result = execute_sql_query(*conn, query_comp)"
MEDIA,REVISAR_POSIBLE_LIVE,Comercial,execute_sql_query,/app/backend/modules/comercial/services/metricas_ia_service.py,344,"result = execute_sql_query(*conn, query_items)"
MEDIA,REVISAR_POSIBLE_LIVE,Comercial,execute_sql_query,/app/backend/modules/comercial/services/perfil_unidad_service.py,115,"count_result = execute_sql_query(*conn, count_query)"
MEDIA,REVISAR_POSIBLE_LIVE,Comercial,execute_sql_query,/app/backend/modules/comercial/services/perfil_unidad_service.py,159,"result = execute_sql_query(*conn, query)"
MEDIA,REVISAR_POSIBLE_LIVE,Comercial,execute_sql_query,/app/backend/modules/comercial/services/perfil_unidad_service.py,210,"result = execute_sql_query(*conn, query)"
MEDIA,REVISAR_POSIBLE_LIVE,Comercial,execute_sql_query,/app/backend/modules/comercial/services/perfil_unidad_service.py,261,"result = execute_sql_query(*conn, query)"
MEDIA,REVISAR_POSIBLE_LIVE,Comercial,execute_sql_query,/app/backend/modules/comercial/services/perfil_unidad_service.py,285,"check_result = execute_sql_query(*conn, check_query)"
MEDIA,REVISAR_POSIBLE_LIVE,Comercial,execute_sql_query,/app/backend/modules/comercial/services/perfil_unidad_service.py,385,"execute_sql_query(*conn, insert_query)"
MEDIA,REVISAR_POSIBLE_LIVE,Comercial,execute_sql_query,/app/backend/modules/comercial/services/perfil_unidad_service.py,476,"execute_sql_query(*conn, update_query)"
MEDIA,REVISAR_POSIBLE_LIVE,Comercial,execute_sql_query,/app/backend/modules/comercial/services/perfil_unidad_service.py,496,"execute_sql_query(*conn, update_query)"
MEDIA,REVISAR_POSIBLE_LIVE,Comercial,execute_sql_query,/app/backend/modules/comercial/services/precios_sugeridos_consolidado_service.py,75,"result = execute_sql_query(*conn, query)"
MEDIA,REVISAR_POSIBLE_LIVE,Comercial,execute_sql_query,/app/backend/modules/comercial/services/precios_sugeridos_consolidado_service.py,225,"productos_raw = execute_sql_query(*conn, query) or []"
MEDIA,REVISAR_POSIBLE_LIVE,Comercial,execute_sql_query,/app/backend/modules/comercial/services/precios_sugeridos_consolidado_service.py,226,"count_result = execute_sql_query(*conn, count_query)"
MEDIA,REVISAR_POSIBLE_LIVE,Comercial,execute_sql_query,/app/backend/modules/comercial/services/precios_sugeridos_consolidado_service.py,376,"rangos = execute_sql_query(*conn, query) or []"
MEDIA,REVISAR_POSIBLE_LIVE,Comercial,execute_sql_query,/app/backend/modules/comercial/services/precios_sugeridos_consolidado_service.py,433,"regla = execute_sql_query(*conn, query_regla)"
MEDIA,REVISAR_POSIBLE_LIVE,Comercial,execute_sql_query,/app/backend/modules/comercial/services/precios_sugeridos_consolidado_service.py,451,"traslape = execute_sql_query(*conn, query_traslape)"
MEDIA,REVISAR_POSIBLE_LIVE,Comercial,execute_sql_query,/app/backend/modules/comercial/services/precios_sugeridos_consolidado_service.py,472,"execute_sql_query(*conn, insert_query)"
MEDIA,REVISAR_POSIBLE_LIVE,Comercial,execute_sql_query,/app/backend/modules/comercial/services/precios_sugeridos_consolidado_service.py,504,"rango = execute_sql_query(*conn, query_existe)"
MEDIA,REVISAR_POSIBLE_LIVE,Comercial,execute_sql_query,/app/backend/modules/comercial/services/precios_sugeridos_consolidado_service.py,537,"traslape = execute_sql_query(*conn, query_traslape)"
MEDIA,REVISAR_POSIBLE_LIVE,Comercial,execute_sql_query,/app/backend/modules/comercial/services/precios_sugeridos_consolidado_service.py,570,"execute_sql_query(*conn, update_query)"
MEDIA,REVISAR_POSIBLE_LIVE,Comercial,execute_sql_query,/app/backend/modules/comercial/services/precios_vinos_service.py,258,"result_cr = execute_sql_query(*conn, query_costo_receta)"
MEDIA,REVISAR_POSIBLE_LIVE,Comercial,execute_sql_query,/app/backend/modules/comercial/services/precios_vinos_service.py,278,"result_insumos = execute_sql_query(*conn, query_insumos)"
MEDIA,REVISAR_POSIBLE_LIVE,Comercial,execute_sql_query,/app/backend/modules/comercial/services/precios_vinos_service.py,326,"result = execute_sql_query(*conn, query)"
MEDIA,REVISAR_POSIBLE_LIVE,Comercial,execute_sql_query,/app/backend/modules/comercial/services/precios_vinos_service.py,353,"result = execute_sql_query(*conn, query)"
MEDIA,REVISAR_POSIBLE_LIVE,Comercial,execute_sql_query,/app/backend/modules/comercial/services/precios_vinos_service.py,389,"result = execute_sql_query(*conn, query)"
MEDIA,REVISAR_POSIBLE_LIVE,Comercial,execute_sql_query,/app/backend/modules/comercial/services/precios_vinos_service.py,567,"result = execute_sql_query(*conn, query)"
MEDIA,REVISAR_POSIBLE_LIVE,Comercial,execute_sql_query,/app/backend/modules/comercial/services/pricing_ai_service.py,151,"execute_sql_query(*conn, ddl)"
MEDIA,REVISAR_POSIBLE_LIVE,Comercial,execute_sql_query,/app/backend/modules/comercial/services/pricing_ai_service.py,185,"result = execute_sql_query(*conn, query)"
MEDIA,REVISAR_POSIBLE_LIVE,Comercial,execute_sql_query,/app/backend/modules/comercial/services/pricing_ai_service.py,478,"execute_sql_query(*conn, insert_query)"
MEDIA,REVISAR_POSIBLE_LIVE,Comercial,execute_sql_query,/app/backend/modules/comercial/services/pricing_ai_service.py,525,"result = execute_sql_query(*conn, query)"
MEDIA,REVISAR_POSIBLE_LIVE,Comercial,execute_sql_query,/app/backend/modules/comercial/services/pricing_sugerido_service.py,99,"result = execute_sql_query(*conn, query_receta)"
MEDIA,REVISAR_POSIBLE_LIVE,Comercial,execute_sql_query,/app/backend/modules/comercial/services/pricing_sugerido_service.py,118,"result_insumos = execute_sql_query(*conn, query_insumos)"
MEDIA,REVISAR_POSIBLE_LIVE,Comercial,execute_sql_query,/app/backend/modules/comercial/services/pricing_sugerido_service.py,149,"result = execute_sql_query(*conn, query)"
MEDIA,REVISAR_POSIBLE_LIVE,Comercial,execute_sql_query,/app/backend/modules/comercial/services/pricing_sugerido_service.py,178,"result = execute_sql_query(*conn, query)"
MEDIA,REVISAR_POSIBLE_LIVE,Comercial,execute_sql_query,/app/backend/modules/comercial/services/pricing_sugerido_service.py,541,"result = execute_sql_query(*conn, query)"
MEDIA,REVISAR,Comercial,remote POS names,/app/backend/modules/comercial_v2/carga_historica_24_meses.py,18,"- MPRO: Nube como fuente principal, local solo para días faltantes"
MEDIA,REVISAR,Comercial,remote POS names,/app/backend/modules/comercial_v2/carga_historica_24_meses.py,25,- 130° QRO (MPRO 0021): desde 2021-09-18
MEDIA,REVISAR,Comercial,remote POS names,/app/backend/modules/comercial_v2/carga_historica_24_meses.py,26,- ORIGEN (MPRO 0023): desde 2022-05-20
MEDIA,REVISAR,Comercial,remote POS names,/app/backend/modules/comercial_v2/carga_historica_24_meses.py,105,"'sistema_origen': SistemaOrigen.SOFTRESTAURANT,"
MEDIA,REVISAR,Comercial,remote POS names,/app/backend/modules/comercial_v2/carga_historica_24_meses.py,113,"'sistema_origen': SistemaOrigen.SOFTRESTAURANT,"
MEDIA,REVISAR,Comercial,remote POS names,/app/backend/modules/comercial_v2/carga_historica_24_meses.py,121,"'sistema_origen': SistemaOrigen.SOFTRESTAURANT,"
MEDIA,REVISAR,Comercial,remote POS names,/app/backend/modules/comercial_v2/carga_historica_24_meses.py,129,"'sistema_origen': SistemaOrigen.MPRO,"
MEDIA,REVISAR,Comercial,remote POS names,/app/backend/modules/comercial_v2/carga_historica_24_meses.py,137,"'sistema_origen': SistemaOrigen.MPRO,"
MEDIA,REVISAR,Comercial,remote POS names,/app/backend/modules/comercial_v2/carga_historica_24_meses.py,206,"QUERY_MPRO_MENSUAL = """""""
MEDIA,REVISAR_POSIBLE_LIVE,Comercial,execute_sql_query,/app/backend/modules/comercial_v2/carga_historica_24_meses.py,235,result = execute_sql_query(
MEDIA,REVISAR_POSIBLE_LIVE,Comercial,direct host ddns,/app/backend/modules/comercial_v2/carga_historica_24_meses.py,282,"pm.close_pool('serverestelar.ddns.net', 6969, 'softrestaurant12')"
MEDIA,REVISAR,Comercial,remote POS names,/app/backend/modules/comercial_v2/carga_historica_24_meses.py,282,"pm.close_pool('serverestelar.ddns.net', 6969, 'softrestaurant12')"
MEDIA,REVISAR,Comercial,remote POS names,/app/backend/modules/comercial_v2/carga_historica_24_meses.py,291,def cargar_mes_softrestaurant(
MEDIA,REVISAR,Comercial,remote POS names,/app/backend/modules/comercial_v2/carga_historica_24_meses.py,297,"""""""Carga un mes específico de datos SoftRestaurant."""""""
MEDIA,REVISAR,Comercial,remote POS names,/app/backend/modules/comercial_v2/carga_historica_24_meses.py,303,fuente_usada='SOFTRESTAURANT'
MEDIA,REVISAR_POSIBLE_LIVE,Comercial,execute_sql_query,/app/backend/modules/comercial_v2/carga_historica_24_meses.py,339,rows = execute_sql_query(
MEDIA,REVISAR,Comercial,remote POS names,/app/backend/modules/comercial_v2/carga_historica_24_meses.py,395,"sistema_origen=SistemaOrigen.SOFTRESTAURANT,"
MEDIA,REVISAR,Comercial,remote POS names,/app/backend/modules/comercial_v2/carga_historica_24_meses.py,441,def cargar_mes_mpro(
MEDIA,REVISAR,Comercial,remote POS names,/app/backend/modules/comercial_v2/carga_historica_24_meses.py,447,"""""""Carga un mes específico de datos MPRO."""""""
MEDIA,REVISAR,Comercial,remote POS names,/app/backend/modules/comercial_v2/carga_historica_24_meses.py,453,fuente_usada='MPRO_NUBE'
MEDIA,REVISAR,Comercial,remote POS names,/app/backend/modules/comercial_v2/carga_historica_24_meses.py,482,query = QUERY_MPRO_MENSUAL.format(
MEDIA,REVISAR_POSIBLE_LIVE,Comercial,execute_sql_query,/app/backend/modules/comercial_v2/carga_historica_24_meses.py,489,rows = execute_sql_query(
MEDIA,REVISAR,Comercial,remote POS names,/app/backend/modules/comercial_v2/carga_historica_24_meses.py,543,"sistema_origen=SistemaOrigen.MPRO,"
MEDIA,REVISAR,Comercial,remote POS names,/app/backend/modules/comercial_v2/carga_historica_24_meses.py,628,if unidad['sistema_origen'] == SistemaOrigen.SOFTRESTAURANT:
MEDIA,REVISAR_POSIBLE_LIVE,Comercial,execute_sql_query,/app/backend/modules/comercial_v2/carga_historica_24_meses.py,710,result = execute_sql_query(
MEDIA,REVISAR_POSIBLE_LIVE,Comercial,execute_sql_query,/app/backend/modules/comercial_v2/carga_historica_24_meses.py,739,result = execute_sql_query(
MEDIA,REVISAR_POSIBLE_LIVE,Comercial,execute_sql_query,/app/backend/modules/comercial_v2/carga_historica_24_meses.py,777,result = execute_sql_query(
MEDIA,REVISAR,Comercial,remote POS names,/app/backend/modules/comercial_v2/carga_historica_abril_2026.py,92,"'sistema_origen': SistemaOrigen.SOFTRESTAURANT,"
MEDIA,REVISAR,Comercial,remote POS names,/app/backend/modules/comercial_v2/carga_historica_abril_2026.py,99,"'sistema_origen': SistemaOrigen.SOFTRESTAURANT,"
MEDIA,REVISAR,Comercial,remote POS names,/app/backend/modules/comercial_v2/carga_historica_abril_2026.py,106,"'sistema_origen': SistemaOrigen.SOFTRESTAURANT,"
MEDIA,REVISAR,Comercial,remote POS names,/app/backend/modules/comercial_v2/carga_historica_abril_2026.py,113,"'sistema_origen': SistemaOrigen.MPRO,"
MEDIA,REVISAR,Comercial,remote POS names,/app/backend/modules/comercial_v2/carga_historica_abril_2026.py,120,"'sistema_origen': SistemaOrigen.MPRO,"
MEDIA,REVISAR_POSIBLE_LIVE,Comercial,execute_sql_query,/app/backend/modules/comercial_v2/carga_historica_abril_2026.py,198,result = execute_sql_query(
MEDIA,REVISAR,Comercial,remote POS names,/app/backend/modules/comercial_v2/carga_historica_abril_2026.py,248,"QUERY_SOFTRESTAURANT_ABRIL = """""""
MEDIA,REVISAR,Comercial,remote POS names,/app/backend/modules/comercial_v2/carga_historica_abril_2026.py,264,"QUERY_MPRO_ABRIL = """""""
MEDIA,REVISAR,Comercial,remote POS names,/app/backend/modules/comercial_v2/carga_historica_abril_2026.py,283,def cargar_unidad_softrestaurant(
MEDIA,REVISAR,Comercial,remote POS names,/app/backend/modules/comercial_v2/carga_historica_abril_2026.py,289,"""""""Carga datos de una unidad SoftRestaurant"""""""
MEDIA,REVISAR,Comercial,remote POS names,/app/backend/modules/comercial_v2/carga_historica_abril_2026.py,294,"sistema_origen='SOFTRESTAURANT',"
MEDIA,REVISAR,Comercial,remote POS names,/app/backend/modules/comercial_v2/carga_historica_abril_2026.py,308,query = QUERY_SOFTRESTAURANT_ABRIL.format(
MEDIA,REVISAR_POSIBLE_LIVE,Comercial,execute_sql_query,/app/backend/modules/comercial_v2/carga_historica_abril_2026.py,316,rows = execute_sql_query(
MEDIA,REVISAR,Comercial,remote POS names,/app/backend/modules/comercial_v2/carga_historica_abril_2026.py,377,"sistema_origen=SistemaOrigen.SOFTRESTAURANT,"
MEDIA,REVISAR,Comercial,remote POS names,/app/backend/modules/comercial_v2/carga_historica_abril_2026.py,451,def cargar_unidad_mpro(
MEDIA,REVISAR,Comercial,remote POS names,/app/backend/modules/comercial_v2/carga_historica_abril_2026.py,457,"""""""Carga datos de una unidad MPRO"""""""
MEDIA,REVISAR,Comercial,remote POS names,/app/backend/modules/comercial_v2/carga_historica_abril_2026.py,462,"sistema_origen='MPRO',"
MEDIA,REVISAR,Comercial,remote POS names,/app/backend/modules/comercial_v2/carga_historica_abril_2026.py,476,query = QUERY_MPRO_ABRIL.format(
MEDIA,REVISAR_POSIBLE_LIVE,Comercial,execute_sql_query,/app/backend/modules/comercial_v2/carga_historica_abril_2026.py,485,rows = execute_sql_query(
MEDIA,REVISAR,Comercial,remote POS names,/app/backend/modules/comercial_v2/carga_historica_abril_2026.py,512,ventas_sin_propina = ventas_total  # MPRO no separa propinas aquí
MEDIA,REVISAR,Comercial,remote POS names,/app/backend/modules/comercial_v2/carga_historica_abril_2026.py,546,"sistema_origen=SistemaOrigen.MPRO,"
MEDIA,REVISAR_POSIBLE_LIVE,Comercial,execute_sql_query,/app/backend/modules/comercial_v2/carga_historica_abril_2026.py,646,result = execute_sql_query(
MEDIA,REVISAR_POSIBLE_LIVE,Comercial,execute_sql_query,/app/backend/modules/comercial_v2/carga_historica_abril_2026.py,721,result = execute_sql_query(
MEDIA,REVISAR,Comercial,remote POS names,/app/backend/modules/comercial_v2/carga_historica_abril_2026.py,773,if unidad['sistema_origen'] == SistemaOrigen.SOFTRESTAURANT:
MEDIA,REVISAR_POSIBLE_LIVE,Comercial,execute_sql_query,/app/backend/modules/comercial_v2/carga_historica_abril_2026.py,852,result = execute_sql_query(
MEDIA,REVISAR,Comercial,remote POS names,/app/backend/modules/comercial_v2/mappers.py,5,Funciones de mapeo para transformar datos desde SoftRestaurant y MPRO
MEDIA,REVISAR,Comercial,remote POS names,/app/backend/modules/comercial_v2/mappers.py,66,# MAPEO SOFTRESTAURANT → EDARSAHUB V2
MEDIA,REVISAR,Comercial,remote POS names,/app/backend/modules/comercial_v2/mappers.py,69,def map_softrestaurant_ventas_cerradas(
MEDIA,REVISAR,Comercial,remote POS names,/app/backend/modules/comercial_v2/mappers.py,77,Campos esperados del query SoftRestaurant:
MEDIA,REVISAR,Comercial,remote POS names,/app/backend/modules/comercial_v2/mappers.py,115,"sistema_origen=SistemaOrigen.SOFTRESTAURANT,"
MEDIA,REVISAR,Comercial,remote POS names,/app/backend/modules/comercial_v2/mappers.py,146,def map_softrestaurant_ventas_abiertas(
MEDIA,REVISAR,Comercial,remote POS names,/app/backend/modules/comercial_v2/mappers.py,157,Campos esperados del query SoftRestaurant (tempcheques):
MEDIA,REVISAR,Comercial,remote POS names,/app/backend/modules/comercial_v2/mappers.py,177,"sistema_origen=SistemaOrigen.SOFTRESTAURANT,"
MEDIA,REVISAR,Comercial,remote POS names,/app/backend/modules/comercial_v2/mappers.py,198,# MAPEO MPRO → EDARSAHUB V2
MEDIA,REVISAR,Comercial,remote POS names,/app/backend/modules/comercial_v2/mappers.py,201,def map_mpro_ventas_cerradas(
MEDIA,REVISAR,Comercial,remote POS names,/app/backend/modules/comercial_v2/mappers.py,209,Campos esperados del query MPRO:
MEDIA,REVISAR,Comercial,remote POS names,/app/backend/modules/comercial_v2/mappers.py,219,# MPRO no maneja propinas en la venta directa
MEDIA,REVISAR,Comercial,remote POS names,/app/backend/modules/comercial_v2/mappers.py,221,ventas_sin_propina = ventas_total  # MPRO: ventas ya son netas
MEDIA,REVISAR,Comercial,remote POS names,/app/backend/modules/comercial_v2/mappers.py,222,"propinas = Decimal(""0"")  # Propinas se manejan aparte en MPRO"
MEDIA,REVISAR,Comercial,remote POS names,/app/backend/modules/comercial_v2/mappers.py,246,"sistema_origen=SistemaOrigen.MPRO,"
MEDIA,REVISAR,Comercial,remote POS names,/app/backend/modules/comercial_v2/mappers.py,277,def map_mpro_ventas_abiertas(
MEDIA,REVISAR,Comercial,remote POS names,/app/backend/modules/comercial_v2/mappers.py,286,Mapea datos de API local MPRO (ventas abiertas) a snapshot v2.
MEDIA,REVISAR,Comercial,remote POS names,/app/backend/modules/comercial_v2/mappers.py,308,"sistema_origen=SistemaOrigen.MPRO,"
MEDIA,REVISAR_POSIBLE_LIVE,Comercial,execute_sql_query,/app/backend/modules/comercial_v2/repository_comercial_edarsahub.py,54,result = execute_sql_query(
MEDIA,REVISAR_POSIBLE_LIVE,Comercial,direct host ddns,/app/backend/modules/comercial_v2/repository_comercial_edarsahub.py,87,WHEN nombre LIKE '%MERIDA%' OR nombre LIKE '%MID%' THEN '130MID'
MEDIA,REVISAR,Comercial,remote POS names,/app/backend/modules/comercial_v2/repository_comercial_edarsahub.py,90,WHEN nombre = 'ManagmentPro' THEN 'MPRO-MULTI'
MEDIA,REVISAR,Comercial,remote POS names,/app/backend/modules/comercial_v2/repository_comercial_edarsahub.py,108,sistema = SistemaOrigen.SOFTRESTAURANT
MEDIA,REVISAR,Comercial,remote POS names,/app/backend/modules/comercial_v2/repository_comercial_edarsahub.py,109,elif 'MPRO' in system_type or 'MANAG' in system_type:
MEDIA,REVISAR,Comercial,remote POS names,/app/backend/modules/comercial_v2/repository_comercial_edarsahub.py,110,sistema = SistemaOrigen.MPRO
MEDIA,REVISAR,Comercial,remote POS names,/app/backend/modules/comercial_v2/repository_comercial_edarsahub.py,127,"def get_sucursales_mpro(server_id: str) -> List[Dict[str, str]]:"
MEDIA,REVISAR,Comercial,remote POS names,/app/backend/modules/comercial_v2/repository_comercial_edarsahub.py,129,"Para MPRO, obtiene las sucursales específicas (QRO=0021, ORIGEN=0023)."
MEDIA,REVISAR,Comercial,remote POS names,/app/backend/modules/comercial_v2/repository_comercial_edarsahub.py,130,MPRO tiene múltiples sucursales en un solo server_id.
MEDIA,REVISAR,Comercial,remote POS names,/app/backend/modules/comercial_v2/repository_comercial_edarsahub.py,134,# Mapeo conocido de sucursales MPRO con códigos CANÓNICOS
MEDIA,REVISAR,Comercial,remote POS names,/app/backend/modules/comercial_v2/repository_readonly.py,9,- SQL vivo a SoftRestaurant/MPRO
MEDIA,REVISAR_POSIBLE_LIVE,Comercial,execute_sql_query,/app/backend/modules/comercial_v2/repository_readonly.py,46,result = execute_sql_query(
MEDIA,REVISAR_POSIBLE_LIVE,Comercial,direct host ddns,/app/backend/modules/comercial_v2/repository_readonly.py,172,- Días 10-12 mayo tienen registros con 130MID y 130-MER (mismo monto duplicado)
MEDIA,REVISAR_POSIBLE_LIVE,Comercial,direct host ddns,/app/backend/modules/comercial_v2/repository_readonly.py,187,if uid == '130MID':
MEDIA,REVISAR_POSIBLE_LIVE,Comercial,direct host ddns,/app/backend/modules/comercial_v2/repository_readonly.py,215,OR UPPER(unidad_negocio_nombre) LIKE '%MÉRIDA%' THEN '130MID'
MEDIA,REVISAR,Comercial,remote POS names,/app/backend/modules/comercial_v2/routes.py,9,- SQL vivo a SoftRestaurant/MPRO
MEDIA,REVISAR_POSIBLE_LIVE,Comercial,direct host ddns,/app/backend/modules/comercial_v2/routes.py,71,"'130MID': '130MID',"
MEDIA,REVISAR_POSIBLE_LIVE,Comercial,direct host ddns,/app/backend/modules/comercial_v2/routes.py,77,"'130-MER': '130MID',"
MEDIA,REVISAR_POSIBLE_LIVE,Comercial,direct host ddns,/app/backend/modules/comercial_v2/routes.py,479,"CÓDIGOS: 130MID, 130QRO, CIENFUEGOS, ESTELAR, ORIGEN"
MEDIA,REVISAR_POSIBLE_LIVE,Comercial,direct host ddns,/app/backend/modules/comercial_v2/routes.py,490,"CODIGOS_CANONICOS_OFICIALES = ['CIENFUEGOS', 'ESTELAR', '130MID', '130QRO', 'ORIGEN']"
MEDIA,REVISAR_POSIBLE_LIVE,Comercial,direct host ddns,/app/backend/modules/comercial_v2/routes.py,515,elif 'MERIDA' in nombre or '130MID' in codigo or 'MID' in codigo:
MEDIA,REVISAR_POSIBLE_LIVE,Comercial,direct host ddns,/app/backend/modules/comercial_v2/routes.py,516,unidades_v2.append('130MID')
MEDIA,REVISAR,Comercial,remote POS names,/app/backend/modules/comercial_v2/schemas.py,18,"SOFTRESTAURANT = ""SOFTRESTAURANT"""
MEDIA,REVISAR,Comercial,remote POS names,/app/backend/modules/comercial_v2/schemas.py,19,"MPRO = ""MPRO"""
MEDIA,REVISAR,Comercial,remote POS names,/app/backend/modules/comercial_v2/schemas.py,28,"CHEQUES = ""CHEQUES""  # Tabla definitiva de SoftRestaurant (turno cerrado)"
MEDIA,REVISAR,Comercial,remote POS names,/app/backend/modules/crm/comercial_routes.py,2,EDARSA HUB - CRM Comercial Enterprise Routes
MEDIA,REVISAR_POSIBLE_LIVE,Comercial,pymssql.connect,/app/backend/modules/crm/comercial_routes.py,184,conn = pymssql.connect(
MEDIA,REVISAR,Comercial,remote POS names,/app/backend/modules/crm/comercial_routes.py,743,fecha_compromiso: Optional[date] = None
MEDIA,REVISAR,Comercial,remote POS names,/app/backend/modules/crm/comercial_routes.py,867,fecha_compromiso_entrega: Optional[date] = None
MEDIA,REVISAR,Comercial,remote POS names,/app/backend/modules/crm/comercial_service.py,2,EDARSA HUB - CRM Comercial Enterprise Service
MEDIA,REVISAR,Comercial,remote POS names,/app/backend/modules/crm/comercial_service.py,27,"""""""Servicio CRM Comercial Enterprise"""""""
MEDIA,REVISAR_POSIBLE_LIVE,Comercial,pymssql.connect,/app/backend/modules/crm/comercial_service.py,33,return pymssql.connect(
MEDIA,REVISAR,Comercial,remote POS names,/app/backend/modules/crm/comercial_service.py,1134,"p.FechaCompromiso, p.ClienteID, cl.RazonSocial as ClienteRazonSocial,"
MEDIA,REVISAR,Comercial,remote POS names,/app/backend/modules/crm/comercial_service.py,1243,"Serie, FolioPedido, FechaPedido, FechaCompromiso,"
MEDIA,REVISAR,Comercial,remote POS names,/app/backend/modules/crm/comercial_service.py,1258,"data.get('fecha_compromiso'),"
MEDIA,REVISAR,Comercial,remote POS names,/app/backend/modules/crm/comercial_service.py,1377,"r.FechaCompromisoEntrega, r.FechaEntregaReal,"
MEDIA,REVISAR,Comercial,remote POS names,/app/backend/modules/crm/comercial_service.py,1491,"ClienteID, ContactoID, FechaRemision, FechaCompromisoEntrega,"
MEDIA,REVISAR,Comercial,remote POS names,/app/backend/modules/crm/comercial_service.py,1511,"data.get('fecha_compromiso_entrega'),"
MEDIA,REVISAR_POSIBLE_LIVE,Comercial,direct host ddns,/app/backend/modules/inteligencia_comercial/routes.py,13,- 130MID (130° MERIDA)
MEDIA,REVISAR_POSIBLE_LIVE,Comercial,direct host ddns,/app/backend/modules/inteligencia_comercial/routes.py,47,"""130mid"": ""130° MERIDA"","
MEDIA,REVISAR_POSIBLE_LIVE,Comercial,pymssql.connect,/app/backend/modules/inteligencia_comercial/routes.py,79,return pymssql.connect(
MEDIA,REVISAR_POSIBLE_LIVE,Comercial,direct host ddns,/app/backend/modules/inteligencia_comercial/routes.py,784,"{""codigo"": ""130MID"", ""nombre"": ""130° MERIDA"", ""sistema"": ""SoftRestaurant""},"
MEDIA,REVISAR,Comercial,remote POS names,/app/backend/modules/inteligencia_comercial/routes.py,784,"{""codigo"": ""130MID"", ""nombre"": ""130° MERIDA"", ""sistema"": ""SoftRestaurant""},"
MEDIA,REVISAR,Comercial,remote POS names,/app/backend/modules/inteligencia_comercial/routes.py,785,"{""codigo"": ""130QRO"", ""nombre"": ""130° QUERETARO"", ""sistema"": ""MPRO""},"
MEDIA,REVISAR,Comercial,remote POS names,/app/backend/modules/inteligencia_comercial/routes.py,786,"{""codigo"": ""CIENFUEGOS"", ""nombre"": ""CIENFUEGOS"", ""sistema"": ""SoftRestaurant""},"
MEDIA,REVISAR,Comercial,remote POS names,/app/backend/modules/inteligencia_comercial/routes.py,787,"{""codigo"": ""ESTELAR"", ""nombre"": ""LA ESTELAR"", ""sistema"": ""SoftRestaurant""},"
MEDIA,REVISAR,Comercial,remote POS names,/app/backend/modules/inteligencia_comercial/routes.py,788,"{""codigo"": ""ORIGEN"", ""nombre"": ""ORIGEN"", ""sistema"": ""MPRO""},"
MEDIA,REVISAR,Comercial,remote POS names,/app/backend/tests/test_comercial_adapters.py,4,Tests de cobertura para adaptadores de APIs locales MPRO.
MEDIA,REVISAR,Comercial,remote POS names,/app/backend/tests/test_comercial_adapters.py,16,class TestApisMproLocalesConfig:
MEDIA,REVISAR,Comercial,remote POS names,/app/backend/tests/test_comercial_adapters.py,17,"""""""Tests de configuración de APIs MPRO locales"""""""
MEDIA,REVISAR,Comercial,remote POS names,/app/backend/tests/test_comercial_adapters.py,20,def test_apis_mpro_locales_structure(self):
MEDIA,REVISAR,Comercial,remote POS names,/app/backend/tests/test_comercial_adapters.py,21,"""""""Test: Estructura correcta de APIS_MPRO_LOCALES"""""""
MEDIA,REVISAR,Comercial,remote POS names,/app/backend/tests/test_comercial_adapters.py,22,from modules.comercial.adapters import APIS_MPRO_LOCALES
MEDIA,REVISAR,Comercial,remote POS names,/app/backend/tests/test_comercial_adapters.py,24,"assert isinstance(APIS_MPRO_LOCALES, dict)"
MEDIA,REVISAR,Comercial,remote POS names,/app/backend/tests/test_comercial_adapters.py,25,assert len(APIS_MPRO_LOCALES) >= 2
MEDIA,REVISAR,Comercial,remote POS names,/app/backend/tests/test_comercial_adapters.py,27,"for api_id, config in APIS_MPRO_LOCALES.items():"
MEDIA,REVISAR,Comercial,remote POS names,/app/backend/tests/test_comercial_adapters.py,39,from modules.comercial.adapters import APIS_MPRO_LOCALES
MEDIA,REVISAR,Comercial,remote POS names,/app/backend/tests/test_comercial_adapters.py,41,"for api_id, config in APIS_MPRO_LOCALES.items():"
MEDIA,REVISAR,Comercial,remote POS names,/app/backend/tests/test_comercial_adapters.py,48,from modules.comercial.adapters import APIS_MPRO_LOCALES
MEDIA,REVISAR,Comercial,remote POS names,/app/backend/tests/test_comercial_adapters.py,50,"for api_id, config in APIS_MPRO_LOCALES.items():"
MEDIA,REVISAR,Comercial,remote POS names,/app/backend/tests/test_comercial_adapters.py,56,class TestQueryApiMproLocal:
MEDIA,REVISAR,Comercial,remote POS names,/app/backend/tests/test_comercial_adapters.py,57,"""""""Tests de query_api_mpro_local"""""""
MEDIA,REVISAR,Comercial,remote POS names,/app/backend/tests/test_comercial_adapters.py,62,from modules.comercial.adapters import query_api_mpro_local
MEDIA,REVISAR,Comercial,remote POS names,/app/backend/tests/test_comercial_adapters.py,71,"result = query_api_mpro_local(inactive_config, ""SELECT 1"")"
MEDIA,REVISAR,Comercial,remote POS names,/app/backend/tests/test_comercial_adapters.py,79,from modules.comercial.adapters import query_api_mpro_local
MEDIA,REVISAR,Comercial,remote POS names,/app/backend/tests/test_comercial_adapters.py,93,"result = query_api_mpro_local(api_config, ""SELECT ventas FROM tabla"")"
MEDIA,REVISAR,Comercial,remote POS names,/app/backend/tests/test_comercial_adapters.py,101,from modules.comercial.adapters import query_api_mpro_local
MEDIA,REVISAR,Comercial,remote POS names,/app/backend/tests/test_comercial_adapters.py,111,"result = query_api_mpro_local(api_config, ""SELECT 1"", timeout=1)"
MEDIA,REVISAR,Comercial,remote POS names,/app/backend/tests/test_comercial_adapters.py,119,from modules.comercial.adapters import query_api_mpro_local
MEDIA,REVISAR,Comercial,remote POS names,/app/backend/tests/test_comercial_adapters.py,129,"result = query_api_mpro_local(api_config, ""SELECT 1"")"
MEDIA,REVISAR,Comercial,remote POS names,/app/backend/tests/test_comercial_adapters.py,137,from modules.comercial.adapters import query_api_mpro_local
MEDIA,REVISAR,Comercial,remote POS names,/app/backend/tests/test_comercial_adapters.py,151,"result = query_api_mpro_local(api_config, ""SELECT 1"")"
MEDIA,REVISAR,Comercial,remote POS names,/app/backend/tests/test_comercial_adapters.py,452,"APIS_MPRO_LOCALES,"
MEDIA,REVISAR,Comercial,remote POS names,/app/backend/tests/test_comercial_adapters.py,453,"query_api_mpro_local,"
MEDIA,REVISAR,Comercial,remote POS names,/app/backend/tests/test_comercial_adapters.py,458,"assert isinstance(APIS_MPRO_LOCALES, dict)"
MEDIA,REVISAR,Comercial,remote POS names,/app/backend/tests/test_comercial_adapters.py,459,assert callable(query_api_mpro_local)
MEDIA,REVISAR,Comercial,remote POS names,/app/backend/tests/test_comercial_adapters.py,470,from modules.comercial.adapters import query_api_mpro_local
MEDIA,REVISAR,Comercial,remote POS names,/app/backend/tests/test_comercial_adapters.py,484,"result = query_api_mpro_local(api_config, ""SELECT 1"")"
MEDIA,REVISAR,Comercial,remote POS names,/app/backend/tests/test_comercial_adapters.py,492,from modules.comercial.adapters import query_api_mpro_local
MEDIA,REVISAR,Comercial,remote POS names,/app/backend/tests/test_comercial_adapters.py,506,"result = query_api_mpro_local(api_config, ""SELECT 1"")"
MEDIA,REVISAR_POSIBLE_LIVE,Comercial / Costos Márgenes,execute_sql_query,/app/backend/modules/costos_margenes/repository.py,60,"productos_result = execute_sql_query(*conn, productos_query)"
MEDIA,REVISAR_POSIBLE_LIVE,Comercial / Costos Márgenes,execute_sql_query,/app/backend/modules/costos_margenes/repository.py,64,"insumos_result = execute_sql_query(*conn, insumos_query)"
MEDIA,REVISAR_POSIBLE_LIVE,Comercial / Costos Márgenes,execute_sql_query,/app/backend/modules/costos_margenes/repository.py,68,"recetas_result = execute_sql_query(*conn, recetas_query)"
MEDIA,REVISAR_POSIBLE_LIVE,Comercial / Costos Márgenes,execute_sql_query,/app/backend/modules/costos_margenes/repository.py,72,"elaborados_result = execute_sql_query(*conn, elaborados_query)"
MEDIA,REVISAR_POSIBLE_LIVE,Comercial / Costos Márgenes,execute_sql_query,/app/backend/modules/costos_margenes/repository.py,186,"count_result = execute_sql_query(*conn, count_query)"
MEDIA,REVISAR_POSIBLE_LIVE,Comercial / Costos Márgenes,execute_sql_query,/app/backend/modules/costos_margenes/repository.py,232,"data_result = execute_sql_query(*conn, data_query) or []"
MEDIA,REVISAR_POSIBLE_LIVE,Comercial / Costos Márgenes,execute_sql_query,/app/backend/modules/costos_margenes/repository.py,318,"result = execute_sql_query(*conn, query)"
MEDIA,REVISAR_POSIBLE_LIVE,Comercial / Costos Márgenes,execute_sql_query,/app/backend/modules/costos_margenes/repository.py,348,"result = execute_sql_query(*conn, query)"
MEDIA,REVISAR_POSIBLE_LIVE,Comercial / Costos Márgenes,execute_sql_query,/app/backend/modules/costos_margenes/repository.py,378,"receta_result = execute_sql_query(*conn, receta_query) or []"
MEDIA,REVISAR_POSIBLE_LIVE,Comercial / Costos Márgenes,execute_sql_query,/app/backend/modules/costos_margenes/repository.py,444,"insumo_result = execute_sql_query(*conn, insumo_query)"
MEDIA,REVISAR_POSIBLE_LIVE,Comercial / Costos Márgenes,execute_sql_query,/app/backend/modules/costos_margenes/repository.py,463,"insumo_result = execute_sql_query(*conn, producto_query)"
MEDIA,REVISAR_POSIBLE_LIVE,Comercial / Costos Márgenes,execute_sql_query,/app/backend/modules/costos_margenes/repository.py,499,"elaborado_result = execute_sql_query(*conn, elaborado_query) or []"
MEDIA,REVISAR_POSIBLE_LIVE,Comercial / Costos Márgenes,execute_sql_query,/app/backend/modules/costos_margenes/repository.py,615,"result = execute_sql_query(*conn, count_query)"
MEDIA,REVISAR_POSIBLE_LIVE,Comercial / Costos Márgenes,execute_sql_query,/app/backend/modules/costos_margenes/repository.py,626,"sistema_result = execute_sql_query(*conn, sistema_query) or []"
MEDIA,REVISAR_POSIBLE_LIVE,Comercial / Costos Márgenes,execute_sql_query,/app/backend/modules/costos_margenes/repository.py,638,"servidor_result = execute_sql_query(*conn, servidor_query) or []"
MEDIA,REVISAR_POSIBLE_LIVE,Comercial / Costos Márgenes,execute_sql_query,/app/backend/modules/costos_margenes/repository.py,707,"result = execute_sql_query(*conn, query)"
MEDIA,REVISAR_POSIBLE_LIVE,Comercial / Costos Márgenes,execute_sql_query,/app/backend/modules/costos_margenes/repository.py,759,"result = execute_sql_query(*conn, query)"
MEDIA,REVISAR_POSIBLE_LIVE,Comercial / Costos Márgenes,execute_sql_query,/app/backend/modules/costos_margenes/repository.py,804,"result = execute_sql_query(*conn, query)"
MEDIA,REVISAR_POSIBLE_LIVE,Comercial / Costos Márgenes,execute_sql_query,/app/backend/modules/costos_margenes/repository_precios.py,103,"result = execute_sql_query(*conn, query)"
MEDIA,REVISAR_POSIBLE_LIVE,Comercial / Costos Márgenes,execute_sql_query,/app/backend/modules/costos_margenes/repository_precios.py,246,"execute_sql_query(*conn, query)"
MEDIA,REVISAR_POSIBLE_LIVE,Comercial / Costos Márgenes,execute_sql_query,/app/backend/modules/costos_margenes/repository_precios.py,330,"execute_sql_query(*conn, query)"
MEDIA,REVISAR_POSIBLE_LIVE,Comercial / Costos Márgenes,execute_sql_query,/app/backend/modules/costos_margenes/repository_precios.py,355,"result = execute_sql_query(*conn, query)"
MEDIA,REVISAR_POSIBLE_LIVE,Comercial / Costos Márgenes,execute_sql_query,/app/backend/modules/costos_margenes/repository_precios.py,385,"count_result = execute_sql_query(*conn, count_query)"
MEDIA,REVISAR_POSIBLE_LIVE,Comercial / Costos Márgenes,execute_sql_query,/app/backend/modules/costos_margenes/repository_precios.py,400,"result = execute_sql_query(*conn, query)"
MEDIA,REVISAR_POSIBLE_LIVE,Comercial / Costos Márgenes,execute_sql_query,/app/backend/modules/costos_margenes/repository_precios.py,512,"execute_sql_query(*conn, update_query)"
MEDIA,REVISAR_POSIBLE_LIVE,Comercial / Costos Márgenes,execute_sql_query,/app/backend/modules/costos_margenes/repository_precios.py,543,"result = execute_sql_query(*conn, query)"
MEDIA,REVISAR_POSIBLE_LIVE,Comercial / Costos Márgenes,execute_sql_query,/app/backend/modules/costos_margenes/repository_precios.py,649,"execute_sql_query(*conn, query)"
MEDIA,REVISAR_POSIBLE_LIVE,Comercial / Costos Márgenes,execute_sql_query,/app/backend/modules/costos_margenes/routes.py,101,"user_result = execute_sql_query(*conn, user_query)"
MEDIA,REVISAR_POSIBLE_LIVE,Comercial / Costos Márgenes,execute_sql_query,/app/backend/modules/costos_margenes/routes.py,116,"servers_result = execute_sql_query(*conn, servers_query) or []"
MEDIA,REVISAR,Comercial / Costos Márgenes,remote POS names,/app/backend/modules/costos_margenes/routes.py,254,"- sistema_origen (SOFTRESTAURANT_PRO, MPRO)"
MEDIA,REVISAR,Comercial / Costos Márgenes,remote POS names,/app/backend/modules/costos_margenes/routes_precios.py,564,La modificación real del precio en sistema origen (SoftRestaurant/MPRO)
MEDIA,REVISAR,Compras,remote POS names,/app/backend/modules/compras/__init__.py,38,"is_mpro_system,"
MEDIA,REVISAR,Compras,remote POS names,/app/backend/modules/compras/__init__.py,39,"is_softrestaurant_system,"
MEDIA,REVISAR,Compras,remote POS names,/app/backend/modules/compras/__init__.py,88,"'is_mpro_system',"
MEDIA,REVISAR,Compras,remote POS names,/app/backend/modules/compras/__init__.py,89,"'is_softrestaurant_system',"
MEDIA,REVISAR,Compras,remote POS names,/app/backend/modules/compras/adapters/mpro_adapter.py,2,Adapter MPRO → EDARSAHUB SQL
MEDIA,REVISAR,Compras,remote POS names,/app/backend/modules/compras/adapters/mpro_adapter.py,4,Este archivo separa nombres origen MPRO del modelo canónico EDARSAHUB.
MEDIA,REVISAR,Compras,remote POS names,/app/backend/modules/compras/adapters/mpro_adapter.py,5,Completar queries conforme diccionario real MPRO validado.
MEDIA,REVISAR,Compras,remote POS names,/app/backend/modules/compras/adapters/mpro_adapter.py,8,"ORIGEN = ""MPRO"""
MEDIA,REVISAR,Compras,remote POS names,/app/backend/modules/compras/adapters/softrestaurant_pro_adapter.py,2,Adapter SOFTRESTAURANT_PRO → EDARSAHUB SQL
MEDIA,REVISAR,Compras,remote POS names,/app/backend/modules/compras/adapters/softrestaurant_pro_adapter.py,4,Este archivo contiene únicamente queries de extracción del origen SoftRestaurant PRO.
MEDIA,REVISAR,Compras,remote POS names,/app/backend/modules/compras/adapters/softrestaurant_pro_adapter.py,24,"ORIGEN = ""SOFTRESTAURANT_PRO"""
MEDIA,REVISAR,Compras,remote POS names,/app/backend/modules/compras/adapters/softrestaurant_pro_adapter.py,26,# Mapeo: clave canónica → tabla origen SoftRestaurant
MEDIA,REVISAR_POSIBLE_LIVE,Compras,pymssql.connect,/app/backend/modules/compras/eventos_compras.py,141,return pymssql.connect(
MEDIA,REVISAR_POSIBLE_LIVE,Compras,pymssql.connect,/app/backend/modules/compras/eventos_compras.py,309,return pymssql.connect(
MEDIA,REVISAR,Compras,remote POS names,/app/backend/modules/compras/eventos_compras.py,455,if 'MPRO' in system_type or 'MANAGEMENT' in system_type:
MEDIA,REVISAR,Compras,remote POS names,/app/backend/modules/compras/eventos_compras.py,472,elif 'SOFTRESTAURANT' in system_type:
MEDIA,REVISAR,Compras,remote POS names,/app/backend/modules/compras/eventos_compras.py,567,if 'MPRO' in system_type or 'MANAGEMENT' in system_type:
MEDIA,REVISAR,Compras,remote POS names,/app/backend/modules/compras/eventos_compras.py,583,elif 'SOFTRESTAURANT' in system_type:
MEDIA,REVISAR,Compras,remote POS names,/app/backend/modules/compras/repository.py,7,- Queries SQL para MPRO y SoftRestaurant
MEDIA,REVISAR_POSIBLE_LIVE,Compras,execute_sql_query,/app/backend/modules/compras/repository.py,58,result = execute_sql_query(
MEDIA,REVISAR,Compras,remote POS names,/app/backend/modules/compras/repository.py,200,"def query_inventarios_fisicos_mpro(server: Dict, almacen_filtro: str = """", sucursal_id: str = None) -> List[Dict]:"
MEDIA,REVISAR,Compras,remote POS names,/app/backend/modules/compras/repository.py,202,Obtiene inventarios físicos de MPRO.
MEDIA,REVISAR,Compras,remote POS names,/app/backend/modules/compras/repository.py,215,'MPRO' as origen
MEDIA,REVISAR_POSIBLE_LIVE,Compras,execute_sql_query,/app/backend/modules/compras/repository.py,223,return execute_sql_query(
MEDIA,REVISAR,Compras,remote POS names,/app/backend/modules/compras/repository.py,231,Obtiene inventarios físicos de SoftRestaurant.
MEDIA,REVISAR,Compras,remote POS names,/app/backend/modules/compras/repository.py,242,'SoftRestaurant' as origen
MEDIA,REVISAR_POSIBLE_LIVE,Compras,execute_sql_query,/app/backend/modules/compras/repository.py,249,return execute_sql_query(
MEDIA,REVISAR,Compras,remote POS names,/app/backend/modules/compras/repository.py,259,"def query_pedidos_vigentes_mpro(server: Dict, sucursal_id: str = None) -> List[Dict]:"
MEDIA,REVISAR,Compras,remote POS names,/app/backend/modules/compras/repository.py,261,Obtiene pedidos/requisiciones vigentes de MPRO.
MEDIA,REVISAR,Compras,remote POS names,/app/backend/modules/compras/repository.py,276,'MPRO' as origen
MEDIA,REVISAR_POSIBLE_LIVE,Compras,execute_sql_query,/app/backend/modules/compras/repository.py,284,return execute_sql_query(
MEDIA,REVISAR,Compras,remote POS names,/app/backend/modules/compras/repository.py,292,Obtiene pedidos vigentes de SoftRestaurant.
MEDIA,REVISAR,Compras,remote POS names,/app/backend/modules/compras/repository.py,325,'SoftRestaurant' as origen
MEDIA,REVISAR_POSIBLE_LIVE,Compras,execute_sql_query,/app/backend/modules/compras/repository.py,332,result = execute_sql_query(
MEDIA,REVISAR,Compras,remote POS names,/app/backend/modules/compras/repository.py,376,"def query_detalle_pedido_mpro(server: Dict, folio: str) -> List[Dict]:"
MEDIA,REVISAR,Compras,remote POS names,/app/backend/modules/compras/repository.py,378,Obtiene el detalle de productos de un pedido/requisición en MPRO.
MEDIA,REVISAR_POSIBLE_LIVE,Compras,execute_sql_query,/app/backend/modules/compras/repository.py,411,return execute_sql_query(
MEDIA,REVISAR,Compras,remote POS names,/app/backend/modules/compras/repository.py,421,"def query_detalle_factura_mpro(server: Dict, folio: str) -> List[Dict]:"
MEDIA,REVISAR,Compras,remote POS names,/app/backend/modules/compras/repository.py,423,Obtiene el detalle de una factura/entrada en MPRO.
MEDIA,REVISAR_POSIBLE_LIVE,Compras,execute_sql_query,/app/backend/modules/compras/repository.py,439,return execute_sql_query(
MEDIA,REVISAR,Compras,remote POS names,/app/backend/modules/compras/repository.py,449,"def query_facturas_proveedor_mpro(server: Dict, sucursal_id: str = None, meses: str = None, anio: str = None) -> List[Dict]:"
MEDIA,REVISAR,Compras,remote POS names,/app/backend/modules/compras/repository.py,451,Obtiene facturas de proveedores en MPRO.
MEDIA,REVISAR_POSIBLE_LIVE,Compras,execute_sql_query,/app/backend/modules/compras/repository.py,478,return execute_sql_query(
MEDIA,REVISAR,Compras,remote POS names,/app/backend/modules/compras/repository.py,491,"'query_inventarios_fisicos_mpro',"
MEDIA,REVISAR,Compras,remote POS names,/app/backend/modules/compras/repository.py,494,"'query_pedidos_vigentes_mpro',"
MEDIA,REVISAR,Compras,remote POS names,/app/backend/modules/compras/repository.py,496,"'query_detalle_pedido_mpro',"
MEDIA,REVISAR,Compras,remote POS names,/app/backend/modules/compras/repository.py,498,"'query_detalle_factura_mpro',"
MEDIA,REVISAR,Compras,remote POS names,/app/backend/modules/compras/repository.py,499,"'query_facturas_proveedor_mpro',"
MEDIA,REVISAR_POSIBLE_LIVE,Compras,pymssql.connect,/app/backend/modules/compras/repository_compras_sql.py,42,return pymssql.connect(
MEDIA,REVISAR_POSIBLE_LIVE,Compras,pymssql.connect,/app/backend/modules/compras/repository_pedidos_sql.py,48,conn = pymssql.connect(
MEDIA,REVISAR_POSIBLE_LIVE,Compras,pymssql.connect,/app/backend/modules/compras/repository_pedidos_sql.py,87,conn = pymssql.connect(
MEDIA,REVISAR,Compras,remote POS names,/app/backend/modules/compras/service.py,27,"is_mpro_system,"
MEDIA,REVISAR,Compras,remote POS names,/app/backend/modules/compras/service.py,28,"is_softrestaurant_system,"
MEDIA,REVISAR,Compras,remote POS names,/app/backend/modules/compras/service.py,47,Soporta MPRO y SoftRestaurant.
MEDIA,REVISAR,Compras,remote POS names,/app/backend/modules/compras/service.py,59,if is_mpro_system(system_type):
MEDIA,REVISAR,Compras,remote POS names,/app/backend/modules/compras/service.py,60,"log_compras_adapter_selected(""inventarios-fisicos"", server_id, system_type, ""MPRO_ADAPTER"", sucursal_id)"
MEDIA,REVISAR,Compras,remote POS names,/app/backend/modules/compras/service.py,66,"result = repo.query_inventarios_fisicos_mpro(server, almacen_filtro, sucursal_id)"
MEDIA,REVISAR,Compras,remote POS names,/app/backend/modules/compras/service.py,69,elif is_softrestaurant_system(system_type):
MEDIA,REVISAR,Compras,remote POS names,/app/backend/modules/compras/service.py,114,Soporta MPRO y SoftRestaurant.
MEDIA,REVISAR,Compras,remote POS names,/app/backend/modules/compras/service.py,129,if is_mpro_system(system_type):
MEDIA,REVISAR,Compras,remote POS names,/app/backend/modules/compras/service.py,130,"log_compras_adapter_selected(""pedidos-vigentes"", server_id, system_type, ""MPRO_ADAPTER"", sucursal_id)"
MEDIA,REVISAR,Compras,remote POS names,/app/backend/modules/compras/service.py,131,"result = repo.query_pedidos_vigentes_mpro(server, sucursal_id)"
MEDIA,REVISAR,Compras,remote POS names,/app/backend/modules/compras/service.py,132,# MPRO retorna lista directamente (TODO: migrar a ComprasQueryResult)
MEDIA,REVISAR,Compras,remote POS names,/app/backend/modules/compras/service.py,136,elif is_softrestaurant_system(system_type):
MEDIA,REVISAR,Compras,remote POS names,/app/backend/modules/compras/service.py,229,FASE 3A: Blindaje - Solo disponible en MPRO
MEDIA,REVISAR,Compras,remote POS names,/app/backend/modules/compras/service.py,238,if is_mpro_system(system_type):
MEDIA,REVISAR,Compras,remote POS names,/app/backend/modules/compras/service.py,239,"log_compras_adapter_selected(""detalle-factura"", server_id, system_type, ""MPRO_ADAPTER"")"
MEDIA,REVISAR,Compras,remote POS names,/app/backend/modules/compras/service.py,240,"result = repo.query_detalle_factura_mpro(server, folio)"
MEDIA,REVISAR,Compras,remote POS names,/app/backend/modules/compras/service.py,258,"detail=f""El detalle de factura solo está disponible para sistemas MPRO. Sistema actual: {system_type}"""
MEDIA,REVISAR,Compras,remote POS names,/app/backend/modules/compras/service.py,281,FASE 3A: Blindaje - Solo disponible en MPRO
MEDIA,REVISAR,Compras,remote POS names,/app/backend/modules/compras/service.py,291,if sucursal and is_mpro_system(system_type):
MEDIA,REVISAR,Compras,remote POS names,/app/backend/modules/compras/service.py,299,if is_mpro_system(system_type):
MEDIA,REVISAR,Compras,remote POS names,/app/backend/modules/compras/service.py,300,"log_compras_adapter_selected(""facturas-proveedor"", server_id, system_type, ""MPRO_ADAPTER"", sucursal_id)"
MEDIA,REVISAR,Compras,remote POS names,/app/backend/modules/compras/service.py,301,"result = repo.query_facturas_proveedor_mpro(server, sucursal_id, meses, anio)"
MEDIA,REVISAR,Compras,remote POS names,/app/backend/modules/compras/service.py,320,"detail=f""Las facturas de proveedor solo están disponibles para sistemas MPRO. Sistema actual: {system_type}"""
MEDIA,REVISAR,Compras,remote POS names,/app/backend/modules/compras/sql_first_repository.py,6,- Prohibido conectar SoftRestaurant/MPRO aquí.
MEDIA,REVISAR,Compras,remote POS names,/app/backend/modules/compras/system_type_utils.py,18,"is_mpro_system,"
MEDIA,REVISAR,Compras,remote POS names,/app/backend/modules/compras/system_type_utils.py,19,"is_softrestaurant_system,"
MEDIA,REVISAR,Compras,remote POS names,/app/backend/modules/compras/system_type_utils.py,222,"'is_mpro_system',"
MEDIA,REVISAR,Compras,remote POS names,/app/backend/modules/compras/system_type_utils.py,223,"'is_softrestaurant_system',"
MEDIA,REVISAR,Compras,remote POS names,/app/backend/modules/fase2_operativo/routes/automatizacion_compras_routes.py,40,"origen_sistema: Optional[str] = ""MPRO"""
MEDIA,REVISAR,Compras,remote POS names,/app/backend/modules/fase2_operativo/routes/automatizacion_compras_routes.py,427,"origen_sistema=request.origen_sistema or ""MPRO"""
MEDIA,REVISAR,Compras,remote POS names,/app/backend/modules/fase2_operativo/services/automatizacion_compras_service.py,107,"origen_sistema: str = ""MPRO"","
MEDIA,REVISAR,Compras,remote POS names,/app/backend/tests/test_compras_analisis.py,34,# Find SoftRestaurant server (130° MERIDA or CIENFUEGOS)
MEDIA,REVISAR,Compras,remote POS names,/app/backend/tests/test_compras_analisis.py,35,self.softrestaurant_server = None
MEDIA,REVISAR,Compras,remote POS names,/app/backend/tests/test_compras_analisis.py,36,self.mpro_server = None
MEDIA,REVISAR,Compras,remote POS names,/app/backend/tests/test_compras_analisis.py,38,if server.get('system_type') == 'SoftRestaurant':
MEDIA,REVISAR,Compras,remote POS names,/app/backend/tests/test_compras_analisis.py,39,self.softrestaurant_server = server
MEDIA,REVISAR,Compras,remote POS names,/app/backend/tests/test_compras_analisis.py,40,elif server.get('system_type') == 'MPRO':
MEDIA,REVISAR,Compras,remote POS names,/app/backend/tests/test_compras_analisis.py,41,self.mpro_server = server
MEDIA,REVISAR,Compras,remote POS names,/app/backend/tests/test_compras_analisis.py,47,if not self.softrestaurant_server:
MEDIA,REVISAR,Compras,remote POS names,/app/backend/tests/test_compras_analisis.py,48,"pytest.skip(""No SoftRestaurant server available"")"
MEDIA,REVISAR,Compras,remote POS names,/app/backend/tests/test_compras_analisis.py,53,"""server_id"": self.softrestaurant_server['id'],"
MEDIA,REVISAR,Compras,remote POS names,/app/backend/tests/test_compras_analisis.py,54,"""sucursal"": self.softrestaurant_server['name'],"
MEDIA,REVISAR,Compras,remote POS names,/app/backend/tests/test_compras_analisis.py,63,if not self.softrestaurant_server:
MEDIA,REVISAR,Compras,remote POS names,/app/backend/tests/test_compras_analisis.py,64,"pytest.skip(""No SoftRestaurant server available"")"
MEDIA,REVISAR,Compras,remote POS names,/app/backend/tests/test_compras_analisis.py,69,"""server_id"": self.softrestaurant_server['id'],"
MEDIA,REVISAR,Compras,remote POS names,/app/backend/tests/test_compras_analisis.py,70,"""sucursal"": self.softrestaurant_server['name'],"
MEDIA,REVISAR,Compras,remote POS names,/app/backend/tests/test_compras_analisis.py,84,if not self.softrestaurant_server:
MEDIA,REVISAR,Compras,remote POS names,/app/backend/tests/test_compras_analisis.py,85,"pytest.skip(""No SoftRestaurant server available"")"
MEDIA,REVISAR,Compras,remote POS names,/app/backend/tests/test_compras_analisis.py,90,"""server_id"": self.softrestaurant_server['id'],"
MEDIA,REVISAR,Compras,remote POS names,/app/backend/tests/test_compras_analisis.py,91,"""sucursal"": self.softrestaurant_server['name'],"
MEDIA,REVISAR,Compras,remote POS names,/app/backend/tests/test_compras_analisis.py,107,if not self.softrestaurant_server:
MEDIA,REVISAR,Compras,remote POS names,/app/backend/tests/test_compras_analisis.py,108,"pytest.skip(""No SoftRestaurant server available"")"
MEDIA,REVISAR,Compras,remote POS names,/app/backend/tests/test_compras_analisis.py,113,"""server_id"": self.softrestaurant_server['id'],"
MEDIA,REVISAR,Compras,remote POS names,/app/backend/tests/test_compras_analisis.py,114,"""sucursal"": self.softrestaurant_server['name'],"
MEDIA,REVISAR,Compras,remote POS names,/app/backend/tests/test_compras_analisis.py,127,if not self.softrestaurant_server:
MEDIA,REVISAR,Compras,remote POS names,/app/backend/tests/test_compras_analisis.py,128,"pytest.skip(""No SoftRestaurant server available"")"
MEDIA,REVISAR,Compras,remote POS names,/app/backend/tests/test_compras_analisis.py,133,"""server_id"": self.softrestaurant_server['id'],"
MEDIA,REVISAR,Compras,remote POS names,/app/backend/tests/test_compras_analisis.py,134,"""sucursal"": self.softrestaurant_server['name'],"
MEDIA,REVISAR,Compras,remote POS names,/app/backend/tests/test_compras_analisis.py,151,if not self.softrestaurant_server:
MEDIA,REVISAR,Compras,remote POS names,/app/backend/tests/test_compras_analisis.py,152,"pytest.skip(""No SoftRestaurant server available"")"
MEDIA,REVISAR,Compras,remote POS names,/app/backend/tests/test_compras_analisis.py,157,"""server_id"": self.softrestaurant_server['id'],"
MEDIA,REVISAR,Compras,remote POS names,/app/backend/tests/test_compras_analisis.py,158,"""sucursal"": self.softrestaurant_server['name'],"
MEDIA,REVISAR,Compras,remote POS names,/app/backend/tests/test_compras_analisis.py,184,if not self.softrestaurant_server:
MEDIA,REVISAR,Compras,remote POS names,/app/backend/tests/test_compras_analisis.py,185,"pytest.skip(""No SoftRestaurant server available"")"
MEDIA,REVISAR,Compras,remote POS names,/app/backend/tests/test_compras_analisis.py,196,# Should return 200 even if empty (SoftRestaurant not implemented)
MEDIA,REVISAR,Compras,remote POS names,/app/backend/tests/test_compras_analisis.py,201,if not self.softrestaurant_server:
MEDIA,REVISAR,Compras,remote POS names,/app/backend/tests/test_compras_analisis.py,202,"pytest.skip(""No SoftRestaurant server available"")"
MEDIA,REVISAR,Compras,remote POS names,/app/backend/tests/test_compras_analisis.py,234,if not self.softrestaurant_server:
MEDIA,REVISAR,Compras,remote POS names,/app/backend/tests/test_compras_analisis.py,235,"pytest.skip(""No SoftRestaurant server available"")"
MEDIA,REVISAR,Compras,remote POS names,/app/backend/tests/test_compras_analisis.py,241,# Should return 200 even if empty (SoftRestaurant not implemented)
MEDIA,REVISAR,Compras,remote POS names,/app/backend/tests/test_compras_analisis.py,246,if not self.softrestaurant_server:
MEDIA,REVISAR,Compras,remote POS names,/app/backend/tests/test_compras_analisis.py,247,"pytest.skip(""No SoftRestaurant server available"")"
MEDIA,REVISAR,Compras,remote POS names,/app/backend/tests/test_compras_analisis.py,266,class TestComprasAnalisisMPRO:
MEDIA,REVISAR,Compras,remote POS names,/app/backend/tests/test_compras_analisis.py,267,"""""""Tests specifically for MPRO server (if available and online)"""""""
MEDIA,REVISAR,Compras,remote POS names,/app/backend/tests/test_compras_analisis.py,283,self.mpro_server = None
MEDIA,REVISAR,Compras,remote POS names,/app/backend/tests/test_compras_analisis.py,285,if server.get('system_type') == 'MPRO':
MEDIA,REVISAR,Compras,remote POS names,/app/backend/tests/test_compras_analisis.py,286,self.mpro_server = server
MEDIA,REVISAR,Compras,remote POS names,/app/backend/tests/test_compras_analisis.py,291,if not self.mpro_server:
MEDIA,REVISAR,Compras,remote POS names,/app/backend/tests/test_compras_analisis.py,292,"pytest.skip(""No MPRO server available"")"
MEDIA,REVISAR,Compras,remote POS names,/app/backend/tests/test_compras_analisis.py,300,"pytest.skip(""No sucursales available for MPRO server"")"
MEDIA,REVISAR,Compras,remote POS names,/app/backend/tests/test_compras_analisis.py,307,"""server_id"": self.mpro_server['id'],"
MEDIA,REVISAR,Compras,remote POS names,/app/backend/tests/test_compras_module.py,7,- Server selection (MPRO)
MEDIA,REVISAR,Compras,remote POS names,/app/backend/tests/test_compras_module.py,25,"MPRO_SERVER_ID = ""1b230a06-ffaf-4c70-bd27-b1be3579dea6"""
MEDIA,REVISAR,Compras,remote POS names,/app/backend/tests/test_compras_module.py,69,"def test_get_servers_returns_mpro(self, auth_token):"
MEDIA,REVISAR,Compras,remote POS names,/app/backend/tests/test_compras_module.py,70,"""""""Test that servers list includes MPRO server"""""""
MEDIA,REVISAR,Compras,remote POS names,/app/backend/tests/test_compras_module.py,79,# Find MPRO server
MEDIA,REVISAR,Compras,remote POS names,/app/backend/tests/test_compras_module.py,80,"mpro_server = next((s for s in servers if s['id'] == MPRO_SERVER_ID), None)"
MEDIA,REVISAR,Compras,remote POS names,/app/backend/tests/test_compras_module.py,81,"assert mpro_server is not None, f""MPRO server {MPRO_SERVER_ID} not found"""
MEDIA,REVISAR,Compras,remote POS names,/app/backend/tests/test_compras_module.py,82,assert mpro_server['system_type'] == 'MPRO'
MEDIA,REVISAR,Compras,remote POS names,/app/backend/tests/test_compras_module.py,83,"print(f""✓ MPRO server found: {mpro_server['name']}"")"
MEDIA,REVISAR,Compras,remote POS names,/app/backend/tests/test_compras_module.py,85,"def test_get_sucursales_for_mpro(self, auth_token):"
MEDIA,REVISAR,Compras,remote POS names,/app/backend/tests/test_compras_module.py,86,"""""""Test loading sucursales for MPRO server"""""""
MEDIA,REVISAR,Compras,remote POS names,/app/backend/tests/test_compras_module.py,186,"""server_id"": MPRO_SERVER_ID,"
MEDIA,REVISAR,Compras,remote POS names,/app/backend/tests/test_compras_module.py,212,"""server_id"": MPRO_SERVER_ID,"
MEDIA,REVISAR,Compras,remote POS names,/app/backend/tests/test_compras_module.py,249,"""server_id"": MPRO_SERVER_ID,"
MEDIA,REVISAR,Compras,remote POS names,/app/backend/tests/test_compras_module.py,281,"""server_id"": MPRO_SERVER_ID,"
MEDIA,REVISAR,Compras,remote POS names,/app/backend/tests/test_compras_module.py,334,"""server_id"": MPRO_SERVER_ID,"
MEDIA,REVISAR,Finanzas,remote POS names,/app/backend/modules/finanzas/carga_historica_ingresos.py,6,desde SoftRestaurant y MPRO hacia EDARSAHUB.
MEDIA,REVISAR,Finanzas,remote POS names,/app/backend/modules/finanzas/carga_historica_ingresos.py,109,Ejecuta carga histórica para una unidad SoftRestaurant.
MEDIA,REVISAR,Finanzas,remote POS names,/app/backend/modules/finanzas/carga_historica_ingresos.py,130,"'sistema': 'SoftRestaurant',"
MEDIA,REVISAR,Finanzas,remote POS names,/app/backend/modules/finanzas/carga_historica_ingresos.py,223,def ejecutar_carga_historica_unidad_mpro(
MEDIA,REVISAR,Finanzas,remote POS names,/app/backend/modules/finanzas/carga_historica_ingresos.py,228,Ejecuta carga histórica para una unidad MPRO.
MEDIA,REVISAR,Finanzas,remote POS names,/app/backend/modules/finanzas/carga_historica_ingresos.py,242,"logger.info(f""[HISTORICA_MPRO] === Iniciando carga histórica: {unidad_nombre} ==="")"
MEDIA,REVISAR,Finanzas,remote POS names,/app/backend/modules/finanzas/carga_historica_ingresos.py,243,"logger.info(f""[HISTORICA_MPRO] Bloques a procesar: {len(bloques)}"")"
MEDIA,REVISAR,Finanzas,remote POS names,/app/backend/modules/finanzas/carga_historica_ingresos.py,249,"'sistema': 'MPRO',"
MEDIA,REVISAR,Finanzas,remote POS names,/app/backend/modules/finanzas/carga_historica_ingresos.py,266,"logger.info(f""[HISTORICA_MPRO] Bloque {i}/{len(bloques)}: {bloque['bloque_nombre']}"")"
MEDIA,REVISAR,Finanzas,remote POS names,/app/backend/modules/finanzas/carga_historica_ingresos.py,312,"logger.error(f""[HISTORICA_MPRO] Error en bloque {bloque['bloque_nombre']}: {e}"")"
MEDIA,REVISAR,Finanzas,remote POS names,/app/backend/modules/finanzas/carga_historica_ingresos.py,333,"f""[HISTORICA_MPRO] {unidad_nombre} completado: """
MEDIA,REVISAR,Finanzas,remote POS names,/app/backend/modules/finanzas/carga_historica_ingresos.py,347,"1. SoftRestaurant: 130° MERIDA, CIENFUEGOS, LA ESTELAR"
MEDIA,REVISAR,Finanzas,remote POS names,/app/backend/modules/finanzas/carga_historica_ingresos.py,348,"2. MPRO: 130° QUERETARO, ORIGEN"
MEDIA,REVISAR,Finanzas,remote POS names,/app/backend/modules/finanzas/carga_historica_ingresos.py,379,# SOFTRESTAURANT
MEDIA,REVISAR,Finanzas,remote POS names,/app/backend/modules/finanzas/carga_historica_ingresos.py,386,"logger.info(f""PROCESANDO: {unidad} (SoftRestaurant)"")"
MEDIA,REVISAR,Finanzas,remote POS names,/app/backend/modules/finanzas/carga_historica_ingresos.py,409,"'sistema': 'SoftRestaurant',"
MEDIA,REVISAR,Finanzas,remote POS names,/app/backend/modules/finanzas/carga_historica_ingresos.py,415,# MPRO
MEDIA,REVISAR,Finanzas,remote POS names,/app/backend/modules/finanzas/carga_historica_ingresos.py,418,"unidades_mpro = ['130° QUERETARO', 'ORIGEN']"
MEDIA,REVISAR,Finanzas,remote POS names,/app/backend/modules/finanzas/carga_historica_ingresos.py,420,for unidad in unidades_mpro:
MEDIA,REVISAR,Finanzas,remote POS names,/app/backend/modules/finanzas/carga_historica_ingresos.py,422,"logger.info(f""PROCESANDO: {unidad} (MPRO)"")"
MEDIA,REVISAR,Finanzas,remote POS names,/app/backend/modules/finanzas/carga_historica_ingresos.py,428,"res = ejecutar_carga_historica_unidad_mpro(unidad, bloques)"
MEDIA,REVISAR,Finanzas,remote POS names,/app/backend/modules/finanzas/carga_historica_ingresos.py,445,"'sistema': 'MPRO',"
MEDIA,REVISAR,Finanzas,remote POS names,/app/backend/modules/finanzas/carga_historica_ingresos.py,481,"'ejecutar_carga_historica_unidad_mpro',"
MEDIA,REVISAR,Finanzas,remote POS names,/app/backend/modules/finanzas/cuentas_por_pagar.py,90,_mpro_repo = None      # Repositorio MPRO (datos reales CxP)
MEDIA,REVISAR,Finanzas,remote POS names,/app/backend/modules/finanzas/cuentas_por_pagar.py,91,"_softrest_repo = None  # Repositorio SoftRestaurant (CF, Estelar, 130 Mid)"
MEDIA,REVISAR,Finanzas,remote POS names,/app/backend/modules/finanzas/cuentas_por_pagar.py,98,def set_mpro_repository(repo):
MEDIA,REVISAR,Finanzas,remote POS names,/app/backend/modules/finanzas/cuentas_por_pagar.py,99,"""""""Configura el repositorio MPRO para CxP reales (llamado desde server.py)"""""""
MEDIA,REVISAR,Finanzas,remote POS names,/app/backend/modules/finanzas/cuentas_por_pagar.py,100,global _mpro_repo
MEDIA,REVISAR,Finanzas,remote POS names,/app/backend/modules/finanzas/cuentas_por_pagar.py,101,_mpro_repo = repo
MEDIA,REVISAR,Finanzas,remote POS names,/app/backend/modules/finanzas/cuentas_por_pagar.py,103,def set_softrestaurant_repository(repo):
MEDIA,REVISAR,Finanzas,remote POS names,/app/backend/modules/finanzas/cuentas_por_pagar.py,104,"""""""Configura el repositorio SoftRestaurant para CxP (llamado desde server.py)"""""""
MEDIA,REVISAR,Finanzas,remote POS names,/app/backend/modules/finanzas/cuentas_por_pagar.py,109,"""""""Obtiene el repositorio de finanzas (prefiere SoftRestaurant > MPRO > EDARSA HUB)"""""""
MEDIA,REVISAR,Finanzas,remote POS names,/app/backend/modules/finanzas/cuentas_por_pagar.py,110,"# Primero SoftRestaurant (CF, Estelar, 130 Mid)"
MEDIA,REVISAR,Finanzas,remote POS names,/app/backend/modules/finanzas/cuentas_por_pagar.py,113,# Luego MPRO
MEDIA,REVISAR,Finanzas,remote POS names,/app/backend/modules/finanzas/cuentas_por_pagar.py,114,if _mpro_repo:
MEDIA,REVISAR,Finanzas,remote POS names,/app/backend/modules/finanzas/cuentas_por_pagar.py,115,return _mpro_repo
MEDIA,REVISAR,Finanzas,remote POS names,/app/backend/modules/finanzas/cuentas_por_pagar.py,122,"""""""Obtiene específicamente el repositorio MPRO"""""""
MEDIA,REVISAR,Finanzas,remote POS names,/app/backend/modules/finanzas/cuentas_por_pagar.py,123,return _mpro_repo
MEDIA,REVISAR,Finanzas,remote POS names,/app/backend/modules/finanzas/cuentas_por_pagar.py,126,"""""""Obtiene específicamente el repositorio SoftRestaurant"""""""
MEDIA,REVISAR,Finanzas,remote POS names,/app/backend/modules/finanzas/cuentas_por_pagar.py,217,facturas_ids: List[str]  # Cambiado de int a str para soportar IDs compuestos de SoftRestaurant
MEDIA,REVISAR_POSIBLE_LIVE,Finanzas,direct host ddns,/app/backend/modules/finanzas/cuentas_por_pagar.py,226,"sucursal_id: Optional[str] = None,  # CIENFUEGOS, ESTELAR, 130MID o código MPRO"
MEDIA,REVISAR,Finanzas,remote POS names,/app/backend/modules/finanzas/cuentas_por_pagar.py,226,"sucursal_id: Optional[str] = None,  # CIENFUEGOS, ESTELAR, 130MID o código MPRO"
MEDIA,REVISAR,Finanzas,remote POS names,/app/backend/modules/finanzas/cuentas_por_pagar.py,238,"CONECTADO A SOFTRESTAURANT (CF, Estelar, 130 Mid) + MPRO (CENTRAL2020)"
MEDIA,REVISAR,Finanzas,remote POS names,/app/backend/modules/finanzas/cuentas_por_pagar.py,249,# Combinar datos de SoftRestaurant + MPRO
MEDIA,REVISAR,Finanzas,remote POS names,/app/backend/modules/finanzas/cuentas_por_pagar.py,254,mpro_repo = await get_mpro_repo()
MEDIA,REVISAR,Finanzas,remote POS names,/app/backend/modules/finanzas/cuentas_por_pagar.py,256,"# 1. Obtener datos de SoftRestaurant (CF, Estelar, 130 Mid)"
MEDIA,REVISAR,Finanzas,remote POS names,/app/backend/modules/finanzas/cuentas_por_pagar.py,258,es_filtro_mpro_exclusivo = sucursal_id and any(
MEDIA,REVISAR,Finanzas,remote POS names,/app/backend/modules/finanzas/cuentas_por_pagar.py,263,if softrest_repo and not es_filtro_mpro_exclusivo:
MEDIA,REVISAR,Finanzas,remote POS names,/app/backend/modules/finanzas/cuentas_por_pagar.py,279,# ABRIL 2026: Ahora la query de SoftRestaurant incluye campos detallados:
MEDIA,REVISAR,Finanzas,remote POS names,/app/backend/modules/finanzas/cuentas_por_pagar.py,291,# Campos detallados desde tabla compras (SoftRestaurant)
MEDIA,REVISAR,Finanzas,remote POS names,/app/backend/modules/finanzas/cuentas_por_pagar.py,309,"""fuente"": ""SOFTRESTAURANT"""
MEDIA,REVISAR,Finanzas,remote POS names,/app/backend/modules/finanzas/cuentas_por_pagar.py,314,"fuentes_activas.append(""SOFTRESTAURANT"")"
MEDIA,REVISAR,Finanzas,remote POS names,/app/backend/modules/finanzas/cuentas_por_pagar.py,315,"logging.info(f""[CxP] SoftRestaurant: {len(cxp_softrest)} registros"")"
MEDIA,REVISAR,Finanzas,remote POS names,/app/backend/modules/finanzas/cuentas_por_pagar.py,317,"logging.error(f""[CxP] Error SoftRestaurant: {e}"")"
MEDIA,REVISAR,Finanzas,remote POS names,/app/backend/modules/finanzas/cuentas_por_pagar.py,319,# 2. Obtener datos de MPRO (CENTRAL2020)
MEDIA,REVISAR_POSIBLE_LIVE,Finanzas,direct host ddns,/app/backend/modules/finanzas/cuentas_por_pagar.py,321,"softrest_sucursales = ['CIENFUEGOS', 'ESTELAR', '130MID', 'CF', 'EST', '130M', 'LA ESTELAR', '130 MERIDA', '130° MERIDA', 'CIEN FUEGOS']"
MEDIA,REVISAR,Finanzas,remote POS names,/app/backend/modules/finanzas/cuentas_por_pagar.py,322,"mpro_sucursales = ['ORIGEN', '130QRO', '130 QRO', '130° QRO', '130° QUERETARO', '0021', '0023']"
MEDIA,REVISAR,Finanzas,remote POS names,/app/backend/modules/finanzas/cuentas_por_pagar.py,328,es_filtro_mpro = sucursal_id and any(
MEDIA,REVISAR,Finanzas,remote POS names,/app/backend/modules/finanzas/cuentas_por_pagar.py,330,for alias in mpro_sucursales
MEDIA,REVISAR,Finanzas,remote POS names,/app/backend/modules/finanzas/cuentas_por_pagar.py,334,if mpro_repo and not es_filtro_softrest:
MEDIA,REVISAR,Finanzas,remote POS names,/app/backend/modules/finanzas/cuentas_por_pagar.py,336,# Mapear sucursal a código MPRO si aplica
MEDIA,REVISAR,Finanzas,remote POS names,/app/backend/modules/finanzas/cuentas_por_pagar.py,337,mpro_sucursal = None
MEDIA,REVISAR,Finanzas,remote POS names,/app/backend/modules/finanzas/cuentas_por_pagar.py,338,if es_filtro_mpro:
MEDIA,REVISAR,Finanzas,remote POS names,/app/backend/modules/finanzas/cuentas_por_pagar.py,340,mpro_sucursal = '0023'
MEDIA,REVISAR,Finanzas,remote POS names,/app/backend/modules/finanzas/cuentas_por_pagar.py,342,mpro_sucursal = '0021'
MEDIA,REVISAR,Finanzas,remote POS names,/app/backend/modules/finanzas/cuentas_por_pagar.py,344,mpro_sucursal = sucursal_id
MEDIA,REVISAR,Finanzas,remote POS names,/app/backend/modules/finanzas/cuentas_por_pagar.py,346,cxp_mpro = await mpro_repo.get_cuentas_por_pagar(
MEDIA,REVISAR,Finanzas,remote POS names,/app/backend/modules/finanzas/cuentas_por_pagar.py,347,"sucursal_id=mpro_sucursal,"
MEDIA,REVISAR,Finanzas,remote POS names,/app/backend/modules/finanzas/cuentas_por_pagar.py,353,# Mapeo de códigos MPRO a nombres
MEDIA,REVISAR,Finanzas,remote POS names,/app/backend/modules/finanzas/cuentas_por_pagar.py,354,mpro_nombres = {
MEDIA,REVISAR,Finanzas,remote POS names,/app/backend/modules/finanzas/cuentas_por_pagar.py,359,'0027': 'CIEN FUEGOS MPRO'
MEDIA,REVISAR,Finanzas,remote POS names,/app/backend/modules/finanzas/cuentas_por_pagar.py,362,for c in cxp_mpro:
MEDIA,REVISAR,Finanzas,remote POS names,/app/backend/modules/finanzas/cuentas_por_pagar.py,369,"suc_nombre = mpro_nombres.get(suc_id, c.get('SucursalNombre', f""MPRO {suc_id}""))"
MEDIA,REVISAR,Finanzas,remote POS names,/app/backend/modules/finanzas/cuentas_por_pagar.py,371,# ABRIL 2026 - CLASIFICACIÓN MPRO por Grupo_Proveedor:
MEDIA,REVISAR,Finanzas,remote POS names,/app/backend/modules/finanzas/cuentas_por_pagar.py,386,# CORRECCIÓN MAPEO CAMPOS MPRO:
MEDIA,REVISAR,Finanzas,remote POS names,/app/backend/modules/finanzas/cuentas_por_pagar.py,395,"""factura_id"": f""MPRO_{c.get('CuentaPorPagarID')}"","
MEDIA,REVISAR,Finanzas,remote POS names,/app/backend/modules/finanzas/cuentas_por_pagar.py,418,"""fuente"": ""MANAGEMENTPRO"""
MEDIA,REVISAR,Finanzas,remote POS names,/app/backend/modules/finanzas/cuentas_por_pagar.py,422,if cxp_mpro:
MEDIA,REVISAR,Finanzas,remote POS names,/app/backend/modules/finanzas/cuentas_por_pagar.py,423,"fuentes_activas.append(""MANAGEMENTPRO"")"
MEDIA,REVISAR,Finanzas,remote POS names,/app/backend/modules/finanzas/cuentas_por_pagar.py,424,"logging.info(f""[CxP] MPRO: {len(cxp_mpro)} registros"")"
MEDIA,REVISAR,Finanzas,remote POS names,/app/backend/modules/finanzas/cuentas_por_pagar.py,426,"logging.error(f""[CxP] Error MPRO: {e}"")"
MEDIA,REVISAR,Finanzas,remote POS names,/app/backend/modules/finanzas/cuentas_por_pagar.py,441,"# - SoftRestaurant: Según clave del proveedor (A = ALIMENTOS, B = BEBIDAS, X = OTROS)"
MEDIA,REVISAR,Finanzas,remote POS names,/app/backend/modules/finanzas/cuentas_por_pagar.py,442,"# - MPRO: Según Grupo_Proveedor (0001 = ALIMENTOS, 0002 = BEBIDAS, otros = OTROS)"
MEDIA,REVISAR,Finanzas,remote POS names,/app/backend/modules/finanzas/cuentas_por_pagar.py,492,# Fallback a MPRO solo (si no se ejecutó el bloque combinado)
MEDIA,REVISAR,Finanzas,remote POS names,/app/backend/modules/finanzas/cuentas_por_pagar.py,493,mpro_repo = await get_mpro_repo()
MEDIA,REVISAR,Finanzas,remote POS names,/app/backend/modules/finanzas/cuentas_por_pagar.py,495,# Usar MPRO como fuente principal de CxP
MEDIA,REVISAR,Finanzas,remote POS names,/app/backend/modules/finanzas/cuentas_por_pagar.py,496,if mpro_repo and not use_demo:
MEDIA,REVISAR,Finanzas,remote POS names,/app/backend/modules/finanzas/cuentas_por_pagar.py,498,cxp_sql = await mpro_repo.get_cuentas_por_pagar(
MEDIA,REVISAR,Finanzas,remote POS names,/app/backend/modules/finanzas/cuentas_por_pagar.py,818,FINANZAS-CXP-MPRO-COMBINE-01 (Dic 2025):
MEDIA,REVISAR,Finanzas,remote POS names,/app/backend/modules/finanzas/cuentas_por_pagar.py,819,COMBINA SoftRestaurant + ManagementPro (no usa fallback).
MEDIA,REVISAR,Finanzas,remote POS names,/app/backend/modules/finanzas/cuentas_por_pagar.py,822,"- SoftRestaurant: CIENFUEGOS, LA ESTELAR, 130° MERIDA"
MEDIA,REVISAR,Finanzas,remote POS names,/app/backend/modules/finanzas/cuentas_por_pagar.py,823,"- ManagementPro: ORIGEN (0023), 130° QRO (0021)"
MEDIA,REVISAR,Finanzas,remote POS names,/app/backend/modules/finanzas/cuentas_por_pagar.py,831,# COMBINAR SR + MPRO (no fallback)
MEDIA,REVISAR,Finanzas,remote POS names,/app/backend/modules/finanzas/cuentas_por_pagar.py,833,mpro_repo = await get_mpro_repo()
MEDIA,REVISAR_POSIBLE_LIVE,Finanzas,direct host ddns,/app/backend/modules/finanzas/cuentas_por_pagar.py,840,"softrest_sucursales = ['CIENFUEGOS', 'ESTELAR', '130MID', 'CF', 'EST', '130M',"
MEDIA,REVISAR,Finanzas,remote POS names,/app/backend/modules/finanzas/cuentas_por_pagar.py,842,"mpro_sucursales = ['ORIGEN', '130QRO', '130 QRO', '130° QRO', '130° QUERETARO',"
MEDIA,REVISAR,Finanzas,remote POS names,/app/backend/modules/finanzas/cuentas_por_pagar.py,849,es_filtro_mpro = sucursal_id and any(
MEDIA,REVISAR,Finanzas,remote POS names,/app/backend/modules/finanzas/cuentas_por_pagar.py,851,for alias in mpro_sucursales
MEDIA,REVISAR,Finanzas,remote POS names,/app/backend/modules/finanzas/cuentas_por_pagar.py,855,if softrest_repo and not es_filtro_mpro:
MEDIA,REVISAR,Finanzas,remote POS names,/app/backend/modules/finanzas/cuentas_por_pagar.py,863,c['_fuente'] = 'SOFTRESTAURANT'
MEDIA,REVISAR,Finanzas,remote POS names,/app/backend/modules/finanzas/cuentas_por_pagar.py,865,"fuentes_activas.append(""SOFTRESTAURANT"")"
MEDIA,REVISAR,Finanzas,remote POS names,/app/backend/modules/finanzas/cuentas_por_pagar.py,866,"logging.info(f""[CxP Resumen] SoftRestaurant: {len(cxp_sr)} registros"")"
MEDIA,REVISAR,Finanzas,remote POS names,/app/backend/modules/finanzas/cuentas_por_pagar.py,868,"logging.error(f""[CxP Resumen] Error SoftRestaurant: {e}"")"
MEDIA,REVISAR,Finanzas,remote POS names,/app/backend/modules/finanzas/cuentas_por_pagar.py,869,"fuentes_fallidas.append(f""SOFTRESTAURANT: {str(e)[:50]}"")"
MEDIA,REVISAR,Finanzas,remote POS names,/app/backend/modules/finanzas/cuentas_por_pagar.py,872,if mpro_repo and not es_filtro_sr:
MEDIA,REVISAR,Finanzas,remote POS names,/app/backend/modules/finanzas/cuentas_por_pagar.py,874,# Mapear código de sucursal MPRO si aplica
MEDIA,REVISAR,Finanzas,remote POS names,/app/backend/modules/finanzas/cuentas_por_pagar.py,875,mpro_suc = None
MEDIA,REVISAR,Finanzas,remote POS names,/app/backend/modules/finanzas/cuentas_por_pagar.py,876,if es_filtro_mpro:
MEDIA,REVISAR,Finanzas,remote POS names,/app/backend/modules/finanzas/cuentas_por_pagar.py,878,mpro_suc = '0023'
MEDIA,REVISAR,Finanzas,remote POS names,/app/backend/modules/finanzas/cuentas_por_pagar.py,880,mpro_suc = '0021'
MEDIA,REVISAR,Finanzas,remote POS names,/app/backend/modules/finanzas/cuentas_por_pagar.py,882,mpro_suc = sucursal_id
MEDIA,REVISAR,Finanzas,remote POS names,/app/backend/modules/finanzas/cuentas_por_pagar.py,884,cxp_mpro = await mpro_repo.get_cuentas_por_pagar(sucursal_id=mpro_suc)
MEDIA,REVISAR,Finanzas,remote POS names,/app/backend/modules/finanzas/cuentas_por_pagar.py,885,if cxp_mpro:
MEDIA,REVISAR,Finanzas,remote POS names,/app/backend/modules/finanzas/cuentas_por_pagar.py,886,for c in cxp_mpro:
MEDIA,REVISAR,Finanzas,remote POS names,/app/backend/modules/finanzas/cuentas_por_pagar.py,887,c['_fuente'] = 'MANAGEMENTPRO'
MEDIA,REVISAR,Finanzas,remote POS names,/app/backend/modules/finanzas/cuentas_por_pagar.py,888,all_cxp_data.extend(cxp_mpro)
MEDIA,REVISAR,Finanzas,remote POS names,/app/backend/modules/finanzas/cuentas_por_pagar.py,889,"fuentes_activas.append(""MANAGEMENTPRO"")"
MEDIA,REVISAR,Finanzas,remote POS names,/app/backend/modules/finanzas/cuentas_por_pagar.py,890,"logging.info(f""[CxP Resumen] MPRO: {len(cxp_mpro)} registros"")"
MEDIA,REVISAR,Finanzas,remote POS names,/app/backend/modules/finanzas/cuentas_por_pagar.py,892,"logging.error(f""[CxP Resumen] Error MPRO: {e}"")"
MEDIA,REVISAR,Finanzas,remote POS names,/app/backend/modules/finanzas/cuentas_por_pagar.py,893,"fuentes_fallidas.append(f""MANAGEMENTPRO: {str(e)[:50]}"")"
MEDIA,REVISAR,Finanzas,remote POS names,/app/backend/modules/finanzas/cuentas_por_pagar.py,997,"""""""Lista proveedores que tienen facturas pendientes - CONECTADO A MPRO"""""""
MEDIA,REVISAR,Finanzas,remote POS names,/app/backend/modules/finanzas/cuentas_por_pagar.py,998,mpro_repo = await get_mpro_repo()
MEDIA,REVISAR,Finanzas,remote POS names,/app/backend/modules/finanzas/cuentas_por_pagar.py,1000,# Usar MPRO como fuente principal
MEDIA,REVISAR,Finanzas,remote POS names,/app/backend/modules/finanzas/cuentas_por_pagar.py,1001,if mpro_repo and not use_demo:
MEDIA,REVISAR,Finanzas,remote POS names,/app/backend/modules/finanzas/cuentas_por_pagar.py,1003,proveedores = await mpro_repo.get_resumen_por_proveedor(sucursal_id=sucursal_id)
MEDIA,REVISAR,Finanzas,remote POS names,/app/backend/modules/finanzas/cuentas_por_pagar.py,1007,"""fuente"": ""MPRO_REAL"","
MEDIA,REVISAR,Finanzas,remote POS names,/app/backend/modules/finanzas/cuentas_por_pagar.py,1020,"logging.error(f""Error obteniendo proveedores CxP de MPRO: {e}"")"
MEDIA,REVISAR,Finanzas,remote POS names,/app/backend/modules/finanzas/cuentas_por_pagar.py,1060,FINANZAS-CXP-MPRO-COMBINE-01 (Dic 2025):
MEDIA,REVISAR,Finanzas,remote POS names,/app/backend/modules/finanzas/cuentas_por_pagar.py,1061,COMBINA SoftRestaurant + ManagementPro (no usa fallback).
MEDIA,REVISAR,Finanzas,remote POS names,/app/backend/modules/finanzas/cuentas_por_pagar.py,1064,"- SoftRestaurant: CIENFUEGOS, LA ESTELAR, 130° MERIDA"
MEDIA,REVISAR,Finanzas,remote POS names,/app/backend/modules/finanzas/cuentas_por_pagar.py,1065,"- ManagementPro: ORIGEN (0023), 130° QRO (0021)"
MEDIA,REVISAR,Finanzas,remote POS names,/app/backend/modules/finanzas/cuentas_por_pagar.py,1068,mpro_repo = await get_mpro_repo()
MEDIA,REVISAR,Finanzas,remote POS names,/app/backend/modules/finanzas/cuentas_por_pagar.py,1074,# 1. Obtener sucursales de SoftRestaurant
MEDIA,REVISAR,Finanzas,remote POS names,/app/backend/modules/finanzas/cuentas_por_pagar.py,1085,"""Sistema"": ""SOFTRESTAURANT"""
MEDIA,REVISAR,Finanzas,remote POS names,/app/backend/modules/finanzas/cuentas_por_pagar.py,1087,"fuentes_activas.append(""SOFTRESTAURANT"")"
MEDIA,REVISAR,Finanzas,remote POS names,/app/backend/modules/finanzas/cuentas_por_pagar.py,1088,"logging.info(f""[CxP Sucursales] SoftRestaurant: {len(resumen_sr)} sucursales"")"
MEDIA,REVISAR,Finanzas,remote POS names,/app/backend/modules/finanzas/cuentas_por_pagar.py,1090,"logging.error(f""[CxP Sucursales] Error SoftRestaurant: {e}"")"
MEDIA,REVISAR,Finanzas,remote POS names,/app/backend/modules/finanzas/cuentas_por_pagar.py,1091,"fuentes_fallidas.append(f""SOFTRESTAURANT: {str(e)[:50]}"")"
MEDIA,REVISAR,Finanzas,remote POS names,/app/backend/modules/finanzas/cuentas_por_pagar.py,1093,# 2. Obtener sucursales de MPRO
MEDIA,REVISAR,Finanzas,remote POS names,/app/backend/modules/finanzas/cuentas_por_pagar.py,1094,if mpro_repo:
MEDIA,REVISAR,Finanzas,remote POS names,/app/backend/modules/finanzas/cuentas_por_pagar.py,1096,resumen_mpro = await mpro_repo.get_resumen_por_sucursal()
MEDIA,REVISAR,Finanzas,remote POS names,/app/backend/modules/finanzas/cuentas_por_pagar.py,1097,if resumen_mpro:
MEDIA,REVISAR,Finanzas,remote POS names,/app/backend/modules/finanzas/cuentas_por_pagar.py,1098,# Mapeo de códigos MPRO a nombres legibles
MEDIA,REVISAR,Finanzas,remote POS names,/app/backend/modules/finanzas/cuentas_por_pagar.py,1099,mpro_nombres = {
MEDIA,REVISAR,Finanzas,remote POS names,/app/backend/modules/finanzas/cuentas_por_pagar.py,1104,'0027': 'CIEN FUEGOS MPRO'
MEDIA,REVISAR,Finanzas,remote POS names,/app/backend/modules/finanzas/cuentas_por_pagar.py,1107,for s in resumen_mpro:
MEDIA,REVISAR,Finanzas,remote POS names,/app/backend/modules/finanzas/cuentas_por_pagar.py,1109,"nombre = mpro_nombres.get(str(suc_id), s.get('SucursalNombre') or f""MPRO {suc_id}"")"
MEDIA,REVISAR,Finanzas,remote POS names,/app/backend/modules/finanzas/cuentas_por_pagar.py,1116,"""Sistema"": ""MANAGEMENTPRO"""
MEDIA,REVISAR,Finanzas,remote POS names,/app/backend/modules/finanzas/cuentas_por_pagar.py,1118,"fuentes_activas.append(""MANAGEMENTPRO"")"
MEDIA,REVISAR,Finanzas,remote POS names,/app/backend/modules/finanzas/cuentas_por_pagar.py,1119,"logging.info(f""[CxP Sucursales] MPRO: {len(resumen_mpro)} sucursales"")"
MEDIA,REVISAR,Finanzas,remote POS names,/app/backend/modules/finanzas/cuentas_por_pagar.py,1121,"logging.error(f""[CxP Sucursales] Error MPRO: {e}"")"
MEDIA,REVISAR,Finanzas,remote POS names,/app/backend/modules/finanzas/cuentas_por_pagar.py,1122,"fuentes_fallidas.append(f""MANAGEMENTPRO: {str(e)[:50]}"")"
MEDIA,REVISAR,Finanzas,remote POS names,/app/backend/modules/finanzas/cuentas_por_pagar.py,1127,from modules.finanzas.repository_mpro import MPRO_SERVER_ID
MEDIA,REVISAR,Finanzas,remote POS names,/app/backend/modules/finanzas/cuentas_por_pagar.py,1128,config = await get_sucursales_visibles_config(MPRO_SERVER_ID)
MEDIA,REVISAR,Finanzas,remote POS names,/app/backend/modules/finanzas/cuentas_por_pagar.py,1163,"factura_id: str,  # Cambiado a str para soportar IDs compuestos (ej: ""MPRO_12345"", ""CIENFUEGOS_xxx"")"
MEDIA,REVISAR,Finanzas,remote POS names,/app/backend/modules/finanzas/cuentas_por_pagar.py,1169,"Soporta IDs numéricos (legacy), MPRO_xxx, y SUCURSAL_xxx (SoftRestaurant)."
MEDIA,REVISAR,Finanzas,remote POS names,/app/backend/modules/finanzas/cuentas_por_pagar.py,1181,"if factura_id_decoded.startswith(""MPRO_""):"
MEDIA,REVISAR,Finanzas,remote POS names,/app/backend/modules/finanzas/cuentas_por_pagar.py,1182,# ID compuesto de MPRO
MEDIA,REVISAR,Finanzas,remote POS names,/app/backend/modules/finanzas/cuentas_por_pagar.py,1183,"logging.info(f""[CxP] Factura MPRO {factura_id_decoded} - Decisión: {data.decision_pago}"")"
MEDIA,REVISAR,Finanzas,remote POS names,/app/backend/modules/finanzas/cuentas_por_pagar.py,1199,"""fuente"": ""MPRO"","
MEDIA,REVISAR,Finanzas,remote POS names,/app/backend/modules/finanzas/cuentas_por_pagar.py,1200,"""mensaje"": ""Decisión registrada (persistencia MPRO pendiente)"""
MEDIA,REVISAR_POSIBLE_LIVE,Finanzas,direct host ddns,/app/backend/modules/finanzas/cuentas_por_pagar.py,1203,"# ID compuesto de SoftRestaurant (CIENFUEGOS_xxx, ESTELAR_xxx, 130MID_xxx)"
MEDIA,REVISAR,Finanzas,remote POS names,/app/backend/modules/finanzas/cuentas_por_pagar.py,1203,"# ID compuesto de SoftRestaurant (CIENFUEGOS_xxx, ESTELAR_xxx, 130MID_xxx)"
MEDIA,REVISAR_POSIBLE_LIVE,Finanzas,direct host ddns,/app/backend/modules/finanzas/cuentas_por_pagar.py,1204,"softrest_prefixes = ['CIENFUEGOS_', 'ESTELAR_', '130MID_']"
MEDIA,REVISAR,Finanzas,remote POS names,/app/backend/modules/finanzas/cuentas_por_pagar.py,1208,"logging.info(f""[CxP] Factura SoftRestaurant {factura_id_decoded} - Decisión: {data.decision_pago}"")"
MEDIA,REVISAR,Finanzas,remote POS names,/app/backend/modules/finanzas/cuentas_por_pagar.py,1217,motivo='Marcar/desmarcar factura SoftRestaurant para pago'
MEDIA,REVISAR,Finanzas,remote POS names,/app/backend/modules/finanzas/cuentas_por_pagar.py,1224,"""fuente"": ""SOFTRESTAURANT"","
MEDIA,REVISAR,Finanzas,remote POS names,/app/backend/modules/finanzas/cuentas_por_pagar.py,1225,"""mensaje"": ""Decisión registrada (persistencia SoftRestaurant pendiente)"""
MEDIA,REVISAR,Finanzas,remote POS names,/app/backend/modules/finanzas/cuentas_por_pagar.py,1278,# Comparar como string para soportar IDs compuestos de SoftRestaurant
MEDIA,REVISAR,Finanzas,remote POS names,/app/backend/modules/finanzas/health.py,6,"1. Conectividad a servidores SQL (SoftRestaurant, MPRO)"
MEDIA,REVISAR,Finanzas,remote POS names,/app/backend/modules/finanzas/health.py,30,"""Tesorería"": [],  # Usa datos de SoftRestaurant/MPRO directamente"
MEDIA,REVISAR,Finanzas,remote POS names,/app/backend/modules/finanzas/health.py,38,"""SOFTRESTAURANT"": ""SELECT TOP 1 idcheque FROM cheques"","
MEDIA,REVISAR,Finanzas,remote POS names,/app/backend/modules/finanzas/health.py,39,"""MANAGEMENTPRO"": ""SELECT TOP 1 id_venta FROM Venta_Encabezado"""
MEDIA,REVISAR_POSIBLE_LIVE,Finanzas,execute_sql_query,/app/backend/modules/finanzas/health.py,62,existing = execute_sql_query(
MEDIA,REVISAR_POSIBLE_LIVE,Finanzas,execute_sql_query,/app/backend/modules/finanzas/health.py,150,test_result = execute_sql_query(
MEDIA,REVISAR,Finanzas,remote POS names,/app/backend/modules/finanzas/health.py,193,"- Conectividad a servidores de datos (SoftRestaurant, MPRO)"
MEDIA,REVISAR,Finanzas,remote POS names,/app/backend/modules/finanzas/health.py,270,"and s.get('system_type_normalized', s.get('system_type', '')).upper() in ['SOFTRESTAURANT', 'SR', 'MANAGEMENTPRO', 'MPRO']"
MEDIA,REVISAR,Finanzas,remote POS names,/app/backend/modules/finanzas/ingresos.py,10,- NO depende de conexiones en vivo a SoftRestaurant/MPRO
MEDIA,REVISAR,Finanzas,remote POS names,/app/backend/modules/finanzas/ingresos.py,336,- NO depende de conexiones en vivo a SoftRestaurant/MPRO
MEDIA,REVISAR_POSIBLE_LIVE,Finanzas,execute_sql_query,/app/backend/modules/finanzas/repository_bancarios.py,50,result = execute_sql_query(
MEDIA,REVISAR,Finanzas,remote POS names,/app/backend/modules/finanzas/repository_cortes_z.py,2,Repositorio para obtener Cortes Z de SoftRestaurant y MPRO
MEDIA,REVISAR_POSIBLE_LIVE,Finanzas,execute_sql_query,/app/backend/modules/finanzas/repository_cortes_z.py,96,results = execute_sql_query(
MEDIA,REVISAR,Finanzas,remote POS names,/app/backend/modules/finanzas/repository_cortes_z.py,157,Detecta automáticamente si es SoftRestaurant o MPRO.
MEDIA,REVISAR,Finanzas,remote POS names,/app/backend/modules/finanzas/repository_cortes_z.py,182,"if system_type in ['SOFTRESTAURANT', 'SR']:"
MEDIA,REVISAR,Finanzas,remote POS names,/app/backend/modules/finanzas/repository_cortes_z.py,186,"elif system_type in ['MANAGEMENTPRO', 'MPRO']:"
MEDIA,REVISAR,Finanzas,remote POS names,/app/backend/modules/finanzas/repository_cortes_z.py,187,return await self._get_cortes_mpro_by_server(
MEDIA,REVISAR,Finanzas,remote POS names,/app/backend/modules/finanzas/repository_cortes_z.py,206,"""""""Obtiene Cortes Z de un servidor SoftRestaurant."""""""
MEDIA,REVISAR,Finanzas,remote POS names,/app/backend/modules/finanzas/repository_cortes_z.py,276,"'fuente': 'SOFTRESTAURANT',"
MEDIA,REVISAR,Finanzas,remote POS names,/app/backend/modules/finanzas/repository_cortes_z.py,295,"source_type=""SOFTRESTAURANT"","
MEDIA,REVISAR,Finanzas,remote POS names,/app/backend/modules/finanzas/repository_cortes_z.py,301,"source_type=""SOFTRESTAURANT"","
MEDIA,REVISAR,Finanzas,remote POS names,/app/backend/modules/finanzas/repository_cortes_z.py,318,Obtiene Cortes Z de un servidor MPRO.
MEDIA,REVISAR,Finanzas,remote POS names,/app/backend/modules/finanzas/repository_cortes_z.py,374,"'fuente': 'MPRO',"
MEDIA,REVISAR,Finanzas,remote POS names,/app/backend/modules/finanzas/repository_cortes_z.py,393,"source_type=""MPRO"","
MEDIA,REVISAR,Finanzas,remote POS names,/app/backend/modules/finanzas/repository_cortes_z.py,399,"source_type=""MPRO"","
MEDIA,REVISAR,Finanzas,remote POS names,/app/backend/modules/finanzas/repository_cortes_z.py,496,"self.logger.warning(f""Uso de método legacy get_cortes_z_softrestaurant con nombre '{server_name}'. Migrar a get_cortes_z_by_server_id."")"
MEDIA,REVISAR,Finanzas,remote POS names,/app/backend/modules/finanzas/repository_cortes_z.py,518,LEGACY: Obtiene Cortes Z de MPRO usando nombre de servidor.
MEDIA,REVISAR,Finanzas,remote POS names,/app/backend/modules/finanzas/repository_cortes_z.py,521,"self.logger.warning(f""Uso de método legacy get_cortes_z_mpro con nombre '{server_name}'. Migrar a get_cortes_z_by_server_id."")"
MEDIA,REVISAR,Finanzas,remote POS names,/app/backend/modules/finanzas/repository_cortes_z.py,526,"self.logger.error(f""No se encontró servidor MPRO con nombre '{server_name}'"")"
MEDIA,REVISAR,Finanzas,remote POS names,/app/backend/modules/finanzas/repository_cortes_z.py,617,# Solo incluir SoftRestaurant y MPRO
MEDIA,REVISAR,Finanzas,remote POS names,/app/backend/modules/finanzas/repository_cortes_z.py,618,"if tipo != 'CORE' and system_type in ['SOFTRESTAURANT', 'SR', 'MANAGEMENTPRO', 'MPRO']:"
MEDIA,REVISAR_POSIBLE_LIVE,Finanzas,pymssql.connect,/app/backend/modules/finanzas/repository_cuadres_z_edarsahub.py,37,"return pymssql.connect(**config, login_timeout=30)"
MEDIA,REVISAR,Finanzas,remote POS names,/app/backend/modules/finanzas/repository_ingresos_edarsahub.py,8,NO depende de conexiones en vivo a SoftRestaurant/MPRO.
MEDIA,REVISAR_POSIBLE_LIVE,Finanzas,pymssql.connect,/app/backend/modules/finanzas/repository_ingresos_edarsahub.py,45,return pymssql.connect(
MEDIA,REVISAR,Finanzas,remote POS names,/app/backend/modules/finanzas/repository_ingresos_edarsahub.py,156,"sistema_origen: 'SoftRestaurant', 'MPRO', None = todos"
MEDIA,REVISAR,Finanzas,remote POS names,/app/backend/modules/finanzas/repository_mpro.py,2,EDARSA HUB - Finanzas Repository (MPRO - CENTRAL2020)
MEDIA,REVISAR,Finanzas,remote POS names,/app/backend/modules/finanzas/repository_mpro.py,4,Repositorio para acceso a datos REALES de Cuentas por Pagar desde MPRO.
MEDIA,REVISAR,Finanzas,remote POS names,/app/backend/modules/finanzas/repository_mpro.py,11,ABRIL 2026: Conexión a datos reales de MPRO CENTRAL2020
MEDIA,REVISAR,Finanzas,remote POS names,/app/backend/modules/finanzas/repository_mpro.py,12,DICIEMBRE 2026: FINANZAS-CXP-MPRO-COMBINE-01 - Migrado a subprocess para evitar encoding issues
MEDIA,REVISAR,Finanzas,remote POS names,/app/backend/modules/finanzas/repository_mpro.py,13,DICIEMBRE 2026: FINANZAS-CXP-MPRO-CREDENTIALS-SECURITY-01:
MEDIA,REVISAR,Finanzas,remote POS names,/app/backend/modules/finanzas/repository_mpro.py,25,# ID del servidor MPRO
MEDIA,REVISAR,Finanzas,remote POS names,/app/backend/modules/finanzas/repository_mpro.py,26,"MPRO_SERVER_ID = ""1b230a06-ffaf-4c70-bd27-b1be3579dea6"""
MEDIA,REVISAR,Finanzas,remote POS names,/app/backend/modules/finanzas/repository_mpro.py,29,class FinanzasRepositoryMPRO:
MEDIA,REVISAR,Finanzas,remote POS names,/app/backend/modules/finanzas/repository_mpro.py,31,Repositorio para acceso a datos REALES de Cuentas por Pagar desde MPRO.
MEDIA,REVISAR,Finanzas,remote POS names,/app/backend/modules/finanzas/repository_mpro.py,47,Obtiene credenciales del servidor MPRO desde server_registry.py.
MEDIA,REVISAR,Finanzas,remote POS names,/app/backend/modules/finanzas/repository_mpro.py,60,"server_id=MPRO_SERVER_ID,"
MEDIA,REVISAR,Finanzas,remote POS names,/app/backend/modules/finanzas/repository_mpro.py,68,"logging.error(""[FinanzasRepoMPRO] Servidor MPRO no encontrado en registry"")"
MEDIA,REVISAR,Finanzas,remote POS names,/app/backend/modules/finanzas/repository_mpro.py,78,"logging.info(f""[FinanzasRepoMPRO] Credenciales obtenidas desde {credentials['config_origin']}"")"
MEDIA,REVISAR,Finanzas,remote POS names,/app/backend/modules/finanzas/repository_mpro.py,83,"logging.error(f""[FinanzasRepoMPRO] Error obteniendo credenciales: {type(e).__name__}"")"
MEDIA,REVISAR,Finanzas,remote POS names,/app/backend/modules/finanzas/repository_mpro.py,88,Ejecuta una query en MPRO usando subprocess seguro.
MEDIA,REVISAR,Finanzas,remote POS names,/app/backend/modules/finanzas/repository_mpro.py,111,"logging.error(f""[FinanzasRepoMPRO] Error subprocess: {result.get('error_type', 'UNKNOWN')}"")"
MEDIA,REVISAR,Finanzas,remote POS names,/app/backend/modules/finanzas/repository_mpro.py,114,"logging.error(f""[FinanzasRepoMPRO] Error ejecutando query: {type(e).__name__}"")"
MEDIA,REVISAR,Finanzas,remote POS names,/app/backend/modules/finanzas/repository_mpro.py,118,"""""""Obtiene las sucursales de MPRO"""""""
MEDIA,REVISAR,Finanzas,remote POS names,/app/backend/modules/finanzas/repository_mpro.py,137,Obtiene cuentas por pagar desde MPRO.
MEDIA,REVISAR,Finanzas,remote POS names,/app/backend/modules/finanzas/repository_mpro.py,164,# ABRIL 2026 CORRECCIÓN DEFINITIVA - MAPEO CAMPOS MPRO (según usuario):
MEDIA,REVISAR,Finanzas,remote POS names,/app/backend/modules/finanzas/repository_mpro.py,173,# CLASIFICACIÓN MPRO por Grupo_Proveedor:
MEDIA,REVISAR_POSIBLE_LIVE,Finanzas,execute_sql_query,/app/backend/modules/finanzas/repository_real.py,94,results = execute_sql_query(
MEDIA,REVISAR,Finanzas,remote POS names,/app/backend/modules/finanzas/repository_softrestaurant.py,2,EDARSA HUB - Finanzas Repository (SoftRestaurant Multi-Sucursal)
MEDIA,REVISAR,Finanzas,remote POS names,/app/backend/modules/finanzas/repository_softrestaurant.py,5,servidores SoftRestaurant de cada sucursal.
MEDIA,REVISAR_POSIBLE_LIVE,Finanzas,direct host ddns,/app/backend/modules/finanzas/repository_softrestaurant.py,8,- CIENFUEGOS: servercienfuegos.ddns.net:6669 / softrestaurant95pro (Vista: AC_vwSaldoCxp)
MEDIA,REVISAR,Finanzas,remote POS names,/app/backend/modules/finanzas/repository_softrestaurant.py,8,- CIENFUEGOS: servercienfuegos.ddns.net:6669 / softrestaurant95pro (Vista: AC_vwSaldoCxp)
MEDIA,REVISAR_POSIBLE_LIVE,Finanzas,direct host ddns,/app/backend/modules/finanzas/repository_softrestaurant.py,9,- LA ESTELAR: serverestelar.ddns.net:6969 / softrestaurant12 (Vista: AC_vwSaldoCxp)
MEDIA,REVISAR,Finanzas,remote POS names,/app/backend/modules/finanzas/repository_softrestaurant.py,9,- LA ESTELAR: serverestelar.ddns.net:6969 / softrestaurant12 (Vista: AC_vwSaldoCxp)
MEDIA,REVISAR_POSIBLE_LIVE,Finanzas,direct host ddns,/app/backend/modules/finanzas/repository_softrestaurant.py,10,- 130° MERIDA: 130mid.ddns.net:1433 / softrestaurant10 (Vista: vwSaldoCxp)
MEDIA,REVISAR,Finanzas,remote POS names,/app/backend/modules/finanzas/repository_softrestaurant.py,10,- 130° MERIDA: 130mid.ddns.net:1433 / softrestaurant10 (Vista: vwSaldoCxp)
MEDIA,REVISAR,Finanzas,remote POS names,/app/backend/modules/finanzas/repository_softrestaurant.py,19,ABRIL 2026: Conexión directa a SoftRestaurant de cada sucursal
MEDIA,REVISAR,Finanzas,remote POS names,/app/backend/modules/finanzas/repository_softrestaurant.py,31,# Configuración de servidores SoftRestaurant (desde menú de servidores)
MEDIA,REVISAR,Finanzas,remote POS names,/app/backend/modules/finanzas/repository_softrestaurant.py,32,SOFTRESTAURANT_SERVERS = {
MEDIA,REVISAR_POSIBLE_LIVE,Finanzas,direct host ddns,/app/backend/modules/finanzas/repository_softrestaurant.py,36,"""host"": ""servercienfuegos.ddns.net"","
MEDIA,REVISAR,Finanzas,remote POS names,/app/backend/modules/finanzas/repository_softrestaurant.py,38,"""database"": ""softrestaurant95pro"","
MEDIA,REVISAR_POSIBLE_LIVE,Finanzas,direct host ddns,/app/backend/modules/finanzas/repository_softrestaurant.py,46,"""host"": ""serverestelar.ddns.net"","
MEDIA,REVISAR,Finanzas,remote POS names,/app/backend/modules/finanzas/repository_softrestaurant.py,48,"""database"": ""softrestaurant12"","
MEDIA,REVISAR_POSIBLE_LIVE,Finanzas,direct host ddns,/app/backend/modules/finanzas/repository_softrestaurant.py,53,"""130MID"": {"
MEDIA,REVISAR_POSIBLE_LIVE,Finanzas,direct host ddns,/app/backend/modules/finanzas/repository_softrestaurant.py,56,"""host"": ""130mid.ddns.net"","
MEDIA,REVISAR,Finanzas,remote POS names,/app/backend/modules/finanzas/repository_softrestaurant.py,58,"""database"": ""softrestaurant10"","
MEDIA,REVISAR,Finanzas,remote POS names,/app/backend/modules/finanzas/repository_softrestaurant.py,156,class FinanzasRepositorySoftRestaurant:
MEDIA,REVISAR,Finanzas,remote POS names,/app/backend/modules/finanzas/repository_softrestaurant.py,158,Repositorio para acceso a datos REALES de CxP desde SoftRestaurant.
MEDIA,REVISAR_POSIBLE_LIVE,Finanzas,direct host ddns,/app/backend/modules/finanzas/repository_softrestaurant.py,176,"'130MID': '130MID',"
MEDIA,REVISAR_POSIBLE_LIVE,Finanzas,direct host ddns,/app/backend/modules/finanzas/repository_softrestaurant.py,177,"'130 MERIDA': '130MID',"
MEDIA,REVISAR_POSIBLE_LIVE,Finanzas,direct host ddns,/app/backend/modules/finanzas/repository_softrestaurant.py,178,"'130° MERIDA': '130MID',"
MEDIA,REVISAR_POSIBLE_LIVE,Finanzas,direct host ddns,/app/backend/modules/finanzas/repository_softrestaurant.py,179,"'130_MERIDA': '130MID',"
MEDIA,REVISAR_POSIBLE_LIVE,Finanzas,direct host ddns,/app/backend/modules/finanzas/repository_softrestaurant.py,180,"'130M': '130MID',"
MEDIA,REVISAR_POSIBLE_LIVE,Finanzas,direct host ddns,/app/backend/modules/finanzas/repository_softrestaurant.py,181,"'MERIDA': '130MID',"
MEDIA,REVISAR,Finanzas,remote POS names,/app/backend/modules/finanzas/repository_softrestaurant.py,205,return list(SOFTRESTAURANT_SERVERS.keys())
MEDIA,REVISAR,Finanzas,remote POS names,/app/backend/modules/finanzas/repository_softrestaurant.py,210,if sucursal_upper in SOFTRESTAURANT_SERVERS:
MEDIA,REVISAR,Finanzas,remote POS names,/app/backend/modules/finanzas/repository_softrestaurant.py,218,"for key, srv in SOFTRESTAURANT_SERVERS.items():"
MEDIA,REVISAR,Finanzas,remote POS names,/app/backend/modules/finanzas/repository_softrestaurant.py,229,"for key, srv in SOFTRESTAURANT_SERVERS.items():"
MEDIA,REVISAR,Finanzas,remote POS names,/app/backend/modules/finanzas/repository_softrestaurant.py,237,"# 5. Si parece un UUID, no matchea ninguna sucursal SoftRestaurant"
MEDIA,REVISAR,Finanzas,remote POS names,/app/backend/modules/finanzas/repository_softrestaurant.py,239,"logging.warning(f""[SoftRestaurant] sucursal_id parece UUID, no es sucursal SR: {sucursal_id}"")"
MEDIA,REVISAR,Finanzas,remote POS names,/app/backend/modules/finanzas/repository_softrestaurant.py,240,"return []  # Retornar vacío, no es una sucursal SoftRestaurant"
MEDIA,REVISAR,Finanzas,remote POS names,/app/backend/modules/finanzas/repository_softrestaurant.py,244,return list(SOFTRESTAURANT_SERVERS.keys())
MEDIA,REVISAR,Finanzas,remote POS names,/app/backend/modules/finanzas/repository_softrestaurant.py,251,if server_key not in SOFTRESTAURANT_SERVERS:
MEDIA,REVISAR,Finanzas,remote POS names,/app/backend/modules/finanzas/repository_softrestaurant.py,252,"logging.error(f""[SoftRestaurant] Servidor desconocido: {server_key}"")"
MEDIA,REVISAR,Finanzas,remote POS names,/app/backend/modules/finanzas/repository_softrestaurant.py,255,srv = SOFTRESTAURANT_SERVERS[server_key]
MEDIA,REVISAR,Finanzas,remote POS names,/app/backend/modules/finanzas/repository_softrestaurant.py,257,"logging.info(f""[SoftRestaurant] Ejecutando query en {server_key} via subprocess..."")"
MEDIA,REVISAR,Finanzas,remote POS names,/app/backend/modules/finanzas/repository_softrestaurant.py,269,"logging.warning(f""[SoftRestaurant] *** FIN SUBPROCESS para {server_key}: success={result.get('success')}, count={result.get('count', 0)} ***"")"
MEDIA,REVISAR,Finanzas,remote POS names,/app/backend/modules/finanzas/repository_softrestaurant.py,272,"logging.info(f""[SoftRestaurant] Query exitosa en {server_key}: {result.get('count', 0)} registros"")"
MEDIA,REVISAR,Finanzas,remote POS names,/app/backend/modules/finanzas/repository_softrestaurant.py,275,"logging.error(f""[SoftRestaurant] Error en query {server_key}: {result.get('error')}"")"
MEDIA,REVISAR,Finanzas,remote POS names,/app/backend/modules/finanzas/repository_softrestaurant.py,283,"logging.warning(f""[SoftRestaurant] _get_connection está deprecado, usar _execute_query_subprocess"")"
MEDIA,REVISAR,Finanzas,remote POS names,/app/backend/modules/finanzas/repository_softrestaurant.py,297,"for key, srv in SOFTRESTAURANT_SERVERS.items():"
MEDIA,REVISAR,Finanzas,remote POS names,/app/backend/modules/finanzas/repository_softrestaurant.py,312,Obtiene cuentas por pagar desde SoftRestaurant.
MEDIA,REVISAR,Finanzas,remote POS names,/app/backend/modules/finanzas/repository_softrestaurant.py,332,"logging.info(f""[SoftRestaurant] get_cuentas_por_pagar: sucursal_id={sucursal_id}, target_servers={target_servers}"")"
MEDIA,REVISAR,Finanzas,remote POS names,/app/backend/modules/finanzas/repository_softrestaurant.py,335,"logging.info(f""[SoftRestaurant] No hay target servers, retornando vacío"")"
MEDIA,REVISAR,Finanzas,remote POS names,/app/backend/modules/finanzas/repository_softrestaurant.py,339,srv = SOFTRESTAURANT_SERVERS.get(server_key)
MEDIA,REVISAR,Finanzas,remote POS names,/app/backend/modules/finanzas/repository_softrestaurant.py,343,"logging.warning(f""[SoftRestaurant] *** INICIO SUBPROCESS para {server_key} ***"")"
MEDIA,REVISAR,Finanzas,remote POS names,/app/backend/modules/finanzas/repository_softrestaurant.py,350,# SoftRestaurant marca compras como cancelado=1 cuando están cerradas/históricas
MEDIA,REVISAR,Finanzas,remote POS names,/app/backend/modules/finanzas/repository_softrestaurant.py,379,"logging.warning(f""[SoftRestaurant] Sin compras con saldo para {server_key}"")"
MEDIA,REVISAR,Finanzas,remote POS names,/app/backend/modules/finanzas/repository_softrestaurant.py,382,"logging.info(f""[SoftRestaurant] {server_key}: {len(results_compras)} documentos con saldo > 0"")"
MEDIA,REVISAR,Finanzas,remote POS names,/app/backend/modules/finanzas/repository_softrestaurant.py,546,"for server_key, srv in SOFTRESTAURANT_SERVERS.items():"
MEDIA,REVISAR,Finanzas,remote POS names,/app/backend/modules/finanzas/sql_subprocess_helper.py,9,DICIEMBRE 2026 - FINANZAS-CXP-MPRO-CREDENTIALS-SECURITY-01:
MEDIA,REVISAR,Finanzas,remote POS names,/app/backend/modules/finanzas/tesoreria.py,752,"- system_type in ['SOFTRESTAURANT', 'SR', 'MANAGEMENTPRO', 'MPRO']"
MEDIA,REVISAR_POSIBLE_LIVE,Finanzas,execute_sql_query,/app/backend/modules/finanzas/tesoreria.py,782,results = execute_sql_query(
MEDIA,REVISAR,Finanzas,remote POS names,/app/backend/modules/finanzas/tesoreria.py,797,# Solo incluir sistemas de Tesorería (SoftRestaurant y MPRO)
MEDIA,REVISAR,Finanzas,remote POS names,/app/backend/modules/finanzas/tesoreria.py,798,"if system_type not in ['SOFTRESTAURANT', 'SR', 'MANAGEMENTPRO', 'MPRO']:"
MEDIA,REVISAR,Finanzas,remote POS names,/app/backend/modules/finanzas/tesoreria.py,802,"if system_type in ['SOFTRESTAURANT', 'SR']:"
MEDIA,REVISAR,Finanzas,remote POS names,/app/backend/modules/finanzas/tesoreria.py,803,fuente = 'SOFTRESTAURANT'
MEDIA,REVISAR,Finanzas,remote POS names,/app/backend/modules/finanzas/tesoreria.py,804,"elif system_type in ['MANAGEMENTPRO', 'MPRO']:"
MEDIA,REVISAR,Finanzas,remote POS names,/app/backend/modules/finanzas/tesoreria.py,805,fuente = 'MPRO'
MEDIA,REVISAR,Finanzas,remote POS names,/app/backend/modules/finanzas/tesoreria.py,843,# Solo incluir sistemas de Tesorería (SoftRestaurant y MPRO)
MEDIA,REVISAR,Finanzas,remote POS names,/app/backend/modules/finanzas/tesoreria.py,844,"if system_type not in ['SOFTRESTAURANT', 'SR', 'MANAGEMENTPRO', 'MPRO']:"
MEDIA,REVISAR,Finanzas,remote POS names,/app/backend/modules/finanzas/tesoreria.py,847,"if system_type in ['SOFTRESTAURANT', 'SR']:"
MEDIA,REVISAR,Finanzas,remote POS names,/app/backend/modules/finanzas/tesoreria.py,848,fuente = 'SOFTRESTAURANT'
MEDIA,REVISAR,Finanzas,remote POS names,/app/backend/modules/finanzas/tesoreria.py,849,"elif system_type in ['MANAGEMENTPRO', 'MPRO']:"
MEDIA,REVISAR,Finanzas,remote POS names,/app/backend/modules/finanzas/tesoreria.py,850,fuente = 'MPRO'
MEDIA,REVISAR,Finanzas,remote POS names,/app/backend/modules/finanzas/tesoreria_models.py,88,fuente: str  # SOFTRESTAURANT o MPRO
MEDIA,REVISAR_POSIBLE_LIVE,Finanzas,pymssql.connect,/app/backend/modules/finanzas/test_conn_cienfuegos.py,103,return pymssql.connect(
MEDIA,REVISAR_POSIBLE_LIVE,Finanzas,pymssql.connect,/app/backend/modules/finanzas/test_conn_cienfuegos.py,442,conn = pymssql.connect(
MEDIA,REVISAR_POSIBLE_LIVE,Finanzas,pytds.connect,/app/backend/modules/finanzas/test_conn_cienfuegos.py,536,conn = pytds.connect(
MEDIA,REVISAR_POSIBLE_LIVE,Finanzas,pymssql.connect,/app/backend/modules/finanzas/test_conn_cienfuegos.py,611,conn = pymssql.connect(
MEDIA,REVISAR_POSIBLE_LIVE,Finanzas,pymssql.connect,/app/backend/modules/finanzas/test_conn_cienfuegos.py,679,conn = pymssql.connect(
MEDIA,REVISAR_POSIBLE_LIVE,Finanzas,pymssql.connect,/app/backend/modules/finanzas/test_conn_cienfuegos.py,753,conn = pymssql.connect(
MEDIA,REVISAR_POSIBLE_LIVE,Finanzas,pymssql.connect,/app/backend/modules/finanzas/test_conn_cienfuegos.py,821,conn = pymssql.connect(
MEDIA,REVISAR_POSIBLE_LIVE,Finanzas,pymssql.connect,/app/backend/modules/finanzas/test_conn_cienfuegos.py,892,conn = pymssql.connect(
MEDIA,REVISAR,Finanzas,remote POS names,/app/backend/modules/finanzas/test_conn_cienfuegos.py,978,AND SistemaOrigen = 'SoftRestaurant'
MEDIA,REVISAR,Finanzas,remote POS names,/app/backend/modules/finanzas/test_conn_cienfuegos.py,994,AND SistemaOrigen = 'SoftRestaurant'
MEDIA,REVISAR,Finanzas,remote POS names,/app/backend/modules/finanzas/test_conn_cienfuegos.py,1063,"'sistema_origen': 'SoftRestaurant',"
MEDIA,REVISAR,Finanzas / Propinas TPV,remote POS names,/app/backend/modules/finanzas/carga_historica_propinas_tpv.py,8,- SoftRestaurant: cheques.propinatarjeta
MEDIA,REVISAR,Finanzas / Propinas TPV,remote POS names,/app/backend/modules/finanzas/carga_historica_propinas_tpv.py,9,- MPRO: Comanda_Pago.Cp_Propina WHERE Forma_Pago.Fp_Tipo = '04'
MEDIA,REVISAR,Finanzas / Propinas TPV,remote POS names,/app/backend/modules/finanzas/carga_historica_propinas_tpv.py,53,"UNIDADES_SOFTRESTAURANT = ['130° MERIDA', 'CIENFUEGOS', 'LA ESTELAR']"
MEDIA,REVISAR,Finanzas / Propinas TPV,remote POS names,/app/backend/modules/finanzas/carga_historica_propinas_tpv.py,54,"UNIDADES_MPRO = ['130° QUERETARO', 'ORIGEN']"
MEDIA,REVISAR,Finanzas / Propinas TPV,remote POS names,/app/backend/modules/finanzas/carga_historica_propinas_tpv.py,98,Ejecuta carga histórica para una unidad SoftRestaurant.
MEDIA,REVISAR,Finanzas / Propinas TPV,remote POS names,/app/backend/modules/finanzas/carga_historica_propinas_tpv.py,120,"'sistema': 'SoftRestaurant',"
MEDIA,REVISAR,Finanzas / Propinas TPV,remote POS names,/app/backend/modules/finanzas/carga_historica_propinas_tpv.py,223,def ejecutar_carga_historica_unidad_mpro(
MEDIA,REVISAR,Finanzas / Propinas TPV,remote POS names,/app/backend/modules/finanzas/carga_historica_propinas_tpv.py,229,Ejecuta carga histórica para una unidad MPRO.
MEDIA,REVISAR,Finanzas / Propinas TPV,remote POS names,/app/backend/modules/finanzas/carga_historica_propinas_tpv.py,241,"logger.info(f""[CARGA_HISTORICA] Iniciando carga histórica MPRO: {unidad_nombre}"")"
MEDIA,REVISAR,Finanzas / Propinas TPV,remote POS names,/app/backend/modules/finanzas/carga_historica_propinas_tpv.py,250,"'sistema': 'MPRO',"
MEDIA,REVISAR,Finanzas / Propinas TPV,remote POS names,/app/backend/modules/finanzas/carga_historica_propinas_tpv.py,390,'SoftRestaurant': {
MEDIA,REVISAR,Finanzas / Propinas TPV,remote POS names,/app/backend/modules/finanzas/carga_historica_propinas_tpv.py,396,'MPRO': {
MEDIA,REVISAR,Finanzas / Propinas TPV,remote POS names,/app/backend/modules/finanzas/carga_historica_propinas_tpv.py,407,# Procesar SoftRestaurant
MEDIA,REVISAR,Finanzas / Propinas TPV,remote POS names,/app/backend/modules/finanzas/carga_historica_propinas_tpv.py,408,for unidad in UNIDADES_SOFTRESTAURANT:
MEDIA,REVISAR,Finanzas / Propinas TPV,remote POS names,/app/backend/modules/finanzas/carga_historica_propinas_tpv.py,428,resultado['por_sistema']['SoftRestaurant']['unidades'] += 1
MEDIA,REVISAR,Finanzas / Propinas TPV,remote POS names,/app/backend/modules/finanzas/carga_historica_propinas_tpv.py,429,"resultado['por_sistema']['SoftRestaurant']['registros'] += res.get('total_registros_origen', 0)"
MEDIA,REVISAR,Finanzas / Propinas TPV,remote POS names,/app/backend/modules/finanzas/carga_historica_propinas_tpv.py,430,"resultado['por_sistema']['SoftRestaurant']['insertados'] += res.get('total_insertados', 0)"
MEDIA,REVISAR,Finanzas / Propinas TPV,remote POS names,/app/backend/modules/finanzas/carga_historica_propinas_tpv.py,431,"resultado['por_sistema']['SoftRestaurant']['propinas'] += res.get('total_propinas_origen', 0)"
MEDIA,REVISAR,Finanzas / Propinas TPV,remote POS names,/app/backend/modules/finanzas/carga_historica_propinas_tpv.py,438,# Procesar MPRO
MEDIA,REVISAR,Finanzas / Propinas TPV,remote POS names,/app/backend/modules/finanzas/carga_historica_propinas_tpv.py,439,for unidad in UNIDADES_MPRO:
MEDIA,REVISAR,Finanzas / Propinas TPV,remote POS names,/app/backend/modules/finanzas/carga_historica_propinas_tpv.py,441,"res = ejecutar_carga_historica_unidad_mpro(unidad, meses_atras)"
MEDIA,REVISAR,Finanzas / Propinas TPV,remote POS names,/app/backend/modules/finanzas/carga_historica_propinas_tpv.py,459,resultado['por_sistema']['MPRO']['unidades'] += 1
MEDIA,REVISAR,Finanzas / Propinas TPV,remote POS names,/app/backend/modules/finanzas/carga_historica_propinas_tpv.py,460,"resultado['por_sistema']['MPRO']['registros'] += res.get('total_registros_origen', 0)"
MEDIA,REVISAR,Finanzas / Propinas TPV,remote POS names,/app/backend/modules/finanzas/carga_historica_propinas_tpv.py,461,"resultado['por_sistema']['MPRO']['insertados'] += res.get('total_insertados', 0)"
MEDIA,REVISAR,Finanzas / Propinas TPV,remote POS names,/app/backend/modules/finanzas/carga_historica_propinas_tpv.py,462,"resultado['por_sistema']['MPRO']['propinas'] += res.get('total_propinas_origen', 0)"
MEDIA,REVISAR,Finanzas / Propinas TPV,remote POS names,/app/backend/modules/finanzas/carga_historica_propinas_tpv.py,499,"'ejecutar_carga_historica_unidad_mpro',"
MEDIA,REVISAR,Finanzas / Propinas TPV,remote POS names,/app/backend/modules/finanzas/propinas_tpv/__init__.py,2,# FASE 1 MVP - Solo SoftRestaurant
MEDIA,REVISAR,Finanzas / Propinas TPV,remote POS names,/app/backend/modules/finanzas/propinas_tpv/__init__.py,13,# - La Estelar (SoftRestaurant)
MEDIA,REVISAR,Finanzas / Propinas TPV,remote POS names,/app/backend/modules/finanzas/propinas_tpv/__init__.py,14,# - Cienfuegos (SoftRestaurant)
MEDIA,REVISAR,Finanzas / Propinas TPV,remote POS names,/app/backend/modules/finanzas/propinas_tpv/__init__.py,15,# - 130 Mérida (SoftRestaurant)
MEDIA,REVISAR,Finanzas / Propinas TPV,remote POS names,/app/backend/modules/finanzas/propinas_tpv/__init__.py,18,# - MPRO (pendiente para fase posterior)
MEDIA,REVISAR,Finanzas / Propinas TPV,remote POS names,/app/backend/modules/finanzas/propinas_tpv/models.py,3,FASE 1 MVP - Solo SoftRestaurant
MEDIA,REVISAR,Finanzas / Propinas TPV,remote POS names,/app/backend/modules/finanzas/propinas_tpv/models.py,188,formas_pago_tpv_softrestaurant: FormasPagoTPV = Field(default_factory=FormasPagoTPV)
MEDIA,REVISAR,Finanzas / Propinas TPV,remote POS names,/app/backend/modules/finanzas/propinas_tpv/repository.py,3,FASE 1 MVP - Solo SoftRestaurant
MEDIA,REVISAR,Finanzas / Propinas TPV,remote POS names,/app/backend/modules/finanzas/propinas_tpv/repository.py,23,"from .schema_detector import SoftRestaurantSchemaDetector, get_schema_summary"
MEDIA,REVISAR,Finanzas / Propinas TPV,remote POS names,/app/backend/modules/finanzas/propinas_tpv/repository.py,24,from .schema_detector_subprocess import SoftRestaurantSchemaDetectorSubprocess
MEDIA,REVISAR,Finanzas / Propinas TPV,remote POS names,/app/backend/modules/finanzas/propinas_tpv/repository.py,46,# QUERIES SQL SERVER - SOFTRESTAURANT (SOLO LECTURA)
MEDIA,REVISAR,Finanzas / Propinas TPV,remote POS names,/app/backend/modules/finanzas/propinas_tpv/repository.py,56,Obtiene propinas agregadas por corte desde SoftRestaurant.
MEDIA,REVISAR,Finanzas / Propinas TPV,remote POS names,/app/backend/modules/finanzas/propinas_tpv/repository.py,69,# Formatear fechas para SoftRestaurant (YYYYMMDD)
MEDIA,REVISAR_POSIBLE_LIVE,Finanzas / Propinas TPV,execute_sql_query,/app/backend/modules/finanzas/propinas_tpv/repository.py,118,result = execute_sql_query(
MEDIA,REVISAR,Finanzas / Propinas TPV,remote POS names,/app/backend/modules/finanzas/propinas_tpv/repository.py,143,"logger.info(f""SoftRestaurant {server['name']}: {len(cortes)} cortes encontrados"")"
MEDIA,REVISAR,Finanzas / Propinas TPV,remote POS names,/app/backend/modules/finanzas/propinas_tpv/repository.py,184,schema = SoftRestaurantSchemaDetector.detect_schema(server)
MEDIA,REVISAR,Finanzas / Propinas TPV,remote POS names,/app/backend/modules/finanzas/propinas_tpv/repository.py,194,query = SoftRestaurantSchemaDetector.build_propinas_query(
MEDIA,REVISAR_POSIBLE_LIVE,Finanzas / Propinas TPV,execute_sql_query,/app/backend/modules/finanzas/propinas_tpv/repository.py,201,rows = execute_sql_query(
MEDIA,REVISAR,Finanzas / Propinas TPV,remote POS names,/app/backend/modules/finanzas/propinas_tpv/repository.py,279,schema = await SoftRestaurantSchemaDetectorSubprocess.detect_schema(server)
MEDIA,REVISAR,Finanzas / Propinas TPV,remote POS names,/app/backend/modules/finanzas/propinas_tpv/repository.py,381,schema = SoftRestaurantSchemaDetector.detect_schema(server)
MEDIA,REVISAR,Finanzas / Propinas TPV,remote POS names,/app/backend/modules/finanzas/propinas_tpv/repository.py,694,'formas_pago_tpv_softrestaurant': {
MEDIA,REVISAR_POSIBLE_LIVE,Finanzas / Propinas TPV,pymssql.connect,/app/backend/modules/finanzas/propinas_tpv/repository_edarsahub.py,84,return pymssql.connect(
MEDIA,REVISAR,Finanzas / Propinas TPV,remote POS names,/app/backend/modules/finanzas/propinas_tpv/repository_edarsahub.py,116,"sistema_origen: Filtrar por SistemaOrigen (SoftRestaurant, MPRO)"
MEDIA,REVISAR,Finanzas / Propinas TPV,remote POS names,/app/backend/modules/finanzas/propinas_tpv/routes.py,3,FASE 1 MVP - Solo SoftRestaurant
MEDIA,REVISAR,Finanzas / Propinas TPV,remote POS names,/app/backend/modules/finanzas/propinas_tpv/routes.py,83,def _list_softrestaurant_servers() -> List[Dict]:
MEDIA,REVISAR,Finanzas / Propinas TPV,remote POS names,/app/backend/modules/finanzas/propinas_tpv/routes.py,85,Lista servidores SoftRestaurant desde server_registry (EDARSAHUB).
MEDIA,REVISAR,Finanzas / Propinas TPV,remote POS names,/app/backend/modules/finanzas/propinas_tpv/routes.py,87,FASE T2.3: Reemplaza db.servers.find({system_type: 'SoftRestaurant'})
MEDIA,REVISAR,Finanzas / Propinas TPV,remote POS names,/app/backend/modules/finanzas/propinas_tpv/routes.py,94,"if system_type in ['SOFTRESTAURANT', 'SR']:"
MEDIA,REVISAR,Finanzas / Propinas TPV,remote POS names,/app/backend/modules/finanzas/propinas_tpv/routes.py,103,"'system_type': 'SoftRestaurant',"
MEDIA,REVISAR,Finanzas / Propinas TPV,remote POS names,/app/backend/modules/finanzas/propinas_tpv/routes.py,108,"logger.info(f""[PROPINAS][T2.3] Obtenidos {len(sr_servers)} servidores SoftRestaurant desde EDARSAHUB"")"
MEDIA,REVISAR,Finanzas / Propinas TPV,remote POS names,/app/backend/modules/finanzas/propinas_tpv/routes.py,178,"""fase"": ""MVP FASE 1 - Solo SoftRestaurant"","
MEDIA,REVISAR,Finanzas / Propinas TPV,remote POS names,/app/backend/modules/finanzas/propinas_tpv/routes.py,201,FASE 1 MVP - Solo SoftRestaurant:
MEDIA,REVISAR,Finanzas / Propinas TPV,remote POS names,/app/backend/modules/finanzas/propinas_tpv/routes.py,271,FASE 1B: Detecta el esquema de tablas de un servidor SoftRestaurant.
MEDIA,REVISAR,Finanzas / Propinas TPV,remote POS names,/app/backend/modules/finanzas/propinas_tpv/routes.py,290,if server.get('system_type') != 'SoftRestaurant':
MEDIA,REVISAR,Finanzas / Propinas TPV,remote POS names,/app/backend/modules/finanzas/propinas_tpv/routes.py,291,"raise HTTPException(status_code=400, detail=""Solo servidores SoftRestaurant soportados en FASE 1"")"
MEDIA,REVISAR,Finanzas / Propinas TPV,remote POS names,/app/backend/modules/finanzas/propinas_tpv/routes.py,310,"summary=""Detectar esquema de todos los servidores SoftRestaurant"","
MEDIA,REVISAR,Finanzas / Propinas TPV,remote POS names,/app/backend/modules/finanzas/propinas_tpv/routes.py,312,FASE 1B: Ejecuta detección de esquema en todos los servidores SoftRestaurant.
MEDIA,REVISAR,Finanzas / Propinas TPV,remote POS names,/app/backend/modules/finanzas/propinas_tpv/routes.py,326,servers = _list_softrestaurant_servers()
MEDIA,REVISAR,Finanzas / Propinas TPV,remote POS names,/app/backend/modules/finanzas/propinas_tpv/routes.py,331,"""message"": ""No hay servidores SoftRestaurant configurados"","
MEDIA,REVISAR,Finanzas / Propinas TPV,remote POS names,/app/backend/modules/finanzas/propinas_tpv/routes.py,417,servers = [server] if server and server.get('system_type') == 'SoftRestaurant' else []
MEDIA,REVISAR,Finanzas / Propinas TPV,remote POS names,/app/backend/modules/finanzas/propinas_tpv/routes.py,419,servers = _list_softrestaurant_servers()
MEDIA,REVISAR,Finanzas / Propinas TPV,remote POS names,/app/backend/modules/finanzas/propinas_tpv/routes.py,424,"""message"": ""No hay servidores SoftRestaurant"" + (f"" con id {server_id}"" if server_id else """"),"
MEDIA,REVISAR,Finanzas / Propinas TPV,remote POS names,/app/backend/modules/finanzas/propinas_tpv/routes_sql.py,78,def _list_softrestaurant_servers() -> List[Dict]:
MEDIA,REVISAR,Finanzas / Propinas TPV,remote POS names,/app/backend/modules/finanzas/propinas_tpv/routes_sql.py,80,Lista servidores SoftRestaurant desde server_registry (EDARSAHUB).
MEDIA,REVISAR,Finanzas / Propinas TPV,remote POS names,/app/backend/modules/finanzas/propinas_tpv/routes_sql.py,82,FASE T2.3: Reemplaza db.servers.find({system_type: 'SoftRestaurant'})
MEDIA,REVISAR,Finanzas / Propinas TPV,remote POS names,/app/backend/modules/finanzas/propinas_tpv/routes_sql.py,89,"if system_type in ['SOFTRESTAURANT', 'SR']:"
MEDIA,REVISAR,Finanzas / Propinas TPV,remote POS names,/app/backend/modules/finanzas/propinas_tpv/routes_sql.py,98,"'system_type': 'SoftRestaurant',"
MEDIA,REVISAR,Finanzas / Propinas TPV,remote POS names,/app/backend/modules/finanzas/propinas_tpv/routes_sql.py,103,"logger.info(f""[PROPINAS_SQL][T2.3] Obtenidos {len(sr_servers)} servidores SoftRestaurant desde EDARSAHUB"")"
MEDIA,REVISAR,Finanzas / Propinas TPV,remote POS names,/app/backend/modules/finanzas/propinas_tpv/routes_sql.py,145,"""fase"": ""MVP FASE 1 - Solo SoftRestaurant"","
MEDIA,REVISAR,Finanzas / Propinas TPV,remote POS names,/app/backend/modules/finanzas/propinas_tpv/routes_sql.py,216,1. Lee de SoftRestaurant (query defensiva)
MEDIA,REVISAR,Finanzas / Propinas TPV,remote POS names,/app/backend/modules/finanzas/propinas_tpv/routes_sql.py,468,"""""""Detecta el esquema de tablas de un servidor SoftRestaurant."""""""
MEDIA,REVISAR,Finanzas / Propinas TPV,remote POS names,/app/backend/modules/finanzas/propinas_tpv/routes_sql.py,475,if server.get('system_type') != 'SoftRestaurant':
MEDIA,REVISAR,Finanzas / Propinas TPV,remote POS names,/app/backend/modules/finanzas/propinas_tpv/routes_sql.py,476,"raise HTTPException(status_code=400, detail=""Solo servidores SoftRestaurant soportados"")"
MEDIA,REVISAR,Finanzas / Propinas TPV,remote POS names,/app/backend/modules/finanzas/propinas_tpv/routes_sql.py,501,"""""""Detecta esquema en todos los servidores SoftRestaurant."""""""
MEDIA,REVISAR,Finanzas / Propinas TPV,remote POS names,/app/backend/modules/finanzas/propinas_tpv/routes_sql.py,504,servers = _list_softrestaurant_servers()
MEDIA,REVISAR,Finanzas / Propinas TPV,remote POS names,/app/backend/modules/finanzas/propinas_tpv/routes_sql.py,509,"""message"": ""No hay servidores SoftRestaurant configurados"","
MEDIA,REVISAR,Finanzas / Propinas TPV,remote POS names,/app/backend/modules/finanzas/propinas_tpv/routes_sql.py,576,servers = [server] if server and server.get('system_type') == 'SoftRestaurant' else []
MEDIA,REVISAR,Finanzas / Propinas TPV,remote POS names,/app/backend/modules/finanzas/propinas_tpv/routes_sql.py,578,servers = _list_softrestaurant_servers()
MEDIA,REVISAR,Finanzas / Propinas TPV,remote POS names,/app/backend/modules/finanzas/propinas_tpv/routes_sql.py,583,"""message"": ""No hay servidores SoftRestaurant"","
MEDIA,REVISAR,Finanzas / Propinas TPV,remote POS names,/app/backend/modules/finanzas/propinas_tpv/schema_detector.py,2,Detector de esquema para SoftRestaurant.
MEDIA,REVISAR,Finanzas / Propinas TPV,remote POS names,/app/backend/modules/finanzas/propinas_tpv/schema_detector.py,12,"- Compatible con versiones 10, 12, 95 Pro de SoftRestaurant"
MEDIA,REVISAR,Finanzas / Propinas TPV,remote POS names,/app/backend/modules/finanzas/propinas_tpv/schema_detector.py,24,class SoftRestaurantSchemaDetector:
MEDIA,REVISAR,Finanzas / Propinas TPV,remote POS names,/app/backend/modules/finanzas/propinas_tpv/schema_detector.py,26,Detecta y mapea el esquema de SoftRestaurant para queries adaptativas.
MEDIA,REVISAR,Finanzas / Propinas TPV,remote POS names,/app/backend/modules/finanzas/propinas_tpv/schema_detector.py,38,Detecta el esquema de un servidor SoftRestaurant.
MEDIA,REVISAR_POSIBLE_LIVE,Finanzas / Propinas TPV,execute_sql_query,/app/backend/modules/finanzas/propinas_tpv/schema_detector.py,62,result = execute_sql_query(
MEDIA,REVISAR,Finanzas / Propinas TPV,remote POS names,/app/backend/modules/finanzas/propinas_tpv/schema_detector_subprocess.py,2,Detector de esquema para SoftRestaurant usando subprocess.
MEDIA,REVISAR,Finanzas / Propinas TPV,remote POS names,/app/backend/modules/finanzas/propinas_tpv/schema_detector_subprocess.py,12,"- Compatible con versiones 10, 12, 95 Pro de SoftRestaurant"
MEDIA,REVISAR,Finanzas / Propinas TPV,remote POS names,/app/backend/modules/finanzas/propinas_tpv/schema_detector_subprocess.py,28,class SoftRestaurantSchemaDetectorSubprocess:
MEDIA,REVISAR,Finanzas / Propinas TPV,remote POS names,/app/backend/modules/finanzas/propinas_tpv/schema_detector_subprocess.py,30,Detecta y mapea el esquema de SoftRestaurant usando subprocess.
MEDIA,REVISAR,Finanzas / Propinas TPV,remote POS names,/app/backend/modules/finanzas/propinas_tpv/schema_detector_subprocess.py,43,Detecta el esquema de un servidor SoftRestaurant usando subprocess.
MEDIA,REVISAR,Finanzas / Propinas TPV,remote POS names,/app/backend/modules/finanzas/propinas_tpv/service.py,3,FASE 1 MVP - Solo SoftRestaurant
MEDIA,REVISAR,Finanzas / Propinas TPV,remote POS names,/app/backend/modules/finanzas/propinas_tpv/service.py,36,FASE 1 MVP - Solo SoftRestaurant:
MEDIA,REVISAR,Finanzas / Propinas TPV,remote POS names,/app/backend/modules/finanzas/propinas_tpv/service.py,42,- MPRO
MEDIA,REVISAR,Finanzas / Propinas TPV,remote POS names,/app/backend/modules/finanzas/propinas_tpv/service.py,60,1. Obtener servidores SoftRestaurant activos
MEDIA,REVISAR,Finanzas / Propinas TPV,remote POS names,/app/backend/modules/finanzas/propinas_tpv/service.py,78,servers = list_operational_servers(system_type_filter='SoftRestaurant')
MEDIA,REVISAR,Finanzas / Propinas TPV,remote POS names,/app/backend/modules/finanzas/propinas_tpv/service.py,85,"logger.warning(""No se encontraron servidores SoftRestaurant"")"
MEDIA,REVISAR,Finanzas / Propinas TPV,remote POS names,/app/backend/modules/finanzas/propinas_tpv/service.py,127,"'system_type': 'SoftRestaurant',"
MEDIA,REVISAR,Finanzas / Propinas TPV,remote POS names,/app/backend/modules/finanzas/propinas_tpv/service.py,144,# En SoftRestaurant FASE 1: asumimos que todas las propinas
MEDIA,REVISAR,Finanzas / Propinas TPV,remote POS names,/app/backend/modules/finanzas/propinas_tpv/service.py,159,"'sucursal_id': server_name,  # En SoftRestaurant, servidor = sucursal"
MEDIA,REVISAR,Finanzas / Propinas TPV,remote POS names,/app/backend/modules/finanzas/propinas_tpv/service.py,163,"'system_type': 'SoftRestaurant',"
MEDIA,REVISAR,Finanzas / Propinas TPV,remote POS names,/app/backend/modules/finanzas/propinas_tpv/service.py,199,"'system_type': 'SoftRestaurant',"
MEDIA,REVISAR,Finanzas / Propinas TPV,remote POS names,/app/backend/modules/finanzas/propinas_tpv/service.py,218,"'system_type': 'SoftRestaurant',"
MEDIA,REVISAR,Finanzas / Propinas TPV,remote POS names,/app/backend/modules/finanzas/propinas_tpv/service.py,439,'formas_pago_tpv_softrestaurant': {
MEDIA,REVISAR,Finanzas / Propinas TPV,remote POS names,/app/backend/modules/finanzas/propinas_tpv/service_sql.py,32,from .repository import PropinasTPVRepository  # Para lectura de SoftRestaurant
MEDIA,REVISAR,Finanzas / Propinas TPV,remote POS names,/app/backend/modules/finanzas/propinas_tpv/service_sql.py,51,SoftRestaurant (Lectura) → SQL Server (Persistencia) → MongoDB (Cache)
MEDIA,REVISAR,Finanzas / Propinas TPV,remote POS names,/app/backend/modules/finanzas/propinas_tpv/service_sql.py,65,self.soft_repo = PropinasTPVRepository(db)  # Solo para leer de SoftRestaurant
MEDIA,REVISAR,Finanzas / Propinas TPV,remote POS names,/app/backend/modules/finanzas/propinas_tpv/service_sql.py,140,1. Obtener servidores SoftRestaurant activos
MEDIA,REVISAR,Finanzas / Propinas TPV,remote POS names,/app/backend/modules/finanzas/propinas_tpv/service_sql.py,159,servers = list_operational_servers(system_type_filter='SoftRestaurant')
MEDIA,REVISAR,Finanzas / Propinas TPV,remote POS names,/app/backend/modules/finanzas/propinas_tpv/service_sql.py,166,"logger.warning(""No se encontraron servidores SoftRestaurant"")"
MEDIA,REVISAR,Finanzas / Propinas TPV,remote POS names,/app/backend/modules/finanzas/propinas_tpv/service_sql.py,206,"'system_type': 'SoftRestaurant',"
MEDIA,REVISAR,Finanzas / Propinas TPV,remote POS names,/app/backend/modules/finanzas/propinas_tpv/service_sql.py,241,# Trazabilidad al origen SoftRestaurant
MEDIA,REVISAR,Finanzas / Propinas TPV,remote POS names,/app/backend/modules/finanzas/propinas_tpv/service_sql.py,245,"'system_type': 'SoftRestaurant',"
MEDIA,REVISAR,Finanzas / Propinas TPV,remote POS names,/app/backend/modules/finanzas/propinas_tpv/service_sql.py,285,"'system_type': 'SoftRestaurant',"
MEDIA,REVISAR,Finanzas / Propinas TPV,remote POS names,/app/backend/modules/finanzas/propinas_tpv/service_sql.py,302,"'system_type': 'SoftRestaurant',"
MEDIA,REVISAR_POSIBLE_LIVE,Finanzas / Propinas TPV,execute_sql_query,/app/backend/modules/finanzas/propinas_tpv/sql_repository.py,96,return execute_sql_query(
MEDIA,REVISAR,Finanzas / Propinas TPV,remote POS names,/app/backend/modules/finanzas/propinas_tpv/sql_repository.py,211,"system_type = {self._escape_sql(propina_data.get('system_type', 'SoftRestaurant'))},"
MEDIA,REVISAR,Finanzas / Propinas TPV,remote POS names,/app/backend/modules/finanzas/propinas_tpv/sql_repository.py,251,"{self._escape_sql(propina_data.get('system_type', 'SoftRestaurant'))},"
MEDIA,REVISAR,Finanzas / Propinas TPV,remote POS names,/app/backend/modules/finanzas/propinas_tpv/sql_repository.py,631,'formas_pago_tpv_softrestaurant': {
MEDIA,REVISAR,Finanzas / Propinas TPV,remote POS names,/app/backend/modules/finanzas/propinas_tpv/sql_repository.py,657,'formas_pago_tpv_softrestaurant': {
MEDIA,REVISAR,Inventarios,remote POS names,/app/backend/tests/test_comparativo_inventarios.py,26,# MPRO Server ID (from review request)
MEDIA,REVISAR,Inventarios,remote POS names,/app/backend/tests/test_comparativo_inventarios.py,27,"MPRO_SERVER_ID = ""1b230a06-ffaf-4c70-bd27-b1be3579dea6"""
MEDIA,REVISAR,Inventarios,remote POS names,/app/backend/tests/test_comparativo_inventarios.py,73,"""""""Test that MPRO server exists"""""""
MEDIA,REVISAR,Inventarios,remote POS names,/app/backend/tests/test_comparativo_inventarios.py,80,# Find MPRO server
MEDIA,REVISAR,Inventarios,remote POS names,/app/backend/tests/test_comparativo_inventarios.py,81,"mpro_server = next((s for s in servers if s.get('id') == MPRO_SERVER_ID), None)"
MEDIA,REVISAR,Inventarios,remote POS names,/app/backend/tests/test_comparativo_inventarios.py,82,"assert mpro_server is not None, f""MPRO server {MPRO_SERVER_ID} not found"""
MEDIA,REVISAR,Inventarios,remote POS names,/app/backend/tests/test_comparativo_inventarios.py,83,"assert mpro_server.get('system_type') == 'MPRO', ""Server should be MPRO type"""
MEDIA,REVISAR,Inventarios,remote POS names,/app/backend/tests/test_comparativo_inventarios.py,84,"print(f""✅ MPRO server found: {mpro_server.get('name')}"")"
MEDIA,REVISAR,Inventarios,remote POS names,/app/backend/tests/test_comparativo_inventarios.py,87,"""""""Test that sucursales can be retrieved for MPRO server"""""""
MEDIA,REVISAR,Inventarios,remote POS names,/app/backend/tests/test_comparativo_inventarios.py,128,"""server_id"": MPRO_SERVER_ID,"
MEDIA,REVISAR,Inventarios,remote POS names,/app/backend/tests/test_comparativo_inventarios.py,162,"""server_id"": MPRO_SERVER_ID,"
MEDIA,REVISAR,Inventarios,remote POS names,/app/backend/tests/test_comparativo_inventarios.py,201,"""server_id"": MPRO_SERVER_ID,"
MEDIA,REVISAR,Inventarios,remote POS names,/app/backend/tests/test_comparativo_inventarios.py,237,"""server_id"": MPRO_SERVER_ID,"
MEDIA,REVISAR,Inventarios,remote POS names,/app/backend/tests/test_comparativo_inventarios.py,317,"""server_id"": MPRO_SERVER_ID,"
MEDIA,REVISAR,Inventarios,remote POS names,/app/backend/tests/test_comparativo_inventarios.py,371,"""server_id"": MPRO_SERVER_ID,"
MEDIA,REVISAR_POSIBLE_LIVE,No clasificado,execute_sql_query,/app/backend/core/__init__.py,6,"# - db.py: Conexiones SQL Server, execute_sql_query()"
MEDIA,REVISAR,No clasificado,remote POS names,/app/backend/core/__init__.py,20,"# - Providers: sql_classic, mpro_sql, local_api"
MEDIA,REVISAR,No clasificado,remote POS names,/app/backend/core/__init__.py,80,"MPROSQLProvider,"
MEDIA,REVISAR,No clasificado,remote POS names,/app/backend/core/__init__.py,83,"get_mpro_sql_provider,"
MEDIA,REVISAR_POSIBLE_LIVE,No clasificado,pymssql.connect,/app/backend/core/alcance_helper.py,73,conn = pymssql.connect(
MEDIA,REVISAR_POSIBLE_LIVE,No clasificado,pymssql.connect,/app/backend/core/alcance_helper.py,118,conn = pymssql.connect(
MEDIA,REVISAR,No clasificado,remote POS names,/app/backend/core/auditoria.py,82,"MPRO = ""MPRO"""
MEDIA,REVISAR_POSIBLE_LIVE,No clasificado,pytds.connect,/app/backend/core/auditoria.py,244,return pytds.connect(
MEDIA,REVISAR,No clasificado,remote POS names,/app/backend/core/auditoria_helpers.py,76,if factura_id.startswith('MPRO_'):
MEDIA,REVISAR,No clasificado,remote POS names,/app/backend/core/auditoria_helpers.py,77,return audit_module['OrigenSistema'].MPRO
MEDIA,REVISAR_POSIBLE_LIVE,No clasificado,pymssql.connect,/app/backend/core/auth/user_repository_sql.py,43,return pymssql.connect(
MEDIA,REVISAR,No clasificado,remote POS names,/app/backend/core/cache_key_builder.py,12,- Datos pegados entre sistemas origen (SoftRestaurant vs MPRO)
MEDIA,REVISAR,No clasificado,remote POS names,/app/backend/core/cache_key_builder.py,178,"system_type: Tipo de sistema (MPRO, SoftRestaurant, etc.)"
MEDIA,REVISAR,No clasificado,remote POS names,/app/backend/core/cache_key_builder.py,200,"system_type_normalized=""MANAGEMENTPRO"","
MEDIA,REVISAR,No clasificado,remote POS names,/app/backend/core/cache_key_builder.py,222,# Sistema origen (crítico para no mezclar SR y MPRO)
MEDIA,REVISAR,No clasificado,remote POS names,/app/backend/core/centro_control/routes.py,428,- APIs locales MPRO
MEDIA,REVISAR,No clasificado,remote POS names,/app/backend/core/centro_control/routes.py,561,"- Por tipo de sistema (SoftRestaurant, MPRO)"
MEDIA,REVISAR,No clasificado,remote POS names,/app/backend/core/centro_control/routes.py,574,"""MPRO usa SQL para acumulados, API local para diarios"","
MEDIA,REVISAR,No clasificado,remote POS names,/app/backend/core/centro_control/routes.py,575,"""SoftRestaurant usa SQL para todo"""
MEDIA,REVISAR,No clasificado,remote POS names,/app/backend/core/cerebro.py,28,"MPRO = ""MPRO"""
MEDIA,REVISAR,No clasificado,remote POS names,/app/backend/core/cerebro.py,29,"SOFTRESTAURANT = ""SoftRestaurant"""
MEDIA,REVISAR,No clasificado,remote POS names,/app/backend/core/config.py,34,# APIs MPRO Locales (configuración base)
MEDIA,REVISAR,No clasificado,remote POS names,/app/backend/core/config.py,35,"API_MPRO_KEY: str = os.environ.get(""API_MPRO_KEY"", """")"
MEDIA,REVISAR,No clasificado,remote POS names,/app/backend/core/config.py,36,"API_MPRO_QRO_URL: str = os.environ.get(""API_MPRO_QRO_URL"", """")"
MEDIA,REVISAR,No clasificado,remote POS names,/app/backend/core/config.py,37,"API_MPRO_ORIGEN_URL: str = os.environ.get(""API_MPRO_ORIGEN_URL"", """")"
MEDIA,REVISAR,No clasificado,remote POS names,/app/backend/core/connection_resolver.py,15,- MPRO (ORIGEN/130 QRO) → Acumulados: SQL MPRO | Ventas del día: API local
MEDIA,REVISAR,No clasificado,remote POS names,/app/backend/core/connection_resolver.py,36,"SOFT_RESTAURANT = ""SoftRestaurant"""
MEDIA,REVISAR,No clasificado,remote POS names,/app/backend/core/connection_resolver.py,37,"MPRO = ""MPRO"""
MEDIA,REVISAR,No clasificado,remote POS names,/app/backend/core/connection_resolver.py,60,"MPRO_SQL = ""mpro_sql""                         # SQL del servidor MPRO"
MEDIA,REVISAR,No clasificado,remote POS names,/app/backend/core/connection_resolver.py,132,"# SoftRestaurant (CIENFUEGOS, LA ESTELAR, 130 MID)"
MEDIA,REVISAR,No clasificado,remote POS names,/app/backend/core/connection_resolver.py,178,"# MPRO (ORIGEN, 130 QUERETARO)"
MEDIA,REVISAR,No clasificado,remote POS names,/app/backend/core/connection_resolver.py,179,SystemType.MPRO: {
MEDIA,REVISAR,No clasificado,remote POS names,/app/backend/core/connection_resolver.py,182,"""connection_origin"": ConnectionOrigin.MPRO_SQL,"
MEDIA,REVISAR,No clasificado,remote POS names,/app/backend/core/connection_resolver.py,200,"""connection_origin"": ConnectionOrigin.MPRO_SQL,"
MEDIA,REVISAR,No clasificado,remote POS names,/app/backend/core/connection_resolver.py,206,"""connection_origin"": ConnectionOrigin.MPRO_SQL,"
MEDIA,REVISAR,No clasificado,remote POS names,/app/backend/core/connection_resolver.py,212,"""connection_origin"": ConnectionOrigin.MPRO_SQL,"
MEDIA,REVISAR,No clasificado,remote POS names,/app/backend/core/connection_resolver.py,218,"""connection_origin"": ConnectionOrigin.MPRO_SQL,"
MEDIA,REVISAR,No clasificado,remote POS names,/app/backend/core/connection_resolver.py,308,"""tipo"": ""api_mpro"","
MEDIA,REVISAR,No clasificado,remote POS names,/app/backend/core/connection_resolver.py,330,sucursal_nombre: Nombre de sucursal (para MPRO API local)
MEDIA,REVISAR,No clasificado,remote POS names,/app/backend/core/connection_resolver.py,446,"connection_origin=ConnectionOrigin.MPRO_SQL,"
MEDIA,REVISAR_POSIBLE_LIVE,No clasificado,execute_sql_query,/app/backend/core/connection_resolver.py,543,test_result = execute_sql_query(
MEDIA,REVISAR_POSIBLE_LIVE,No clasificado,execute_sql_query,/app/backend/core/connection_resolver.py,594,"result = execute_sql_query(source.host, source.port, ...)"
MEDIA,REVISAR,No clasificado,remote POS names,/app/backend/core/context_resolver.py,9,- system_type (MPRO/SoftRestaurant)
MEDIA,REVISAR,No clasificado,remote POS names,/app/backend/core/context_resolver.py,10,- sucursal_origen_id (para MPRO)
MEDIA,REVISAR_POSIBLE_LIVE,No clasificado,pymssql.connect,/app/backend/core/context_resolver.py,58,return pymssql.connect(
MEDIA,REVISAR,No clasificado,remote POS names,/app/backend/core/context_resolver.py,388,- system_type: Tipo de sistema (MPRO/SoftRestaurant)
MEDIA,REVISAR,No clasificado,remote POS names,/app/backend/core/context_resolver.py,389,- sucursal_origen_id: ID de sucursal en sistema externo (MPRO)
MEDIA,REVISAR,No clasificado,remote POS names,/app/backend/core/context_resolver.py,616,"Para MPRO: usa sucursal_origen_id (código como ""0025"")"
MEDIA,REVISAR,No clasificado,remote POS names,/app/backend/core/context_resolver.py,617,"Para SoftRestaurant: usa ""default"" o nombre de sucursal"
MEDIA,REVISAR,No clasificado,remote POS names,/app/backend/core/context_resolver.py,627,if system_type == 'MPRO':
MEDIA,REVISAR,No clasificado,remote POS names,/app/backend/core/context_resolver.py,628,# MPRO usa sucursal_origen_id (código numérico)
MEDIA,REVISAR,No clasificado,remote POS names,/app/backend/core/context_resolver.py,631,# SoftRestaurant usa default o nombre
MEDIA,REVISAR,No clasificado,remote POS names,/app/backend/core/corporate_identity_resolver.py,85,"""SOFTRESTAURANT_PRO"": ["
MEDIA,REVISAR,No clasificado,remote POS names,/app/backend/core/corporate_identity_resolver.py,86,"""SOFTRESTAURANT_PRO"","
MEDIA,REVISAR,No clasificado,remote POS names,/app/backend/core/corporate_identity_resolver.py,87,"""SOFTRESTAURANT"","
MEDIA,REVISAR,No clasificado,remote POS names,/app/backend/core/corporate_identity_resolver.py,89,"""SOFTRESTAURANT PRO"","
MEDIA,REVISAR,No clasificado,remote POS names,/app/backend/core/corporate_identity_resolver.py,94,"""SOFTRESTAURANT95PRO"","
MEDIA,REVISAR,No clasificado,remote POS names,/app/backend/core/corporate_identity_resolver.py,95,"""SOFTRESTAURANT 95 PRO"","
MEDIA,REVISAR,No clasificado,remote POS names,/app/backend/core/corporate_identity_resolver.py,98,"""MPRO"": ["
MEDIA,REVISAR,No clasificado,remote POS names,/app/backend/core/corporate_identity_resolver.py,99,"""MPRO"","
MEDIA,REVISAR,No clasificado,remote POS names,/app/backend/core/corporate_identity_resolver.py,103,"""MANAGEMENTPRO"","
MEDIA,REVISAR,No clasificado,remote POS names,/app/backend/core/corporate_identity_resolver.py,108,"""MANAGEMENTPRO"": ["
MEDIA,REVISAR,No clasificado,remote POS names,/app/backend/core/corporate_identity_resolver.py,109,"""MANAGEMENTPRO"","
MEDIA,REVISAR,No clasificado,remote POS names,/app/backend/core/corporate_identity_resolver.py,113,"""MPRO"","
MEDIA,REVISAR,No clasificado,remote POS names,/app/backend/core/corporate_identity_resolver.py,116,"""ENTERPRISE"": ["
MEDIA,REVISAR,No clasificado,remote POS names,/app/backend/core/corporate_identity_resolver.py,117,"""ENTERPRISE"","
MEDIA,REVISAR,No clasificado,remote POS names,/app/backend/core/corporate_identity_resolver.py,118,"""SOFTRESTAURANT ENTERPRISE"","
MEDIA,REVISAR,No clasificado,remote POS names,/app/backend/core/corporate_identity_resolver.py,119,"""SOFTRESTAURANT_ENTERPRISE"","
MEDIA,REVISAR,No clasificado,remote POS names,/app/backend/core/corporate_identity_resolver.py,120,"""SR ENTERPRISE"","
MEDIA,REVISAR_POSIBLE_LIVE,No clasificado,direct host ddns,/app/backend/core/corporate_identity_resolver.py,184,"""130MID"","
MEDIA,REVISAR,No clasificado,remote POS names,/app/backend/core/corporate_identity_resolver.py,187,"""130 MERIDA SOFTRESTAURANT"","
MEDIA,REVISAR,No clasificado,remote POS names,/app/backend/core/corporate_identity_resolver.py,196,"""130 QUERETARO MPRO"","
MEDIA,REVISAR_POSIBLE_LIVE,No clasificado,execute_sql_query,/app/backend/core/db.py,7,- Migrado: execute_sql_query() y funciones de soporte
MEDIA,REVISAR_POSIBLE_LIVE,No clasificado,direct host ddns,/app/backend/core/db.py,187,"# Caso 1: hostname,port\instance (ej: server.ddns.net,6669\nationalsoft)"
MEDIA,REVISAR_POSIBLE_LIVE,No clasificado,direct host ddns,/app/backend/core/db.py,235,# Los servidores con DDNS (como servercienfuegos.ddns.net) tienen IPs dinámicas.
MEDIA,REVISAR_POSIBLE_LIVE,No clasificado,execute_sql_query,/app/backend/core/db.py,342,"result = execute_sql_query(host, port, database, username, password, query)"
MEDIA,REVISAR_POSIBLE_LIVE,No clasificado,pytds.connect,/app/backend/core/db.py,521,conn = pytds.connect(
MEDIA,REVISAR_POSIBLE_LIVE,No clasificado,pymssql.connect,/app/backend/core/db.py,539,conn = pymssql.connect(
MEDIA,REVISAR_POSIBLE_LIVE,No clasificado,execute_sql_query,/app/backend/core/db.py,554,def execute_sql_query(
MEDIA,REVISAR_POSIBLE_LIVE,No clasificado,pytds.connect,/app/backend/core/db.py,714,with pytds.connect(**conn_kwargs) as conn:
MEDIA,REVISAR_POSIBLE_LIVE,No clasificado,pytds.connect,/app/backend/core/db.py,874,conn = pytds.connect(
MEDIA,REVISAR_POSIBLE_LIVE,No clasificado,pymssql.connect,/app/backend/core/db.py,916,conn = pymssql.connect(
MEDIA,REVISAR_POSIBLE_LIVE,No clasificado,pytds.connect,/app/backend/core/db.py,1000,conn = pytds.connect(
MEDIA,REVISAR_POSIBLE_LIVE,No clasificado,pymssql.connect,/app/backend/core/db.py,1060,conn = pymssql.connect(
MEDIA,REVISAR_POSIBLE_LIVE,No clasificado,pytds.connect,/app/backend/core/db.py,1234,conn = pytds.connect(
MEDIA,REVISAR_POSIBLE_LIVE,No clasificado,pymssql.connect,/app/backend/core/db.py,1272,conn = pymssql.connect(
MEDIA,REVISAR,No clasificado,remote POS names,/app/backend/core/db.py,1352,'SoftRestaurant': [
MEDIA,REVISAR,No clasificado,remote POS names,/app/backend/core/db.py,1356,'MPRO': [
MEDIA,REVISAR,No clasificado,remote POS names,/app/backend/core/db.py,1369,"expected_types: Lista de tipos de sistema permitidos (ej: ['SoftRestaurant', 'MPRO'])"
MEDIA,REVISAR,No clasificado,remote POS names,/app/backend/core/db.py,1410,expected_system_types: Lista de system_types válidos (ej: ['SoftRestaurant'])
MEDIA,REVISAR_POSIBLE_LIVE,No clasificado,execute_sql_query,/app/backend/core/db.py,1455,results = execute_sql_query(
MEDIA,REVISAR_POSIBLE_LIVE,No clasificado,execute_sql_query,/app/backend/core/empresa_resolver.py,52,result = execute_sql_query(
MEDIA,REVISAR_POSIBLE_LIVE,No clasificado,direct host ddns,/app/backend/core/empresa_resolver.py,627,mid_ok = resolve_empresa_by_alias('130MID') is not None
MEDIA,REVISAR_POSIBLE_LIVE,No clasificado,direct host ddns,/app/backend/core/empresa_resolver.py,636,"errors.append(""130MID no resuelve correctamente"")"
MEDIA,REVISAR_POSIBLE_LIVE,No clasificado,execute_sql_query,/app/backend/core/pool.py,42,- execute_sql_query() usa internamente este pool
MEDIA,REVISAR,No clasificado,remote POS names,/app/backend/core/providers.py,74,"# SQL CLASSIC PROVIDER (SoftRestaurant: CIENFUEGOS, LA ESTELAR, 130 MID)"
MEDIA,REVISAR,No clasificado,remote POS names,/app/backend/core/providers.py,79,Provider para SoftRestaurant (SQL clásico).
MEDIA,REVISAR,No clasificado,remote POS names,/app/backend/core/providers.py,100,Obtiene ventas acumuladas de SoftRestaurant.
MEDIA,REVISAR_POSIBLE_LIVE,No clasificado,execute_sql_query,/app/backend/core/providers.py,134,"result = execute_sql_query(host, port, database, username, password, query)"
MEDIA,REVISAR,No clasificado,remote POS names,/app/backend/core/providers.py,194,Obtiene ventas del día de SoftRestaurant.
MEDIA,REVISAR_POSIBLE_LIVE,No clasificado,execute_sql_query,/app/backend/core/providers.py,215,"result = execute_sql_query(host, port, database, username, password, query_temp)"
MEDIA,REVISAR_POSIBLE_LIVE,No clasificado,execute_sql_query,/app/backend/core/providers.py,254,"result = execute_sql_query(host, port, database, username, password, query_fallback)"
MEDIA,REVISAR,No clasificado,remote POS names,/app/backend/core/providers.py,307,"# MPRO SQL PROVIDER (ORIGEN, 130 QUERETARO - Acumulados)"
MEDIA,REVISAR,No clasificado,remote POS names,/app/backend/core/providers.py,310,class MPROSQLProvider(BaseProvider):
MEDIA,REVISAR,No clasificado,remote POS names,/app/backend/core/providers.py,312,Provider para MPRO SQL (acumulados).
MEDIA,REVISAR,No clasificado,remote POS names,/app/backend/core/providers.py,318,Conexión: SQL MPRO
MEDIA,REVISAR,No clasificado,remote POS names,/app/backend/core/providers.py,322,"super().__init__(""mpro_sql"")"
MEDIA,REVISAR,No clasificado,remote POS names,/app/backend/core/providers.py,333,Obtiene ventas acumuladas de MPRO.
MEDIA,REVISAR,No clasificado,remote POS names,/app/backend/core/providers.py,338,sucursal_id: Código de sucursal MPRO (Sc_Cve_Sucursal)
MEDIA,REVISAR_POSIBLE_LIVE,No clasificado,execute_sql_query,/app/backend/core/providers.py,371,"result = execute_sql_query(host, port, database, username, password, query)"
MEDIA,REVISAR_POSIBLE_LIVE,No clasificado,execute_sql_query,/app/backend/core/providers.py,391,"result_pax = execute_sql_query(host, port, database, username, password, query_pax)"
MEDIA,REVISAR,No clasificado,remote POS names,/app/backend/core/providers.py,413,"connection_origin=""mpro_sql"""
MEDIA,REVISAR,No clasificado,remote POS names,/app/backend/core/providers.py,424,"connection_origin=""mpro_sql"""
MEDIA,REVISAR,No clasificado,remote POS names,/app/backend/core/providers.py,438,"connection_origin=""mpro_sql"","
MEDIA,REVISAR,No clasificado,remote POS names,/app/backend/core/providers.py,445,# LOCAL API PROVIDER (MPRO - Ventas del día)
MEDIA,REVISAR,No clasificado,remote POS names,/app/backend/core/providers.py,450,Provider para API local MPRO (ventas del día).
MEDIA,REVISAR,No clasificado,remote POS names,/app/backend/core/providers.py,467,Obtiene ventas del día de MPRO via API local.
MEDIA,REVISAR,No clasificado,remote POS names,/app/backend/core/providers.py,558,_mpro_sql_provider = None
MEDIA,REVISAR,No clasificado,remote POS names,/app/backend/core/providers.py,570,def get_mpro_sql_provider() -> MPROSQLProvider:
MEDIA,REVISAR,No clasificado,remote POS names,/app/backend/core/providers.py,571,"""""""Obtiene instancia de MPROSQLProvider"""""""
MEDIA,REVISAR,No clasificado,remote POS names,/app/backend/core/providers.py,572,global _mpro_sql_provider
MEDIA,REVISAR,No clasificado,remote POS names,/app/backend/core/providers.py,573,if _mpro_sql_provider is None:
MEDIA,REVISAR,No clasificado,remote POS names,/app/backend/core/providers.py,574,_mpro_sql_provider = MPROSQLProvider()
MEDIA,REVISAR,No clasificado,remote POS names,/app/backend/core/providers.py,575,return _mpro_sql_provider
MEDIA,REVISAR_POSIBLE_LIVE,No clasificado,pymssql.connect,/app/backend/core/rbac/repository_sql.py,49,return pymssql.connect(
MEDIA,REVISAR_POSIBLE_LIVE,No clasificado,pymssql.connect,/app/backend/core/rbac_helper_sql.py,44,return pymssql.connect(
MEDIA,REVISAR,No clasificado,remote POS names,/app/backend/core/regression_checker.py,225,"expected_systems = [""SoftRestaurant"", ""MPRO""]"
MEDIA,REVISAR_POSIBLE_LIVE,No clasificado,pymssql.connect,/app/backend/core/resilient_sql.py,168,conn = pymssql.connect(
MEDIA,REVISAR_POSIBLE_LIVE,No clasificado,pymssql.connect,/app/backend/core/resilient_sql.py,212,conn = pymssql.connect(
MEDIA,REVISAR_POSIBLE_LIVE,No clasificado,pymssql.connect,/app/backend/core/resilient_sql.py,278,conn = pymssql.connect(
MEDIA,REVISAR_POSIBLE_LIVE,No clasificado,pymssql.connect,/app/backend/core/resilient_sql.py,355,conn = pymssql.connect(
MEDIA,REVISAR_POSIBLE_LIVE,No clasificado,pymssql.connect,/app/backend/core/security.py,492,conn = pymssql.connect(
MEDIA,REVISAR_POSIBLE_LIVE,No clasificado,pymssql.connect,/app/backend/core/security.py,539,conn = pymssql.connect(
MEDIA,REVISAR,No clasificado,remote POS names,/app/backend/core/server_registry.py,63,"if st_upper in ['MPRO', 'MANAGMENTPRO', 'MANAGEMENTPRO', 'MANAGEMENT_PRO']:"
MEDIA,REVISAR,No clasificado,remote POS names,/app/backend/core/server_registry.py,64,"return ""MANAGEMENTPRO"""
MEDIA,REVISAR,No clasificado,remote POS names,/app/backend/core/server_registry.py,65,"elif st_upper in ['SOFTRESTAURANT', 'SR', 'SOFT']:"
MEDIA,REVISAR,No clasificado,remote POS names,/app/backend/core/server_registry.py,66,"return ""SOFTRESTAURANT"""
MEDIA,REVISAR,No clasificado,remote POS names,/app/backend/core/server_registry.py,67,"elif st_upper in ['API', 'API_LOCAL', 'API_MPRO']:"
MEDIA,REVISAR_POSIBLE_LIVE,No clasificado,execute_sql_query,/app/backend/core/server_registry.py,306,results = execute_sql_query(
MEDIA,REVISAR_POSIBLE_LIVE,No clasificado,execute_sql_query,/app/backend/core/server_registry.py,341,results = execute_sql_query(
MEDIA,REVISAR_POSIBLE_LIVE,No clasificado,pymssql.connect,/app/backend/core/server_registry.py,1003,conn = pymssql.connect(
MEDIA,REVISAR_POSIBLE_LIVE,No clasificado,direct host ddns,/app/backend/core/server_registry.py,1802,"'130-MER': '130MID',"
MEDIA,REVISAR_POSIBLE_LIVE,No clasificado,direct host ddns,/app/backend/core/server_registry.py,1806,"'130MID': '130MID',"
MEDIA,REVISAR_POSIBLE_LIVE,No clasificado,direct host ddns,/app/backend/core/server_registry.py,1814,"CODIGOS_CANONICOS_OFICIALES = ['130MID', '130QRO', 'CIENFUEGOS', 'ESTELAR', 'ORIGEN']"
MEDIA,REVISAR_POSIBLE_LIVE,No clasificado,direct host ddns,/app/backend/core/server_registry.py,1831,normalize_unidad_codigo('130-MER') -> '130MID'
MEDIA,REVISAR_POSIBLE_LIVE,No clasificado,direct host ddns,/app/backend/core/server_registry.py,1833,normalize_unidad_codigo('130MID') -> '130MID'
MEDIA,REVISAR_POSIBLE_LIVE,No clasificado,execute_sql_query,/app/backend/core/server_registry.py,1876,results = execute_sql_query(
MEDIA,REVISAR,No clasificado,remote POS names,/app/backend/core/server_registry.py,1923,"- sucursal_origen_id: Sucursal para MPRO (0021, 0023)"
MEDIA,REVISAR,No clasificado,remote POS names,/app/backend/core/server_registry.py,1924,- system_type: SoftRestaurant o MPRO
MEDIA,REVISAR_POSIBLE_LIVE,No clasificado,direct host ddns,/app/backend/core/server_registry.py,1934,'130MID'
MEDIA,REVISAR_POSIBLE_LIVE,No clasificado,direct host ddns,/app/backend/core/server_registry.py,1952,>>> server = get_server_by_unidad_codigo('130MID')
MEDIA,REVISAR_POSIBLE_LIVE,No clasificado,direct host ddns,/app/backend/core/server_registry.py,1954,'130MID'
MEDIA,REVISAR_POSIBLE_LIVE,No clasificado,direct host ddns,/app/backend/core/server_registry.py,1956,'130mid.ddns.net'
MEDIA,REVISAR_POSIBLE_LIVE,No clasificado,execute_sql_query,/app/backend/core/server_registry.py,1995,results = execute_sql_query(
MEDIA,REVISAR,No clasificado,remote POS names,/app/backend/core/server_registry.py,2045,FASE M1: Crítico para MPRO donde múltiples unidades comparten servidor.
MEDIA,REVISAR,No clasificado,remote POS names,/app/backend/core/server_registry.py,2049,sucursal_id: ID de sucursal (requerido para MPRO)
MEDIA,REVISAR,No clasificado,remote POS names,/app/backend/core/server_registry.py,2055,# SoftRestaurant (sin sucursal)
MEDIA,REVISAR_POSIBLE_LIVE,No clasificado,direct host ddns,/app/backend/core/server_registry.py,2057,"{'codigo': '130MID', ...}"
MEDIA,REVISAR,No clasificado,remote POS names,/app/backend/core/server_registry.py,2059,# MPRO con sucursal 0021
MEDIA,REVISAR,No clasificado,remote POS names,/app/backend/core/server_registry.py,2063,# MPRO con sucursal 0023
MEDIA,REVISAR,No clasificado,remote POS names,/app/backend/core/server_registry.py,2096,"# Sin sucursal, buscar por server_id donde sucursal sea null (SoftRestaurant)"
MEDIA,REVISAR_POSIBLE_LIVE,No clasificado,execute_sql_query,/app/backend/core/server_registry.py,2114,results = execute_sql_query(
MEDIA,REVISAR_POSIBLE_LIVE,No clasificado,execute_sql_query,/app/backend/core/server_registry.py,2142,results = execute_sql_query(
MEDIA,REVISAR,No clasificado,remote POS names,/app/backend/core/server_registry.py,2187,"- MPRO tiene sucursal_origen_id correcta (130QRO=0021, ORIGEN=0023)"
MEDIA,REVISAR,No clasificado,remote POS names,/app/backend/core/server_registry.py,2240,# 4. Verificar sucursales MPRO
MEDIA,REVISAR,No clasificado,remote POS names,/app/backend/core/server_registry.py,2303,"system_type_filter: Opcional. Filtra por system_type (ej: 'SoftRestaurant', 'MPRO')"
MEDIA,REVISAR,No clasificado,remote POS names,/app/backend/core/source_resolver.py,96,"source_type: Tipo de fuente (MPRO, SoftRestaurant, MongoDB, API)"
MEDIA,REVISAR_POSIBLE_LIVE,No clasificado,direct host ddns,/app/backend/core/sql_host_parser.py,8,"4. host con puerto e instancia: servercienfuegos.ddns.net,6669\\nationalsoft"
MEDIA,REVISAR_POSIBLE_LIVE,No clasificado,direct host ddns,/app/backend/core/sql_host_parser.py,13,"config = parse_sql_server_host(""servercienfuegos.ddns.net,6669\\nationalsoft"", 1433)"
MEDIA,REVISAR_POSIBLE_LIVE,No clasificado,direct host ddns,/app/backend/core/sql_host_parser.py,16,"#   ""host"": ""servercienfuegos.ddns.net"","
MEDIA,REVISAR_POSIBLE_LIVE,No clasificado,direct host ddns,/app/backend/core/sql_host_parser.py,19,"#   ""server_for_pyodbc"": ""servercienfuegos.ddns.net,6669"","
MEDIA,REVISAR_POSIBLE_LIVE,No clasificado,direct host ddns,/app/backend/core/sql_host_parser.py,20,"#   ""server_for_pymssql"": ""servercienfuegos.ddns.net"""
MEDIA,REVISAR_POSIBLE_LIVE,No clasificado,pymssql.connect,/app/backend/core/sql_host_parser.py,107,Genera parámetros para pymssql.connect() a partir de host raw.
MEDIA,REVISAR_POSIBLE_LIVE,No clasificado,pymssql.connect,/app/backend/core/sql_host_parser.py,118,Dict con parámetros para pymssql.connect()
MEDIA,REVISAR_POSIBLE_LIVE,No clasificado,pyodbc.connect,/app/backend/core/sql_host_parser.py,142,Genera connection string para pyodbc.connect() a partir de host raw.
MEDIA,REVISAR_POSIBLE_LIVE,No clasificado,pymssql.connect,/app/backend/core/sql_host_parser.py,204,conn = pymssql.connect(**params)
MEDIA,REVISAR_POSIBLE_LIVE,No clasificado,direct host ddns,/app/backend/core/sql_host_parser.py,235,"(""servercienfuegos.ddns.net,6669\\nationalsoft"", None),"
MEDIA,REVISAR_POSIBLE_LIVE,No clasificado,direct host ddns,/app/backend/core/sql_host_parser.py,236,"(""servercienfuegos.ddns.net,6669\\nationalsoft"", 1433),  # puerto del host debe ganar"
MEDIA,REVISAR_POSIBLE_LIVE,No clasificado,direct host ddns,/app/backend/core/sql_host_parser.py,237,"(""130mid.ddns.net"", 1433),"
MEDIA,REVISAR_POSIBLE_LIVE,No clasificado,direct host ddns,/app/backend/core/sql_host_parser.py,238,"(""serverestelar.ddns.net,6969"", None),"
MEDIA,REVISAR,No clasificado,remote POS names,/app/backend/core/system_capability_integration.py,47,"system_type: Código o variante del sistema (ej: ""MPRO"", ""ManagmentPro"", ""SOFRESATAURANT_ENTER"")"
MEDIA,REVISAR,No clasificado,remote POS names,/app/backend/core/system_capability_integration.py,90,"Set de códigos de sistema explorables (ej: {'SOFTRESTAURANT', 'MPRO', 'API_LOCAL'})"
MEDIA,REVISAR,No clasificado,remote POS names,/app/backend/core/system_capability_integration.py,168,"- Si el sistema no está en catálogo, usa lógica legacy (SOFT/MPRO = True)"
MEDIA,REVISAR,No clasificado,remote POS names,/app/backend/core/system_capability_integration.py,189,legacy_result = 'SOFT' in upper or 'MPRO' in upper or 'MANAGEMENT' in upper
MEDIA,REVISAR,No clasificado,remote POS names,/app/backend/core/system_capability_integration.py,226,return 'SOFT' in upper or 'MPRO' in upper or 'MANAGEMENT' in upper
MEDIA,REVISAR,No clasificado,remote POS names,/app/backend/core/system_capability_integration.py,234,"Set de códigos (ej: {'SOFTRESTAURANT', 'MPRO'})"
MEDIA,REVISAR,No clasificado,remote POS names,/app/backend/core/system_capability_integration.py,251,"return {'SOFTRESTAURANT', 'MPRO'}"
MEDIA,REVISAR,No clasificado,remote POS names,/app/backend/core/system_capability_integration.py,260,- EXCLUYE API_LOCAL/Enterprise (no tienen capacidad activa)
MEDIA,REVISAR,No clasificado,remote POS names,/app/backend/core/system_capability_integration.py,284,if 'SOFT' in upper or 'MPRO' in upper or 'MANAGEMENT' in upper:
MEDIA,REVISAR,No clasificado,remote POS names,/app/backend/core/system_capability_integration.py,314,"or 'MPRO' in (s.get('system_type', '') or '').upper()"
MEDIA,REVISAR,No clasificado,remote POS names,/app/backend/core/system_capability_integration.py,355,if 'SOFT' in upper or 'MPRO' in upper:
MEDIA,REVISAR,No clasificado,remote POS names,/app/backend/core/system_capability_integration.py,381,if 'SOFT' in system_type or 'MPRO' in system_type:
MEDIA,REVISAR,No clasificado,remote POS names,/app/backend/core/system_capability_resolver.py,29,"# {'codigo_sistema': 'MPRO', 'nombre_sistema': 'ManagementPro', ...}"
MEDIA,REVISAR,No clasificado,remote POS names,/app/backend/core/system_capability_resolver.py,88,# Exclusivas MPRO
MEDIA,REVISAR_POSIBLE_LIVE,No clasificado,execute_sql_query,/app/backend/core/system_capability_resolver.py,206,result = execute_sql_query(
MEDIA,REVISAR,No clasificado,remote POS names,/app/backend/core/system_capability_resolver.py,368,"codigo_sistema: Código del sistema (ej: ""SOFTRESTAURANT"", ""MPRO"")"
MEDIA,REVISAR,No clasificado,remote POS names,/app/backend/core/system_type_utils.py,12,"- Normalizar system_type a valores estándar (MANAGEMENTPRO, SOFTRESTAURANT, API, UNKNOWN)"
MEDIA,REVISAR,No clasificado,remote POS names,/app/backend/core/system_type_utils.py,14,"- Evitar comparaciones directas frágiles como `== ""MPRO""` o `== ""SR""`"
MEDIA,REVISAR,No clasificado,remote POS names,/app/backend/core/system_type_utils.py,19,"is_mpro_system,"
MEDIA,REVISAR,No clasificado,remote POS names,/app/backend/core/system_type_utils.py,20,"is_softrestaurant_system,"
MEDIA,REVISAR,No clasificado,remote POS names,/app/backend/core/system_type_utils.py,27,"normalized = normalize_system_type(""MPRO"")  # → ""MANAGEMENTPRO"""
MEDIA,REVISAR,No clasificado,remote POS names,/app/backend/core/system_type_utils.py,30,if is_mpro_system(server.get('system_type')):
MEDIA,REVISAR,No clasificado,remote POS names,/app/backend/core/system_type_utils.py,31,# Lógica MPRO
MEDIA,REVISAR,No clasificado,remote POS names,/app/backend/core/system_type_utils.py,32,elif is_softrestaurant_system(server.get('system_type')):
MEDIA,REVISAR,No clasificado,remote POS names,/app/backend/core/system_type_utils.py,33,# Lógica SoftRestaurant
MEDIA,REVISAR,No clasificado,remote POS names,/app/backend/core/system_type_utils.py,48,"SOFTRESTAURANT = ""SOFTRESTAURANT"""
MEDIA,REVISAR,No clasificado,remote POS names,/app/backend/core/system_type_utils.py,49,"MANAGEMENTPRO = ""MANAGEMENTPRO"""
MEDIA,REVISAR,No clasificado,remote POS names,/app/backend/core/system_type_utils.py,56,# ManagementPro variantes
MEDIA,REVISAR,No clasificado,remote POS names,/app/backend/core/system_type_utils.py,57,"""MPRO"": SystemType.MANAGEMENTPRO,"
MEDIA,REVISAR,No clasificado,remote POS names,/app/backend/core/system_type_utils.py,58,"""MANAGEMENTPRO"": SystemType.MANAGEMENTPRO,"
MEDIA,REVISAR,No clasificado,remote POS names,/app/backend/core/system_type_utils.py,59,"""MANAGEMENT_PRO"": SystemType.MANAGEMENTPRO,"
MEDIA,REVISAR,No clasificado,remote POS names,/app/backend/core/system_type_utils.py,60,"""MANAGEMENT PRO"": SystemType.MANAGEMENTPRO,"
MEDIA,REVISAR,No clasificado,remote POS names,/app/backend/core/system_type_utils.py,61,"""MANAGMENTPRO"": SystemType.MANAGEMENTPRO,   # Typo común"
MEDIA,REVISAR,No clasificado,remote POS names,/app/backend/core/system_type_utils.py,62,"""MANAGMENT_PRO"": SystemType.MANAGEMENTPRO,  # Typo común"
MEDIA,REVISAR,No clasificado,remote POS names,/app/backend/core/system_type_utils.py,63,"""MANAGMENT PRO"": SystemType.MANAGEMENTPRO,  # Typo común"
MEDIA,REVISAR,No clasificado,remote POS names,/app/backend/core/system_type_utils.py,64,"""MANAG"": SystemType.MANAGEMENTPRO,"
MEDIA,REVISAR,No clasificado,remote POS names,/app/backend/core/system_type_utils.py,66,# SoftRestaurant variantes
MEDIA,REVISAR,No clasificado,remote POS names,/app/backend/core/system_type_utils.py,67,"""SOFTRESTAURANT"": SystemType.SOFTRESTAURANT,"
MEDIA,REVISAR,No clasificado,remote POS names,/app/backend/core/system_type_utils.py,68,"""SOFTRESTAURANT_PRO"": SystemType.SOFTRESTAURANT,  # SR Pro variant"
MEDIA,REVISAR,No clasificado,remote POS names,/app/backend/core/system_type_utils.py,69,"""SOFTRESTAURANTPRO"": SystemType.SOFTRESTAURANT,   # SR Pro variant"
MEDIA,REVISAR,No clasificado,remote POS names,/app/backend/core/system_type_utils.py,70,"""SR"": SystemType.SOFTRESTAURANT,"
MEDIA,REVISAR,No clasificado,remote POS names,/app/backend/core/system_type_utils.py,71,"""SR_PRO"": SystemType.SOFTRESTAURANT,"
MEDIA,REVISAR,No clasificado,remote POS names,/app/backend/core/system_type_utils.py,72,"""SOFT_RESTAURANT"": SystemType.SOFTRESTAURANT,"
MEDIA,REVISAR,No clasificado,remote POS names,/app/backend/core/system_type_utils.py,73,"""SOFT RESTAURANT"": SystemType.SOFTRESTAURANT,"
MEDIA,REVISAR,No clasificado,remote POS names,/app/backend/core/system_type_utils.py,74,"""SOFT"": SystemType.SOFTRESTAURANT,"
MEDIA,REVISAR,No clasificado,remote POS names,/app/backend/core/system_type_utils.py,75,"""SOFTREST"": SystemType.SOFTRESTAURANT,"
MEDIA,REVISAR,No clasificado,remote POS names,/app/backend/core/system_type_utils.py,86,"SystemType.SOFTRESTAURANT: ""SoftRestaurant"","
MEDIA,REVISAR,No clasificado,remote POS names,/app/backend/core/system_type_utils.py,87,"SystemType.MANAGEMENTPRO: ""ManagementPro"","
MEDIA,REVISAR,No clasificado,remote POS names,/app/backend/core/system_type_utils.py,102,"- MPRO, MANAGEMENTPRO, MANAGEMENT_PRO, etc. → ""MANAGEMENTPRO"""
MEDIA,REVISAR,No clasificado,remote POS names,/app/backend/core/system_type_utils.py,103,"- SOFT, SR, SOFTRESTAURANT, etc. → ""SOFTRESTAURANT"""
MEDIA,REVISAR,No clasificado,remote POS names,/app/backend/core/system_type_utils.py,111,"str: Uno de SOFTRESTAURANT, MANAGEMENTPRO, API, UNKNOWN"
MEDIA,REVISAR,No clasificado,remote POS names,/app/backend/core/system_type_utils.py,113,IMPORTANTE: NUNCA asume SoftRestaurant por default.
MEDIA,REVISAR,No clasificado,remote POS names,/app/backend/core/system_type_utils.py,128,def is_mpro_system(system_type: Optional[str]) -> bool:
MEDIA,REVISAR,No clasificado,remote POS names,/app/backend/core/system_type_utils.py,130,Verifica si el sistema es ManagementPro/MPRO.
MEDIA,REVISAR,No clasificado,remote POS names,/app/backend/core/system_type_utils.py,132,"Acepta cualquier variante: MPRO, ManagementPro, MANAGEMENT_PRO, etc."
MEDIA,REVISAR,No clasificado,remote POS names,/app/backend/core/system_type_utils.py,138,bool: True si es ManagementPro/MPRO
MEDIA,REVISAR,No clasificado,remote POS names,/app/backend/core/system_type_utils.py,140,return normalize_system_type(system_type) == SystemType.MANAGEMENTPRO.value
MEDIA,REVISAR,No clasificado,remote POS names,/app/backend/core/system_type_utils.py,143,def is_softrestaurant_system(system_type: Optional[str]) -> bool:
MEDIA,REVISAR,No clasificado,remote POS names,/app/backend/core/system_type_utils.py,145,Verifica si el sistema es SoftRestaurant.
MEDIA,REVISAR,No clasificado,remote POS names,/app/backend/core/system_type_utils.py,147,"Acepta cualquier variante: SR, SOFT, SoftRestaurant, etc."
MEDIA,REVISAR,No clasificado,remote POS names,/app/backend/core/system_type_utils.py,153,bool: True si es SoftRestaurant
MEDIA,REVISAR,No clasificado,remote POS names,/app/backend/core/system_type_utils.py,155,return normalize_system_type(system_type) == SystemType.SOFTRESTAURANT.value
MEDIA,REVISAR,No clasificado,remote POS names,/app/backend/core/system_type_utils.py,205,"str: Label legible (ej: ""ManagementPro"", ""SoftRestaurant"")"
MEDIA,REVISAR,No clasificado,remote POS names,/app/backend/core/system_type_utils.py,261,"available_for: Lista de sistemas donde está disponible (ej: [""MPRO""])"
MEDIA,REVISAR,No clasificado,remote POS names,/app/backend/core/system_type_utils.py,343,Garantiza que MPRO y SoftRestaurant NUNCA compartan caché.
MEDIA,REVISAR,No clasificado,remote POS names,/app/backend/core/system_type_utils.py,357,"""compras"", ""inventarios"", ""server-123"", ""MPRO"","
MEDIA,REVISAR,No clasificado,remote POS names,/app/backend/core/system_type_utils.py,360,"→ ""compras:inventarios:server-123:MANAGEMENTPRO:sucursal_id=0021:fecha_inicio=2025-01-01"""
MEDIA,REVISAR,No clasificado,remote POS names,/app/backend/core/system_type_utils.py,390,"'is_mpro_system',"
MEDIA,REVISAR,No clasificado,remote POS names,/app/backend/core/system_type_utils.py,391,"'is_softrestaurant_system',"
MEDIA,REVISAR,No clasificado,remote POS names,/app/backend/core/system_type_utils.py,419,target_type: Tipo objetivo ('SOFTRESTAURANT' o 'MANAGEMENTPRO')
MEDIA,REVISAR,No clasificado,remote POS names,/app/backend/core/system_type_utils.py,425,get_system_type_sql_values('SOFTRESTAURANT')
MEDIA,REVISAR,No clasificado,remote POS names,/app/backend/core/system_type_utils.py,426,"→ ['SOFTRESTAURANT', 'SOFTRESTAURANT_PRO', 'SR', 'SOFT', ...]"
MEDIA,REVISAR,No clasificado,remote POS names,/app/backend/core/system_type_utils.py,429,"if target_type.upper() in ['SOFTRESTAURANT', 'SR', 'SOFT']:"
MEDIA,REVISAR,No clasificado,remote POS names,/app/backend/core/system_type_utils.py,430,target_enum = SystemType.SOFTRESTAURANT
MEDIA,REVISAR,No clasificado,remote POS names,/app/backend/core/system_type_utils.py,431,"elif target_type.upper() in ['MANAGEMENTPRO', 'MPRO']:"
MEDIA,REVISAR,No clasificado,remote POS names,/app/backend/core/system_type_utils.py,432,target_enum = SystemType.MANAGEMENTPRO
MEDIA,REVISAR,No clasificado,remote POS names,/app/backend/core/system_type_utils.py,449,target_type: Tipo objetivo ('SOFTRESTAURANT' o 'MANAGEMENTPRO')
MEDIA,REVISAR,No clasificado,remote POS names,/app/backend/core/system_type_utils.py,455,"build_system_type_sql_filter('s.system_type', 'SOFTRESTAURANT')"
MEDIA,REVISAR,No clasificado,remote POS names,/app/backend/core/system_type_utils.py,456,"→ ""s.system_type IN ('SOFTRESTAURANT', 'SOFTRESTAURANT_PRO', 'SR', ...)"""
MEDIA,REVISAR_POSIBLE_LIVE,No clasificado,direct host ddns,/app/backend/core/text_normalizer.py,120,"'130MID': '130° MERIDA',      # Sin acento"
MEDIA,REVISAR_POSIBLE_LIVE,No clasificado,direct host ddns,/app/backend/core/text_normalizer.py,133,unidad_id: Código de la unidad (ej: '130MID')
MEDIA,REVISAR_POSIBLE_LIVE,No clasificado,direct host ddns,/app/backend/core/unidades_registry.py,11,"CÓDIGOS OFICIALES: 130MID, 130QRO, CIENFUEGOS, ESTELAR, ORIGEN"
MEDIA,REVISAR_POSIBLE_LIVE,No clasificado,direct host ddns,/app/backend/core/unidades_registry.py,40,"codigo: str                     # Código canónico (130MID, CIENFUEGOS, etc.)"
MEDIA,REVISAR,No clasificado,remote POS names,/app/backend/core/unidades_registry.py,44,"sistema: str                    # SoftRestaurant, MPRO"
MEDIA,REVISAR_POSIBLE_LIVE,No clasificado,pymssql.connect,/app/backend/core/unidades_registry.py,51,return pymssql.connect(
MEDIA,REVISAR,No clasificado,remote POS names,/app/backend/core/unidades_registry.py,184,"Obtiene unidades filtradas por sistema (SoftRestaurant, MPRO)."
MEDIA,REVISAR,No clasificado,remote POS names,/app/backend/core/unidades_registry.py,187,"sistema: ""SoftRestaurant"" o ""MPRO"""
MEDIA,REVISAR_POSIBLE_LIVE,No clasificado,pymssql.connect,/app/backend/core/user_access_context.py,69,return pymssql.connect(
MEDIA,REVISAR_POSIBLE_LIVE,No clasificado,pymssql.connect,/app/backend/core/utils/operational_window.py,95,conn = pymssql.connect(
MEDIA,REVISAR,No clasificado,remote POS names,/app/backend/init_queries.py,14,MPRO_QUERIES = {
MEDIA,REVISAR,No clasificado,remote POS names,/app/backend/init_queries.py,276,# Insert MPRO queries
MEDIA,REVISAR,No clasificado,remote POS names,/app/backend/init_queries.py,277,"for query_type, sql_query in MPRO_QUERIES.items():"
MEDIA,REVISAR,No clasificado,remote POS names,/app/backend/init_queries.py,280,"""name"": f""MPRO - {query_type.capitalize()}"","
MEDIA,REVISAR,No clasificado,remote POS names,/app/backend/init_queries.py,281,"""system_type"": ""MPRO"","
MEDIA,REVISAR,No clasificado,remote POS names,/app/backend/models/portal_models.py,67,"tipo_comprobante: str = ""I"""
MEDIA,REVISAR,No clasificado,remote POS names,/app/backend/modules/api_connections/__init__.py,4,"Gestiona conexiones a APIs locales (MPRO, etc.) para obtener ventas del día"
MEDIA,REVISAR_POSIBLE_LIVE,No clasificado,execute_sql_query,/app/backend/modules/api_connections/repository.py,79,execute_sql_query(
MEDIA,REVISAR,No clasificado,remote POS names,/app/backend/modules/api_connections/repository.py,129,"'tipo': row.get('system_type', 'MPRO'),"
MEDIA,REVISAR_POSIBLE_LIVE,No clasificado,execute_sql_query,/app/backend/modules/api_connections/repository.py,165,results = execute_sql_query(
MEDIA,REVISAR_POSIBLE_LIVE,No clasificado,execute_sql_query,/app/backend/modules/api_connections/repository.py,196,results = execute_sql_query(
MEDIA,REVISAR_POSIBLE_LIVE,No clasificado,execute_sql_query,/app/backend/modules/api_connections/repository.py,230,results = execute_sql_query(
MEDIA,REVISAR,No clasificado,remote POS names,/app/backend/modules/api_connections/repository.py,297,"N'{_escape_sql(data.get(""tipo"", ""MPRO""))}',"
MEDIA,REVISAR_POSIBLE_LIVE,No clasificado,execute_sql_query,/app/backend/modules/api_connections/repository.py,316,execute_sql_query(
MEDIA,REVISAR_POSIBLE_LIVE,No clasificado,execute_sql_query,/app/backend/modules/api_connections/repository.py,411,execute_sql_query(
MEDIA,REVISAR_POSIBLE_LIVE,No clasificado,execute_sql_query,/app/backend/modules/api_connections/repository.py,453,execute_sql_query(
MEDIA,REVISAR_POSIBLE_LIVE,No clasificado,execute_sql_query,/app/backend/modules/api_connections/repository.py,632,results = execute_sql_query(
MEDIA,REVISAR,No clasificado,remote POS names,/app/backend/modules/api_connections/repository.py,661,"'tipo': row.get('system_type', 'MPRO'),"
MEDIA,REVISAR_POSIBLE_LIVE,No clasificado,execute_sql_query,/app/backend/modules/api_connections/repository.py,683,results = execute_sql_query(
MEDIA,REVISAR_POSIBLE_LIVE,No clasificado,pymssql.connect,/app/backend/modules/api_connections/universal_test_routes.py,142,conn = pymssql.connect(
MEDIA,REVISAR_POSIBLE_LIVE,No clasificado,pymssql.connect,/app/backend/modules/api_connections/universal_test_routes.py,181,conn = pymssql.connect(
MEDIA,REVISAR_POSIBLE_LIVE,No clasificado,pymssql.connect,/app/backend/modules/auth/context_service.py,47,return pymssql.connect(
MEDIA,REVISAR_POSIBLE_LIVE,No clasificado,pymssql.connect,/app/backend/modules/auth/password_reset.py,55,return pymssql.connect(
MEDIA,REVISAR_POSIBLE_LIVE,No clasificado,pymssql.connect,/app/backend/modules/auth/repository.py,101,conn = pymssql.connect(
MEDIA,REVISAR_POSIBLE_LIVE,No clasificado,pymssql.connect,/app/backend/modules/auth/repository.py,313,return pymssql.connect(
MEDIA,REVISAR,No clasificado,remote POS names,/app/backend/modules/auth/routes.py,313,- El usuario sospecha que su cuenta fue comprometida
MEDIA,REVISAR_POSIBLE_LIVE,No clasificado,pymssql.connect,/app/backend/modules/auth/service.py,374,conn = pymssql.connect(
MEDIA,REVISAR,No clasificado,remote POS names,/app/backend/modules/automatizacion/feature_flags.py,29,"""CONEXION_SOFTRESTAURANT_ACTIVA"": False,"
MEDIA,REVISAR,No clasificado,remote POS names,/app/backend/modules/automatizacion/feature_flags.py,30,"""CONEXION_MPRO_ACTIVA"": False,"
MEDIA,REVISAR,No clasificado,remote POS names,/app/backend/modules/automatizacion/queries_mpro.py,2,# CAB-003 FASE 1B.1 - QUERIES MPRO (ManagementPro)
MEDIA,REVISAR,No clasificado,remote POS names,/app/backend/modules/automatizacion/queries_mpro.py,4,# Constantes SQL para detección de inventarios válidos en MPRO
MEDIA,REVISAR,No clasificado,remote POS names,/app/backend/modules/automatizacion/queries_mpro.py,6,# REGLAS DE NEGOCIO MPRO:
MEDIA,REVISAR,No clasificado,remote POS names,/app/backend/modules/automatizacion/queries_soft.py,2,# CAB-003 FASE 1B.1 - QUERIES SOFTRESTAURANT
MEDIA,REVISAR,No clasificado,remote POS names,/app/backend/modules/automatizacion/queries_soft.py,4,# Constantes SQL para detección de inventarios válidos en SoftRestaurant
MEDIA,REVISAR,No clasificado,remote POS names,/app/backend/modules/automatizacion/queries_soft.py,94,# Nota: Algunas versiones de SoftRestaurant no tienen columna 'activo'
MEDIA,REVISAR,No clasificado,remote POS names,/app/backend/modules/automatizacion/repository.py,103,sistema_origen: 'SOFTRESTAURANT' o 'MPRO'
MEDIA,REVISAR_POSIBLE_LIVE,No clasificado,pymssql.connect,/app/backend/modules/automatizacion/repository.py,344,conn = pymssql.connect(
MEDIA,REVISAR,No clasificado,remote POS names,/app/backend/modules/automatizacion/schemas.py,24,"SistemaOrigen = Literal[""SOFTRESTAURANT"", ""MPRO""]"
MEDIA,REVISAR_POSIBLE_LIVE,No clasificado,execute_sql_query,/app/backend/modules/catalogos/repository.py,54,return execute_sql_query(
MEDIA,REVISAR_POSIBLE_LIVE,No clasificado,execute_sql_query,/app/backend/modules/catalogos/routes.py,89,rows = execute_sql_query(
MEDIA,REVISAR_POSIBLE_LIVE,No clasificado,execute_sql_query,/app/backend/modules/catalogos/routes.py,118,rows = execute_sql_query(
MEDIA,REVISAR_POSIBLE_LIVE,No clasificado,execute_sql_query,/app/backend/modules/catalogos/routes.py,170,result = execute_sql_query(
MEDIA,REVISAR_POSIBLE_LIVE,No clasificado,execute_sql_query,/app/backend/modules/catalogos/routes.py,185,result = execute_sql_query(
MEDIA,REVISAR_POSIBLE_LIVE,No clasificado,execute_sql_query,/app/backend/modules/catalogos/routes.py,235,result = execute_sql_query(
MEDIA,REVISAR_POSIBLE_LIVE,No clasificado,execute_sql_query,/app/backend/modules/catalogos/routes.py,250,result = execute_sql_query(
MEDIA,REVISAR_POSIBLE_LIVE,No clasificado,execute_sql_query,/app/backend/modules/catalogos/routes.py,302,result = execute_sql_query(
MEDIA,REVISAR_POSIBLE_LIVE,No clasificado,execute_sql_query,/app/backend/modules/catalogos/routes.py,315,execute_sql_query(
MEDIA,REVISAR_POSIBLE_LIVE,No clasificado,execute_sql_query,/app/backend/modules/catalogos/routes.py,346,result = execute_sql_query(
MEDIA,REVISAR_POSIBLE_LIVE,No clasificado,execute_sql_query,/app/backend/modules/catalogos/routes.py,367,execute_sql_query(
MEDIA,REVISAR_POSIBLE_LIVE,No clasificado,execute_sql_query,/app/backend/modules/catalogos/routes.py,399,result = execute_sql_query(
MEDIA,REVISAR_POSIBLE_LIVE,No clasificado,execute_sql_query,/app/backend/modules/catalogos/routes.py,423,execute_sql_query(
MEDIA,REVISAR_POSIBLE_LIVE,No clasificado,execute_sql_query,/app/backend/modules/catalogos/routes.py,458,result = execute_sql_query(
MEDIA,REVISAR_POSIBLE_LIVE,No clasificado,execute_sql_query,/app/backend/modules/catalogos/routes.py,482,execute_sql_query(
MEDIA,REVISAR_POSIBLE_LIVE,No clasificado,pymssql.connect,/app/backend/modules/cava_socios/service.py,32,return pymssql.connect(
MEDIA,REVISAR_POSIBLE_LIVE,No clasificado,pymssql.connect,/app/backend/modules/configuracion/repositories/config_asignaciones_repository.py,37,return pymssql.connect(
MEDIA,REVISAR,No clasificado,remote POS names,/app/backend/modules/crm/__init__.py,1,# Módulo CRM Enterprise - EDARSA HUB
MEDIA,REVISAR_POSIBLE_LIVE,No clasificado,pymssql.connect,/app/backend/modules/crm/automation_service.py,31,return pymssql.connect(
MEDIA,REVISAR_POSIBLE_LIVE,No clasificado,pymssql.connect,/app/backend/modules/crm/integration/staging_processor.py,76,return pymssql.connect(
MEDIA,REVISAR_POSIBLE_LIVE,No clasificado,pymssql.connect,/app/backend/modules/crm/integration/staging_service.py,33,return pymssql.connect(
MEDIA,REVISAR_POSIBLE_LIVE,No clasificado,pymssql.connect,/app/backend/modules/crm/integration_routes.py,85,return pymssql.connect(
MEDIA,REVISAR,No clasificado,remote POS names,/app/backend/modules/crm/native_routes.py,2,EDARSA HUB - CRM Enterprise Native Routes
MEDIA,REVISAR_POSIBLE_LIVE,No clasificado,pymssql.connect,/app/backend/modules/crm/native_routes.py,81,conn = pymssql.connect(
MEDIA,REVISAR_POSIBLE_LIVE,No clasificado,pymssql.connect,/app/backend/modules/crm/native_routes.py,311,conn = pymssql.connect(
MEDIA,REVISAR_POSIBLE_LIVE,No clasificado,pymssql.connect,/app/backend/modules/crm/native_routes.py,422,conn = pymssql.connect(
MEDIA,REVISAR,No clasificado,remote POS names,/app/backend/modules/crm/native_service.py,2,EDARSA HUB - CRM Enterprise Native Service
MEDIA,REVISAR,No clasificado,remote POS names,/app/backend/modules/crm/repository.py,2,EDARSA HUB - CRM Enterprise Repository
MEDIA,REVISAR_POSIBLE_LIVE,No clasificado,pymssql.connect,/app/backend/modules/crm/repository.py,32,return pymssql.connect(
MEDIA,REVISAR,No clasificado,remote POS names,/app/backend/modules/crm/routes.py,22,"""""""Obtiene el estado del CRM Enterprise"""""""
MEDIA,REVISAR,No clasificado,remote POS names,/app/backend/modules/crm/schemas.py,2,EDARSA HUB - CRM Enterprise Schemas
MEDIA,REVISAR,No clasificado,remote POS names,/app/backend/modules/crm/service.py,2,CRM Service - Servicio CRM Enterprise SQL-First
MEDIA,REVISAR,No clasificado,remote POS names,/app/backend/modules/crm/service.py,15,Servicio CRM Enterprise - SQL-First
MEDIA,REVISAR,No clasificado,remote POS names,/app/backend/modules/crm/service.py,47,"""message"": ""CRM Enterprise conectado a EDARSAHUB SQL"","
MEDIA,REVISAR_POSIBLE_LIVE,No clasificado,pymssql.connect,/app/backend/modules/crm/trigger_service.py,73,return pymssql.connect(
MEDIA,REVISAR,No clasificado,remote POS names,/app/backend/modules/edge/comandero_local_core.py,33,"softrestaurant_id TEXT,"
MEDIA,REVISAR,No clasificado,remote POS names,/app/backend/modules/edge/comandero_local_core.py,77,"sap_material_id, softrestaurant_id, odoo_product_id, mopro_id"
MEDIA,REVISAR_POSIBLE_LIVE,No clasificado,pymssql.connect,/app/backend/modules/fase2_operativo/repositories/sql_base_repository.py,318,return pymssql.connect(
MEDIA,REVISAR,No clasificado,remote POS names,/app/backend/modules/fase2_operativo/schemas/justificacion_schemas.py,109,cantidad_mpro: float
MEDIA,REVISAR_POSIBLE_LIVE,No clasificado,pymssql.connect,/app/backend/modules/fase2_operativo/sql_repository.py,41,return pymssql.connect(
MEDIA,REVISAR_POSIBLE_LIVE,No clasificado,pymssql.connect,/app/backend/modules/sistema/menu_service.py,29,return pymssql.connect(
MEDIA,REVISAR_POSIBLE_LIVE,No clasificado,pymssql.connect,/app/backend/modules/tablajeria/fase6_service.py,81,return pymssql.connect(
MEDIA,REVISAR_POSIBLE_LIVE,No clasificado,pymssql.connect,/app/backend/modules/tablajeria/ordenes_service.py,39,return pymssql.connect(
MEDIA,REVISAR_POSIBLE_LIVE,No clasificado,pymssql.connect,/app/backend/modules/tablajeria/routes.py,50,return pymssql.connect(
MEDIA,REVISAR,No clasificado,remote POS names,/app/backend/modules/tablajeria/schemas.py,20,"LEGACY_MPRO_TABLAJERIA = ""LEGACY_MPRO_TABLAJERIA"""
MEDIA,REVISAR,No clasificado,remote POS names,/app/backend/modules/tablajeria/schemas.py,285,class MPROSubgrupoInsumo(BaseModel):
MEDIA,REVISAR,No clasificado,remote POS names,/app/backend/modules/tablajeria/schemas.py,286,"""""""Estructura de subgrupo_insumos en MPRO"""""""
MEDIA,REVISAR,No clasificado,remote POS names,/app/backend/modules/tablajeria/schemas.py,299,class MPROReceta(BaseModel):
MEDIA,REVISAR,No clasificado,remote POS names,/app/backend/modules/tablajeria/schemas.py,300,"""""""Estructura de receta en MPRO"""""""
MEDIA,REVISAR,No clasificado,remote POS names,/app/backend/modules/tablajeria/schemas.py,306,class MPROSucursal(BaseModel):
MEDIA,REVISAR,No clasificado,remote POS names,/app/backend/modules/tablajeria/schemas.py,307,"""""""Estructura de sucursales en MPRO"""""""
MEDIA,REVISAR_POSIBLE_LIVE,No clasificado,pymssql.connect,/app/backend/modules/universal_query/routes.py,184,conn = pymssql.connect(
MEDIA,REVISAR,No clasificado,remote POS names,/app/backend/routes/portal_proveedores.py,435,if root.tag != '{http://www.sat.gob.mx/cfd/4}Comprobante':
MEDIA,REVISAR,No clasificado,remote POS names,/app/backend/routes/portal_proveedores.py,478,"""tipo_comprobante"": root.get('TipoDeComprobante', 'I'),"
MEDIA,REVISAR,No clasificado,remote POS names,/app/backend/routes/portal_proveedores.py,629,# Filtrar también por system_type válidos (MPRO o SoftRestaurant)
MEDIA,REVISAR,No clasificado,remote POS names,/app/backend/routes/portal_proveedores.py,630,"servers = [s for s in servers if s.get(""system_type"") in [""MPRO"", ""SoftRestaurant""]]"
MEDIA,REVISAR,No clasificado,remote POS names,/app/backend/routes/portal_proveedores.py,649,if system_type == 'MPRO':
MEDIA,REVISAR,No clasificado,remote POS names,/app/backend/routes/portal_proveedores.py,681,# Sucursales en MPRO vienen de la tabla Sucursal
MEDIA,REVISAR,No clasificado,remote POS names,/app/backend/routes/portal_proveedores.py,783,elif system_type == 'SoftRestaurant':
MEDIA,REVISAR,No clasificado,remote POS names,/app/backend/routes/portal_proveedores.py,813,# SoftRestaurant no tiene sucursales típicamente (es monobranch)
MEDIA,REVISAR,No clasificado,remote POS names,/app/backend/routes/portal_proveedores.py,872,# Facturas pendientes - SoftRestaurant
MEDIA,REVISAR,No clasificado,remote POS names,/app/backend/server.py,424,"is_mpro_system,"
MEDIA,REVISAR,No clasificado,remote POS names,/app/backend/server.py,425,"is_softrestaurant_system,"
MEDIA,REVISAR,No clasificado,remote POS names,/app/backend/server.py,443,# - Adapters (APIs locales MPRO) migrados a modules/comercial/adapters.py
MEDIA,REVISAR,No clasificado,remote POS names,/app/backend/server.py,449,"APIS_MPRO_LOCALES,"
MEDIA,REVISAR,No clasificado,remote POS names,/app/backend/server.py,450,"query_api_mpro_local,"
MEDIA,REVISAR,No clasificado,remote POS names,/app/backend/server.py,506,# FASE 1C-3I-B v2: Competidores Enterprise por Unidad de Negocio
MEDIA,REVISAR,No clasificado,remote POS names,/app/backend/server.py,552,"# - FASE 1 MVP: Solo SoftRestaurant (La Estelar, Cienfuegos, 130 Mérida)"
MEDIA,REVISAR,No clasificado,remote POS names,/app/backend/server.py,553,# - FUERA DE ALCANCE: MPRO (pendiente para fase posterior)
MEDIA,REVISAR,No clasificado,remote POS names,/app/backend/server.py,570,from modules.finanzas.repository_mpro import FinanzasRepositoryMPRO
MEDIA,REVISAR,No clasificado,remote POS names,/app/backend/server.py,571,from modules.finanzas.repository_softrestaurant import FinanzasRepositorySoftRestaurant
MEDIA,REVISAR,No clasificado,remote POS names,/app/backend/server.py,593,# MPRO (para cuentas por pagar - fallback)
MEDIA,REVISAR,No clasificado,remote POS names,/app/backend/server.py,594,_mpro_repo = FinanzasRepositoryMPRO(None)  # MongoDB eliminado
MEDIA,REVISAR,No clasificado,remote POS names,/app/backend/server.py,595,finanzas_cxp.set_mpro_repository(_mpro_repo)
MEDIA,REVISAR,No clasificado,remote POS names,/app/backend/server.py,597,"# SOFTRESTAURANT (CF, Estelar, 130 Mid - principal para CxP)"
MEDIA,REVISAR,No clasificado,remote POS names,/app/backend/server.py,598,_softrest_repo = FinanzasRepositorySoftRestaurant(None)  # MongoDB eliminado
MEDIA,REVISAR,No clasificado,remote POS names,/app/backend/server.py,599,finanzas_cxp.set_softrestaurant_repository(_softrest_repo)
MEDIA,REVISAR_POSIBLE_LIVE,No clasificado,pymssql.connect,/app/backend/server.py,800,conn = pymssql.connect(
MEDIA,REVISAR_POSIBLE_LIVE,No clasificado,pymssql.connect,/app/backend/server.py,887,conn = pymssql.connect(
MEDIA,REVISAR_POSIBLE_LIVE,No clasificado,pymssql.connect,/app/backend/server.py,971,conn = pymssql.connect(
MEDIA,REVISAR_POSIBLE_LIVE,No clasificado,pymssql.connect,/app/backend/server.py,1052,conn = pymssql.connect(
MEDIA,REVISAR,No clasificado,remote POS names,/app/backend/server.py,1209,Prueba la conexión a una API local (SoftRestaurant o MPRO).
MEDIA,REVISAR,No clasificado,remote POS names,/app/backend/server.py,1226,# NO usa tablas específicas de MPRO (Comanda) ni SoftRestaurant (cheques)
MEDIA,REVISAR,No clasificado,remote POS names,/app/backend/server.py,1317,"system_type: str  # ""MPRO"", ""SoftRestaurant"", ""Otro"", ""EDARSA_HUB"""
MEDIA,REVISAR,No clasificado,remote POS names,/app/backend/server.py,1503,# Compromisos
MEDIA,REVISAR,No clasificado,remote POS names,/app/backend/server.py,1504,"compromisos_almacen: str = """""
MEDIA,REVISAR,No clasificado,remote POS names,/app/backend/server.py,1505,"compromisos_personal: str = """""
MEDIA,REVISAR,No clasificado,remote POS names,/app/backend/server.py,1506,"compromisos_gerencia: str = """""
MEDIA,REVISAR,No clasificado,remote POS names,/app/backend/server.py,1517,compromisos_almacen: Optional[str] = None
MEDIA,REVISAR,No clasificado,remote POS names,/app/backend/server.py,1518,compromisos_personal: Optional[str] = None
MEDIA,REVISAR,No clasificado,remote POS names,/app/backend/server.py,1519,compromisos_gerencia: Optional[str] = None
MEDIA,REVISAR,No clasificado,remote POS names,/app/backend/server.py,1547,# Compromisos
MEDIA,REVISAR,No clasificado,remote POS names,/app/backend/server.py,1548,"compromisos_almacen: str = """""
MEDIA,REVISAR,No clasificado,remote POS names,/app/backend/server.py,1549,"compromisos_personal: str = """""
MEDIA,REVISAR,No clasificado,remote POS names,/app/backend/server.py,1550,"compromisos_gerencia: str = """""
MEDIA,REVISAR_POSIBLE_LIVE,No clasificado,execute_sql_query,/app/backend/server.py,1566,#   - execute_sql_query()
MEDIA,REVISAR_POSIBLE_LIVE,No clasificado,execute_sql_query,/app/backend/server.py,2128,result = execute_sql_query(
MEDIA,REVISAR_POSIBLE_LIVE,No clasificado,execute_sql_query,/app/backend/server.py,2365,results = execute_sql_query(
MEDIA,REVISAR,No clasificado,remote POS names,/app/backend/server.py,2674,"is_mpro = is_mpro_system(server.get('system_type', ''))"
MEDIA,REVISAR,No clasificado,remote POS names,/app/backend/server.py,2683,"'tipo': _infer_tipo_from_codigo(codigo_str, is_mpro)"
MEDIA,REVISAR,No clasificado,remote POS names,/app/backend/server.py,2689,"def _infer_tipo_from_codigo(codigo: str, is_mpro: bool = False) -> str:"
MEDIA,REVISAR,No clasificado,remote POS names,/app/backend/server.py,2694,"- SoftRestaurant: E* = EN (entrada), S* = SA (salida)"
MEDIA,REVISAR,No clasificado,remote POS names,/app/backend/server.py,2695,"- MPRO: 0* = EN (entrada), 4* = SA (salida) (según configuración validada)"
MEDIA,REVISAR,No clasificado,remote POS names,/app/backend/server.py,2714,"# SoftRestaurant: E* = EN (entrada), S* = SA (salida)"
MEDIA,REVISAR,No clasificado,remote POS names,/app/backend/server.py,2720,"# MPRO: 0* = EN (entrada), 4* = SA (salida)"
MEDIA,REVISAR,No clasificado,remote POS names,/app/backend/server.py,2721,if is_mpro:
MEDIA,REVISAR,No clasificado,remote POS names,/app/backend/server.py,2904,if is_mpro_system(server.get('system_type')):
MEDIA,REVISAR,No clasificado,remote POS names,/app/backend/server.py,2905,# Intentar obtener sucursales de MPRO
MEDIA,REVISAR_POSIBLE_LIVE,No clasificado,execute_sql_query,/app/backend/server.py,2909,results = execute_sql_query(
MEDIA,REVISAR,No clasificado,remote POS names,/app/backend/server.py,2917,"logging.info(f""[MPRO Sucursales] Resultado: {len(results) if results else 0} sucursales"")"
MEDIA,REVISAR,No clasificado,remote POS names,/app/backend/server.py,2921,"logging.warning(f""MPRO Sucursales query failed: {e}"")"
MEDIA,REVISAR_POSIBLE_LIVE,No clasificado,execute_sql_query,/app/backend/server.py,2927,almacenes = execute_sql_query(
MEDIA,REVISAR,No clasificado,remote POS names,/app/backend/server.py,2938,"logging.warning(f""MPRO Almacenes query failed: {e}"")"
MEDIA,REVISAR,No clasificado,remote POS names,/app/backend/server.py,2944,elif is_softrestaurant_system(server.get('system_type')):
MEDIA,REVISAR,No clasificado,remote POS names,/app/backend/server.py,2945,# SoftRestaurant NO tiene tabla Sucursal - devolvemos una sucursal virtual con el nombre del servidor
MEDIA,REVISAR_POSIBLE_LIVE,No clasificado,execute_sql_query,/app/backend/server.py,2951,results = execute_sql_query(
MEDIA,REVISAR,No clasificado,remote POS names,/app/backend/server.py,3028,if is_mpro_system(server.get('system_type')):
MEDIA,REVISAR_POSIBLE_LIVE,No clasificado,execute_sql_query,/app/backend/server.py,3041,results = execute_sql_query(
MEDIA,REVISAR,No clasificado,remote POS names,/app/backend/server.py,3045,"logging.info(f""[RBAC-ALMACENES] MPRO devolvió {len(results)} almacenes (filtrado RBAC)"")"
MEDIA,REVISAR,No clasificado,remote POS names,/app/backend/server.py,3048,elif is_softrestaurant_system(server.get('system_type')):
MEDIA,REVISAR_POSIBLE_LIVE,No clasificado,execute_sql_query,/app/backend/server.py,3061,results = execute_sql_query(
MEDIA,REVISAR,No clasificado,remote POS names,/app/backend/server.py,3065,"logging.info(f""[RBAC-ALMACENES] SoftRestaurant devolvió {len(results)} almacenes (filtrado RBAC)"")"
MEDIA,REVISAR_POSIBLE_LIVE,No clasificado,execute_sql_query,/app/backend/server.py,3080,results = execute_sql_query(
MEDIA,REVISAR,No clasificado,remote POS names,/app/backend/server.py,3156,if is_mpro_system(server.get('system_type')):
MEDIA,REVISAR_POSIBLE_LIVE,No clasificado,execute_sql_query,/app/backend/server.py,3158,sucursales_sql = execute_sql_query(
MEDIA,REVISAR,No clasificado,remote POS names,/app/backend/server.py,3162,elif is_softrestaurant_system(server.get('system_type')):
MEDIA,REVISAR,No clasificado,remote POS names,/app/backend/server.py,3163,"# SoftRestaurant no tiene tabla Sucursal, crear virtual"
MEDIA,REVISAR_POSIBLE_LIVE,No clasificado,direct host ddns,/app/backend/server.py,3373,"- codigo: Código corto (130MID, 130QRO, etc.)"
MEDIA,REVISAR,No clasificado,remote POS names,/app/backend/server.py,3376,"- system_type: Tipo de sistema (MPRO, SoftRestaurant)"
MEDIA,REVISAR,No clasificado,remote POS names,/app/backend/server.py,3377,- sucursal_origen_id: Código de sucursal en sistema externo (solo MPRO)
MEDIA,REVISAR_POSIBLE_LIVE,No clasificado,execute_sql_query,/app/backend/server.py,3409,unidades_sql = execute_sql_query(
MEDIA,REVISAR,No clasificado,remote POS names,/app/backend/server.py,3458,"# Para SoftRestaurant (single-tenant), sucursal_origen_id debe ser null"
MEDIA,REVISAR,No clasificado,remote POS names,/app/backend/server.py,3459,if system_type == 'SoftRestaurant' and sucursal_origen_id:
MEDIA,REVISAR,No clasificado,remote POS names,/app/backend/server.py,3461,"f""[UNIDADES_NEGOCIO] Inconsistencia: {u['nombre']} es SoftRestaurant pero tiene sucursal_origen_id={sucursal_origen_id}"""
MEDIA,REVISAR,No clasificado,remote POS names,/app/backend/server.py,3505,Obtiene la lista de almacenes de SoftRestaurant (no requiere sucursal).
MEDIA,REVISAR,No clasificado,remote POS names,/app/backend/server.py,3531,if not is_softrestaurant_system(server.get('system_type')):
MEDIA,REVISAR,No clasificado,remote POS names,/app/backend/server.py,3544,# Query para obtener almacenes de SoftRestaurant incluyendo el tipo
MEDIA,REVISAR_POSIBLE_LIVE,No clasificado,execute_sql_query,/app/backend/server.py,3557,results = execute_sql_query(
MEDIA,REVISAR,No clasificado,remote POS names,/app/backend/server.py,3568,"logging.error(f""Error obteniendo almacenes SoftRestaurant: {str(e)}"")"
MEDIA,REVISAR,No clasificado,remote POS names,/app/backend/server.py,3614,if is_mpro_system(server.get('system_type')):
MEDIA,REVISAR,No clasificado,remote POS names,/app/backend/server.py,3642,"logging.info(f""[RBAC-INVENTARIOS-LIST] MPRO Query con filtro RBAC aplicado"")"
MEDIA,REVISAR,No clasificado,remote POS names,/app/backend/server.py,3643,elif is_softrestaurant_system(server.get('system_type')):
MEDIA,REVISAR,No clasificado,remote POS names,/app/backend/server.py,3644,# FASE 8: Filtro RBAC para SoftRestaurant
MEDIA,REVISAR,No clasificado,remote POS names,/app/backend/server.py,3647,# Query para SoftRestaurant - fecha en formato YYYY-MM-DD HH:MM:SS
MEDIA,REVISAR_POSIBLE_LIVE,No clasificado,execute_sql_query,/app/backend/server.py,3670,results = execute_sql_query(
MEDIA,REVISAR,No clasificado,remote POS names,/app/backend/server.py,3685,# INSUMOS PENDIENTES DE DESCARGAR (SoftRestaurant)
MEDIA,REVISAR,No clasificado,remote POS names,/app/backend/server.py,3696,- SoftRestaurant: Usa tabla inventariopendiente
MEDIA,REVISAR,No clasificado,remote POS names,/app/backend/server.py,3697,- MPRO: Calcula diferencia entre ventas/consumos y existencias
MEDIA,REVISAR,No clasificado,remote POS names,/app/backend/server.py,3739,if is_softrestaurant_system(system_type):
MEDIA,REVISAR,No clasificado,remote POS names,/app/backend/server.py,3743,# Query para SoftRestaurant
MEDIA,REVISAR,No clasificado,remote POS names,/app/backend/server.py,3769,elif is_mpro_system(system_type):
MEDIA,REVISAR,No clasificado,remote POS names,/app/backend/server.py,3770,# Query para MPRO - Insumos vendidos sin existencia suficiente
MEDIA,REVISAR_POSIBLE_LIVE,No clasificado,execute_sql_query,/app/backend/server.py,3835,results = execute_sql_query(
MEDIA,REVISAR,No clasificado,remote POS names,/app/backend/server.py,3852,if is_mpro_system(system_type):
MEDIA,REVISAR,No clasificado,remote POS names,/app/backend/server.py,3853,"# Para MPRO, usar 'diferencia' como cantidad y 'total' como valor"
MEDIA,REVISAR,No clasificado,remote POS names,/app/backend/server.py,3880,# Para SoftRestaurant
MEDIA,REVISAR_POSIBLE_LIVE,No clasificado,execute_sql_query,/app/backend/server.py,3962,results = execute_sql_query(
MEDIA,REVISAR,No clasificado,remote POS names,/app/backend/server.py,3977,Soporta MPRO y SoftRestaurant con equivalencias:
MEDIA,REVISAR,No clasificado,remote POS names,/app/backend/server.py,3978,"- MPRO: Categoria, Familia, SubFamilia"
MEDIA,REVISAR,No clasificado,remote POS names,/app/backend/server.py,3979,"- SoftRestaurant: clasificacionventa (CATEGORIA), gruposiclasificacion (FAMILIA), gruposi (SUBFAMILIA)"
MEDIA,REVISAR,No clasificado,remote POS names,/app/backend/server.py,3998,if is_mpro_system(server.get('system_type')):
MEDIA,REVISAR_POSIBLE_LIVE,No clasificado,execute_sql_query,/app/backend/server.py,4006,categorias = execute_sql_query(
MEDIA,REVISAR_POSIBLE_LIVE,No clasificado,execute_sql_query,/app/backend/server.py,4018,familias = execute_sql_query(
MEDIA,REVISAR_POSIBLE_LIVE,No clasificado,execute_sql_query,/app/backend/server.py,4030,subfamilias = execute_sql_query(
MEDIA,REVISAR,No clasificado,remote POS names,/app/backend/server.py,4041,elif is_softrestaurant_system(server.get('system_type')):
MEDIA,REVISAR,No clasificado,remote POS names,/app/backend/server.py,4042,# Para SoftRestaurant:
MEDIA,REVISAR_POSIBLE_LIVE,No clasificado,execute_sql_query,/app/backend/server.py,4062,familias = execute_sql_query(
MEDIA,REVISAR_POSIBLE_LIVE,No clasificado,execute_sql_query,/app/backend/server.py,4075,subfamilias = execute_sql_query(
MEDIA,REVISAR,No clasificado,remote POS names,/app/backend/server.py,4135,# Info completa de inventarios (folio + comentario) para MPRO
MEDIA,REVISAR,No clasificado,remote POS names,/app/backend/server.py,4194,if is_mpro_system(server.get('system_type')):
MEDIA,REVISAR,No clasificado,remote POS names,/app/backend/server.py,4195,"logging.info(f""Generando análisis de inventario MPRO: {sucursal} - {almacen}"")"
MEDIA,REVISAR,No clasificado,remote POS names,/app/backend/server.py,4238,# ==================== LÓGICA MPRO CORREGIDA ====================
MEDIA,REVISAR,No clasificado,remote POS names,/app/backend/server.py,4244,# FECHAS MPRO:
MEDIA,REVISAR_POSIBLE_LIVE,No clasificado,execute_sql_query,/app/backend/server.py,4259,"fecha_result = execute_sql_query(server['host'], server['port'], server['database'], server['username'], server['password'], fecha_folio_query)"
MEDIA,REVISAR_POSIBLE_LIVE,No clasificado,execute_sql_query,/app/backend/server.py,4272,"fecha_result = execute_sql_query(server['host'], server['port'], server['database'], server['username'], server['password'], fecha_folio_query)"
MEDIA,REVISAR,No clasificado,remote POS names,/app/backend/server.py,4283,"logging.info(f""MPRO - Fecha movimientos/ventas: {fecha_ini_mov} a {fecha_fin}"")"
MEDIA,REVISAR_POSIBLE_LIVE,No clasificado,execute_sql_query,/app/backend/server.py,4306,almacen_result = execute_sql_query(
MEDIA,REVISAR,No clasificado,remote POS names,/app/backend/server.py,4311,"logging.error(f""Almacén(es) no encontrado(s) en MPRO - Sucursal: '{sucursal}', Almacenes: {lista_almacenes}, Servidor: {server.get('name', server_id)}"")"
MEDIA,REVISAR,No clasificado,remote POS names,/app/backend/server.py,4326,# MPRO: Detectar si ALGÚN almacén es tipo BODEGA
MEDIA,REVISAR,No clasificado,remote POS names,/app/backend/server.py,4330,"logging.info(f""MPRO - Incluye almacén BODEGA: {es_almacen_bodega}"")"
MEDIA,REVISAR,No clasificado,remote POS names,/app/backend/server.py,4392,"logging.info(""Obteniendo catalogo de productos MPRO (INSUMOS con presentaciones + COMPRAS sin presentacion)..."")"
MEDIA,REVISAR_POSIBLE_LIVE,No clasificado,execute_sql_query,/app/backend/server.py,4393,productos = execute_sql_query(
MEDIA,REVISAR,No clasificado,remote POS names,/app/backend/server.py,4401,# MPRO: Ventas desde (fecha_inventario_inicial + 1 día) hasta fecha_inventario_final
MEDIA,REVISAR_POSIBLE_LIVE,No clasificado,execute_sql_query,/app/backend/server.py,4439,ventas_result = execute_sql_query(
MEDIA,REVISAR,No clasificado,remote POS names,/app/backend/server.py,4446,"logging.info(f""MPRO - Almacén BODEGA '{almacen_nombre}' - Ventas = 0 para todos los productos"")"
MEDIA,REVISAR,No clasificado,remote POS names,/app/backend/server.py,4453,# MPRO: Movimientos desde (fecha_inventario_inicial + 1 día) hasta fecha_inventario_final
MEDIA,REVISAR_POSIBLE_LIVE,No clasificado,execute_sql_query,/app/backend/server.py,4484,movimientos_result = execute_sql_query(
MEDIA,REVISAR_POSIBLE_LIVE,No clasificado,execute_sql_query,/app/backend/server.py,4508,errores_result = execute_sql_query(
MEDIA,REVISAR_POSIBLE_LIVE,No clasificado,execute_sql_query,/app/backend/server.py,4598,inv_detalle = execute_sql_query(
MEDIA,REVISAR,No clasificado,remote POS names,/app/backend/server.py,4715,"logging.info(f""Análisis MPRO completado: {len(results)} productos procesados, {len(errores_list)} errores de captura"")"
MEDIA,REVISAR,No clasificado,remote POS names,/app/backend/server.py,4818,elif is_softrestaurant_system(server.get('system_type')):
MEDIA,REVISAR,No clasificado,remote POS names,/app/backend/server.py,4819,# Análisis de inventario para SoftRestaurant
MEDIA,REVISAR,No clasificado,remote POS names,/app/backend/server.py,4820,"logging.info(f""Generando análisis de inventario SoftRestaurant: {almacen}"")"
MEDIA,REVISAR_POSIBLE_LIVE,No clasificado,execute_sql_query,/app/backend/server.py,4836,fechas_result = execute_sql_query(
MEDIA,REVISAR_POSIBLE_LIVE,No clasificado,execute_sql_query,/app/backend/server.py,4903,almacen_result = execute_sql_query(
MEDIA,REVISAR,No clasificado,remote POS names,/app/backend/server.py,4919,# Construir filtros SQL para SoftRestaurant
MEDIA,REVISAR_POSIBLE_LIVE,No clasificado,execute_sql_query,/app/backend/server.py,4996,productos_result = execute_sql_query(
MEDIA,REVISAR_POSIBLE_LIVE,No clasificado,execute_sql_query,/app/backend/server.py,5043,inventarios_result = execute_sql_query(
MEDIA,REVISAR_POSIBLE_LIVE,No clasificado,execute_sql_query,/app/backend/server.py,5158,movimientos_result = execute_sql_query(
MEDIA,REVISAR_POSIBLE_LIVE,No clasificado,execute_sql_query,/app/backend/server.py,5227,ventas_result = execute_sql_query(
MEDIA,REVISAR,No clasificado,remote POS names,/app/backend/server.py,5242,# Estas tablas pueden no existir en todas las instalaciones de SoftRestaurant
MEDIA,REVISAR_POSIBLE_LIVE,No clasificado,execute_sql_query,/app/backend/server.py,5267,ventas_temp_result = execute_sql_query(
MEDIA,REVISAR,No clasificado,remote POS names,/app/backend/server.py,5326,# Construir strings de folios para SoftRestaurant
MEDIA,REVISAR,No clasificado,remote POS names,/app/backend/server.py,5330,almacen_nombre_soft = almacen or ''  # El almacén viene como nombre en SoftRestaurant
MEDIA,REVISAR,No clasificado,remote POS names,/app/backend/server.py,5500,if is_mpro_system(server.get('system_type')):
MEDIA,REVISAR,No clasificado,remote POS names,/app/backend/server.py,5501,# MPRO: Movimientos desde (fecha_inventario_inicial + 1 día) hasta fecha_inventario_final
MEDIA,REVISAR_POSIBLE_LIVE,No clasificado,execute_sql_query,/app/backend/server.py,5518,almacen_result = execute_sql_query(
MEDIA,REVISAR_POSIBLE_LIVE,No clasificado,execute_sql_query,/app/backend/server.py,5584,result = execute_sql_query(
MEDIA,REVISAR,No clasificado,remote POS names,/app/backend/server.py,5618,elif is_softrestaurant_system(server.get('system_type')):
MEDIA,REVISAR,No clasificado,remote POS names,/app/backend/server.py,5619,# Para SoftRestaurant - detectar si es INSUMO o PRESENTACIÓN
MEDIA,REVISAR,No clasificado,remote POS names,/app/backend/server.py,5637,"logging.info(f""Detalle movimientos SoftRestaurant - Código: {producto_codigo}, Almacén: {almacen}, Fechas: {fecha_ini_fmt} a {fecha_fin_fmt}"")"
MEDIA,REVISAR_POSIBLE_LIVE,No clasificado,execute_sql_query,/app/backend/server.py,5663,result = execute_sql_query(
MEDIA,REVISAR_POSIBLE_LIVE,No clasificado,execute_sql_query,/app/backend/server.py,5695,result = execute_sql_query(
MEDIA,REVISAR,No clasificado,remote POS names,/app/backend/server.py,5755,if is_mpro_system(server.get('system_type')):
MEDIA,REVISAR_POSIBLE_LIVE,No clasificado,execute_sql_query,/app/backend/server.py,5804,result = execute_sql_query(
MEDIA,REVISAR,No clasificado,remote POS names,/app/backend/server.py,5824,elif is_softrestaurant_system(server.get('system_type')):
MEDIA,REVISAR,No clasificado,remote POS names,/app/backend/server.py,5825,# Para SoftRestaurant - detalle de ventas usando recetasalmacenes
MEDIA,REVISAR,No clasificado,remote POS names,/app/backend/server.py,5842,"logging.info(f""Detalle ventas SoftRestaurant - Código: {producto_codigo}, Almacén: {almacen}, Fechas: {fecha_ini_fmt} a {fecha_fin_fmt}"")"
MEDIA,REVISAR_POSIBLE_LIVE,No clasificado,execute_sql_query,/app/backend/server.py,5873,result = execute_sql_query(
MEDIA,REVISAR,No clasificado,remote POS names,/app/backend/server.py,5941,comentario: Optional[str] = None  # Para MPRO
MEDIA,REVISAR,No clasificado,remote POS names,/app/backend/server.py,5974,if is_mpro_system(server.get('system_type')):
MEDIA,REVISAR,No clasificado,remote POS names,/app/backend/server.py,6001,else:  # SoftRestaurant
MEDIA,REVISAR_POSIBLE_LIVE,No clasificado,execute_sql_query,/app/backend/server.py,6019,cortes_result = execute_sql_query(
MEDIA,REVISAR,No clasificado,remote POS names,/app/backend/server.py,6528,Puede filtrar por tipo de sistema (MPRO o SoftRestaurant).
MEDIA,REVISAR,No clasificado,remote POS names,/app/backend/server.py,6532,if system_type is None or is_mpro_system(system_type):
MEDIA,REVISAR,No clasificado,remote POS names,/app/backend/server.py,6533,"result[""MPRO""] = {"
MEDIA,REVISAR,No clasificado,remote POS names,/app/backend/server.py,6542,if system_type is None or is_softrestaurant_system(system_type):
MEDIA,REVISAR,No clasificado,remote POS names,/app/backend/server.py,6543,"result[""SoftRestaurant""] = {"
MEDIA,REVISAR,No clasificado,remote POS names,/app/backend/server.py,6562,if system_type is None or is_mpro_system(system_type):
MEDIA,REVISAR,No clasificado,remote POS names,/app/backend/server.py,6563,"result[""MPRO""] = ESTRUCTURA_TABLAS_MPRO"
MEDIA,REVISAR,No clasificado,remote POS names,/app/backend/server.py,6565,if system_type is None or is_softrestaurant_system(system_type):
MEDIA,REVISAR,No clasificado,remote POS names,/app/backend/server.py,6566,"result[""SoftRestaurant""] = ESTRUCTURA_TABLAS_SOFTRESTAURANT"
MEDIA,REVISAR,No clasificado,remote POS names,/app/backend/server.py,6601,if is_mpro_system(server.get('system_type')):
MEDIA,REVISAR,No clasificado,remote POS names,/app/backend/server.py,6603,elif is_softrestaurant_system(server.get('system_type')):
MEDIA,REVISAR_POSIBLE_LIVE,No clasificado,execute_sql_query,/app/backend/server.py,6619,results = execute_sql_query(
MEDIA,REVISAR_POSIBLE_LIVE,No clasificado,execute_sql_query,/app/backend/server.py,6676,results = execute_sql_query(
MEDIA,REVISAR_POSIBLE_LIVE,No clasificado,execute_sql_query,/app/backend/server.py,6722,"results = execute_sql_query(host, port, database, username, password, query)"
MEDIA,REVISAR,No clasificado,remote POS names,/app/backend/server.py,6754,if is_mpro_system(server.get('system_type')):
MEDIA,REVISAR,No clasificado,remote POS names,/app/backend/server.py,6764,elif is_softrestaurant_system(server.get('system_type')):
MEDIA,REVISAR_POSIBLE_LIVE,No clasificado,execute_sql_query,/app/backend/server.py,6776,results = execute_sql_query(
MEDIA,REVISAR_POSIBLE_LIVE,No clasificado,execute_sql_query,/app/backend/server.py,6831,almacen_result = execute_sql_query(
MEDIA,REVISAR_POSIBLE_LIVE,No clasificado,execute_sql_query,/app/backend/server.py,6856,mov_result = execute_sql_query(
MEDIA,REVISAR_POSIBLE_LIVE,No clasificado,execute_sql_query,/app/backend/server.py,6891,ventas_result = execute_sql_query(
MEDIA,REVISAR_POSIBLE_LIVE,No clasificado,execute_sql_query,/app/backend/server.py,6918,detalle = execute_sql_query(
MEDIA,REVISAR_POSIBLE_LIVE,No clasificado,execute_sql_query,/app/backend/server.py,6938,detalle_kit = execute_sql_query(
MEDIA,REVISAR_POSIBLE_LIVE,No clasificado,execute_sql_query,/app/backend/server.py,6956,detalle_directas = execute_sql_query(
MEDIA,REVISAR,No clasificado,remote POS names,/app/backend/server.py,7161,if is_softrestaurant_system(server.get('system_type')):
MEDIA,REVISAR,No clasificado,remote POS names,/app/backend/server.py,7163,elif is_mpro_system(server.get('system_type')):
MEDIA,REVISAR_POSIBLE_LIVE,No clasificado,execute_sql_query,/app/backend/server.py,7173,results = execute_sql_query(
MEDIA,REVISAR,No clasificado,remote POS names,/app/backend/server.py,7564,if is_mpro_system(server.get('system_type')):
MEDIA,REVISAR_POSIBLE_LIVE,No clasificado,execute_sql_query,/app/backend/server.py,7597,result = execute_sql_query(
MEDIA,REVISAR,No clasificado,remote POS names,/app/backend/server.py,7601,"logging.info(f""[COMPRAS-HIBRIDO] ✅ MPRO LIVE: {len(result)} inventarios"")"
MEDIA,REVISAR,No clasificado,remote POS names,/app/backend/server.py,7613,elif is_softrestaurant_system(server.get('system_type')):
MEDIA,REVISAR_POSIBLE_LIVE,No clasificado,execute_sql_query,/app/backend/server.py,7631,result = execute_sql_query(
MEDIA,REVISAR,No clasificado,remote POS names,/app/backend/server.py,7635,"logging.info(f""[COMPRAS-HIBRIDO] ✅ SoftRestaurant LIVE: {len(result)} inventarios"")"
MEDIA,REVISAR,No clasificado,remote POS names,/app/backend/server.py,7660,NO conecta a SoftRestaurant/MPRO directamente.
MEDIA,REVISAR_POSIBLE_LIVE,No clasificado,pymssql.connect,/app/backend/server.py,7687,conn = pymssql.connect(
MEDIA,REVISAR,No clasificado,remote POS names,/app/backend/server.py,7823,if is_mpro_system(server.get('system_type')):
MEDIA,REVISAR_POSIBLE_LIVE,No clasificado,execute_sql_query,/app/backend/server.py,7846,result = execute_sql_query(
MEDIA,REVISAR,No clasificado,remote POS names,/app/backend/server.py,7850,"logging.info(f""[COMPRAS-HIBRIDO] ✅ MPRO LIVE: {len(result)} requisiciones"")"
MEDIA,REVISAR,No clasificado,remote POS names,/app/backend/server.py,7862,elif is_softrestaurant_system(server.get('system_type')):
MEDIA,REVISAR_POSIBLE_LIVE,No clasificado,execute_sql_query,/app/backend/server.py,7879,result = execute_sql_query(
MEDIA,REVISAR,No clasificado,remote POS names,/app/backend/server.py,7883,"logging.info(f""[COMPRAS-HIBRIDO] ✅ SoftRestaurant LIVE: {len(result)} requisiciones"")"
MEDIA,REVISAR,No clasificado,remote POS names,/app/backend/server.py,7889,"logging.warning(f""Error obteniendo pedidos SoftRestaurant: {e}"")"
MEDIA,REVISAR,No clasificado,remote POS names,/app/backend/server.py,7901,if is_mpro_system(server.get('system_type')):
MEDIA,REVISAR_POSIBLE_LIVE,No clasificado,execute_sql_query,/app/backend/server.py,7912,result = execute_sql_query(
MEDIA,REVISAR_POSIBLE_LIVE,No clasificado,execute_sql_query,/app/backend/server.py,7936,result = execute_sql_query(
MEDIA,REVISAR,No clasificado,remote POS names,/app/backend/server.py,7960,NO conecta a SoftRestaurant/MPRO directamente.
MEDIA,REVISAR_POSIBLE_LIVE,No clasificado,pymssql.connect,/app/backend/server.py,7987,conn = pymssql.connect(
MEDIA,REVISAR,No clasificado,remote POS names,/app/backend/server.py,8072,if is_mpro_system(server.get('system_type')):
MEDIA,REVISAR_POSIBLE_LIVE,No clasificado,execute_sql_query,/app/backend/server.py,8090,result = execute_sql_query(
MEDIA,REVISAR,No clasificado,remote POS names,/app/backend/server.py,8106,if is_mpro_system(server.get('system_type')):
MEDIA,REVISAR_POSIBLE_LIVE,No clasificado,execute_sql_query,/app/backend/server.py,8124,result = execute_sql_query(
MEDIA,REVISAR,No clasificado,remote POS names,/app/backend/server.py,8150,if is_mpro_system(server.get('system_type')):
MEDIA,REVISAR_POSIBLE_LIVE,No clasificado,execute_sql_query,/app/backend/server.py,8175,result = execute_sql_query(
MEDIA,REVISAR,No clasificado,remote POS names,/app/backend/server.py,8230,if is_mpro_system(server.get('system_type')):
MEDIA,REVISAR_POSIBLE_LIVE,No clasificado,execute_sql_query,/app/backend/server.py,8255,almacen_result = execute_sql_query(
MEDIA,REVISAR_POSIBLE_LIVE,No clasificado,execute_sql_query,/app/backend/server.py,8295,inv_result = execute_sql_query(
MEDIA,REVISAR_POSIBLE_LIVE,No clasificado,execute_sql_query,/app/backend/server.py,8338,productos = execute_sql_query(
MEDIA,REVISAR_POSIBLE_LIVE,No clasificado,execute_sql_query,/app/backend/server.py,8353,inv_detalle = execute_sql_query(
MEDIA,REVISAR_POSIBLE_LIVE,No clasificado,execute_sql_query,/app/backend/server.py,8381,mov_result = execute_sql_query(
MEDIA,REVISAR_POSIBLE_LIVE,No clasificado,execute_sql_query,/app/backend/server.py,8415,ventas_result = execute_sql_query(
MEDIA,REVISAR_POSIBLE_LIVE,No clasificado,execute_sql_query,/app/backend/server.py,8431,salidas_result = execute_sql_query(
MEDIA,REVISAR_POSIBLE_LIVE,No clasificado,execute_sql_query,/app/backend/server.py,8449,inv_final_result = execute_sql_query(
MEDIA,REVISAR_POSIBLE_LIVE,No clasificado,execute_sql_query,/app/backend/server.py,8463,inv_final_detalle = execute_sql_query(
MEDIA,REVISAR_POSIBLE_LIVE,No clasificado,execute_sql_query,/app/backend/server.py,8481,ped_result = execute_sql_query(
MEDIA,REVISAR_POSIBLE_LIVE,No clasificado,execute_sql_query,/app/backend/server.py,8495,ped_result = execute_sql_query(
MEDIA,REVISAR,No clasificado,remote POS names,/app/backend/server.py,8611,# SoftRestaurant - Por implementar
MEDIA,REVISAR,No clasificado,remote POS names,/app/backend/server.py,8612,"return {""detail"": ""SoftRestaurant no implementado aún"", ""data"": [], ""count"": 0}"
MEDIA,REVISAR,No clasificado,remote POS names,/app/backend/server.py,8707,if is_softrestaurant_system(server.get('system_type')):
MEDIA,REVISAR_POSIBLE_LIVE,No clasificado,execute_sql_query,/app/backend/server.py,8725,result = execute_sql_query(
MEDIA,REVISAR_POSIBLE_LIVE,No clasificado,execute_sql_query,/app/backend/server.py,8752,result = execute_sql_query(
MEDIA,REVISAR,No clasificado,remote POS names,/app/backend/server.py,8765,elif is_mpro_system(server.get('system_type')):
MEDIA,REVISAR,No clasificado,remote POS names,/app/backend/server.py,8766,# Para MPRO - Obtener productos de inventarios iniciales
MEDIA,REVISAR_POSIBLE_LIVE,No clasificado,execute_sql_query,/app/backend/server.py,8778,result = execute_sql_query(
MEDIA,REVISAR,No clasificado,remote POS names,/app/backend/server.py,8791,# MPRO - Obtener productos de requisiciones/órdenes de compra
MEDIA,REVISAR,No clasificado,remote POS names,/app/backend/server.py,8795,"# En algunos esquemas MPRO, los productos están directamente en Orden_Compra"
MEDIA,REVISAR_POSIBLE_LIVE,No clasificado,execute_sql_query,/app/backend/server.py,8807,result = execute_sql_query(
MEDIA,REVISAR,No clasificado,remote POS names,/app/backend/server.py,8820,"logging.warning(f""[MPRO] Error en Orden_Compra directa: {e}"")"
MEDIA,REVISAR_POSIBLE_LIVE,No clasificado,execute_sql_query,/app/backend/server.py,8834,result = execute_sql_query(
MEDIA,REVISAR,No clasificado,remote POS names,/app/backend/server.py,8847,"logging.warning(f""[MPRO] Error en Orden_Compra_Detalle (esperado si no existe): {e}"")"
MEDIA,REVISAR_POSIBLE_LIVE,No clasificado,execute_sql_query,/app/backend/server.py,8861,result = execute_sql_query(
MEDIA,REVISAR,No clasificado,remote POS names,/app/backend/server.py,8874,"logging.warning(f""[MPRO] Error en Requisicion_Compra_Detalle (esperado si no existe): {e}"")"
MEDIA,REVISAR,No clasificado,remote POS names,/app/backend/server.py,8895,NO conecta a SoftRestaurant/MPRO directamente.
MEDIA,REVISAR_POSIBLE_LIVE,No clasificado,pymssql.connect,/app/backend/server.py,8929,conn = pymssql.connect(
MEDIA,REVISAR_POSIBLE_LIVE,No clasificado,execute_sql_query,/app/backend/server.py,9040,test_result = execute_sql_query(
MEDIA,REVISAR,No clasificado,remote POS names,/app/backend/server.py,9074,if is_softrestaurant_system(server.get('system_type')):
MEDIA,REVISAR_POSIBLE_LIVE,No clasificado,execute_sql_query,/app/backend/server.py,9084,tipos_alm_result = execute_sql_query(
MEDIA,REVISAR,No clasificado,remote POS names,/app/backend/server.py,9108,# Las órdenes de compra en SoftRestaurant usan códigos que pueden ser presentaciones
MEDIA,REVISAR_POSIBLE_LIVE,No clasificado,execute_sql_query,/app/backend/server.py,9132,requi_result = execute_sql_query(
MEDIA,REVISAR_POSIBLE_LIVE,No clasificado,execute_sql_query,/app/backend/server.py,9191,tipo_result = execute_sql_query(
MEDIA,REVISAR_POSIBLE_LIVE,No clasificado,execute_sql_query,/app/backend/server.py,9224,result_ini = execute_sql_query(
MEDIA,REVISAR_POSIBLE_LIVE,No clasificado,execute_sql_query,/app/backend/server.py,9299,mov_result = execute_sql_query(
MEDIA,REVISAR_POSIBLE_LIVE,No clasificado,execute_sql_query,/app/backend/server.py,9319,entrada_result = execute_sql_query(
MEDIA,REVISAR_POSIBLE_LIVE,No clasificado,execute_sql_query,/app/backend/server.py,9337,salida_result = execute_sql_query(
MEDIA,REVISAR_POSIBLE_LIVE,No clasificado,execute_sql_query,/app/backend/server.py,9361,mov_result = execute_sql_query(
MEDIA,REVISAR_POSIBLE_LIVE,No clasificado,execute_sql_query,/app/backend/server.py,9393,salidas_result = execute_sql_query(
MEDIA,REVISAR_POSIBLE_LIVE,No clasificado,execute_sql_query,/app/backend/server.py,9413,consumos_result = execute_sql_query(
MEDIA,REVISAR_POSIBLE_LIVE,No clasificado,execute_sql_query,/app/backend/server.py,9450,tipo_result = execute_sql_query(
MEDIA,REVISAR_POSIBLE_LIVE,No clasificado,execute_sql_query,/app/backend/server.py,9480,result_fin = execute_sql_query(
MEDIA,REVISAR,No clasificado,remote POS names,/app/backend/server.py,9702,elif is_mpro_system(server.get('system_type')):
MEDIA,REVISAR,No clasificado,remote POS names,/app/backend/server.py,9703,# Lógica similar para MPRO
MEDIA,REVISAR,No clasificado,remote POS names,/app/backend/server.py,9704,# TODO: Implementar para MPRO si es necesario
MEDIA,REVISAR_POSIBLE_LIVE,No clasificado,pymssql.connect,/app/backend/server.py,9767,conn = pymssql.connect(
MEDIA,REVISAR_POSIBLE_LIVE,No clasificado,pymssql.connect,/app/backend/server.py,9833,conn = pymssql.connect(
MEDIA,REVISAR_POSIBLE_LIVE,No clasificado,pymssql.connect,/app/backend/server.py,9892,conn = pymssql.connect(
MEDIA,REVISAR_POSIBLE_LIVE,No clasificado,pymssql.connect,/app/backend/server.py,9937,conn = pymssql.connect(
MEDIA,REVISAR,No clasificado,remote POS names,/app/backend/server.py,10036,if is_softrestaurant_system(server.get('system_type')):
MEDIA,REVISAR_POSIBLE_LIVE,No clasificado,execute_sql_query,/app/backend/server.py,10060,result_pres = execute_sql_query(
MEDIA,REVISAR_POSIBLE_LIVE,No clasificado,execute_sql_query,/app/backend/server.py,10108,result_ins = execute_sql_query(
MEDIA,REVISAR,No clasificado,remote POS names,/app/backend/server.py,10144,"# Para otros sistemas (MPRO, etc.), retornar vacío por ahora"
MEDIA,REVISAR,No clasificado,remote POS names,/app/backend/server.py,10186,NO conecta a SoftRestaurant/MPRO directamente.
MEDIA,REVISAR_POSIBLE_LIVE,No clasificado,pymssql.connect,/app/backend/server.py,10219,conn = pymssql.connect(
MEDIA,REVISAR,No clasificado,remote POS names,/app/backend/server.py,10316,Para SoftRestaurant: ventas directas o a través de recetas.
MEDIA,REVISAR,No clasificado,remote POS names,/app/backend/server.py,10339,if is_softrestaurant_system(server.get('system_type')):
MEDIA,REVISAR_POSIBLE_LIVE,No clasificado,execute_sql_query,/app/backend/server.py,10367,result_ventas = execute_sql_query(
MEDIA,REVISAR,No clasificado,remote POS names,/app/backend/server.py,10501,if is_mpro_system(server.get('system_type')):
MEDIA,REVISAR,No clasificado,remote POS names,/app/backend/server.py,10506,# 1. Tm_Tipo = 'E' incorrecto -> debe ser 'EN' para entradas en MPRO
MEDIA,REVISAR,No clasificado,remote POS names,/app/backend/server.py,10515,# Determinar sucursal_origen_id (código exacto MPRO)
MEDIA,REVISAR_POSIBLE_LIVE,No clasificado,execute_sql_query,/app/backend/server.py,10534,result_compras = execute_sql_query(
MEDIA,REVISAR_POSIBLE_LIVE,No clasificado,execute_sql_query,/app/backend/server.py,10558,result_req = execute_sql_query(
MEDIA,REVISAR_POSIBLE_LIVE,No clasificado,execute_sql_query,/app/backend/server.py,10573,result_prov = execute_sql_query(
MEDIA,REVISAR_POSIBLE_LIVE,No clasificado,execute_sql_query,/app/backend/server.py,10594,result_top = execute_sql_query(
MEDIA,REVISAR,No clasificado,remote POS names,/app/backend/server.py,10618,"""system_type"": ""MPRO"""
MEDIA,REVISAR,No clasificado,remote POS names,/app/backend/server.py,10622,elif is_softrestaurant_system(server.get('system_type')):
MEDIA,REVISAR,No clasificado,remote POS names,/app/backend/server.py,10626,# SoftRestaurant - Usando tabla compras del catálogo
MEDIA,REVISAR_POSIBLE_LIVE,No clasificado,execute_sql_query,/app/backend/server.py,10650,result_compras = execute_sql_query(
MEDIA,REVISAR_POSIBLE_LIVE,No clasificado,execute_sql_query,/app/backend/server.py,10688,result_prov = execute_sql_query(
MEDIA,REVISAR_POSIBLE_LIVE,No clasificado,execute_sql_query,/app/backend/server.py,10708,result_top = execute_sql_query(
MEDIA,REVISAR,No clasificado,remote POS names,/app/backend/server.py,10720,"""requisiciones_pendientes"": 0,  # SoftRestaurant no tiene este concepto"
MEDIA,REVISAR,No clasificado,remote POS names,/app/backend/server.py,10732,"""system_type"": ""SoftRestaurant"""
MEDIA,REVISAR,No clasificado,remote POS names,/app/backend/server.py,10766,if is_mpro_system(server.get('system_type')):
MEDIA,REVISAR_POSIBLE_LIVE,No clasificado,execute_sql_query,/app/backend/server.py,10794,result = execute_sql_query(
MEDIA,REVISAR,No clasificado,remote POS names,/app/backend/server.py,10825,elif is_softrestaurant_system(server.get('system_type')):
MEDIA,REVISAR,No clasificado,remote POS names,/app/backend/server.py,10826,# SoftRestaurant - Compras por proveedor usando tabla compras
MEDIA,REVISAR_POSIBLE_LIVE,No clasificado,execute_sql_query,/app/backend/server.py,10845,result = execute_sql_query(
MEDIA,REVISAR,No clasificado,remote POS names,/app/backend/server.py,10909,if is_mpro_system(system_type):
MEDIA,REVISAR,No clasificado,remote POS names,/app/backend/server.py,10910,"log_compras_adapter_selected(""facturas-proveedor"", server_id, system_type, ""MPRO_ADAPTER"")"
MEDIA,REVISAR_POSIBLE_LIVE,No clasificado,execute_sql_query,/app/backend/server.py,10930,result = execute_sql_query(
MEDIA,REVISAR,No clasificado,remote POS names,/app/backend/server.py,10948,# FASE 3A: Blindaje - funcionalidad solo disponible en MPRO
MEDIA,REVISAR,No clasificado,remote POS names,/app/backend/server.py,10954,"""message"": f""Las facturas de proveedor solo están disponibles para sistemas MPRO. Sistema actual: {system_type}"""
MEDIA,REVISAR,No clasificado,remote POS names,/app/backend/server.py,10973,if is_mpro_system(server.get('system_type')):
MEDIA,REVISAR_POSIBLE_LIVE,No clasificado,execute_sql_query,/app/backend/server.py,10987,result = execute_sql_query(
MEDIA,REVISAR,No clasificado,remote POS names,/app/backend/server.py,11003,# FASE 3A: Blindaje - funcionalidad solo disponible en MPRO
MEDIA,REVISAR,No clasificado,remote POS names,/app/backend/server.py,11009,"""message"": f""El detalle de factura solo está disponible para sistemas MPRO. Sistema actual: {system_type}"""
MEDIA,REVISAR_POSIBLE_LIVE,No clasificado,pymssql.connect,/app/backend/server.py,11054,conn = pymssql.connect(
MEDIA,REVISAR_POSIBLE_LIVE,No clasificado,pymssql.connect,/app/backend/server.py,11141,conn = pymssql.connect(
MEDIA,REVISAR_POSIBLE_LIVE,No clasificado,pymssql.connect,/app/backend/server.py,11212,conn = pymssql.connect(
MEDIA,REVISAR_POSIBLE_LIVE,No clasificado,pymssql.connect,/app/backend/server.py,11311,conn = pymssql.connect(
MEDIA,REVISAR,No clasificado,remote POS names,/app/backend/server.py,11551,- No está hardcodeado a SoftRestaurant/MPRO
MEDIA,REVISAR,No clasificado,remote POS names,/app/backend/server.py,11559,"- sistema_codigo: Código del sistema (MPRO, SOFTRESTAURANT, etc.)"
MEDIA,REVISAR,No clasificado,remote POS names,/app/backend/server.py,11574,#   - grupo_explorador_nombre: label amigable del proveedor (Sofrestaurant Enterprise)
MEDIA,REVISAR,No clasificado,remote POS names,/app/backend/server.py,11594,WHEN UPPER(sc.system_type) = 'ENTERPRISE' THEN 'Enterprise'
MEDIA,REVISAR,No clasificado,remote POS names,/app/backend/server.py,11595,WHEN UPPER(sc.system_type) = 'SOFRESATAURANT_ENTER' THEN 'Enterprise'
MEDIA,REVISAR,No clasificado,remote POS names,/app/backend/server.py,11596,WHEN UPPER(sc.system_type) = 'SOFTRESTAURANT_PRO' THEN 'SoftRestaurant Pro'
MEDIA,REVISAR,No clasificado,remote POS names,/app/backend/server.py,11597,WHEN UPPER(sc.system_type) = 'SOFTRESTAURANT' THEN 'SoftRestaurant Pro'
MEDIA,REVISAR,No clasificado,remote POS names,/app/backend/server.py,11598,"WHEN UPPER(sc.system_type) IN ('SOFT_RESTAURANT', 'SR') THEN 'SoftRestaurant Pro'"
MEDIA,REVISAR,No clasificado,remote POS names,/app/backend/server.py,11599,WHEN UPPER(sc.system_type) = 'MPRO' THEN 'ManagementPro'
MEDIA,REVISAR,No clasificado,remote POS names,/app/backend/server.py,11600,"WHEN UPPER(sc.system_type) IN ('MANAGEMENTPRO', 'MANAGMENTPRO') THEN 'ManagementPro'"
MEDIA,REVISAR_POSIBLE_LIVE,No clasificado,execute_sql_query,/app/backend/server.py,11623,results = execute_sql_query(
MEDIA,REVISAR,No clasificado,remote POS names,/app/backend/server.py,11740,"No limitado a SoftRestaurant. Soporta MPRO, Enterprise, NOMIPAQ, EDARSAHUB, etc."
MEDIA,REVISAR,No clasificado,remote POS names,/app/backend/server.py,11770,"# === CASO 1: API_LOCAL (MPRO, Enterprise, etc. via API /query) ==="
MEDIA,REVISAR,No clasificado,remote POS names,/app/backend/server.py,11786,"para APIs Enterprise (CHAPUR NORTE, etc.) en lugar de httpx directo."
MEDIA,REVISAR,No clasificado,remote POS names,/app/backend/server.py,11807,# Query compatible con Enterprise y SoftRestaurant - TOP 500 para metadata completa
MEDIA,REVISAR,No clasificado,remote POS names,/app/backend/server.py,11873,"Funciona para SoftRestaurant, NOMIPAQ, EDARSAHUB, cualquier SQL Server."
MEDIA,REVISAR_POSIBLE_LIVE,No clasificado,execute_sql_query,/app/backend/server.py,12253,result = execute_sql_query(
MEDIA,REVISAR_POSIBLE_LIVE,No clasificado,execute_sql_query,/app/backend/server.py,12305,result = execute_sql_query(
MEDIA,REVISAR_POSIBLE_LIVE,No clasificado,pytds.connect,/app/backend/server.py,12432,with pytds.connect(
MEDIA,REVISAR_POSIBLE_LIVE,No clasificado,execute_sql_query,/app/backend/server.py,13340,result = execute_sql_query(
MEDIA,REVISAR,No clasificado,remote POS names,/app/backend/server.py,13427,"#     mpro_id = body.get('mpro_id', '')  # ID para mapeo con MPRO"
MEDIA,REVISAR,No clasificado,remote POS names,/app/backend/server.py,13435,"#         (Descripcion, Departamento, Sueldo_Base_Seman_SBC, NomiPAQ_ID, MPRO_ID, Fecha_Creacion, Creado_Por)"
MEDIA,REVISAR,No clasificado,remote POS names,/app/backend/server.py,13438,"#         ('{descripcion}', '{departamento}', {sueldo_base}, '{nomipaq_id}', '{mpro_id}', GETDATE(), '{current_user.get(""email"", """")}')"
MEDIA,REVISAR,No clasificado,remote POS names,/app/backend/server.py,13464,#     if 'mpro_id' in body:
MEDIA,REVISAR,No clasificado,remote POS names,/app/backend/server.py,13465,"#         updates.append(f""MPRO_ID = '{body['mpro_id']}'"")"
MEDIA,REVISAR,No clasificado,remote POS names,/app/backend/server.py,13517,#             MPRO_ID
MEDIA,REVISAR,No clasificado,remote POS names,/app/backend/server.py,13553,"#     mpro_id = body.get('mpro_id', '')"
MEDIA,REVISAR,No clasificado,remote POS names,/app/backend/server.py,13561,"#         (Codigo, Descripcion, Categoria, Afectacion, Calculo_Monto, Activo, NomiPAQ_ID, MPRO_ID, Fecha_Creacion, Creado_Por)"
MEDIA,REVISAR,No clasificado,remote POS names,/app/backend/server.py,13563,"#         ('{codigo}', '{descripcion}', '{categoria}', {afectacion}, '{calculo_monto}', 1, '{nomipaq_id}', '{mpro_id}', GETDATE(), '{current_user.get(""email"", """")}')"
MEDIA,REVISAR,No clasificado,remote POS names,/app/backend/server.py,13594,#     if 'mpro_id' in body:
MEDIA,REVISAR,No clasificado,remote POS names,/app/backend/server.py,13595,"#         updates.append(f""MPRO_ID = '{body['mpro_id']}'"")"
MEDIA,REVISAR_POSIBLE_LIVE,No clasificado,pytds.connect,/app/backend/server.py,14398,with pytds.connect(
MEDIA,REVISAR,No clasificado,remote POS names,/app/backend/server.py,14863,# SoftRestaurant
MEDIA,REVISAR,No clasificado,remote POS names,/app/backend/server.py,14868,# MPRO
MEDIA,REVISAR,No clasificado,remote POS names,/app/backend/server.py,14883,"system_type: Tipo de sistema (SoftRestaurant, MPRO, etc.)"
MEDIA,REVISAR_POSIBLE_LIVE,No clasificado,execute_sql_query,/app/backend/server.py,15003,tablas = execute_sql_query(
MEDIA,REVISAR_POSIBLE_LIVE,No clasificado,execute_sql_query,/app/backend/server.py,15020,columnas = execute_sql_query(
MEDIA,REVISAR_POSIBLE_LIVE,No clasificado,execute_sql_query,/app/backend/server.py,15039,cols_texto = execute_sql_query(
MEDIA,REVISAR_POSIBLE_LIVE,No clasificado,execute_sql_query,/app/backend/server.py,15053,datos = execute_sql_query(
MEDIA,REVISAR_POSIBLE_LIVE,No clasificado,execute_sql_query,/app/backend/server.py,15068,tablas_texto = execute_sql_query(
MEDIA,REVISAR_POSIBLE_LIVE,No clasificado,execute_sql_query,/app/backend/server.py,15086,cols = execute_sql_query(
MEDIA,REVISAR_POSIBLE_LIVE,No clasificado,execute_sql_query,/app/backend/server.py,15096,datos = execute_sql_query(
MEDIA,REVISAR,No clasificado,remote POS names,/app/backend/server.py,15125,"sistema: str = Query(default=None),  # SoftRestaurant, MPRO"
MEDIA,REVISAR_POSIBLE_LIVE,No clasificado,execute_sql_query,/app/backend/server.py,15304,result = execute_sql_query(
MEDIA,REVISAR_POSIBLE_LIVE,No clasificado,execute_sql_query,/app/backend/server.py,15538,result = execute_sql_query(
MEDIA,REVISAR,No clasificado,remote POS names,/app/backend/server.py,15591,"""compromisos_almacen"": informe.compromisos_almacen,"
MEDIA,REVISAR,No clasificado,remote POS names,/app/backend/server.py,15592,"""compromisos_personal"": informe.compromisos_personal,"
MEDIA,REVISAR,No clasificado,remote POS names,/app/backend/server.py,15593,"""compromisos_gerencia"": informe.compromisos_gerencia,"
MEDIA,REVISAR,No clasificado,remote POS names,/app/backend/server.py,15983,# 7. Compromisos
MEDIA,REVISAR,No clasificado,remote POS names,/app/backend/server.py,15984,if informe.get('compromisos_almacen') or informe.get('compromisos_personal') or informe.get('compromisos_gerencia'):
MEDIA,REVISAR,No clasificado,remote POS names,/app/backend/server.py,15985,"elements.append(Paragraph(""7. COMPROMISOS"", styles['Subtitle']))"
MEDIA,REVISAR,No clasificado,remote POS names,/app/backend/server.py,15986,if informe.get('compromisos_almacen'):
MEDIA,REVISAR,No clasificado,remote POS names,/app/backend/server.py,15987,"elements.append(Paragraph(f""<b>Almacén:</b> {informe.get('compromisos_almacen')}"", styles['SmallText']))"
MEDIA,REVISAR,No clasificado,remote POS names,/app/backend/server.py,15988,if informe.get('compromisos_personal'):
MEDIA,REVISAR,No clasificado,remote POS names,/app/backend/server.py,15989,"elements.append(Paragraph(f""<b>Personal de Barra:</b> {informe.get('compromisos_personal')}"", styles['SmallText']))"
MEDIA,REVISAR,No clasificado,remote POS names,/app/backend/server.py,15990,if informe.get('compromisos_gerencia'):
MEDIA,REVISAR,No clasificado,remote POS names,/app/backend/server.py,15991,"elements.append(Paragraph(f""<b>Gerencia:</b> {informe.get('compromisos_gerencia')}"", styles['SmallText']))"
MEDIA,REVISAR_POSIBLE_LIVE,No clasificado,execute_sql_query,/app/backend/server.py,16242,results = execute_sql_query(
MEDIA,REVISAR,No clasificado,remote POS names,/app/backend/server.py,16622,"INSERT INTO RH_Cat_Puestos (Descripcion, Departamento, Sueldo_Base_Seman_SBC, NomiPAQ_ID, MPRO_ID, Fecha_Creacion, Creado_Por)"
MEDIA,REVISAR,No clasificado,remote POS names,/app/backend/server.py,16624,"'{datos.get(""nomipaq_id"", """")}', '{datos.get(""mpro_id"", """")}', GETDATE(), '{current_user.get(""email"")}')"
MEDIA,REVISAR,No clasificado,remote POS names,/app/backend/server.py,16632,"INSERT INTO RH_Cat_Tipos_Incidencias (Codigo, Descripcion, Categoria, Afectacion, Calculo_Monto, Activo, NomiPAQ_ID, MPRO_ID, Fecha_Creacion, Creado_Por)"
MEDIA,REVISAR,No clasificado,remote POS names,/app/backend/server.py,16634,"'{datos.get(""calculo_monto"", ""Manual"")}', 1, '{datos.get(""nomipaq_id"", """")}', '{datos.get(""mpro_id"", """")}',"
MEDIA,REVISAR,No clasificado,remote POS names,/app/backend/server.py,17750,"MPRO_ID NVARCHAR(50),"
MEDIA,REVISAR,No clasificado,remote POS names,/app/backend/server.py,19295,# CRM Enterprise (SQL-First)
MEDIA,REVISAR,No clasificado,remote POS names,/app/backend/server.py,19315,# CRM Enterprise Native (EDARSAHUB SQL)
MEDIA,REVISAR,No clasificado,remote POS names,/app/backend/server.py,19335,# CRM COMERCIAL (Enterprise-Grade - EDARSAHUB SQL)
MEDIA,REVISAR,No clasificado,remote POS names,/app/backend/tests/conftest.py,305,def mock_api_local_mpro():
MEDIA,REVISAR,No clasificado,remote POS names,/app/backend/tests/conftest.py,307,Mock para APIs locales MPRO.
MEDIA,REVISAR,No clasificado,remote POS names,/app/backend/tests/conftest.py,310,def test_api_local(mock_api_local_mpro):
MEDIA,REVISAR,No clasificado,remote POS names,/app/backend/tests/conftest.py,311,"with patch(""modules.comercial.adapters.query_api_mpro_local"", mock_api_local_mpro):"
MEDIA,REVISAR,No clasificado,remote POS names,/app/backend/tests/conftest.py,350,"""system_type"": ""MPRO"","
MEDIA,REVISAR,No clasificado,remote POS names,/app/backend/tests/test_bloque2_paridad.py,30,"spec = importlib.util.spec_from_file_location(""softrestaurant"", ""/app/backend/modules/comercial/queries/softrestaurant.py"")"
MEDIA,REVISAR,No clasificado,remote POS names,/app/backend/tests/test_bloque2_paridad.py,42,"""""""Obtiene un servidor SoftRestaurant de prueba desde MongoDB."""""""
MEDIA,REVISAR,No clasificado,remote POS names,/app/backend/tests/test_bloque2_paridad.py,45,"""system_type"": ""SoftRestaurant"","
MEDIA,REVISAR_POSIBLE_LIVE,No clasificado,execute_sql_query,/app/backend/tests/test_bloque2_paridad.py,71,result = execute_sql_query(
MEDIA,REVISAR,No clasificado,remote POS names,/app/backend/tests/test_bloque2_paridad.py,102,"print(""❌ ERROR: No se encontró servidor SoftRestaurant activo"")"
MEDIA,REVISAR,No clasificado,remote POS names,/app/backend/tests/test_bloque3_paridad_mpro.py,2,PRUEBA DE PARIDAD - BLOQUE 3 (MPRO)
MEDIA,REVISAR,No clasificado,remote POS names,/app/backend/tests/test_bloque3_paridad_mpro.py,4,Compara los resultados del flujo actual (service.py) vs la nueva función (query_ventas_periodo_mpro).
MEDIA,REVISAR,No clasificado,remote POS names,/app/backend/tests/test_bloque3_paridad_mpro.py,7,Verificar que query_ventas_periodo_mpro() devuelve EXACTAMENTE los mismos valores
MEDIA,REVISAR,No clasificado,remote POS names,/app/backend/tests/test_bloque3_paridad_mpro.py,17,NOTA ESPECIAL MPRO:
MEDIA,REVISAR,No clasificado,remote POS names,/app/backend/tests/test_bloque3_paridad_mpro.py,35,"spec = importlib.util.spec_from_file_location(""mpro"", ""/app/backend/modules/comercial/queries/mpro.py"")"
MEDIA,REVISAR,No clasificado,remote POS names,/app/backend/tests/test_bloque3_paridad_mpro.py,36,mpro_module = importlib.util.module_from_spec(spec)
MEDIA,REVISAR,No clasificado,remote POS names,/app/backend/tests/test_bloque3_paridad_mpro.py,37,spec.loader.exec_module(mpro_module)
MEDIA,REVISAR,No clasificado,remote POS names,/app/backend/tests/test_bloque3_paridad_mpro.py,38,query_ventas_periodo_mpro = mpro_module.query_ventas_periodo_mpro
MEDIA,REVISAR,No clasificado,remote POS names,/app/backend/tests/test_bloque3_paridad_mpro.py,39,VentasPeriodoResult = mpro_module.VentasPeriodoResult
MEDIA,REVISAR,No clasificado,remote POS names,/app/backend/tests/test_bloque3_paridad_mpro.py,46,def get_test_server_mpro():
MEDIA,REVISAR,No clasificado,remote POS names,/app/backend/tests/test_bloque3_paridad_mpro.py,47,"""""""Obtiene un servidor MPRO de prueba desde MongoDB."""""""
MEDIA,REVISAR,No clasificado,remote POS names,/app/backend/tests/test_bloque3_paridad_mpro.py,50,"""system_type"": ""MPRO"","
MEDIA,REVISAR,No clasificado,remote POS names,/app/backend/tests/test_bloque3_paridad_mpro.py,55,"def query_actual_service_mpro(server, fecha_ini, fecha_fin):"
MEDIA,REVISAR_POSIBLE_LIVE,No clasificado,execute_sql_query,/app/backend/tests/test_bloque3_paridad_mpro.py,79,result = execute_sql_query(
MEDIA,REVISAR,No clasificado,remote POS names,/app/backend/tests/test_bloque3_paridad_mpro.py,109,"""""""Ejecuta prueba de paridad completa para MPRO."""""""
MEDIA,REVISAR,No clasificado,remote POS names,/app/backend/tests/test_bloque3_paridad_mpro.py,111,"print(""PRUEBA DE PARIDAD - BLOQUE 3 (MPRO)"")"
MEDIA,REVISAR,No clasificado,remote POS names,/app/backend/tests/test_bloque3_paridad_mpro.py,116,server = get_test_server_mpro()
MEDIA,REVISAR,No clasificado,remote POS names,/app/backend/tests/test_bloque3_paridad_mpro.py,118,"print(""❌ ERROR: No se encontró servidor MPRO activo"")"
MEDIA,REVISAR,No clasificado,remote POS names,/app/backend/tests/test_bloque3_paridad_mpro.py,135,"result_actual = query_actual_service_mpro(server, fecha_ini, fecha_fin)"
MEDIA,REVISAR,No clasificado,remote POS names,/app/backend/tests/test_bloque3_paridad_mpro.py,148,# Ejecutar query NUEVA (query_ventas_periodo_mpro)
MEDIA,REVISAR,No clasificado,remote POS names,/app/backend/tests/test_bloque3_paridad_mpro.py,149,"print(""Ejecutando query NUEVA (query_ventas_periodo_mpro)..."")"
MEDIA,REVISAR,No clasificado,remote POS names,/app/backend/tests/test_bloque3_paridad_mpro.py,150,"result_nueva: VentasPeriodoResult = query_ventas_periodo_mpro(server, fecha_ini, fecha_fin)"
MEDIA,REVISAR,No clasificado,remote POS names,/app/backend/tests/test_bloque3_paridad_mpro.py,206,"print(""\n⚠️ PRUEBA INDETERMINADA: No se pudo conectar al servidor SQL MPRO"")"
MEDIA,REVISAR,No clasificado,remote POS names,/app/backend/tests/test_bloque4_paridad.py,7,"(query_ventas_periodo_sr, query_ventas_por_sucursal_mpro) produzcan exactamente"
MEDIA,REVISAR,No clasificado,remote POS names,/app/backend/tests/test_bloque4_paridad.py,48,'/app/backend/modules/comercial/queries/softrestaurant.py'
MEDIA,REVISAR,No clasificado,remote POS names,/app/backend/tests/test_bloque4_paridad.py,50,mpro_queries = load_module_isolated(
MEDIA,REVISAR,No clasificado,remote POS names,/app/backend/tests/test_bloque4_paridad.py,51,"'comercial_queries_mpro',"
MEDIA,REVISAR,No clasificado,remote POS names,/app/backend/tests/test_bloque4_paridad.py,52,'/app/backend/modules/comercial/queries/mpro.py'
MEDIA,REVISAR,No clasificado,remote POS names,/app/backend/tests/test_bloque4_paridad.py,71,"'system_type': 'SoftRestaurant',"
MEDIA,REVISAR,No clasificado,remote POS names,/app/backend/tests/test_bloque4_paridad.py,95,def test_query_mpro_estructura():
MEDIA,REVISAR,No clasificado,remote POS names,/app/backend/tests/test_bloque4_paridad.py,97,Valida que query_ventas_por_sucursal_mpro() tenga la misma estructura
MEDIA,REVISAR,No clasificado,remote POS names,/app/backend/tests/test_bloque4_paridad.py,100,query_ventas_por_sucursal_mpro = mpro_queries.query_ventas_por_sucursal_mpro
MEDIA,REVISAR,No clasificado,remote POS names,/app/backend/tests/test_bloque4_paridad.py,101,VentasPorSucursalResult = mpro_queries.VentasPorSucursalResult
MEDIA,REVISAR,No clasificado,remote POS names,/app/backend/tests/test_bloque4_paridad.py,103,# Servidor mock MPRO
MEDIA,REVISAR,No clasificado,remote POS names,/app/backend/tests/test_bloque4_paridad.py,105,"'name': 'TEST_MPRO',"
MEDIA,REVISAR,No clasificado,remote POS names,/app/backend/tests/test_bloque4_paridad.py,106,"'system_type': 'MPRO',"
MEDIA,REVISAR,No clasificado,remote POS names,/app/backend/tests/test_bloque4_paridad.py,109,"'database': 'test_mpro',"
MEDIA,REVISAR,No clasificado,remote POS names,/app/backend/tests/test_bloque4_paridad.py,115,"result = query_ventas_por_sucursal_mpro(mock_server, '2026-04-01', '2026-04-23')"
MEDIA,REVISAR,No clasificado,remote POS names,/app/backend/tests/test_bloque4_paridad.py,125,"print(""✅ TEST 2: Estructura de query_ventas_por_sucursal_mpro() CORRECTA"")"
MEDIA,REVISAR,No clasificado,remote POS names,/app/backend/tests/test_bloque4_paridad.py,135,mock_server_mpro = {
MEDIA,REVISAR,No clasificado,remote POS names,/app/backend/tests/test_bloque4_paridad.py,136,"'name': 'TEST_MPRO',"
MEDIA,REVISAR,No clasificado,remote POS names,/app/backend/tests/test_bloque4_paridad.py,137,"'system_type': 'MPRO',  # Tipo incorrecto"
MEDIA,REVISAR,No clasificado,remote POS names,/app/backend/tests/test_bloque4_paridad.py,145,"result = query_ventas_periodo_sr(mock_server_mpro, '2026-04-01', '2026-04-23')"
MEDIA,REVISAR,No clasificado,remote POS names,/app/backend/tests/test_bloque4_paridad.py,148,"assert 'MPRO' in result.error, ""Error debe mencionar el tipo incorrecto"""
MEDIA,REVISAR,No clasificado,remote POS names,/app/backend/tests/test_bloque4_paridad.py,154,def test_validacion_system_type_mpro():
MEDIA,REVISAR,No clasificado,remote POS names,/app/backend/tests/test_bloque4_paridad.py,156,Valida que query_ventas_por_sucursal_mpro() rechace servidores no-MPRO
MEDIA,REVISAR,No clasificado,remote POS names,/app/backend/tests/test_bloque4_paridad.py,158,query_ventas_por_sucursal_mpro = mpro_queries.query_ventas_por_sucursal_mpro
MEDIA,REVISAR,No clasificado,remote POS names,/app/backend/tests/test_bloque4_paridad.py,162,"'system_type': 'SoftRestaurant',  # Tipo incorrecto"
MEDIA,REVISAR,No clasificado,remote POS names,/app/backend/tests/test_bloque4_paridad.py,170,"result = query_ventas_por_sucursal_mpro(mock_server_sr, '2026-04-01', '2026-04-23')"
MEDIA,REVISAR,No clasificado,remote POS names,/app/backend/tests/test_bloque4_paridad.py,172,"assert not result.success, ""Debe fallar para servidor no-MPRO"""
MEDIA,REVISAR,No clasificado,remote POS names,/app/backend/tests/test_bloque4_paridad.py,173,"assert 'SoftRestaurant' in result.error, ""Error debe mencionar el tipo incorrecto"""
MEDIA,REVISAR,No clasificado,remote POS names,/app/backend/tests/test_bloque4_paridad.py,175,"print(""✅ TEST 4: Validación system_type MPRO CORRECTA"")"
MEDIA,REVISAR,No clasificado,remote POS names,/app/backend/tests/test_bloque4_paridad.py,194,def test_formato_fechas_mpro():
MEDIA,REVISAR,No clasificado,remote POS names,/app/backend/tests/test_bloque4_paridad.py,198,_format_fecha_mpro = mpro_queries._format_fecha_mpro
MEDIA,REVISAR,No clasificado,remote POS names,/app/backend/tests/test_bloque4_paridad.py,201,"assert _format_fecha_mpro('2026-04-01') == '20260401', ""Fecha con guiones"""
MEDIA,REVISAR,No clasificado,remote POS names,/app/backend/tests/test_bloque4_paridad.py,202,"assert _format_fecha_mpro('2026-12-31') == '20261231', ""Fin de año"""
MEDIA,REVISAR,No clasificado,remote POS names,/app/backend/tests/test_bloque4_paridad.py,203,"assert _format_fecha_mpro('2026-01-05') == '20260105', ""Día con cero"""
MEDIA,REVISAR,No clasificado,remote POS names,/app/backend/tests/test_bloque4_paridad.py,205,"print(""✅ TEST 6: Formato de fechas MPRO CORRECTO"")"
MEDIA,REVISAR,No clasificado,remote POS names,/app/backend/tests/test_bloque4_paridad.py,214,query_ventas_por_sucursal_mpro = mpro_queries.query_ventas_por_sucursal_mpro
MEDIA,REVISAR,No clasificado,remote POS names,/app/backend/tests/test_bloque4_paridad.py,219,"'system_type': 'SoftRestaurant',"
MEDIA,REVISAR,No clasificado,remote POS names,/app/backend/tests/test_bloque4_paridad.py,231,# Servidor MPRO sin password
MEDIA,REVISAR,No clasificado,remote POS names,/app/backend/tests/test_bloque4_paridad.py,234,"'system_type': 'MPRO',"
MEDIA,REVISAR,No clasificado,remote POS names,/app/backend/tests/test_bloque4_paridad.py,242,"result = query_ventas_por_sucursal_mpro(server_sin_pass, '2026-04-01', '2026-04-23')"
MEDIA,REVISAR,No clasificado,remote POS names,/app/backend/tests/test_bloque4_paridad.py,270,# La query en softrestaurant.py líneas 156-167 es idéntica
MEDIA,REVISAR,No clasificado,remote POS names,/app/backend/tests/test_bloque4_paridad.py,286,"print(""✅ TEST 8: Paridad SQL SoftRestaurant VERIFICADA"")"
MEDIA,REVISAR,No clasificado,remote POS names,/app/backend/tests/test_bloque4_paridad.py,290,def test_paridad_sql_mpro():
MEDIA,REVISAR,No clasificado,remote POS names,/app/backend/tests/test_bloque4_paridad.py,292,Compara la query SQL generada por query_ventas_por_sucursal_mpro()
MEDIA,REVISAR,No clasificado,remote POS names,/app/backend/tests/test_bloque4_paridad.py,312,source = inspect.getsource(mpro_queries.query_ventas_por_sucursal_mpro)
MEDIA,REVISAR,No clasificado,remote POS names,/app/backend/tests/test_bloque4_paridad.py,326,"print(""✅ TEST 9: Paridad SQL MPRO VERIFICADA"")"
MEDIA,REVISAR,No clasificado,remote POS names,/app/backend/tests/test_bloque4_paridad.py,342,"assert 'from modules.comercial.queries.softrestaurant import query_ventas_periodo_sr' in content, \"
MEDIA,REVISAR,No clasificado,remote POS names,/app/backend/tests/test_bloque4_paridad.py,344,"assert 'from modules.comercial.queries.mpro import query_ventas_periodo_mpro, query_ventas_por_sucursal_mpro' in content, \"
MEDIA,REVISAR,No clasificado,remote POS names,/app/backend/tests/test_bloque4_paridad.py,345,"""Debe importar query_ventas_por_sucursal_mpro"""
MEDIA,REVISAR,No clasificado,remote POS names,/app/backend/tests/test_bloque4_paridad.py,352,"assert 'result_principal = query_ventas_por_sucursal_mpro(server, fecha_ini, fecha_fin)' in content, \"
MEDIA,REVISAR,No clasificado,remote POS names,/app/backend/tests/test_bloque4_paridad.py,372,"(""Estructura MPRO"", test_query_mpro_estructura),"
MEDIA,REVISAR,No clasificado,remote POS names,/app/backend/tests/test_bloque4_paridad.py,374,"(""Validación Type MPRO"", test_validacion_system_type_mpro),"
MEDIA,REVISAR,No clasificado,remote POS names,/app/backend/tests/test_bloque4_paridad.py,376,"(""Formato Fechas MPRO"", test_formato_fechas_mpro),"
MEDIA,REVISAR,No clasificado,remote POS names,/app/backend/tests/test_bloque4_paridad.py,379,"(""Paridad SQL MPRO"", test_paridad_sql_mpro),"
MEDIA,REVISAR,No clasificado,remote POS names,/app/backend/tests/test_bloque4_paridad.py,419,"print(""  - /app/backend/modules/comercial/queries/mpro.py"")"
MEDIA,REVISAR,No clasificado,remote POS names,/app/backend/tests/test_bloque4_paridad.py,420,"print(""    - Nueva función: query_ventas_por_sucursal_mpro()"")"
MEDIA,REVISAR,No clasificado,remote POS names,/app/backend/tests/test_bloque5_paridad.py,9,"Migración: SoftRestaurant - queries de período actual, anterior y año anterior"
MEDIA,REVISAR_POSIBLE_LIVE,No clasificado,direct host ddns,/app/backend/tests/test_core_db.py,55,"""""""Test: Formato DDNS (server.ddns.net,6669\\nationalsoft)"""""""
MEDIA,REVISAR_POSIBLE_LIVE,No clasificado,direct host ddns,/app/backend/tests/test_core_db.py,58,"hostname, port, instance = parse_sql_server_host(""server.ddns.net,6669\\nationalsoft"")"
MEDIA,REVISAR_POSIBLE_LIVE,No clasificado,direct host ddns,/app/backend/tests/test_core_db.py,60,"assert hostname == ""server.ddns.net"""
MEDIA,REVISAR_POSIBLE_LIVE,No clasificado,execute_sql_query,/app/backend/tests/test_core_db.py,189,result = execute_sql_query(
MEDIA,REVISAR,No clasificado,remote POS names,/app/backend/tests/test_inventory_analysis_filters.py,24,# MPRO Server ID
MEDIA,REVISAR,No clasificado,remote POS names,/app/backend/tests/test_inventory_analysis_filters.py,25,"MPRO_SERVER_ID = ""1b230a06-ffaf-4c70-bd27-b1be3579dea6"""
MEDIA,REVISAR,No clasificado,remote POS names,/app/backend/tests/test_inventory_analysis_filters.py,134,def test_report_filters_for_non_mpro_returns_empty(self):
MEDIA,REVISAR,No clasificado,remote POS names,/app/backend/tests/test_inventory_analysis_filters.py,135,"""""""Test that report-filters returns empty lists for non-MPRO servers"""""""
MEDIA,REVISAR,No clasificado,remote POS names,/app/backend/tests/test_inventory_analysis_filters.py,136,# First get list of servers to find a non-MPRO server
MEDIA,REVISAR,No clasificado,remote POS names,/app/backend/tests/test_inventory_analysis_filters.py,140,# Find a non-MPRO server
MEDIA,REVISAR,No clasificado,remote POS names,/app/backend/tests/test_inventory_analysis_filters.py,141,non_mpro_server = None
MEDIA,REVISAR,No clasificado,remote POS names,/app/backend/tests/test_inventory_analysis_filters.py,143,"if server.get(""system_type"") != ""MPRO"":"
MEDIA,REVISAR,No clasificado,remote POS names,/app/backend/tests/test_inventory_analysis_filters.py,144,non_mpro_server = server
MEDIA,REVISAR,No clasificado,remote POS names,/app/backend/tests/test_inventory_analysis_filters.py,147,if non_mpro_server:
MEDIA,REVISAR,No clasificado,remote POS names,/app/backend/tests/test_inventory_analysis_filters.py,155,# Non-MPRO should return empty lists
MEDIA,REVISAR,No clasificado,remote POS names,/app/backend/tests/test_inventory_analysis_filters.py,156,"assert data[""categorias""] == [], ""Non-MPRO should return empty categorias"""
MEDIA,REVISAR,No clasificado,remote POS names,/app/backend/tests/test_inventory_analysis_filters.py,157,"assert data[""familias""] == [], ""Non-MPRO should return empty familias"""
MEDIA,REVISAR,No clasificado,remote POS names,/app/backend/tests/test_inventory_analysis_filters.py,158,"assert data[""subfamilias""] == [], ""Non-MPRO should return empty subfamilias"""
MEDIA,REVISAR,No clasificado,remote POS names,/app/backend/tests/test_inventory_analysis_filters.py,160,"pytest.skip(""No non-MPRO server found to test"")"
MEDIA,REVISAR,No clasificado,remote POS names,/app/backend/tests/test_inventory_analysis_filters.py,229,"""server_id"": MPRO_SERVER_ID,"
MEDIA,REVISAR,No clasificado,remote POS names,/app/backend/tests/test_inventory_analysis_filters.py,317,"""server_id"": MPRO_SERVER_ID,"
MEDIA,REVISAR,No clasificado,remote POS names,/app/backend/tests/test_inventory_analysis_filters.py,375,"""""""Test servers list includes MPRO server"""""""
MEDIA,REVISAR,No clasificado,remote POS names,/app/backend/tests/test_inventory_analysis_filters.py,380,# Find MPRO server
MEDIA,REVISAR,No clasificado,remote POS names,/app/backend/tests/test_inventory_analysis_filters.py,381,mpro_server = None
MEDIA,REVISAR,No clasificado,remote POS names,/app/backend/tests/test_inventory_analysis_filters.py,383,"if server[""id""] == MPRO_SERVER_ID:"
MEDIA,REVISAR,No clasificado,remote POS names,/app/backend/tests/test_inventory_analysis_filters.py,384,mpro_server = server
MEDIA,REVISAR,No clasificado,remote POS names,/app/backend/tests/test_inventory_analysis_filters.py,387,"assert mpro_server is not None, f""MPRO server {MPRO_SERVER_ID} not found"""
MEDIA,REVISAR,No clasificado,remote POS names,/app/backend/tests/test_inventory_analysis_filters.py,388,"assert mpro_server[""system_type""] == ""MPRO"", ""Server should be MPRO type"""
MEDIA,REVISAR,No clasificado,remote POS names,/app/backend/tests/test_movement_sales_details.py,15,"MPRO_SERVER_ID = ""1b230a06-ffaf-4c70-bd27-b1be3579dea6"""
MEDIA,REVISAR,No clasificado,remote POS names,/app/backend/tests/test_movement_sales_details.py,47,"""server_id"": MPRO_SERVER_ID,"
MEDIA,REVISAR,No clasificado,remote POS names,/app/backend/tests/test_movement_sales_details.py,69,"""server_id"": MPRO_SERVER_ID,"
MEDIA,REVISAR,No clasificado,remote POS names,/app/backend/tests/test_movement_sales_details.py,75,"""""""Test movement details with valid MPRO server params"""""""
MEDIA,REVISAR,No clasificado,remote POS names,/app/backend/tests/test_movement_sales_details.py,77,"""server_id"": MPRO_SERVER_ID,"
MEDIA,REVISAR,No clasificado,remote POS names,/app/backend/tests/test_movement_sales_details.py,109,"""server_id"": MPRO_SERVER_ID,"
MEDIA,REVISAR,No clasificado,remote POS names,/app/backend/tests/test_movement_sales_details.py,130,"""server_id"": MPRO_SERVER_ID,"
MEDIA,REVISAR,No clasificado,remote POS names,/app/backend/tests/test_movement_sales_details.py,136,"""""""Test sales details with valid MPRO server params"""""""
MEDIA,REVISAR,No clasificado,remote POS names,/app/backend/tests/test_movement_sales_details.py,138,"""server_id"": MPRO_SERVER_ID,"
MEDIA,REVISAR,No clasificado,remote POS names,/app/backend/tests/test_movement_sales_details.py,164,"""""""Tests for MPRO warehouse GENERAL sales logic"""""""
MEDIA,REVISAR,No clasificado,remote POS names,/app/backend/tests/test_mpro_inventory_analysis.py,2,Test MPRO Inventory Analysis Report
MEDIA,REVISAR,No clasificado,remote POS names,/app/backend/tests/test_mpro_inventory_analysis.py,4,Tests the corrected MPRO inventory analysis logic:
MEDIA,REVISAR,No clasificado,remote POS names,/app/backend/tests/test_mpro_inventory_analysis.py,20,# Test data for MPRO server
MEDIA,REVISAR,No clasificado,remote POS names,/app/backend/tests/test_mpro_inventory_analysis.py,21,"MPRO_SERVER_ID = ""1b230a06-ffaf-4c70-bd27-b1be3579dea6"""
MEDIA,REVISAR,No clasificado,remote POS names,/app/backend/tests/test_mpro_inventory_analysis.py,55,class TestMPROServerAccess:
MEDIA,REVISAR,No clasificado,remote POS names,/app/backend/tests/test_mpro_inventory_analysis.py,56,"""""""Test MPRO server access and configuration"""""""
MEDIA,REVISAR,No clasificado,remote POS names,/app/backend/tests/test_mpro_inventory_analysis.py,58,"def test_mpro_server_exists(self, auth_headers):"
MEDIA,REVISAR,No clasificado,remote POS names,/app/backend/tests/test_mpro_inventory_analysis.py,59,"""""""Verify MPRO server is accessible"""""""
MEDIA,REVISAR,No clasificado,remote POS names,/app/backend/tests/test_mpro_inventory_analysis.py,66,"assert server[""system_type""] == ""MPRO"""
MEDIA,REVISAR,No clasificado,remote POS names,/app/backend/tests/test_mpro_inventory_analysis.py,68,"print(f""✅ MPRO server found: {server['name']}"")"
MEDIA,REVISAR,No clasificado,remote POS names,/app/backend/tests/test_mpro_inventory_analysis.py,70,"def test_mpro_sucursales_available(self, auth_headers):"
MEDIA,REVISAR,No clasificado,remote POS names,/app/backend/tests/test_mpro_inventory_analysis.py,82,"def test_mpro_almacenes_available(self, auth_headers):"
MEDIA,REVISAR,No clasificado,remote POS names,/app/backend/tests/test_mpro_inventory_analysis.py,96,class TestMPROInventoryAnalysis:
MEDIA,REVISAR,No clasificado,remote POS names,/app/backend/tests/test_mpro_inventory_analysis.py,97,"""""""Test MPRO inventory analysis report generation"""""""
MEDIA,REVISAR,No clasificado,remote POS names,/app/backend/tests/test_mpro_inventory_analysis.py,106,"""server_id"": MPRO_SERVER_ID,"
MEDIA,REVISAR,No clasificado,remote POS names,/app/backend/tests/test_mpro_inventory_analysis.py,205,class TestSoftRestaurantNoRegression:
MEDIA,REVISAR,No clasificado,remote POS names,/app/backend/tests/test_mpro_inventory_analysis.py,206,"""""""Verify SoftRestaurant report still works (no regression)"""""""
MEDIA,REVISAR,No clasificado,remote POS names,/app/backend/tests/test_mpro_inventory_analysis.py,208,"SOFTRESTAURANT_SERVER_ID = ""a5ff0e25-f029-43db-b634-d4ac814c904f"""
MEDIA,REVISAR,No clasificado,remote POS names,/app/backend/tests/test_mpro_inventory_analysis.py,210,"def test_softrestaurant_server_exists(self, auth_headers):"
MEDIA,REVISAR,No clasificado,remote POS names,/app/backend/tests/test_mpro_inventory_analysis.py,211,"""""""Verify SoftRestaurant server is accessible"""""""
MEDIA,REVISAR,No clasificado,remote POS names,/app/backend/tests/test_mpro_inventory_analysis.py,218,"assert server[""system_type""] == ""SoftRestaurant"""
MEDIA,REVISAR,No clasificado,remote POS names,/app/backend/tests/test_mpro_inventory_analysis.py,219,"print(f""✅ SoftRestaurant server found: {server['name']}"")"
MEDIA,REVISAR,No clasificado,remote POS names,/app/backend/tests/test_mpro_inventory_analysis.py,221,"def test_softrestaurant_almacenes_available(self, auth_headers):"
MEDIA,REVISAR,No clasificado,remote POS names,/app/backend/tests/test_mpro_inventory_analysis.py,222,"""""""Verify SoftRestaurant almacenes are available"""""""
MEDIA,REVISAR,No clasificado,remote POS names,/app/backend/tests/test_mpro_inventory_analysis.py,229,"assert len(almacenes) > 0, ""SoftRestaurant should have almacenes"""
MEDIA,REVISAR,No clasificado,remote POS names,/app/backend/tests/test_mpro_inventory_analysis.py,230,"print(f""✅ SoftRestaurant has {len(almacenes)} almacenes"")"
MEDIA,REVISAR,No clasificado,remote POS names,/app/backend/tests/test_mpro_inventory_analysis.py,232,"def test_softrestaurant_inventarios_available(self, auth_headers):"
MEDIA,REVISAR,No clasificado,remote POS names,/app/backend/tests/test_mpro_inventory_analysis.py,233,"""""""Verify SoftRestaurant inventarios are available"""""""
MEDIA,REVISAR,No clasificado,remote POS names,/app/backend/tests/test_mpro_inventory_analysis.py,241,"assert len(inventarios) > 0, ""SoftRestaurant should have inventarios"""
MEDIA,REVISAR,No clasificado,remote POS names,/app/backend/tests/test_mpro_inventory_analysis.py,242,"print(f""✅ SoftRestaurant has {len(inventarios)} inventarios"")"
MEDIA,REVISAR,No clasificado,remote POS names,/app/backend/tests/test_mpro_inventory_analysis.py,244,"def test_softrestaurant_report_generates(self, auth_headers):"
MEDIA,REVISAR,No clasificado,remote POS names,/app/backend/tests/test_mpro_inventory_analysis.py,245,"""""""Verify SoftRestaurant inventory analysis still works"""""""
MEDIA,REVISAR,No clasificado,remote POS names,/app/backend/tests/test_mpro_inventory_analysis.py,250,"""server_id"": self.SOFTRESTAURANT_SERVER_ID,"
MEDIA,REVISAR,No clasificado,remote POS names,/app/backend/tests/test_mpro_inventory_analysis.py,251,"""sucursal"": ""SoftRestaurant"","
MEDIA,REVISAR,No clasificado,remote POS names,/app/backend/tests/test_mpro_inventory_analysis.py,260,"assert response.status_code == 200, f""SoftRestaurant report failed: {response.text}"""
MEDIA,REVISAR,No clasificado,remote POS names,/app/backend/tests/test_mpro_inventory_analysis.py,262,"assert data[""count""] > 0, ""SoftRestaurant report should have products"""
MEDIA,REVISAR,No clasificado,remote POS names,/app/backend/tests/test_mpro_inventory_analysis.py,263,"print(f""✅ SoftRestaurant report generated with {data['count']} products"")"
MEDIA,REVISAR,No clasificado,remote POS names,/app/backend/tests/test_reglas_filtros.py,114,"""""""Tests de homologación multi-origen (MPRO/SoftRestaurant)"""""""
MEDIA,REVISAR,No clasificado,remote POS names,/app/backend/tests/test_reglas_filtros.py,119,"mpro = ""MPRO"""
MEDIA,REVISAR,No clasificado,remote POS names,/app/backend/tests/test_reglas_filtros.py,120,"softrest = ""SoftRestaurant"""
MEDIA,REVISAR,No clasificado,remote POS names,/app/backend/tests/test_reglas_filtros.py,122,assert mpro != softrest
MEDIA,REVISAR,No clasificado,remote POS names,/app/backend/tests/test_reglas_filtros.py,130,"dato_mpro = {""ventas"": 1000, ""pax"": 50, ""cheques"": 20, ""fecha"": ""2026-01-01""}"
MEDIA,REVISAR,No clasificado,remote POS names,/app/backend/tests/test_reglas_filtros.py,134,assert campo in dato_mpro
MEDIA,REVISAR,No clasificado,remote POS names,/app/backend/tests/test_reglas_filtros.py,140,ventas_mpro = 1000.50
MEDIA,REVISAR,No clasificado,remote POS names,/app/backend/tests/test_reglas_filtros.py,143,total = ventas_mpro + ventas_soft
MEDIA,REVISAR,No clasificado,remote POS names,/app/backend/tests/test_repositories.py,179,"def test_mock_api_local_success(self, mock_api_local_mpro):"
MEDIA,REVISAR,No clasificado,remote POS names,/app/backend/tests/test_repositories.py,181,result = mock_api_local_mpro()
MEDIA,REVISAR,No clasificado,remote POS names,/app/backend/tests/test_repositories.py,197,"def test_api_local_data_structure(self, mock_api_local_mpro):"
MEDIA,REVISAR,No clasificado,remote POS names,/app/backend/tests/test_repositories.py,199,result = mock_api_local_mpro()
MEDIA,REVISAR,No clasificado,remote POS names,/app/backend/tests/test_simulacion_controlada.py,89,"parser.add_argument('--sistema', type=str, choices=['SOFT', 'MPRO'],"
MEDIA,REVISAR,No clasificado,remote POS names,/app/backend/tests/test_simulacion_controlada.py,95,"parser.add_argument('--persistir-lote-mpro', action='store_true',"
MEDIA,REVISAR,No clasificado,remote POS names,/app/backend/tests/test_simulacion_controlada.py,96,help='Fase 1B.3B: Persistir lote de 1 registro MPRO con confirmación obligatoria')
MEDIA,REVISAR,No clasificado,remote POS names,/app/backend/tests/test_simulacion_controlada.py,99,"parser.add_argument('--persistir-lote-mpro-2', action='store_true',"
MEDIA,REVISAR,No clasificado,remote POS names,/app/backend/tests/test_simulacion_controlada.py,100,help='Fase 1B.4A-MPRO: Persistir lote de máximo 2 registros MPRO con confirmación por registro')
MEDIA,REVISAR,No clasificado,remote POS names,/app/backend/tests/test_simulacion_controlada.py,113,elif args.persistir_lote_mpro:
MEDIA,REVISAR,No clasificado,remote POS names,/app/backend/tests/test_simulacion_controlada.py,114,MODO = 'PERSISTIR_LOTE_MPRO'
MEDIA,REVISAR,No clasificado,remote POS names,/app/backend/tests/test_simulacion_controlada.py,117,elif args.persistir_lote_mpro_2:
MEDIA,REVISAR,No clasificado,remote POS names,/app/backend/tests/test_simulacion_controlada.py,118,MODO = 'PERSISTIR_LOTE_MPRO_2'
MEDIA,REVISAR,No clasificado,remote POS names,/app/backend/tests/test_simulacion_controlada.py,139,"detectar_inventarios_mpro,"
MEDIA,REVISAR,No clasificado,remote POS names,/app/backend/tests/test_simulacion_controlada.py,177,if inv['sistema_origen'] == 'MPRO':
MEDIA,REVISAR,No clasificado,remote POS names,/app/backend/tests/test_simulacion_controlada.py,225,soft_servers = [s for s in servers if s.get('system_type') == 'SoftRestaurant']
MEDIA,REVISAR,No clasificado,remote POS names,/app/backend/tests/test_simulacion_controlada.py,226,mpro_servers = [s for s in servers if s.get('system_type') == 'MPRO']
MEDIA,REVISAR,No clasificado,remote POS names,/app/backend/tests/test_simulacion_controlada.py,228,"print(f""  - SoftRestaurant: {len(soft_servers)}"")"
MEDIA,REVISAR,No clasificado,remote POS names,/app/backend/tests/test_simulacion_controlada.py,229,"print(f""  - MPRO: {len(mpro_servers)}"")"
MEDIA,REVISAR,No clasificado,remote POS names,/app/backend/tests/test_simulacion_controlada.py,235,"print(""FASE 2: Detección DRY-RUN en SoftRestaurant"")"
MEDIA,REVISAR,No clasificado,remote POS names,/app/backend/tests/test_simulacion_controlada.py,249,"sistema_origen='SOFTRESTAURANT',"
MEDIA,REVISAR,No clasificado,remote POS names,/app/backend/tests/test_simulacion_controlada.py,273,# DRY-RUN MPRO
MEDIA,REVISAR,No clasificado,remote POS names,/app/backend/tests/test_simulacion_controlada.py,275,"print(""FASE 3: Detección DRY-RUN en MPRO"")"
MEDIA,REVISAR,No clasificado,remote POS names,/app/backend/tests/test_simulacion_controlada.py,278,for server in mpro_servers:
MEDIA,REVISAR,No clasificado,remote POS names,/app/backend/tests/test_simulacion_controlada.py,289,"sistema_origen='MPRO',"
MEDIA,REVISAR,No clasificado,remote POS names,/app/backend/tests/test_simulacion_controlada.py,294,detectados = detectar_inventarios_mpro(
MEDIA,REVISAR,No clasificado,remote POS names,/app/backend/tests/test_simulacion_controlada.py,369,sistema_filtro = 'SOFTRESTAURANT' if args.sistema == 'SOFT' else 'MPRO'
MEDIA,REVISAR,No clasificado,remote POS names,/app/backend/tests/test_simulacion_controlada.py,384,sistema_short = 'SOFT' if c['sistema_origen'] == 'SOFTRESTAURANT' else 'MPRO'
MEDIA,REVISAR,No clasificado,remote POS names,/app/backend/tests/test_simulacion_controlada.py,645,"# Determinar sistema a usar (SOFT por defecto, o MPRO si se especifica)"
MEDIA,REVISAR,No clasificado,remote POS names,/app/backend/tests/test_simulacion_controlada.py,646,if args.sistema == 'MPRO':
MEDIA,REVISAR,No clasificado,remote POS names,/app/backend/tests/test_simulacion_controlada.py,647,sistema_filtro = 'MPRO'
MEDIA,REVISAR,No clasificado,remote POS names,/app/backend/tests/test_simulacion_controlada.py,648,sistema_nombre = 'MPRO'
MEDIA,REVISAR,No clasificado,remote POS names,/app/backend/tests/test_simulacion_controlada.py,650,sistema_filtro = 'SOFTRESTAURANT'
MEDIA,REVISAR,No clasificado,remote POS names,/app/backend/tests/test_simulacion_controlada.py,928,#   - SOLO sistema SOFT (MPRO no habilitado)
MEDIA,REVISAR,No clasificado,remote POS names,/app/backend/tests/test_simulacion_controlada.py,979,- SOLO SOFT (MPRO no habilitado)
MEDIA,REVISAR,No clasificado,remote POS names,/app/backend/tests/test_simulacion_controlada.py,997,⚠️  Sistema: SOLO SOFTRESTAURANT (MPRO no habilitado)
MEDIA,REVISAR,No clasificado,remote POS names,/app/backend/tests/test_simulacion_controlada.py,1026,if i['accion_sugerida'] == 'PROCESAR' and i['sistema_origen'] == 'SOFTRESTAURANT'
MEDIA,REVISAR,No clasificado,remote POS names,/app/backend/tests/test_simulacion_controlada.py,1250,Sistema: SOFTRESTAURANT
MEDIA,REVISAR,No clasificado,remote POS names,/app/backend/tests/test_simulacion_controlada.py,1282,# MODO PERSISTIR LOTE MPRO (FASE 1B.3B)
MEDIA,REVISAR,No clasificado,remote POS names,/app/backend/tests/test_simulacion_controlada.py,1285,#   - SOLO sistema MPRO (SOFT no habilitado)
MEDIA,REVISAR,No clasificado,remote POS names,/app/backend/tests/test_simulacion_controlada.py,1292,LIMITE_LOTE_FASE_1B3B = 1  # Máximo 1 registro MPRO - NO MODIFICAR
MEDIA,REVISAR,No clasificado,remote POS names,/app/backend/tests/test_simulacion_controlada.py,1295,def generar_identificador_lote_mpro() -> str:
MEDIA,REVISAR,No clasificado,remote POS names,/app/backend/tests/test_simulacion_controlada.py,1297,Genera identificador único para lote MPRO Fase 1B.3B.
MEDIA,REVISAR,No clasificado,remote POS names,/app/backend/tests/test_simulacion_controlada.py,1303,"def mostrar_payload_registro_mpro(inv: dict, identificador: str, hash_verif: str, es_duplicado: bool):"
MEDIA,REVISAR,No clasificado,remote POS names,/app/backend/tests/test_simulacion_controlada.py,1304,"""""""Muestra el payload completo de un registro MPRO."""""""
MEDIA,REVISAR,No clasificado,remote POS names,/app/backend/tests/test_simulacion_controlada.py,1306,"print(""│ REGISTRO 1 de 1 (MPRO)"".ljust(79) + ""│"")"
MEDIA,REVISAR,No clasificado,remote POS names,/app/backend/tests/test_simulacion_controlada.py,1333,Fase 1B.3B: Persistir lote de 1 registro MPRO.
MEDIA,REVISAR,No clasificado,remote POS names,/app/backend/tests/test_simulacion_controlada.py,1336,- SOLO MPRO (SOFT no habilitado)
MEDIA,REVISAR,No clasificado,remote POS names,/app/backend/tests/test_simulacion_controlada.py,1343,"print(""🔒 FASE 1B.3B - PERSISTIR LOTE MPRO (1 REGISTRO)"")"
MEDIA,REVISAR,No clasificado,remote POS names,/app/backend/tests/test_simulacion_controlada.py,1346,Este proceso insertará 1 registro MPRO con:
MEDIA,REVISAR,No clasificado,remote POS names,/app/backend/tests/test_simulacion_controlada.py,1354,⚠️  Sistema: SOLO MPRO (SOFT no habilitado)
MEDIA,REVISAR,No clasificado,remote POS names,/app/backend/tests/test_simulacion_controlada.py,1363,"inicio = solicitar_confirmacion(""INICIAR proceso lote MPRO (1 registro)"")"
MEDIA,REVISAR,No clasificado,remote POS names,/app/backend/tests/test_simulacion_controlada.py,1372,# PASO 1: VERIFICACIÓN PREVIA DE CANDIDATOS MPRO
MEDIA,REVISAR,No clasificado,remote POS names,/app/backend/tests/test_simulacion_controlada.py,1375,"print(""PASO 1: VERIFICACIÓN PREVIA DE CANDIDATOS MPRO"")"
MEDIA,REVISAR,No clasificado,remote POS names,/app/backend/tests/test_simulacion_controlada.py,1381,# Filtrar SOLO MPRO con accion_sugerida='PROCESAR'
MEDIA,REVISAR,No clasificado,remote POS names,/app/backend/tests/test_simulacion_controlada.py,1382,candidatos_mpro = [
MEDIA,REVISAR,No clasificado,remote POS names,/app/backend/tests/test_simulacion_controlada.py,1384,if i['accion_sugerida'] == 'PROCESAR' and i['sistema_origen'] == 'MPRO'
MEDIA,REVISAR,No clasificado,remote POS names,/app/backend/tests/test_simulacion_controlada.py,1388,"print(f""CANDIDATOS MPRO ELEGIBLES (accion_sugerida = 'PROCESAR'): {len(candidatos_mpro)}"")"
MEDIA,REVISAR,No clasificado,remote POS names,/app/backend/tests/test_simulacion_controlada.py,1389,"print(f""REGISTRO A PROCESAR EN ESTE LOTE: {min(len(candidatos_mpro), LIMITE_LOTE_FASE_1B3B)} (máximo {LIMITE_LOTE_FASE_1B3B})"")"
MEDIA,REVISAR,No clasificado,remote POS names,/app/backend/tests/test_simulacion_controlada.py,1392,if len(candidatos_mpro) == 0:
MEDIA,REVISAR,No clasificado,remote POS names,/app/backend/tests/test_simulacion_controlada.py,1393,"print(""\n⚠️  No hay candidatos MPRO elegibles para procesar"")"
MEDIA,REVISAR,No clasificado,remote POS names,/app/backend/tests/test_simulacion_controlada.py,1398,inv = candidatos_mpro[0]
MEDIA,REVISAR,No clasificado,remote POS names,/app/backend/tests/test_simulacion_controlada.py,1400,"continuar = solicitar_confirmacion(""CONTINUAR con selección de 1 registro MPRO"")"
MEDIA,REVISAR,No clasificado,remote POS names,/app/backend/tests/test_simulacion_controlada.py,1445,identificador_lote = generar_identificador_lote_mpro()
MEDIA,REVISAR,No clasificado,remote POS names,/app/backend/tests/test_simulacion_controlada.py,1473,"mostrar_payload_registro_mpro(inv, identificador_lote, hash_verif, False)"
MEDIA,REVISAR,No clasificado,remote POS names,/app/backend/tests/test_simulacion_controlada.py,1476,"confirmacion = solicitar_confirmacion(""Registro 1/1 → ¿Insertar este registro MPRO?"")"
MEDIA,REVISAR,No clasificado,remote POS names,/app/backend/tests/test_simulacion_controlada.py,1519,"print(""\n   Si hubo algún registro parcial (improbable), usar rollback:"")"
MEDIA,REVISAR,No clasificado,remote POS names,/app/backend/tests/test_simulacion_controlada.py,1533,Sistema: MPRO
MEDIA,REVISAR,No clasificado,remote POS names,/app/backend/tests/test_simulacion_controlada.py,1569,#   - SOLO sistema SOFT (MPRO no habilitado)
MEDIA,REVISAR,No clasificado,remote POS names,/app/backend/tests/test_simulacion_controlada.py,1620,- SOLO SOFT (MPRO no habilitado)
MEDIA,REVISAR,No clasificado,remote POS names,/app/backend/tests/test_simulacion_controlada.py,1640,⚠️  Sistema: SOLO SOFTRESTAURANT (MPRO no habilitado)
MEDIA,REVISAR,No clasificado,remote POS names,/app/backend/tests/test_simulacion_controlada.py,1670,if i['accion_sugerida'] == 'PROCESAR' and i['sistema_origen'] == 'SOFTRESTAURANT'
MEDIA,REVISAR,No clasificado,remote POS names,/app/backend/tests/test_simulacion_controlada.py,1902,Sistema: SOFTRESTAURANT
MEDIA,REVISAR,No clasificado,remote POS names,/app/backend/tests/test_simulacion_controlada.py,1937,# MODO PERSISTIR LOTE MPRO 2 (FASE 1B.4A-MPRO)
MEDIA,REVISAR,No clasificado,remote POS names,/app/backend/tests/test_simulacion_controlada.py,1940,#   - SOLO sistema MPRO (SOFT no habilitado)
MEDIA,REVISAR,No clasificado,remote POS names,/app/backend/tests/test_simulacion_controlada.py,1948,LIMITE_LOTE_FASE_1B4A_MPRO = 2  # Máximo 2 registros MPRO - NO MODIFICAR
MEDIA,REVISAR,No clasificado,remote POS names,/app/backend/tests/test_simulacion_controlada.py,1951,def generar_identificador_lote_mpro2() -> str:
MEDIA,REVISAR,No clasificado,remote POS names,/app/backend/tests/test_simulacion_controlada.py,1953,Genera identificador único para lote MPRO Fase 1B.4A.
MEDIA,REVISAR,No clasificado,remote POS names,/app/backend/tests/test_simulacion_controlada.py,1954,Formato: CAB003_FASE1B4A_MPRO2_YYYYMMDD_HHMMSS
MEDIA,REVISAR,No clasificado,remote POS names,/app/backend/tests/test_simulacion_controlada.py,1956,"return f""CAB003_FASE1B4A_MPRO2_{datetime.now().strftime('%Y%m%d_%H%M%S')}"""
MEDIA,REVISAR,No clasificado,remote POS names,/app/backend/tests/test_simulacion_controlada.py,1959,"def mostrar_payload_registro_mpro2(inv: dict, numero: int, total: int, identificador: str, hash_verif: str, es_duplicado: bool):"
MEDIA,REVISAR,No clasificado,remote POS names,/app/backend/tests/test_simulacion_controlada.py,1960,"""""""Muestra el payload completo de un registro MPRO para Fase 1B.4A."""""""
MEDIA,REVISAR,No clasificado,remote POS names,/app/backend/tests/test_simulacion_controlada.py,1962,"print(f""│ REGISTRO {numero} de {total} (MPRO)"".ljust(79) + ""│"")"
MEDIA,REVISAR,No clasificado,remote POS names,/app/backend/tests/test_simulacion_controlada.py,1995,Fase 1B.4A-MPRO: Persistir lote de máximo 2 registros MPRO.
MEDIA,REVISAR,No clasificado,remote POS names,/app/backend/tests/test_simulacion_controlada.py,1998,- SOLO MPRO (SOFT no habilitado)
MEDIA,REVISAR,No clasificado,remote POS names,/app/backend/tests/test_simulacion_controlada.py,2006,"print(""🔒 FASE 1B.4A-MPRO - PERSISTIR LOTE MPRO (MÁXIMO 2 REGISTROS)"")"
MEDIA,REVISAR,No clasificado,remote POS names,/app/backend/tests/test_simulacion_controlada.py,2009,Este proceso insertará hasta 2 registros MPRO con:
MEDIA,REVISAR,No clasificado,remote POS names,/app/backend/tests/test_simulacion_controlada.py,2018,⚠️  Sistema: SOLO MPRO (SOFT no habilitado)
MEDIA,REVISAR,No clasificado,remote POS names,/app/backend/tests/test_simulacion_controlada.py,2027,"inicio = solicitar_confirmacion(""INICIAR proceso lote MPRO (máximo 2 registros)"")"
MEDIA,REVISAR,No clasificado,remote POS names,/app/backend/tests/test_simulacion_controlada.py,2036,# PASO 1: VERIFICACIÓN PREVIA DE CANDIDATOS MPRO
MEDIA,REVISAR,No clasificado,remote POS names,/app/backend/tests/test_simulacion_controlada.py,2039,"print(""PASO 1: VERIFICACIÓN PREVIA DE CANDIDATOS MPRO"")"
MEDIA,REVISAR,No clasificado,remote POS names,/app/backend/tests/test_simulacion_controlada.py,2045,# Filtrar SOLO MPRO con accion_sugerida='PROCESAR'
MEDIA,REVISAR,No clasificado,remote POS names,/app/backend/tests/test_simulacion_controlada.py,2046,candidatos_mpro = [
MEDIA,REVISAR,No clasificado,remote POS names,/app/backend/tests/test_simulacion_controlada.py,2048,if i['accion_sugerida'] == 'PROCESAR' and i['sistema_origen'] == 'MPRO'
MEDIA,REVISAR,No clasificado,remote POS names,/app/backend/tests/test_simulacion_controlada.py,2052,"print(f""CANDIDATOS MPRO ELEGIBLES (accion_sugerida = 'PROCESAR'): {len(candidatos_mpro)}"")"
MEDIA,REVISAR,No clasificado,remote POS names,/app/backend/tests/test_simulacion_controlada.py,2053,"print(f""REGISTROS EN ESTE LOTE: {min(len(candidatos_mpro), LIMITE_LOTE_FASE_1B4A_MPRO)} (máximo {LIMITE_LOTE_FASE_1B4A_MPRO})"")"
MEDIA,REVISAR,No clasificado,remote POS names,/app/backend/tests/test_simulacion_controlada.py,2056,if len(candidatos_mpro) == 0:
MEDIA,REVISAR,No clasificado,remote POS names,/app/backend/tests/test_simulacion_controlada.py,2057,"print(""\n⚠️  No hay candidatos MPRO elegibles para procesar"")"
MEDIA,REVISAR,No clasificado,remote POS names,/app/backend/tests/test_simulacion_controlada.py,2062,candidatos_lote = candidatos_mpro[:LIMITE_LOTE_FASE_1B4A_MPRO]
MEDIA,REVISAR,No clasificado,remote POS names,/app/backend/tests/test_simulacion_controlada.py,2064,"continuar = solicitar_confirmacion(f""CONTINUAR con selección de {len(candidatos_lote)} registro(s) MPRO"")"
MEDIA,REVISAR,No clasificado,remote POS names,/app/backend/tests/test_simulacion_controlada.py,2130,identificador_lote = generar_identificador_lote_mpro2()
MEDIA,REVISAR,No clasificado,remote POS names,/app/backend/tests/test_simulacion_controlada.py,2167,"mostrar_payload_registro_mpro2(inv, i, len(candidatos_validados), identificador_lote, hash_verif, es_duplicado)"
MEDIA,REVISAR,No clasificado,remote POS names,/app/backend/tests/test_simulacion_controlada.py,2180,"confirmacion = solicitar_confirmacion(f""Registro {i}/{len(candidatos_validados)} → ¿Insertar este registro MPRO?"")"
MEDIA,REVISAR,No clasificado,remote POS names,/app/backend/tests/test_simulacion_controlada.py,2292,Sistema: MPRO
MEDIA,REVISAR,No clasificado,remote POS names,/app/backend/tests/test_simulacion_controlada.py,2293,Fase: 1B.4A-MPRO
MEDIA,REVISAR,No clasificado,remote POS names,/app/backend/tests/test_simulacion_controlada.py,2341,elif MODO == 'PERSISTIR_LOTE_MPRO':
MEDIA,REVISAR,No clasificado,remote POS names,/app/backend/tests/test_simulacion_controlada.py,2342,await ejecutar_persistir_lote_mpro()
MEDIA,REVISAR,No clasificado,remote POS names,/app/backend/tests/test_simulacion_controlada.py,2345,elif MODO == 'PERSISTIR_LOTE_MPRO_2':
MEDIA,REVISAR,No clasificado,remote POS names,/app/backend/tests/test_simulacion_controlada.py,2346,await ejecutar_persistir_lote_mpro_2()
MEDIA,REVISAR,No clasificado,remote POS names,/app/backend/tests/test_softrestaurant_inventory.py,2,Test suite for SoftRestaurant inventory analysis - verifying double prefix fix
MEDIA,REVISAR,No clasificado,remote POS names,/app/backend/tests/test_softrestaurant_inventory.py,18,# SoftRestaurant server details
MEDIA,REVISAR,No clasificado,remote POS names,/app/backend/tests/test_softrestaurant_inventory.py,19,"SOFTRESTAURANT_SERVER_ID = ""a5ff0e25-f029-43db-b634-d4ac814c904f"""
MEDIA,REVISAR,No clasificado,remote POS names,/app/backend/tests/test_softrestaurant_inventory.py,42,class TestSoftRestaurantInventoryAnalysis:
MEDIA,REVISAR,No clasificado,remote POS names,/app/backend/tests/test_softrestaurant_inventory.py,43,"""""""Tests for SoftRestaurant inventory analysis - double prefix fix verification"""""""
MEDIA,REVISAR,No clasificado,remote POS names,/app/backend/tests/test_softrestaurant_inventory.py,65,"assert data.get(""system_type"") == ""SoftRestaurant"""
MEDIA,REVISAR,No clasificado,remote POS names,/app/backend/tests/test_softrestaurant_inventory.py,68,"def test_almacenes_softrestaurant(self, auth_headers):"
MEDIA,REVISAR,No clasificado,remote POS names,/app/backend/tests/test_softrestaurant_inventory.py,130,"""server_id"": SOFTRESTAURANT_SERVER_ID,"
MEDIA,REVISAR,No clasificado,remote POS names,/app/backend/tests/test_softrestaurant_inventory.py,131,"""sucursal"": ""SoftRestaurant"","
MEDIA,REVISAR,No clasificado,remote POS names,/app/backend/tests/test_softrestaurant_inventory.py,176,"""server_id"": SOFTRESTAURANT_SERVER_ID,"
MEDIA,REVISAR,No clasificado,remote POS names,/app/backend/tests/test_softrestaurant_inventory.py,177,"""sucursal"": ""SoftRestaurant"","
MEDIA,REVISAR,No clasificado,remote POS names,/app/backend/tests/test_softrestaurant_inventory.py,233,"""server_id"": SOFTRESTAURANT_SERVER_ID,"
MEDIA,REVISAR,No clasificado,remote POS names,/app/backend/tests/test_softrestaurant_inventory.py,234,"""sucursal"": ""SoftRestaurant"","
MEDIA,REVISAR,No clasificado,remote POS names,/app/backend/tests/test_softrestaurant_inventory.py,290,"""server_id"": SOFTRESTAURANT_SERVER_ID,"
MEDIA,REVISAR,No clasificado,remote POS names,/app/backend/tests/test_softrestaurant_inventory.py,291,"""sucursal"": ""SoftRestaurant"","
MEDIA,REVISAR,No clasificado,remote POS names,/app/backend/tests/test_softrestaurant_inventory.py,349,"""server_id"": SOFTRESTAURANT_SERVER_ID,"
MEDIA,REVISAR,No clasificado,remote POS names,/app/backend/tests/test_softrestaurant_inventory.py,350,"""sucursal"": ""SoftRestaurant"","
MEDIA,REVISAR,No clasificado,remote POS names,/app/backend/tests/test_softrestaurant_inventory.py,374,"""server_id"": SOFTRESTAURANT_SERVER_ID,"
MEDIA,REVISAR,No clasificado,remote POS names,/app/backend/tests/test_softrestaurant_inventory.py,376,"""sucursal"": ""SoftRestaurant"","
MEDIA,REVISAR,No clasificado,remote POS names,/app/backend/tests/test_sucursales_permissions.py,25,"MPRO_SERVER_ID = ""1b230a06-ffaf-4c70-bd27-b1be3579dea6"""
MEDIA,REVISAR,No clasificado,remote POS names,/app/backend/tests/test_sucursales_permissions.py,157,"""allowed_servers"": [MPRO_SERVER_ID],"
MEDIA,REVISAR,No clasificado,remote POS names,/app/backend/tests/test_sucursales_permissions.py,159,"MPRO_SERVER_ID: [""0021"", ""0022""]"
MEDIA,REVISAR,No clasificado,remote POS names,/app/backend/tests/test_user_permissions.py,27,"""MPRO"": ""1b230a06-ffaf-4c70-bd27-b1be3579dea6"","
MEDIA,REVISAR_POSIBLE_LIVE,No clasificado,sqlalchemy create_engine,/app/backend/tools/check_mpro_server_config.py,20,"return create_engine(db_url, pool_pre_ping=True)"
MEDIA,REVISAR,No clasificado,remote POS names,/app/backend/tools/check_mpro_server_config.py,65,"print(""=== MPRO SERVER CONFIG ==="")"
MEDIA,REVISAR,No clasificado,remote POS names,/app/backend/tools/check_mpro_server_config.py,85,"print(""CONCLUSION=MPRO_API_CONFIGURADA"")"
MEDIA,REVISAR,No clasificado,remote POS names,/app/backend/tools/check_mpro_server_config.py,87,"print(""CONCLUSION=MPRO_SQL_DIRECTO_CONFIGURADO"")"
MEDIA,REVISAR_POSIBLE_LIVE,No clasificado,pymssql.connect,/app/backend/tools/edarsahub_sql_runner.py,61,return pymssql.connect(
MEDIA,REVISAR_POSIBLE_LIVE,No clasificado,execute_sql_query,/app/backend/tools/validate_server_secret_key.py,46,rows = execute_sql_query(
MEDIA,REVISAR,Recursos Humanos,remote POS names,/app/backend/modules/rh/importador/__init__.py,16,- MPro Origen (pendiente mapeo)
MEDIA,REVISAR,Recursos Humanos,remote POS names,/app/backend/modules/rh/importador/__init__.py,17,- MPro Querétaro (pendiente mapeo)
MEDIA,REVISAR,Recursos Humanos,remote POS names,/app/backend/modules/rh/importador/aprobacion_service.py,7,1. Solo MPro_CENTRAL2020 es fuente válida
MEDIA,REVISAR,Recursos Humanos,remote POS names,/app/backend/modules/rh/importador/aprobacion_service.py,25,"FUENTE_VALIDA = ""MPro_CENTRAL2020"""
MEDIA,REVISAR,Recursos Humanos,remote POS names,/app/backend/modules/rh/importador/aprobacion_service.py,26,"FUENTES_EXCLUIDAS = [""MPro_HR2020""]"
MEDIA,REVISAR_POSIBLE_LIVE,Recursos Humanos,pymssql.connect,/app/backend/modules/rh/importador/aprobacion_service.py,47,return pymssql.connect(
MEDIA,REVISAR,Recursos Humanos,remote POS names,/app/backend/modules/rh/importador/aprobacion_service.py,79,WHERE Fuente != 'MPro_HR2020'
MEDIA,REVISAR,Recursos Humanos,remote POS names,/app/backend/modules/rh/importador/aprobacion_service.py,109,WHERE Fuente = 'MPro_CENTRAL2020'
MEDIA,REVISAR,Recursos Humanos,remote POS names,/app/backend/modules/rh/importador/aprobacion_service.py,129,"'total_valido': sum(v['total'] for v in por_fuente.values() if 'MPro_HR2020' not in str(v)),"
MEDIA,REVISAR,Recursos Humanos,remote POS names,/app/backend/modules/rh/importador/aprobacion_service.py,558,Solo aprueba candidatos válidos de MPro_CENTRAL2020.
MEDIA,REVISAR_POSIBLE_LIVE,Recursos Humanos,pymssql.connect,/app/backend/modules/rh/importador/homologacion_service.py,30,return pymssql.connect(
MEDIA,REVISAR,Recursos Humanos,remote POS names,/app/backend/modules/rh/importador/homologacion_service.py,124,WHERE Fuente = 'MPro_CENTRAL2020'
MEDIA,REVISAR,Recursos Humanos,remote POS names,/app/backend/modules/rh/importador/homologacion_service.py,199,WHERE Fuente = 'MPro_CENTRAL2020'
MEDIA,REVISAR,Recursos Humanos,remote POS names,/app/backend/modules/rh/importador/homologacion_service.py,271,WHERE Fuente = 'MPro_CENTRAL2020'
MEDIA,REVISAR,Recursos Humanos,remote POS names,/app/backend/modules/rh/importador/homologacion_service.py,352,WHERE s.Fuente = 'MPro_CENTRAL2020'
MEDIA,REVISAR,Recursos Humanos,remote POS names,/app/backend/modules/rh/importador/homologacion_service.py,367,WHERE s.Fuente = 'MPro_CENTRAL2020'
MEDIA,REVISAR,Recursos Humanos,remote POS names,/app/backend/modules/rh/importador/homologacion_service.py,377,WHERE Fuente = 'MPro_CENTRAL2020'
MEDIA,REVISAR,Recursos Humanos,remote POS names,/app/backend/modules/rh/importador/homologacion_service.py,465,WHERE Fuente = 'MPro_CENTRAL2020'
MEDIA,REVISAR,Recursos Humanos,remote POS names,/app/backend/modules/rh/importador/homologacion_service.py,499,WHERE Fuente = 'MPro_CENTRAL2020'
MEDIA,REVISAR_POSIBLE_LIVE,Recursos Humanos,execute_sql_query,/app/backend/modules/rh/importador/repository.py,79,return execute_sql_query(
MEDIA,REVISAR,Recursos Humanos,remote POS names,/app/backend/modules/rh/importador/repository.py,129,"Fuente VARCHAR(50) NOT NULL,              -- 'Excel_CF', 'MPro_Origen', 'MPro_QRO'"
MEDIA,REVISAR,Recursos Humanos,remote POS names,/app/backend/modules/rh/importador/routes.py,496,Excluye automáticamente registros de MPro_HR2020.
MEDIA,REVISAR,Recursos Humanos,remote POS names,/app/backend/modules/rh/importador/routes.py,522,"Solo incluye: Fuente=MPro_CENTRAL2020, Estado=Pendiente, Clasificacion=nuevo."
MEDIA,REVISAR,Recursos Humanos,remote POS names,/app/backend/modules/rh/importador/routes.py,571,"Obtiene registros excluidos (fuente no autorizada, ej: MPro_HR2020)."
MEDIA,REVISAR,Recursos Humanos,remote POS names,/app/backend/modules/rh/importador/routes.py,624,- Solo registros de MPro_CENTRAL2020
MEDIA,REVISAR,Recursos Humanos,remote POS names,/app/backend/modules/rh/importador/routes.py,710,- Solo registros de MPro_CENTRAL2020
MEDIA,REVISAR_POSIBLE_LIVE,Recursos Humanos,execute_sql_query,/app/backend/modules/rh/repository.py,183,return execute_sql_query(
MEDIA,REVISAR,Recursos Humanos,remote POS names,/app/backend/modules/rh/repository.py,224,"mpro_id: str,"
MEDIA,REVISAR,Recursos Humanos,remote POS names,/app/backend/modules/rh/repository.py,236,mpro_safe = escape_sql_string(mpro_id)
MEDIA,REVISAR,Recursos Humanos,remote POS names,/app/backend/modules/rh/repository.py,247,"(Descripcion, Departamento, Sueldo_Base_Seman_SBC, NomiPAQ_ID, MPRO_ID, Fecha_Creacion, Creado_Por)"
MEDIA,REVISAR,Recursos Humanos,remote POS names,/app/backend/modules/rh/repository.py,250,"(N'{desc_safe}', N'{dept_safe}', {sueldo_safe}, N'{nomipaq_safe}', N'{mpro_safe}', GETDATE(), N'{creado_safe}')"
MEDIA,REVISAR,Recursos Humanos,remote POS names,/app/backend/modules/rh/repository.py,293,if 'mpro_id' in updates and updates['mpro_id'] is not None:
MEDIA,REVISAR,Recursos Humanos,remote POS names,/app/backend/modules/rh/repository.py,294,val = escape_sql_string(updates['mpro_id'])
MEDIA,REVISAR,Recursos Humanos,remote POS names,/app/backend/modules/rh/repository.py,295,"set_clauses.append(f""MPRO_ID = N'{val}'"")"
MEDIA,REVISAR,Recursos Humanos,remote POS names,/app/backend/modules/rh/repository.py,401,MPRO_ID
MEDIA,REVISAR,Recursos Humanos,remote POS names,/app/backend/modules/rh/repository.py,427,"mpro_id: str,"
MEDIA,REVISAR,Recursos Humanos,remote POS names,/app/backend/modules/rh/repository.py,441,mpro_safe = escape_sql_string(mpro_id)
MEDIA,REVISAR,Recursos Humanos,remote POS names,/app/backend/modules/rh/repository.py,449,"(Codigo, Descripcion, Categoria, Afectacion, Calculo_Monto, Activo, NomiPAQ_ID, MPRO_ID, Fecha_Creacion, Creado_Por)"
MEDIA,REVISAR,Recursos Humanos,remote POS names,/app/backend/modules/rh/repository.py,451,"(N'{codigo_safe}', N'{desc_safe}', N'{cat_safe}', {afectacion}, N'{calc_safe}', 1, N'{nomipaq_safe}', N'{mpro_safe}', GETDATE(), N'{creado_safe}')"
MEDIA,REVISAR,Recursos Humanos,remote POS names,/app/backend/modules/rh/repository.py,497,if 'mpro_id' in updates and updates['mpro_id'] is not None:
MEDIA,REVISAR,Recursos Humanos,remote POS names,/app/backend/modules/rh/repository.py,498,val = escape_sql_string(updates['mpro_id'])
MEDIA,REVISAR,Recursos Humanos,remote POS names,/app/backend/modules/rh/repository.py,499,"set_clauses.append(f""MPRO_ID = N'{val}'"")"
MEDIA,REVISAR,Recursos Humanos,remote POS names,/app/backend/modules/rh/routes.py,296,"Incluye instrucciones de uso y compatibilidad con NomiPAQ, MPRO y Excel."
MEDIA,REVISAR,Recursos Humanos,remote POS names,/app/backend/modules/rh/schemas.py,51,"mpro_id: Optional[str] = Field(None, max_length=50)"
MEDIA,REVISAR,Recursos Humanos,remote POS names,/app/backend/modules/rh/schemas.py,149,"mpro_id: Optional[str] = Field(None, max_length=50)"
MEDIA,REVISAR,Recursos Humanos,remote POS names,/app/backend/modules/rh/schemas.py,178,MPRO_ID: Optional[str] = None
MEDIA,REVISAR,Recursos Humanos,remote POS names,/app/backend/modules/rh/service.py,49,"-- Compatible con: NomiPAQ, MPRO, Excel"
MEDIA,REVISAR,Recursos Humanos,remote POS names,/app/backend/modules/rh/service.py,61,IF NOT EXISTS (SELECT * FROM INFORMATION_SCHEMA.COLUMNS WHERE TABLE_NAME = 'RH_Cat_Puestos' AND COLUMN_NAME = 'MPRO_ID')
MEDIA,REVISAR,Recursos Humanos,remote POS names,/app/backend/modules/rh/service.py,63,ALTER TABLE RH_Cat_Puestos ADD MPRO_ID NVARCHAR(50) NULL;
MEDIA,REVISAR,Recursos Humanos,remote POS names,/app/backend/modules/rh/service.py,64,PRINT 'Columna MPRO_ID agregada a RH_Cat_Puestos';
MEDIA,REVISAR,Recursos Humanos,remote POS names,/app/backend/modules/rh/service.py,92,"MPRO_ID NVARCHAR(50) NULL,  -- ID en MPRO"
MEDIA,REVISAR,Recursos Humanos,remote POS names,/app/backend/modules/rh/service.py,153,"ALTER TABLE RH_Incidencias_Nomina ADD Origen_Sistema NVARCHAR(20) DEFAULT 'EDARSA_HUB';  -- EDARSA_HUB, NomiPAQ, MPRO, Excel"
MEDIA,REVISAR,Recursos Humanos,remote POS names,/app/backend/modules/rh/service.py,165,"Sistema_Origen NVARCHAR(20) NOT NULL,  -- NomiPAQ, MPRO, Excel"
MEDIA,REVISAR,Recursos Humanos,remote POS names,/app/backend/modules/rh/service.py,195,"PRINT 'Las tablas están listas para importar datos de NomiPAQ, MPRO o Excel';"
MEDIA,REVISAR,Recursos Humanos,remote POS names,/app/backend/modules/rh/service.py,240,"mpro_id=data.mpro_id,"
MEDIA,REVISAR,Recursos Humanos,remote POS names,/app/backend/modules/rh/service.py,330,"mpro_id=data.mpro_id,"
MEDIA,REVISAR,Recursos Humanos,remote POS names,/app/backend/modules/rh/service.py,389,"""   - Importar datos desde MPRO"","
MEDIA,REVISAR,Recursos Humanos,remote POS names,/app/backend/modules/rh/service.py,395,"""mpro"": ""Campos MPRO_ID en todas las tablas para vincular registros"","
MEDIA,REVISAR,Recursos Humanos,remote POS names,/app/backend/tests/test_catalogos_rrhh.py,255,"""mpro_id"": ""TEST001"""
MEDIA,REVISAR,Recursos Humanos,remote POS names,/app/backend/tests/test_catalogos_rrhh.py,297,"""mpro_id"": ""TEST001"""
MEDIA,REVISAR_POSIBLE_LIVE,Servidores / Configuración,execute_sql_query,/app/backend/tools/test_sql_connection_from_servidores.py,58,result = execute_sql_query(
MEDIA,REVISAR_POSIBLE_LIVE,Servidores / Configuración,execute_sql_query,/app/backend/tools/test_sql_connection_from_servidores.py,85,result = execute_sql_query(
MEDIA,REVISAR_POSIBLE_LIVE,Servidores / Configuración,execute_sql_query,/app/backend/tools/test_sql_connection_from_servidores.py,145,test_result = execute_sql_query(
BAJA,PERMITIDO_SYNC_BACKFILL_DIAGNOSTICO,Backfill,remote POS names,/app/backend/scripts/backfill_cienfuegos_mayo_2026.py,8,- Acceso de red al servidor SoftRestaurant de CIENFUEGOS (189.162.155.142:6669)
BAJA,PERMITIDO_SYNC_BACKFILL_DIAGNOSTICO,Backfill,pymssql.connect,/app/backend/scripts/backfill_cienfuegos_mayo_2026.py,67,conn = pymssql.connect(
BAJA,PERMITIDO_SYNC_BACKFILL_DIAGNOSTICO,Backfill,remote POS names,/app/backend/scripts/backfill_cienfuegos_mayo_2026.py,83,"sync_softrestaurant_ventas_cerradas,"
BAJA,PERMITIDO_SYNC_BACKFILL_DIAGNOSTICO,Backfill,remote POS names,/app/backend/scripts/backfill_cienfuegos_mayo_2026.py,102,"""""""Verifica conectividad al servidor SoftRestaurant de CIENFUEGOS."""""""
BAJA,PERMITIDO_SYNC_BACKFILL_DIAGNOSTICO,Backfill,pymssql.connect,/app/backend/scripts/backfill_cienfuegos_mayo_2026.py,123,conn = pymssql.connect(
BAJA,PERMITIDO_SYNC_BACKFILL_DIAGNOSTICO,Backfill,pymssql.connect,/app/backend/scripts/backfill_cienfuegos_mayo_2026.py,172,conn = pymssql.connect(
BAJA,PERMITIDO_SYNC_BACKFILL_DIAGNOSTICO,Backfill,remote POS names,/app/backend/scripts/backfill_cienfuegos_mayo_2026.py,210,from modules.comercial_v2.sync_comercial_edarsahub import sync_softrestaurant_ventas_cerradas
BAJA,PERMITIDO_SYNC_BACKFILL_DIAGNOSTICO,Backfill,remote POS names,/app/backend/scripts/backfill_cienfuegos_mayo_2026.py,219,"sistema_origen=SistemaOrigen.SOFTRESTAURANT,"
BAJA,PERMITIDO_SYNC_BACKFILL_DIAGNOSTICO,Backfill,remote POS names,/app/backend/scripts/backfill_cienfuegos_mayo_2026.py,232,resultado = sync_softrestaurant_ventas_cerradas(
BAJA,PERMITIDO_SYNC_BACKFILL_DIAGNOSTICO,Backfill,pymssql.connect,/app/backend/scripts/backfill_cienfuegos_mayo_2026.py,249,conn = pymssql.connect(
BAJA,PERMITIDO_SYNC_BACKFILL_DIAGNOSTICO,Comercial,pytds.connect,/app/backend/core/scheduler/jobs/inteligencia_comercial_status_job.py,40,return pytds.connect(
BAJA,PERMITIDO_SYNC_BACKFILL_DIAGNOSTICO,Comercial,direct host ddns,/app/backend/core/scheduler/jobs/inteligencia_comercial_sync_job.py,7,"- SoftRestaurant: 130MID, CIENFUEGOS, ESTELAR"
BAJA,PERMITIDO_SYNC_BACKFILL_DIAGNOSTICO,Comercial,remote POS names,/app/backend/core/scheduler/jobs/inteligencia_comercial_sync_job.py,7,"- SoftRestaurant: 130MID, CIENFUEGOS, ESTELAR"
BAJA,PERMITIDO_SYNC_BACKFILL_DIAGNOSTICO,Comercial,remote POS names,/app/backend/core/scheduler/jobs/inteligencia_comercial_sync_job.py,8,"- MPRO: 130QRO, ORIGEN"
BAJA,PERMITIDO_SYNC_BACKFILL_DIAGNOSTICO,Comercial,remote POS names,/app/backend/core/scheduler/jobs/inteligencia_comercial_sync_job.py,39,"""system_type"": ""SoftRestaurant"","
BAJA,PERMITIDO_SYNC_BACKFILL_DIAGNOSTICO,Comercial,direct host ddns,/app/backend/core/scheduler/jobs/inteligencia_comercial_sync_job.py,40,"""host"": ""servercienfuegos.ddns.net,6669\\nationalsoft"","
BAJA,PERMITIDO_SYNC_BACKFILL_DIAGNOSTICO,Comercial,remote POS names,/app/backend/core/scheduler/jobs/inteligencia_comercial_sync_job.py,42,"""database"": ""softrestaurant95pro"","
BAJA,PERMITIDO_SYNC_BACKFILL_DIAGNOSTICO,Comercial,direct host ddns,/app/backend/core/scheduler/jobs/inteligencia_comercial_sync_job.py,46,"""130MID"": {"
BAJA,PERMITIDO_SYNC_BACKFILL_DIAGNOSTICO,Comercial,remote POS names,/app/backend/core/scheduler/jobs/inteligencia_comercial_sync_job.py,47,"""system_type"": ""SoftRestaurant"","
BAJA,PERMITIDO_SYNC_BACKFILL_DIAGNOSTICO,Comercial,direct host ddns,/app/backend/core/scheduler/jobs/inteligencia_comercial_sync_job.py,48,"""host"": ""130mid.ddns.net"","
BAJA,PERMITIDO_SYNC_BACKFILL_DIAGNOSTICO,Comercial,remote POS names,/app/backend/core/scheduler/jobs/inteligencia_comercial_sync_job.py,50,"""database"": ""softrestaurant10"","
BAJA,PERMITIDO_SYNC_BACKFILL_DIAGNOSTICO,Comercial,direct host ddns,/app/backend/core/scheduler/jobs/inteligencia_comercial_sync_job.py,51,"""username"": os.environ.get(""130MID_DB_USER"", ""sa""),"
BAJA,PERMITIDO_SYNC_BACKFILL_DIAGNOSTICO,Comercial,direct host ddns,/app/backend/core/scheduler/jobs/inteligencia_comercial_sync_job.py,52,"""password"": os.environ.get(""130MID_DB_PASS"", """"),"
BAJA,PERMITIDO_SYNC_BACKFILL_DIAGNOSTICO,Comercial,remote POS names,/app/backend/core/scheduler/jobs/inteligencia_comercial_sync_job.py,55,"""system_type"": ""SoftRestaurant"","
BAJA,PERMITIDO_SYNC_BACKFILL_DIAGNOSTICO,Comercial,direct host ddns,/app/backend/core/scheduler/jobs/inteligencia_comercial_sync_job.py,56,"""host"": ""serverestelar.ddns.net,6969"","
BAJA,PERMITIDO_SYNC_BACKFILL_DIAGNOSTICO,Comercial,remote POS names,/app/backend/core/scheduler/jobs/inteligencia_comercial_sync_job.py,58,"""database"": ""softrestaurant12"","
BAJA,PERMITIDO_SYNC_BACKFILL_DIAGNOSTICO,Comercial,remote POS names,/app/backend/core/scheduler/jobs/inteligencia_comercial_sync_job.py,63,"""system_type"": ""MPRO"","
BAJA,PERMITIDO_SYNC_BACKFILL_DIAGNOSTICO,Comercial,remote POS names,/app/backend/core/scheduler/jobs/inteligencia_comercial_sync_job.py,71,"""system_type"": ""MPRO"","
BAJA,PERMITIDO_SYNC_BACKFILL_DIAGNOSTICO,Comercial,pymssql.connect,/app/backend/core/scheduler/jobs/inteligencia_comercial_sync_job.py,87,return pymssql.connect(
BAJA,PERMITIDO_SYNC_BACKFILL_DIAGNOSTICO,Comercial,pymssql.connect,/app/backend/core/scheduler/jobs/inteligencia_comercial_sync_job.py,102,return pymssql.connect(
BAJA,PERMITIDO_SYNC_BACKFILL_DIAGNOSTICO,Comercial,remote POS names,/app/backend/core/scheduler/jobs/inteligencia_comercial_sync_job.py,120,"def get_softrestaurant_query(fecha_inicio: str, fecha_fin: str) -> str:"
BAJA,PERMITIDO_SYNC_BACKFILL_DIAGNOSTICO,Comercial,remote POS names,/app/backend/core/scheduler/jobs/inteligencia_comercial_sync_job.py,121,"""""""Query para extraer ventas de SoftRestaurant."""""""
BAJA,PERMITIDO_SYNC_BACKFILL_DIAGNOSTICO,Comercial,remote POS names,/app/backend/core/scheduler/jobs/inteligencia_comercial_sync_job.py,152,"def get_mpro_query(fecha_inicio: str, fecha_fin: str) -> str:"
BAJA,PERMITIDO_SYNC_BACKFILL_DIAGNOSTICO,Comercial,remote POS names,/app/backend/core/scheduler/jobs/inteligencia_comercial_sync_job.py,153,"""""""Query para extraer ventas de MPRO (ManagmentPro)."""""""
BAJA,PERMITIDO_SYNC_BACKFILL_DIAGNOSTICO,Comercial,remote POS names,/app/backend/core/scheduler/jobs/inteligencia_comercial_sync_job.py,206,"if config[""system_type""] == ""SoftRestaurant"":"
BAJA,PERMITIDO_SYNC_BACKFILL_DIAGNOSTICO,Comercial,remote POS names,/app/backend/core/scheduler/jobs/inteligencia_comercial_sync_job.py,207,"query = get_softrestaurant_query(fecha_inicio, fecha_fin)"
BAJA,PERMITIDO_SYNC_BACKFILL_DIAGNOSTICO,Comercial,remote POS names,/app/backend/core/scheduler/jobs/inteligencia_comercial_sync_job.py,208,else:  # MPRO
BAJA,PERMITIDO_SYNC_BACKFILL_DIAGNOSTICO,Comercial,remote POS names,/app/backend/core/scheduler/jobs/inteligencia_comercial_sync_job.py,209,"query = get_mpro_query(fecha_inicio, fecha_fin)"
BAJA,PERMITIDO_SYNC_BACKFILL_DIAGNOSTICO,Comercial,remote POS names,/app/backend/core/scheduler/jobs/sync_comercial_abiertas_v2_job.py,6,- ORIGEN y QRO usan APIs locales (NO SQL Server MPRO central)
BAJA,PERMITIDO_SYNC_BACKFILL_DIAGNOSTICO,Comercial,remote POS names,/app/backend/core/scheduler/jobs/sync_comercial_abiertas_v2_job.py,14,- Eliminado hardcoding de MPRO_API_LOCAL_CONFIG
BAJA,PERMITIDO_SYNC_BACKFILL_DIAGNOSTICO,Comercial,remote POS names,/app/backend/core/scheduler/jobs/sync_comercial_abiertas_v2_job.py,23,4. SoftRestaurant: tabla tempcheques (abiertas) + cheques (cerradas)
BAJA,PERMITIDO_SYNC_BACKFILL_DIAGNOSTICO,Comercial,remote POS names,/app/backend/core/scheduler/jobs/sync_comercial_abiertas_v2_job.py,24,5. MPRO ORIGEN/QRO: API local (NO SQL Server central)
BAJA,PERMITIDO_SYNC_BACKFILL_DIAGNOSTICO,Comercial,remote POS names,/app/backend/core/scheduler/jobs/sync_comercial_abiertas_v2_job.py,77,# CONFIGURACIÓN DE APIs LOCALES MPRO - FALLBACK LEGACY
BAJA,PERMITIDO_SYNC_BACKFILL_DIAGNOSTICO,Comercial,remote POS names,/app/backend/core/scheduler/jobs/sync_comercial_abiertas_v2_job.py,82,MPRO_API_LOCAL_CONFIG_LEGACY = {
BAJA,PERMITIDO_SYNC_BACKFILL_DIAGNOSTICO,Comercial,remote POS names,/app/backend/core/scheduler/jobs/sync_comercial_abiertas_v2_job.py,96,MPRO_API_LOCAL_CONFIG = MPRO_API_LOCAL_CONFIG_LEGACY
BAJA,PERMITIDO_SYNC_BACKFILL_DIAGNOSTICO,Comercial,pymssql.connect,/app/backend/core/scheduler/jobs/sync_comercial_abiertas_v2_job.py,121,conn = pymssql.connect(
BAJA,PERMITIDO_SYNC_BACKFILL_DIAGNOSTICO,Comercial,pymssql.connect,/app/backend/core/scheduler/jobs/sync_comercial_abiertas_v2_job.py,179,conn = pymssql.connect(
BAJA,PERMITIDO_SYNC_BACKFILL_DIAGNOSTICO,Comercial,remote POS names,/app/backend/core/scheduler/jobs/sync_comercial_abiertas_v2_job.py,213,Obtiene la configuración de API local para una unidad MPRO desde EDARSAHUB.
BAJA,PERMITIDO_SYNC_BACKFILL_DIAGNOSTICO,Comercial,remote POS names,/app/backend/core/scheduler/jobs/sync_comercial_abiertas_v2_job.py,221,config = MPRO_API_LOCAL_CONFIG.get(unidad_codigo)
BAJA,PERMITIDO_SYNC_BACKFILL_DIAGNOSTICO,Comercial,remote POS names,/app/backend/core/scheduler/jobs/sync_comercial_abiertas_v2_job.py,223,"logger.warning(f""[SYNC_ABIERTAS_V2] Unidad {unidad_codigo} no tiene config en MPRO_API_LOCAL_CONFIG"")"
BAJA,PERMITIDO_SYNC_BACKFILL_DIAGNOSTICO,Comercial,execute_sql_query,/app/backend/core/scheduler/jobs/sync_comercial_abiertas_v2_job.py,227,rows = execute_sql_query(
BAJA,PERMITIDO_SYNC_BACKFILL_DIAGNOSTICO,Comercial,remote POS names,/app/backend/core/scheduler/jobs/sync_comercial_abiertas_v2_job.py,271,Ejecuta una query SQL via API local MPRO.
BAJA,PERMITIDO_SYNC_BACKFILL_DIAGNOSTICO,Comercial,execute_sql_query,/app/backend/core/scheduler/jobs/sync_comercial_abiertas_v2_job.py,338,rows = execute_sql_query(
BAJA,PERMITIDO_SYNC_BACKFILL_DIAGNOSTICO,Comercial,remote POS names,/app/backend/core/scheduler/jobs/sync_comercial_abiertas_v2_job.py,359,"(unidades_softrestaurant, unidades_mpro) con códigos canónicos"
BAJA,PERMITIDO_SYNC_BACKFILL_DIAGNOSTICO,Comercial,remote POS names,/app/backend/core/scheduler/jobs/sync_comercial_abiertas_v2_job.py,365,unidades_mpro = []
BAJA,PERMITIDO_SYNC_BACKFILL_DIAGNOSTICO,Comercial,remote POS names,/app/backend/core/scheduler/jobs/sync_comercial_abiertas_v2_job.py,367,# Obtener unidades SoftRestaurant
BAJA,PERMITIDO_SYNC_BACKFILL_DIAGNOSTICO,Comercial,remote POS names,/app/backend/core/scheduler/jobs/sync_comercial_abiertas_v2_job.py,368,for u in get_unidades_by_sistema('SoftRestaurant'):
BAJA,PERMITIDO_SYNC_BACKFILL_DIAGNOSTICO,Comercial,remote POS names,/app/backend/core/scheduler/jobs/sync_comercial_abiertas_v2_job.py,374,"""sistema"": ""SoftRestaurant"""
BAJA,PERMITIDO_SYNC_BACKFILL_DIAGNOSTICO,Comercial,remote POS names,/app/backend/core/scheduler/jobs/sync_comercial_abiertas_v2_job.py,377,# Obtener unidades MPRO - Usarán API local
BAJA,PERMITIDO_SYNC_BACKFILL_DIAGNOSTICO,Comercial,remote POS names,/app/backend/core/scheduler/jobs/sync_comercial_abiertas_v2_job.py,378,for u in get_unidades_by_sistema('MPRO'):
BAJA,PERMITIDO_SYNC_BACKFILL_DIAGNOSTICO,Comercial,remote POS names,/app/backend/core/scheduler/jobs/sync_comercial_abiertas_v2_job.py,379,unidades_mpro.append({
BAJA,PERMITIDO_SYNC_BACKFILL_DIAGNOSTICO,Comercial,remote POS names,/app/backend/core/scheduler/jobs/sync_comercial_abiertas_v2_job.py,384,"""sistema"": ""MPRO"""
BAJA,PERMITIDO_SYNC_BACKFILL_DIAGNOSTICO,Comercial,remote POS names,/app/backend/core/scheduler/jobs/sync_comercial_abiertas_v2_job.py,387,"logger.info(f""[SYNC_ABIERTAS_V2] Cargadas {len(unidades_sr)} SoftRestaurant, {len(unidades_mpro)} MPRO desde EDARSAHUB"")"
BAJA,PERMITIDO_SYNC_BACKFILL_DIAGNOSTICO,Comercial,remote POS names,/app/backend/core/scheduler/jobs/sync_comercial_abiertas_v2_job.py,389,"return unidades_sr, unidades_mpro"
BAJA,PERMITIDO_SYNC_BACKFILL_DIAGNOSTICO,Comercial,remote POS names,/app/backend/core/scheduler/jobs/sync_comercial_abiertas_v2_job.py,400,# SoftRestaurant: Cuentas abiertas desde tempcheques
BAJA,PERMITIDO_SYNC_BACKFILL_DIAGNOSTICO,Comercial,remote POS names,/app/backend/core/scheduler/jobs/sync_comercial_abiertas_v2_job.py,402,# QUERIES SOFTRESTAURANT
BAJA,PERMITIDO_SYNC_BACKFILL_DIAGNOSTICO,Comercial,remote POS names,/app/backend/core/scheduler/jobs/sync_comercial_abiertas_v2_job.py,414,# SoftRestaurant: Ventas abiertas (turno aún abierto)
BAJA,PERMITIDO_SYNC_BACKFILL_DIAGNOSTICO,Comercial,remote POS names,/app/backend/core/scheduler/jobs/sync_comercial_abiertas_v2_job.py,417,"QUERY_SOFTRESTAURANT_VENTAS_ABIERTAS = """""""
BAJA,PERMITIDO_SYNC_BACKFILL_DIAGNOSTICO,Comercial,remote POS names,/app/backend/core/scheduler/jobs/sync_comercial_abiertas_v2_job.py,430,# SoftRestaurant: Ventas cerradas del día (turno ya cerrado)
BAJA,PERMITIDO_SYNC_BACKFILL_DIAGNOSTICO,Comercial,remote POS names,/app/backend/core/scheduler/jobs/sync_comercial_abiertas_v2_job.py,433,"QUERY_SOFTRESTAURANT_CERRADAS_HOY = """""""
BAJA,PERMITIDO_SYNC_BACKFILL_DIAGNOSTICO,Comercial,remote POS names,/app/backend/core/scheduler/jobs/sync_comercial_abiertas_v2_job.py,445,# QUERIES MPRO - ORIGEN (FIX 15-May-2026: Usar Comanda como QRO)
BAJA,PERMITIDO_SYNC_BACKFILL_DIAGNOSTICO,Comercial,remote POS names,/app/backend/core/scheduler/jobs/sync_comercial_abiertas_v2_job.py,454,# MPRO ORIGEN: Ventas abiertas (Comanda + Comanda_Detalle)
BAJA,PERMITIDO_SYNC_BACKFILL_DIAGNOSTICO,Comercial,remote POS names,/app/backend/core/scheduler/jobs/sync_comercial_abiertas_v2_job.py,455,"QUERY_MPRO_VENTAS_ABIERTAS_ORIGEN = """""""
BAJA,PERMITIDO_SYNC_BACKFILL_DIAGNOSTICO,Comercial,remote POS names,/app/backend/core/scheduler/jobs/sync_comercial_abiertas_v2_job.py,470,# MPRO ORIGEN: Ventas cerradas del día
BAJA,PERMITIDO_SYNC_BACKFILL_DIAGNOSTICO,Comercial,remote POS names,/app/backend/core/scheduler/jobs/sync_comercial_abiertas_v2_job.py,471,"QUERY_MPRO_CERRADAS_HOY_ORIGEN = """""""
BAJA,PERMITIDO_SYNC_BACKFILL_DIAGNOSTICO,Comercial,remote POS names,/app/backend/core/scheduler/jobs/sync_comercial_abiertas_v2_job.py,486,# QUERIES MPRO - QRO (usa Comanda + Comanda_Detalle directamente)
BAJA,PERMITIDO_SYNC_BACKFILL_DIAGNOSTICO,Comercial,remote POS names,/app/backend/core/scheduler/jobs/sync_comercial_abiertas_v2_job.py,495,"# MPRO QRO: Ventas abiertas (Comanda + Comanda_Detalle, estado 'AC', sin baja)"
BAJA,PERMITIDO_SYNC_BACKFILL_DIAGNOSTICO,Comercial,remote POS names,/app/backend/core/scheduler/jobs/sync_comercial_abiertas_v2_job.py,497,"QUERY_MPRO_VENTAS_ABIERTAS_QRO = """""""
BAJA,PERMITIDO_SYNC_BACKFILL_DIAGNOSTICO,Comercial,remote POS names,/app/backend/core/scheduler/jobs/sync_comercial_abiertas_v2_job.py,512,# MPRO QRO: Ventas cerradas del día (Comanda con cierre)
BAJA,PERMITIDO_SYNC_BACKFILL_DIAGNOSTICO,Comercial,remote POS names,/app/backend/core/scheduler/jobs/sync_comercial_abiertas_v2_job.py,515,"QUERY_MPRO_CERRADAS_HOY_QRO = """""""
BAJA,PERMITIDO_SYNC_BACKFILL_DIAGNOSTICO,Comercial,remote POS names,/app/backend/core/scheduler/jobs/sync_comercial_abiertas_v2_job.py,541,- ORIGEN y QRO usan API local (NO SQL Server MPRO)
BAJA,PERMITIDO_SYNC_BACKFILL_DIAGNOSTICO,Comercial,remote POS names,/app/backend/core/scheduler/jobs/sync_comercial_abiertas_v2_job.py,608,"unidades_sr, unidades_mpro = _get_unidades_from_edarsahub()"
BAJA,PERMITIDO_SYNC_BACKFILL_DIAGNOSTICO,Comercial,remote POS names,/app/backend/core/scheduler/jobs/sync_comercial_abiertas_v2_job.py,611,# SINCRONIZAR SOFTRESTAURANT
BAJA,PERMITIDO_SYNC_BACKFILL_DIAGNOSTICO,Comercial,remote POS names,/app/backend/core/scheduler/jobs/sync_comercial_abiertas_v2_job.py,621,"logger.info(f""[SYNC_ABIERTAS_V2] Procesando {nombre} (SoftRestaurant)..."")"
BAJA,PERMITIDO_SYNC_BACKFILL_DIAGNOSTICO,Comercial,remote POS names,/app/backend/core/scheduler/jobs/sync_comercial_abiertas_v2_job.py,652,query_abiertas = QUERY_SOFTRESTAURANT_VENTAS_ABIERTAS.format(
BAJA,PERMITIDO_SYNC_BACKFILL_DIAGNOSTICO,Comercial,remote POS names,/app/backend/core/scheduler/jobs/sync_comercial_abiertas_v2_job.py,670,query_cerradas = QUERY_SOFTRESTAURANT_CERRADAS_HOY.format(
BAJA,PERMITIDO_SYNC_BACKFILL_DIAGNOSTICO,Comercial,remote POS names,/app/backend/core/scheduler/jobs/sync_comercial_abiertas_v2_job.py,693,# PROTECCIÓN ANTI-$0 PARA SOFTRESTAURANT
BAJA,PERMITIDO_SYNC_BACKFILL_DIAGNOSTICO,Comercial,remote POS names,/app/backend/core/scheduler/jobs/sync_comercial_abiertas_v2_job.py,716,"""sistema"": ""SoftRestaurant"","
BAJA,PERMITIDO_SYNC_BACKFILL_DIAGNOSTICO,Comercial,remote POS names,/app/backend/core/scheduler/jobs/sync_comercial_abiertas_v2_job.py,753,"sistema_origen=SistemaOrigen.SOFTRESTAURANT,"
BAJA,PERMITIDO_SYNC_BACKFILL_DIAGNOSTICO,Comercial,remote POS names,/app/backend/core/scheduler/jobs/sync_comercial_abiertas_v2_job.py,776,"""sistema"": ""SoftRestaurant"","
BAJA,PERMITIDO_SYNC_BACKFILL_DIAGNOSTICO,Comercial,remote POS names,/app/backend/core/scheduler/jobs/sync_comercial_abiertas_v2_job.py,812,"""sistema"": ""SoftRestaurant"","
BAJA,PERMITIDO_SYNC_BACKFILL_DIAGNOSTICO,Comercial,remote POS names,/app/backend/core/scheduler/jobs/sync_comercial_abiertas_v2_job.py,833,# SINCRONIZAR MPRO VIA API LOCAL
BAJA,PERMITIDO_SYNC_BACKFILL_DIAGNOSTICO,Comercial,remote POS names,/app/backend/core/scheduler/jobs/sync_comercial_abiertas_v2_job.py,836,for unidad in unidades_mpro:
BAJA,PERMITIDO_SYNC_BACKFILL_DIAGNOSTICO,Comercial,remote POS names,/app/backend/core/scheduler/jobs/sync_comercial_abiertas_v2_job.py,842,"logger.info(f""[SYNC_ABIERTAS_V2] Procesando {nombre} (MPRO API Local)..."")"
BAJA,PERMITIDO_SYNC_BACKFILL_DIAGNOSTICO,Comercial,remote POS names,/app/backend/core/scheduler/jobs/sync_comercial_abiertas_v2_job.py,874,"f""[SYNC_ABIERTAS_V2] MPRO {unidad_id}: FechaOp={fecha_operacion_str}, """
BAJA,PERMITIDO_SYNC_BACKFILL_DIAGNOSTICO,Comercial,remote POS names,/app/backend/core/scheduler/jobs/sync_comercial_abiertas_v2_job.py,882,# ORIGEN: Usa Venta_Encabezado (estructura estándar MPRO)
BAJA,PERMITIDO_SYNC_BACKFILL_DIAGNOSTICO,Comercial,remote POS names,/app/backend/core/scheduler/jobs/sync_comercial_abiertas_v2_job.py,888,query_template_abiertas = QUERY_MPRO_VENTAS_ABIERTAS_QRO
BAJA,PERMITIDO_SYNC_BACKFILL_DIAGNOSTICO,Comercial,remote POS names,/app/backend/core/scheduler/jobs/sync_comercial_abiertas_v2_job.py,889,query_template_cerradas = QUERY_MPRO_CERRADAS_HOY_QRO
BAJA,PERMITIDO_SYNC_BACKFILL_DIAGNOSTICO,Comercial,remote POS names,/app/backend/core/scheduler/jobs/sync_comercial_abiertas_v2_job.py,892,# ORIGEN y otras unidades MPRO usan Venta_Encabezado estándar
BAJA,PERMITIDO_SYNC_BACKFILL_DIAGNOSTICO,Comercial,remote POS names,/app/backend/core/scheduler/jobs/sync_comercial_abiertas_v2_job.py,893,query_template_abiertas = QUERY_MPRO_VENTAS_ABIERTAS_ORIGEN
BAJA,PERMITIDO_SYNC_BACKFILL_DIAGNOSTICO,Comercial,remote POS names,/app/backend/core/scheduler/jobs/sync_comercial_abiertas_v2_job.py,894,query_template_cerradas = QUERY_MPRO_CERRADAS_HOY_ORIGEN
BAJA,PERMITIDO_SYNC_BACKFILL_DIAGNOSTICO,Comercial,remote POS names,/app/backend/core/scheduler/jobs/sync_comercial_abiertas_v2_job.py,926,# FIX P0 2026-05-15: PROTECCIÓN ANTI-$0 PARA TODAS LAS UNIDADES MPRO
BAJA,PERMITIDO_SYNC_BACKFILL_DIAGNOSTICO,Comercial,remote POS names,/app/backend/core/scheduler/jobs/sync_comercial_abiertas_v2_job.py,1054,"f""[SYNC_ABIERTAS_V2] ⛔ GUARD RAIL BLOQUEÓ ESCRITURA MPRO: """
BAJA,PERMITIDO_SYNC_BACKFILL_DIAGNOSTICO,Comercial,remote POS names,/app/backend/core/scheduler/jobs/sync_comercial_abiertas_v2_job.py,1069,"sistema_origen=SistemaOrigen.MPRO,"
BAJA,PERMITIDO_SYNC_BACKFILL_DIAGNOSTICO,Comercial,remote POS names,/app/backend/core/scheduler/jobs/sync_comercial_abiertas_v2_job.py,1092,"""sistema"": ""MPRO"","
BAJA,PERMITIDO_SYNC_BACKFILL_DIAGNOSTICO,Comercial,remote POS names,/app/backend/core/scheduler/jobs/sync_comercial_abiertas_v2_job.py,1129,"""sistema"": ""MPRO"","
BAJA,PERMITIDO_SYNC_BACKFILL_DIAGNOSTICO,Comercial,remote POS names,/app/backend/core/scheduler/jobs/sync_comercial_endpoints_job.py,15,- Este job consulta servidores remotos (SoftRestaurant/MPRO)
BAJA,PERMITIDO_SYNC_BACKFILL_DIAGNOSTICO,Comercial,pymssql.connect,/app/backend/core/scheduler/jobs/sync_comercial_endpoints_job.py,76,self._conn = pymssql.connect(
BAJA,PERMITIDO_SYNC_BACKFILL_DIAGNOSTICO,Comercial,remote POS names,/app/backend/core/scheduler/jobs/sync_comercial_v2_job.py,7,Este job sincroniza KPIs de ventas comerciales desde SoftRestaurant y MPRO
BAJA,PERMITIDO_SYNC_BACKFILL_DIAGNOSTICO,Comercial,direct host ddns,/app/backend/core/scheduler/jobs/sync_comercial_v2_job.py,18,"- SoftRestaurant: 130MID (130° MÉRIDA), CIENFUEGOS, ESTELAR (LA ESTELAR)"
BAJA,PERMITIDO_SYNC_BACKFILL_DIAGNOSTICO,Comercial,remote POS names,/app/backend/core/scheduler/jobs/sync_comercial_v2_job.py,18,"- SoftRestaurant: 130MID (130° MÉRIDA), CIENFUEGOS, ESTELAR (LA ESTELAR)"
BAJA,PERMITIDO_SYNC_BACKFILL_DIAGNOSTICO,Comercial,remote POS names,/app/backend/core/scheduler/jobs/sync_comercial_v2_job.py,19,"- MPRO: 130QRO (130° QUERETARO, sucursal 0021), ORIGEN (sucursal 0023)"
BAJA,PERMITIDO_SYNC_BACKFILL_DIAGNOSTICO,Comercial,direct host ddns,/app/backend/core/scheduler/jobs/sync_comercial_v2_job.py,30,"- CÓDIGOS OFICIALES: 130MID, 130QRO, CIENFUEGOS, ESTELAR, ORIGEN"
BAJA,PERMITIDO_SYNC_BACKFILL_DIAGNOSTICO,Comercial,direct host ddns,/app/backend/core/scheduler/jobs/sync_comercial_v2_job.py,57,# - 130MID (130° MÉRIDA)
BAJA,PERMITIDO_SYNC_BACKFILL_DIAGNOSTICO,Comercial,remote POS names,/app/backend/core/scheduler/jobs/sync_comercial_v2_job.py,68,REEMPLAZA los arrays hardcodeados UNIDADES_SOFTRESTAURANT y UNIDADES_MPRO.
BAJA,PERMITIDO_SYNC_BACKFILL_DIAGNOSTICO,Comercial,remote POS names,/app/backend/core/scheduler/jobs/sync_comercial_v2_job.py,71,"(unidades_softrestaurant, unidades_mpro) con códigos canónicos"
BAJA,PERMITIDO_SYNC_BACKFILL_DIAGNOSTICO,Comercial,remote POS names,/app/backend/core/scheduler/jobs/sync_comercial_v2_job.py,77,unidades_mpro = []
BAJA,PERMITIDO_SYNC_BACKFILL_DIAGNOSTICO,Comercial,remote POS names,/app/backend/core/scheduler/jobs/sync_comercial_v2_job.py,79,# Obtener unidades SoftRestaurant
BAJA,PERMITIDO_SYNC_BACKFILL_DIAGNOSTICO,Comercial,remote POS names,/app/backend/core/scheduler/jobs/sync_comercial_v2_job.py,80,for u in get_unidades_by_sistema('SoftRestaurant'):
BAJA,PERMITIDO_SYNC_BACKFILL_DIAGNOSTICO,Comercial,remote POS names,/app/backend/core/scheduler/jobs/sync_comercial_v2_job.py,86,"""sistema"": ""SoftRestaurant"""
BAJA,PERMITIDO_SYNC_BACKFILL_DIAGNOSTICO,Comercial,remote POS names,/app/backend/core/scheduler/jobs/sync_comercial_v2_job.py,89,# Obtener unidades MPRO
BAJA,PERMITIDO_SYNC_BACKFILL_DIAGNOSTICO,Comercial,remote POS names,/app/backend/core/scheduler/jobs/sync_comercial_v2_job.py,90,for u in get_unidades_by_sistema('MPRO'):
BAJA,PERMITIDO_SYNC_BACKFILL_DIAGNOSTICO,Comercial,remote POS names,/app/backend/core/scheduler/jobs/sync_comercial_v2_job.py,91,unidades_mpro.append({
BAJA,PERMITIDO_SYNC_BACKFILL_DIAGNOSTICO,Comercial,remote POS names,/app/backend/core/scheduler/jobs/sync_comercial_v2_job.py,96,"""sistema"": ""MPRO"""
BAJA,PERMITIDO_SYNC_BACKFILL_DIAGNOSTICO,Comercial,remote POS names,/app/backend/core/scheduler/jobs/sync_comercial_v2_job.py,99,"logger.info(f""[SYNC_V2] FASE P0: Cargadas {len(unidades_sr)} unidades SoftRestaurant, {len(unidades_mpro)} unidades MPRO desde EDARSAHUB"")"
BAJA,PERMITIDO_SYNC_BACKFILL_DIAGNOSTICO,Comercial,remote POS names,/app/backend/core/scheduler/jobs/sync_comercial_v2_job.py,101,"return unidades_sr, unidades_mpro"
BAJA,PERMITIDO_SYNC_BACKFILL_DIAGNOSTICO,Comercial,direct host ddns,/app/backend/core/scheduler/jobs/sync_comercial_v2_job.py,119,"""unidad_negocio_id"": ""130MID"",  # Código canónico oficial"
BAJA,PERMITIDO_SYNC_BACKFILL_DIAGNOSTICO,Comercial,remote POS names,/app/backend/core/scheduler/jobs/sync_comercial_v2_job.py,123,"""sistema"": ""SoftRestaurant"""
BAJA,PERMITIDO_SYNC_BACKFILL_DIAGNOSTICO,Comercial,remote POS names,/app/backend/core/scheduler/jobs/sync_comercial_v2_job.py,130,"""sistema"": ""SoftRestaurant"""
BAJA,PERMITIDO_SYNC_BACKFILL_DIAGNOSTICO,Comercial,remote POS names,/app/backend/core/scheduler/jobs/sync_comercial_v2_job.py,137,"""sistema"": ""SoftRestaurant"""
BAJA,PERMITIDO_SYNC_BACKFILL_DIAGNOSTICO,Comercial,remote POS names,/app/backend/core/scheduler/jobs/sync_comercial_v2_job.py,141,unidades_mpro = [
BAJA,PERMITIDO_SYNC_BACKFILL_DIAGNOSTICO,Comercial,remote POS names,/app/backend/core/scheduler/jobs/sync_comercial_v2_job.py,147,"""sistema"": ""MPRO"""
BAJA,PERMITIDO_SYNC_BACKFILL_DIAGNOSTICO,Comercial,remote POS names,/app/backend/core/scheduler/jobs/sync_comercial_v2_job.py,154,"""sistema"": ""MPRO"""
BAJA,PERMITIDO_SYNC_BACKFILL_DIAGNOSTICO,Comercial,remote POS names,/app/backend/core/scheduler/jobs/sync_comercial_v2_job.py,158,"return unidades_sr, unidades_mpro"
BAJA,PERMITIDO_SYNC_BACKFILL_DIAGNOSTICO,Comercial,remote POS names,/app/backend/core/scheduler/jobs/sync_comercial_v2_job.py,176,"sync_softrestaurant_ventas_cerradas,"
BAJA,PERMITIDO_SYNC_BACKFILL_DIAGNOSTICO,Comercial,remote POS names,/app/backend/core/scheduler/jobs/sync_comercial_v2_job.py,177,"sync_mpro_ventas_cerradas,"
BAJA,PERMITIDO_SYNC_BACKFILL_DIAGNOSTICO,Comercial,remote POS names,/app/backend/core/scheduler/jobs/sync_comercial_v2_job.py,217,"unidades_sr, unidades_mpro = _get_unidades_from_edarsahub()"
BAJA,PERMITIDO_SYNC_BACKFILL_DIAGNOSTICO,Comercial,remote POS names,/app/backend/core/scheduler/jobs/sync_comercial_v2_job.py,219,"logger.info(f""[SYNC_COMERCIAL_V2] FASE P0: Procesando {len(unidades_sr)} SoftRestaurant + {len(unidades_mpro)} MPRO con códigos canónicos"")"
BAJA,PERMITIDO_SYNC_BACKFILL_DIAGNOSTICO,Comercial,remote POS names,/app/backend/core/scheduler/jobs/sync_comercial_v2_job.py,222,# SINCRONIZAR SOFTRESTAURANT
BAJA,PERMITIDO_SYNC_BACKFILL_DIAGNOSTICO,Comercial,remote POS names,/app/backend/core/scheduler/jobs/sync_comercial_v2_job.py,231,"logger.info(f""[SYNC_COMERCIAL_V2] Sincronizando {nombre} (SoftRestaurant)..."")"
BAJA,PERMITIDO_SYNC_BACKFILL_DIAGNOSTICO,Comercial,remote POS names,/app/backend/core/scheduler/jobs/sync_comercial_v2_job.py,240,"sistema_origen=SistemaOrigen.SOFTRESTAURANT,"
BAJA,PERMITIDO_SYNC_BACKFILL_DIAGNOSTICO,Comercial,remote POS names,/app/backend/core/scheduler/jobs/sync_comercial_v2_job.py,245,resultado = sync_softrestaurant_ventas_cerradas(
BAJA,PERMITIDO_SYNC_BACKFILL_DIAGNOSTICO,Comercial,remote POS names,/app/backend/core/scheduler/jobs/sync_comercial_v2_job.py,255,"""sistema"": ""SoftRestaurant"","
BAJA,PERMITIDO_SYNC_BACKFILL_DIAGNOSTICO,Comercial,remote POS names,/app/backend/core/scheduler/jobs/sync_comercial_v2_job.py,294,"""sistema"": ""SoftRestaurant"","
BAJA,PERMITIDO_SYNC_BACKFILL_DIAGNOSTICO,Comercial,remote POS names,/app/backend/core/scheduler/jobs/sync_comercial_v2_job.py,300,# SINCRONIZAR MPRO
BAJA,PERMITIDO_SYNC_BACKFILL_DIAGNOSTICO,Comercial,remote POS names,/app/backend/core/scheduler/jobs/sync_comercial_v2_job.py,303,for unidad in unidades_mpro:
BAJA,PERMITIDO_SYNC_BACKFILL_DIAGNOSTICO,Comercial,remote POS names,/app/backend/core/scheduler/jobs/sync_comercial_v2_job.py,310,"logger.info(f""[SYNC_COMERCIAL_V2] Sincronizando {nombre} (MPRO sucursal={sucursal_id})..."")"
BAJA,PERMITIDO_SYNC_BACKFILL_DIAGNOSTICO,Comercial,remote POS names,/app/backend/core/scheduler/jobs/sync_comercial_v2_job.py,319,"sistema_origen=SistemaOrigen.MPRO,"
BAJA,PERMITIDO_SYNC_BACKFILL_DIAGNOSTICO,Comercial,remote POS names,/app/backend/core/scheduler/jobs/sync_comercial_v2_job.py,324,resultado = sync_mpro_ventas_cerradas(
BAJA,PERMITIDO_SYNC_BACKFILL_DIAGNOSTICO,Comercial,remote POS names,/app/backend/core/scheduler/jobs/sync_comercial_v2_job.py,335,"""sistema"": ""MPRO"","
BAJA,PERMITIDO_SYNC_BACKFILL_DIAGNOSTICO,Comercial,remote POS names,/app/backend/core/scheduler/jobs/sync_comercial_v2_job.py,375,"""sistema"": ""MPRO"","
BAJA,PERMITIDO_SYNC_BACKFILL_DIAGNOSTICO,Comercial,remote POS names,/app/backend/core/scheduler/jobs/sync_nightly_comercial_job.py,244,"get_kpis_softrestaurant,"
BAJA,PERMITIDO_SYNC_BACKFILL_DIAGNOSTICO,Comercial,remote POS names,/app/backend/core/scheduler/jobs/sync_nightly_comercial_job.py,245,get_kpis_mpro_por_sucursal
BAJA,PERMITIDO_SYNC_BACKFILL_DIAGNOSTICO,Comercial,remote POS names,/app/backend/core/scheduler/jobs/sync_nightly_comercial_job.py,259,"if system_type == ""SoftRestaurant"":"
BAJA,PERMITIDO_SYNC_BACKFILL_DIAGNOSTICO,Comercial,remote POS names,/app/backend/core/scheduler/jobs/sync_nightly_comercial_job.py,260,kpis = get_kpis_softrestaurant(
BAJA,PERMITIDO_SYNC_BACKFILL_DIAGNOSTICO,Comercial,remote POS names,/app/backend/core/scheduler/jobs/sync_nightly_comercial_job.py,278,"elif system_type == ""MPRO"":"
BAJA,PERMITIDO_SYNC_BACKFILL_DIAGNOSTICO,Comercial,remote POS names,/app/backend/core/scheduler/jobs/sync_nightly_comercial_job.py,279,kpis_list = get_kpis_mpro_por_sucursal(
BAJA,PERMITIDO_SYNC_BACKFILL_DIAGNOSTICO,Comercial,remote POS names,/app/backend/core/scheduler/jobs/sync_short_comercial_job.py,195,"get_kpis_softrestaurant,"
BAJA,PERMITIDO_SYNC_BACKFILL_DIAGNOSTICO,Comercial,remote POS names,/app/backend/core/scheduler/jobs/sync_short_comercial_job.py,196,get_kpis_mpro_por_sucursal
BAJA,PERMITIDO_SYNC_BACKFILL_DIAGNOSTICO,Comercial,remote POS names,/app/backend/core/scheduler/jobs/sync_short_comercial_job.py,204,"if system_type == ""SoftRestaurant"":"
BAJA,PERMITIDO_SYNC_BACKFILL_DIAGNOSTICO,Comercial,remote POS names,/app/backend/core/scheduler/jobs/sync_short_comercial_job.py,205,kpis = get_kpis_softrestaurant(
BAJA,PERMITIDO_SYNC_BACKFILL_DIAGNOSTICO,Comercial,remote POS names,/app/backend/core/scheduler/jobs/sync_short_comercial_job.py,223,"elif system_type == ""MPRO"":"
BAJA,PERMITIDO_SYNC_BACKFILL_DIAGNOSTICO,Comercial,remote POS names,/app/backend/core/scheduler/jobs/sync_short_comercial_job.py,224,kpis_list = get_kpis_mpro_por_sucursal(
BAJA,PERMITIDO_SYNC_BACKFILL_DIAGNOSTICO,Comercial,remote POS names,/app/backend/modules/comercial/routes.py,4652,"""source_message"": f""Datos históricos de EDARSAHUB. Última sincronización: {stale_snapshot_mpro['fecha_snapshot']}. Datos pueden estar desactualizados."","
BAJA,PERMITIDO_SYNC_BACKFILL_DIAGNOSTICO,Comercial,remote POS names,/app/backend/modules/comercial/routes.py,4662,"""mensaje"": f""Datos históricos. Última sincronización: {stale_snapshot_mpro['fecha_snapshot']}"""
BAJA,PERMITIDO_SYNC_BACKFILL_DIAGNOSTICO,Comercial,execute_sql_query,/app/backend/modules/comercial/services/impuestos_service.py,225,"sync_result = execute_sql_query(*conn, sync_query)"
BAJA,PERMITIDO_SYNC_BACKFILL_DIAGNOSTICO,Comercial,remote POS names,/app/backend/modules/comercial_v2/sync_comercial_edarsahub.py,6,"Extrae datos de SoftRestaurant y MPRO, los transforma y guarda en tablas v2."
BAJA,PERMITIDO_SYNC_BACKFILL_DIAGNOSTICO,Comercial,remote POS names,/app/backend/modules/comercial_v2/sync_comercial_edarsahub.py,15,- SoftRestaurant: cheques + turnos + tempcheques
BAJA,PERMITIDO_SYNC_BACKFILL_DIAGNOSTICO,Comercial,remote POS names,/app/backend/modules/comercial_v2/sync_comercial_edarsahub.py,16,- MPRO: Venta_Encabezado + Comanda
BAJA,PERMITIDO_SYNC_BACKFILL_DIAGNOSTICO,Comercial,remote POS names,/app/backend/modules/comercial_v2/sync_comercial_edarsahub.py,40,"map_softrestaurant_ventas_cerradas,"
BAJA,PERMITIDO_SYNC_BACKFILL_DIAGNOSTICO,Comercial,remote POS names,/app/backend/modules/comercial_v2/sync_comercial_edarsahub.py,41,"map_softrestaurant_ventas_abiertas,"
BAJA,PERMITIDO_SYNC_BACKFILL_DIAGNOSTICO,Comercial,remote POS names,/app/backend/modules/comercial_v2/sync_comercial_edarsahub.py,42,"map_mpro_ventas_cerradas,"
BAJA,PERMITIDO_SYNC_BACKFILL_DIAGNOSTICO,Comercial,remote POS names,/app/backend/modules/comercial_v2/sync_comercial_edarsahub.py,43,map_mpro_ventas_abiertas
BAJA,PERMITIDO_SYNC_BACKFILL_DIAGNOSTICO,Comercial,remote POS names,/app/backend/modules/comercial_v2/sync_comercial_edarsahub.py,48,"get_sucursales_mpro,"
BAJA,PERMITIDO_SYNC_BACKFILL_DIAGNOSTICO,Comercial,execute_sql_query,/app/backend/modules/comercial_v2/sync_comercial_edarsahub.py,94,result = execute_sql_query(
BAJA,PERMITIDO_SYNC_BACKFILL_DIAGNOSTICO,Comercial,remote POS names,/app/backend/modules/comercial_v2/sync_comercial_edarsahub.py,143,Ejecuta una query en un servidor de origen (SoftRestaurant/MPRO).
BAJA,PERMITIDO_SYNC_BACKFILL_DIAGNOSTICO,Comercial,execute_sql_query,/app/backend/modules/comercial_v2/sync_comercial_edarsahub.py,163,result = execute_sql_query(
BAJA,PERMITIDO_SYNC_BACKFILL_DIAGNOSTICO,Comercial,execute_sql_query,/app/backend/modules/comercial_v2/sync_comercial_edarsahub.py,184,"test_result = execute_sql_query(host, port, database, username, password, test_query)"
BAJA,PERMITIDO_SYNC_BACKFILL_DIAGNOSTICO,Comercial,remote POS names,/app/backend/modules/comercial_v2/sync_comercial_edarsahub.py,205,# -------------------- SOFTRESTAURANT --------------------
BAJA,PERMITIDO_SYNC_BACKFILL_DIAGNOSTICO,Comercial,remote POS names,/app/backend/modules/comercial_v2/sync_comercial_edarsahub.py,207,"QUERY_SOFTRESTAURANT_VENTAS_CERRADAS = """""""
BAJA,PERMITIDO_SYNC_BACKFILL_DIAGNOSTICO,Comercial,remote POS names,/app/backend/modules/comercial_v2/sync_comercial_edarsahub.py,223,"QUERY_SOFTRESTAURANT_VENTAS_ABIERTAS = """""""
BAJA,PERMITIDO_SYNC_BACKFILL_DIAGNOSTICO,Comercial,remote POS names,/app/backend/modules/comercial_v2/sync_comercial_edarsahub.py,235,# -------------------- MPRO --------------------
BAJA,PERMITIDO_SYNC_BACKFILL_DIAGNOSTICO,Comercial,remote POS names,/app/backend/modules/comercial_v2/sync_comercial_edarsahub.py,237,"QUERY_MPRO_VENTAS_CERRADAS = """""""
BAJA,PERMITIDO_SYNC_BACKFILL_DIAGNOSTICO,Comercial,remote POS names,/app/backend/modules/comercial_v2/sync_comercial_edarsahub.py,251,"QUERY_MPRO_VENTAS_ABIERTAS = """""""
BAJA,PERMITIDO_SYNC_BACKFILL_DIAGNOSTICO,Comercial,remote POS names,/app/backend/modules/comercial_v2/sync_comercial_edarsahub.py,268,def sync_softrestaurant_ventas_cerradas(
BAJA,PERMITIDO_SYNC_BACKFILL_DIAGNOSTICO,Comercial,remote POS names,/app/backend/modules/comercial_v2/sync_comercial_edarsahub.py,275,Sincroniza ventas cerradas de SoftRestaurant hacia EDARSAHUB v2.
BAJA,PERMITIDO_SYNC_BACKFILL_DIAGNOSTICO,Comercial,remote POS names,/app/backend/modules/comercial_v2/sync_comercial_edarsahub.py,292,query = QUERY_SOFTRESTAURANT_VENTAS_CERRADAS.format(
BAJA,PERMITIDO_SYNC_BACKFILL_DIAGNOSTICO,Comercial,remote POS names,/app/backend/modules/comercial_v2/sync_comercial_edarsahub.py,324,"kpi = map_softrestaurant_ventas_cerradas(row, config, run_id)"
BAJA,PERMITIDO_SYNC_BACKFILL_DIAGNOSTICO,Comercial,remote POS names,/app/backend/modules/comercial_v2/sync_comercial_edarsahub.py,369,"logger.error(f""Error en sync SoftRestaurant: {e}"")"
BAJA,PERMITIDO_SYNC_BACKFILL_DIAGNOSTICO,Comercial,remote POS names,/app/backend/modules/comercial_v2/sync_comercial_edarsahub.py,373,def sync_mpro_ventas_cerradas(
BAJA,PERMITIDO_SYNC_BACKFILL_DIAGNOSTICO,Comercial,remote POS names,/app/backend/modules/comercial_v2/sync_comercial_edarsahub.py,381,Sincroniza ventas cerradas de MPRO hacia EDARSAHUB v2.
BAJA,PERMITIDO_SYNC_BACKFILL_DIAGNOSTICO,Comercial,remote POS names,/app/backend/modules/comercial_v2/sync_comercial_edarsahub.py,382,MPRO tiene múltiples sucursales por servidor.
BAJA,PERMITIDO_SYNC_BACKFILL_DIAGNOSTICO,Comercial,remote POS names,/app/backend/modules/comercial_v2/sync_comercial_edarsahub.py,399,query = QUERY_MPRO_VENTAS_CERRADAS.format(
BAJA,PERMITIDO_SYNC_BACKFILL_DIAGNOSTICO,Comercial,remote POS names,/app/backend/modules/comercial_v2/sync_comercial_edarsahub.py,432,"sistema_origen=SistemaOrigen.MPRO,"
BAJA,PERMITIDO_SYNC_BACKFILL_DIAGNOSTICO,Comercial,remote POS names,/app/backend/modules/comercial_v2/sync_comercial_edarsahub.py,444,"kpi = map_mpro_ventas_cerradas(row, config_with_sucursal, run_id)"
BAJA,PERMITIDO_SYNC_BACKFILL_DIAGNOSTICO,Comercial,remote POS names,/app/backend/modules/comercial_v2/sync_comercial_edarsahub.py,455,"logger.error(f""Error procesando fila MPRO: {e}"")"
BAJA,PERMITIDO_SYNC_BACKFILL_DIAGNOSTICO,Comercial,remote POS names,/app/backend/modules/comercial_v2/sync_comercial_edarsahub.py,490,"logger.error(f""Error en sync MPRO: {e}"")"
BAJA,PERMITIDO_SYNC_BACKFILL_DIAGNOSTICO,Comercial,remote POS names,/app/backend/modules/comercial_v2/sync_comercial_edarsahub.py,505,Detecta automáticamente si es SoftRestaurant o MPRO.
BAJA,PERMITIDO_SYNC_BACKFILL_DIAGNOSTICO,Comercial,remote POS names,/app/backend/modules/comercial_v2/sync_comercial_edarsahub.py,509,if unidad_config.sistema_origen == SistemaOrigen.SOFTRESTAURANT:
BAJA,PERMITIDO_SYNC_BACKFILL_DIAGNOSTICO,Comercial,remote POS names,/app/backend/modules/comercial_v2/sync_comercial_edarsahub.py,510,return sync_softrestaurant_ventas_cerradas(
BAJA,PERMITIDO_SYNC_BACKFILL_DIAGNOSTICO,Comercial,remote POS names,/app/backend/modules/comercial_v2/sync_comercial_edarsahub.py,513,elif unidad_config.sistema_origen == SistemaOrigen.MPRO:
BAJA,PERMITIDO_SYNC_BACKFILL_DIAGNOSTICO,Comercial,remote POS names,/app/backend/modules/comercial_v2/sync_comercial_edarsahub.py,514,return sync_mpro_ventas_cerradas(
BAJA,PERMITIDO_SYNC_BACKFILL_DIAGNOSTICO,Comercial,remote POS names,/app/backend/modules/comercial_v2/sync_comercial_edarsahub.py,544,if config.sistema_origen == SistemaOrigen.MPRO:
BAJA,PERMITIDO_SYNC_BACKFILL_DIAGNOSTICO,Comercial,remote POS names,/app/backend/modules/comercial_v2/sync_comercial_edarsahub.py,545,# MPRO tiene múltiples sucursales
BAJA,PERMITIDO_SYNC_BACKFILL_DIAGNOSTICO,Comercial,remote POS names,/app/backend/modules/comercial_v2/sync_comercial_edarsahub.py,546,sucursales = get_sucursales_mpro(config.server_id)
BAJA,PERMITIDO_SYNC_BACKFILL_DIAGNOSTICO,Comercial,remote POS names,/app/backend/modules/comercial_v2/sync_comercial_edarsahub.py,554,"sistema_origen=SistemaOrigen.MPRO,"
BAJA,PERMITIDO_SYNC_BACKFILL_DIAGNOSTICO,Comercial,remote POS names,/app/backend/modules/comercial_v2/sync_comercial_edarsahub.py,570,def test_sync_una_unidad_softrestaurant(
BAJA,PERMITIDO_SYNC_BACKFILL_DIAGNOSTICO,Comercial,remote POS names,/app/backend/modules/comercial_v2/sync_comercial_edarsahub.py,574,PRUEBA CONTROLADA: Sincroniza 1 día de 1 unidad SoftRestaurant.
BAJA,PERMITIDO_SYNC_BACKFILL_DIAGNOSTICO,Comercial,remote POS names,/app/backend/modules/comercial_v2/sync_comercial_edarsahub.py,577,Unidad de prueba: LA ESTELAR (SoftRestaurant)
BAJA,PERMITIDO_SYNC_BACKFILL_DIAGNOSTICO,Comercial,remote POS names,/app/backend/modules/comercial_v2/sync_comercial_edarsahub.py,591,"sistema_origen=SistemaOrigen.SOFTRESTAURANT,"
BAJA,PERMITIDO_SYNC_BACKFILL_DIAGNOSTICO,Comercial,remote POS names,/app/backend/modules/comercial_v2/sync_comercial_edarsahub.py,598,def test_sync_una_unidad_mpro(
BAJA,PERMITIDO_SYNC_BACKFILL_DIAGNOSTICO,Comercial,remote POS names,/app/backend/modules/comercial_v2/sync_comercial_edarsahub.py,602,PRUEBA CONTROLADA: Sincroniza 1 día de 1 unidad MPRO.
BAJA,PERMITIDO_SYNC_BACKFILL_DIAGNOSTICO,Comercial,remote POS names,/app/backend/modules/comercial_v2/sync_comercial_edarsahub.py,605,Unidad de prueba: 130° QUERETARO (MPRO sucursal 0021)
BAJA,PERMITIDO_SYNC_BACKFILL_DIAGNOSTICO,Comercial,remote POS names,/app/backend/modules/comercial_v2/sync_comercial_edarsahub.py,619,"sistema_origen=SistemaOrigen.MPRO,"
BAJA,PERMITIDO_SYNC_BACKFILL_DIAGNOSTICO,Comercial,remote POS names,/app/backend/modules/comercial_v2/sync_comercial_edarsahub.py,644,"print(""  - test_sync_una_unidad_softrestaurant(fecha)"")"
BAJA,PERMITIDO_SYNC_BACKFILL_DIAGNOSTICO,Comercial,remote POS names,/app/backend/modules/comercial_v2/sync_comercial_edarsahub.py,645,"print(""  - test_sync_una_unidad_mpro(fecha)"")"
BAJA,PERMITIDO_SYNC_BACKFILL_DIAGNOSTICO,Comercial,direct host ddns,/app/backend/modules/inteligencia_comercial/routes.py,114,"unidad: Optional[str] = Query(None, description=""Unidad de negocio (130MID, CIENFUEGOS, etc.)""),"
BAJA,PERMITIDO_SYNC_BACKFILL_DIAGNOSTICO,Comercial,pymssql.connect,/app/backend/scripts/actualizacion_kpi_proyeccion_comercial.py,25,conn = pymssql.connect(
BAJA,PERMITIDO_SYNC_BACKFILL_DIAGNOSTICO,Comercial,pymssql.connect,/app/backend/scripts/consolidado_general_sistema_comercial.py,414,return pymssql.connect(
BAJA,PERMITIDO_SYNC_BACKFILL_DIAGNOSTICO,Comercial,pymssql.connect,/app/backend/scripts/consolidado_general_sistema_comercial_v2.py,196,conn = pymssql.connect(
BAJA,PERMITIDO_SYNC_BACKFILL_DIAGNOSTICO,Comercial,remote POS names,/app/scripts/032_validar_inteligencia_comercial_fase1.sh,39,"grep -Rni ""SoftRestaurant\|MPRO\|MongoDB\|motor.motor_asyncio\|pymongo\|AsyncIOMotor\|requests.get\|requests.post\|httpx\|aiohttp\|pyodbc.connect\|pymssql.connect"" ""$ROOT/backend/modules/comercial"" 2>/dev/null || true"
BAJA,PERMITIDO_SYNC_BACKFILL_DIAGNOSTICO,Comercial / Costos Márgenes,execute_sql_query,/app/backend/modules/costos_margenes/repository.py,599,"sync_result = execute_sql_query(*conn, sync_query)"
BAJA,PERMITIDO_SYNC_BACKFILL_DIAGNOSTICO,Comercial / Costos Márgenes,remote POS names,/app/backend/modules/costos_margenes/routes.py,226,"sistema_origen: Optional[str] = Query(None, description=""Filtrar por sistema (SOFTRESTAURANT_PRO, MPRO)""),"
BAJA,PERMITIDO_SYNC_BACKFILL_DIAGNOSTICO,Comercial / Costos Márgenes,remote POS names,/app/backend/modules/costos_margenes/routes.py,671,"sistema: Optional[str] = Query(None, description=""Filtrar por sistema (SOFTRESTAURANT_PRO, MPRO)""),"
BAJA,PERMITIDO_SYNC_BACKFILL_DIAGNOSTICO,Comercial / Costos Márgenes,execute_sql_query,/app/backend/scripts/ddl_costos_alertas_001b.py,526,"execute_sql_query(*conn, ddl)"
BAJA,PERMITIDO_SYNC_BACKFILL_DIAGNOSTICO,Comercial / Costos Márgenes,execute_sql_query,/app/backend/scripts/ddl_costos_alertas_001b.py,530,"result = execute_sql_query(*conn, check_query)"
BAJA,PERMITIDO_SYNC_BACKFILL_DIAGNOSTICO,Comercial / Costos Márgenes,execute_sql_query,/app/backend/scripts/ddl_costos_alertas_001b.py,551,"execute_sql_query(*conn, DDL_UMBRALES_SEMILLA)"
BAJA,PERMITIDO_SYNC_BACKFILL_DIAGNOSTICO,Comercial / Costos Márgenes,execute_sql_query,/app/backend/scripts/ddl_costos_alertas_001b.py,555,"result = execute_sql_query(*conn, check_umbrales)"
BAJA,PERMITIDO_SYNC_BACKFILL_DIAGNOSTICO,Comercial / Costos Márgenes,execute_sql_query,/app/backend/scripts/ddl_costos_alertas_001b.py,591,"result = execute_sql_query(*conn, query)"
BAJA,PERMITIDO_SYNC_BACKFILL_DIAGNOSTICO,Comercial / Costos Márgenes,execute_sql_query,/app/backend/scripts/ddl_costos_alertas_001b.py,601,"umbrales = execute_sql_query(*conn, query_umbrales)"
BAJA,PERMITIDO_SYNC_BACKFILL_DIAGNOSTICO,Compras,pymssql.connect,/app/backend/core/scheduler/jobs/detect_nuevos_compras_job.py,66,conn = pymssql.connect(
BAJA,PERMITIDO_SYNC_BACKFILL_DIAGNOSTICO,Compras,pymssql.connect,/app/backend/core/scheduler/jobs/detect_nuevos_compras_job.py,118,conn = pymssql.connect(
BAJA,PERMITIDO_SYNC_BACKFILL_DIAGNOSTICO,Compras,pymssql.connect,/app/backend/core/scheduler/jobs/detect_nuevos_compras_job.py,159,conn = pymssql.connect(
BAJA,PERMITIDO_SYNC_BACKFILL_DIAGNOSTICO,Compras,remote POS names,/app/backend/core/scheduler/jobs/detect_nuevos_compras_job.py,178,"AND s.system_type IN ('SOFTRESTAURANT', 'MPRO', 'MANAGEMENTPRO', 'SOFTRESTAURANT_PRO')"
BAJA,PERMITIDO_SYNC_BACKFILL_DIAGNOSTICO,Compras,execute_sql_query,/app/backend/core/scheduler/jobs/detect_nuevos_compras_job.py,232,"result = execute_sql_query(host, port, database, username, password, query, timeout=timeout_seconds)"
BAJA,PERMITIDO_SYNC_BACKFILL_DIAGNOSTICO,Compras,remote POS names,/app/backend/core/scheduler/jobs/sync_compras_job.py,7,"físicos (SoftRestaurant, MPRO) hacia las tablas intermedias en EDARSAHUB SQL."
BAJA,PERMITIDO_SYNC_BACKFILL_DIAGNOSTICO,Compras,pymssql.connect,/app/backend/core/scheduler/jobs/sync_compras_job.py,78,conn = pymssql.connect(
BAJA,PERMITIDO_SYNC_BACKFILL_DIAGNOSTICO,Compras,pymssql.connect,/app/backend/core/scheduler/jobs/sync_compras_job.py,138,conn = pymssql.connect(
BAJA,PERMITIDO_SYNC_BACKFILL_DIAGNOSTICO,Compras,execute_sql_query,/app/backend/core/scheduler/jobs/sync_compras_job.py,182,result = _base_execute_sql_query(
BAJA,PERMITIDO_SYNC_BACKFILL_DIAGNOSTICO,Compras,remote POS names,/app/backend/core/scheduler/jobs/sync_compras_job.py,218,"AND s.system_type IN ('SOFTRESTAURANT', 'MPRO', 'MANAGEMENTPRO', 'SOFTRESTAURANT_PRO')"
BAJA,PERMITIDO_SYNC_BACKFILL_DIAGNOSTICO,Compras,remote POS names,/app/backend/modules/compras/sql_first_repository.py,7,- Soft/MPRO solo deben usarse desde jobs de sincronización.
BAJA,PERMITIDO_SYNC_BACKFILL_DIAGNOSTICO,Compras,remote POS names,/app/backend/modules/compras/sync_service.py,3,"# ServerID, OrigenSistema, id_empresa e id_unidad_negocio NO existen ni deben leerse desde SoftRestaurant/MPRO."
BAJA,PERMITIDO_SYNC_BACKFILL_DIAGNOSTICO,Compras,remote POS names,/app/backend/modules/compras/sync_service.py,8,# Los nombres de tablas origen SoftRestaurant/MPRO deben vivir en adapters.
BAJA,PERMITIDO_SYNC_BACKFILL_DIAGNOSTICO,Compras,remote POS names,/app/backend/modules/compras/sync_service.py,21,from modules.compras.adapters import softrestaurant_pro_adapter
BAJA,PERMITIDO_SYNC_BACKFILL_DIAGNOSTICO,Compras,remote POS names,/app/backend/modules/compras/sync_service.py,22,from modules.compras.adapters import mpro_adapter
BAJA,PERMITIDO_SYNC_BACKFILL_DIAGNOSTICO,Compras,remote POS names,/app/backend/modules/compras/sync_service.py,160,"def map_tipo_movimiento_softrestaurant(idconcepto, cantidad=None):"
BAJA,PERMITIDO_SYNC_BACKFILL_DIAGNOSTICO,Compras,remote POS names,/app/backend/modules/compras/sync_service.py,162,Mapea idconcepto de SoftRestaurant a Inventario_TipoMovimiento.TipoMovimientoID.
BAJA,PERMITIDO_SYNC_BACKFILL_DIAGNOSTICO,Compras,remote POS names,/app/backend/modules/compras/sync_service.py,182,return softrestaurant_pro_adapter
BAJA,PERMITIDO_SYNC_BACKFILL_DIAGNOSTICO,Compras,remote POS names,/app/backend/modules/compras/sync_service.py,184,"if ""MPRO"" in st or ""MANAGEMENT"" in st or ""MANAGMENT"" in st:"
BAJA,PERMITIDO_SYNC_BACKFILL_DIAGNOSTICO,Compras,remote POS names,/app/backend/modules/compras/sync_service.py,185,return mpro_adapter
BAJA,PERMITIDO_SYNC_BACKFILL_DIAGNOSTICO,Compras,pymssql.connect,/app/backend/modules/compras/sync_service.py,192,return pymssql.connect(
BAJA,PERMITIDO_SYNC_BACKFILL_DIAGNOSTICO,Compras,remote POS names,/app/backend/modules/compras/sync_service.py,382,"from core.system_type_utils import is_mpro_system, is_softrestaurant_system"
BAJA,PERMITIDO_SYNC_BACKFILL_DIAGNOSTICO,Compras,remote POS names,/app/backend/modules/compras/sync_service.py,393,if is_mpro_system(system_type):
BAJA,PERMITIDO_SYNC_BACKFILL_DIAGNOSTICO,Compras,remote POS names,/app/backend/modules/compras/sync_service.py,394,"# MPRO usa tabla ""Fisico"" (no Fisico_Inventario)"
BAJA,PERMITIDO_SYNC_BACKFILL_DIAGNOSTICO,Compras,remote POS names,/app/backend/modules/compras/sync_service.py,413,elif is_softrestaurant_system(system_type):
BAJA,PERMITIDO_SYNC_BACKFILL_DIAGNOSTICO,Compras,remote POS names,/app/backend/modules/compras/sync_service.py,414,"# SoftRestaurant usa tabla ""invfisico"""
BAJA,PERMITIDO_SYNC_BACKFILL_DIAGNOSTICO,Compras,remote POS names,/app/backend/modules/compras/sync_service.py,504,"from core.system_type_utils import is_mpro_system, is_softrestaurant_system"
BAJA,PERMITIDO_SYNC_BACKFILL_DIAGNOSTICO,Compras,remote POS names,/app/backend/modules/compras/sync_service.py,515,if is_mpro_system(system_type):
BAJA,PERMITIDO_SYNC_BACKFILL_DIAGNOSTICO,Compras,remote POS names,/app/backend/modules/compras/sync_service.py,540,elif is_softrestaurant_system(system_type):
BAJA,PERMITIDO_SYNC_BACKFILL_DIAGNOSTICO,Compras,remote POS names,/app/backend/modules/compras/sync_service.py,702,if 'MPRO' in system_type.upper() or 'MANAGEMENT' in system_type.upper():
BAJA,PERMITIDO_SYNC_BACKFILL_DIAGNOSTICO,Compras,remote POS names,/app/backend/modules/compras/sync_service.py,712,# SoftRestaurant Pro - usar nombres de tabla correctos
BAJA,PERMITIDO_SYNC_BACKFILL_DIAGNOSTICO,Compras,remote POS names,/app/backend/modules/compras/sync_service.py,795,if 'MPRO' in system_type.upper() or 'MANAGEMENT' in system_type.upper():
BAJA,PERMITIDO_SYNC_BACKFILL_DIAGNOSTICO,Compras,remote POS names,/app/backend/modules/compras/sync_service.py,806,"# SoftRestaurant Pro - NO tiene tabla ""existencias"""
BAJA,PERMITIDO_SYNC_BACKFILL_DIAGNOSTICO,Compras,remote POS names,/app/backend/modules/compras/sync_service.py,816,"logger.warning(f""[SYNC] SoftRestaurant no tiene tabla 'existencias' directa - se requiere calcular de movtosalmacen"")"
BAJA,PERMITIDO_SYNC_BACKFILL_DIAGNOSTICO,Compras,remote POS names,/app/backend/modules/compras/sync_service.py,873,# ADVERTENCIA: sync_movimientos_from_server debe usar map_tipo_movimiento_softrestaurant() antes de MERGE.
BAJA,PERMITIDO_SYNC_BACKFILL_DIAGNOSTICO,Compras,remote POS names,/app/backend/modules/compras/sync_service.py,876,# - usar map_tipo_movimiento_softrestaurant(idconcepto)
BAJA,PERMITIDO_SYNC_BACKFILL_DIAGNOSTICO,Compras,remote POS names,/app/backend/modules/compras/sync_service.py,891,MAPEO: idconcepto (SoftRestaurant) → TipoMovimientoID (EDARSAHUB)
BAJA,PERMITIDO_SYNC_BACKFILL_DIAGNOSTICO,Compras,remote POS names,/app/backend/modules/compras/sync_service.py,907,if 'MPRO' in system_type.upper() or 'MANAGEMENT' in system_type.upper():
BAJA,PERMITIDO_SYNC_BACKFILL_DIAGNOSTICO,Compras,remote POS names,/app/backend/modules/compras/sync_service.py,920,# SoftRestaurant - usar idconcepto para mapear tipo
BAJA,PERMITIDO_SYNC_BACKFILL_DIAGNOSTICO,Compras,remote POS names,/app/backend/modules/compras/sync_service.py,958,tipo_movimiento_id = map_tipo_movimiento_softrestaurant(concepto)
BAJA,PERMITIDO_SYNC_BACKFILL_DIAGNOSTICO,Compras,remote POS names,/app/backend/modules/compras/sync_service.py,1039,if 'MPRO' in system_type.upper() or 'MANAGEMENT' in system_type.upper():
BAJA,PERMITIDO_SYNC_BACKFILL_DIAGNOSTICO,Compras,remote POS names,/app/backend/modules/compras/sync_service.py,1169,if 'MPRO' in system_type.upper() or 'MANAGEMENT' in system_type.upper():
BAJA,PERMITIDO_SYNC_BACKFILL_DIAGNOSTICO,Compras,remote POS names,/app/backend/modules/compras/sync_service.py,1270,if 'MPRO' in system_type.upper() or 'MANAGEMENT' in system_type.upper():
BAJA,PERMITIDO_SYNC_BACKFILL_DIAGNOSTICO,Compras,remote POS names,/app/backend/modules/compras/sync_service.py,1281,# SoftRestaurant - tabla 'compras' (recepciones de mercancía)
BAJA,PERMITIDO_SYNC_BACKFILL_DIAGNOSTICO,Compras,remote POS names,/app/backend/scripts/run_historical_load_compras.py,13,"- SOFTRESTAURANT: Inventarios, Pedidos"
BAJA,PERMITIDO_SYNC_BACKFILL_DIAGNOSTICO,Compras,remote POS names,/app/backend/scripts/run_historical_load_compras.py,14,"- MANAGEMENTPRO: Inventarios, Pedidos, Facturas Proveedor"
BAJA,PERMITIDO_SYNC_BACKFILL_DIAGNOSTICO,Compras,remote POS names,/app/backend/scripts/run_historical_load_compras.py,178,"def query_inventarios_historico_mpro(server: Dict, fecha_inicio: str, fecha_fin: str) -> List[Dict]:"
BAJA,PERMITIDO_SYNC_BACKFILL_DIAGNOSTICO,Compras,remote POS names,/app/backend/scripts/run_historical_load_compras.py,179,"""""""Consulta inventarios físicos históricos de MPRO (PDA_Inventario)."""""""
BAJA,PERMITIDO_SYNC_BACKFILL_DIAGNOSTICO,Compras,remote POS names,/app/backend/scripts/run_historical_load_compras.py,182,# MPRO usa PDA_Inventario para conteos de inventario
BAJA,PERMITIDO_SYNC_BACKFILL_DIAGNOSTICO,Compras,pytds.connect,/app/backend/scripts/run_historical_load_compras.py,205,with pytds.connect(
BAJA,PERMITIDO_SYNC_BACKFILL_DIAGNOSTICO,Compras,remote POS names,/app/backend/scripts/run_historical_load_compras.py,225,"logger.error(f""[INV_MPRO_ERROR] {server.get('name')}: {e}"")"
BAJA,PERMITIDO_SYNC_BACKFILL_DIAGNOSTICO,Compras,remote POS names,/app/backend/scripts/run_historical_load_compras.py,231,"""""""Consulta inventarios físicos históricos de SoftRestaurant (folioconteo)."""""""
BAJA,PERMITIDO_SYNC_BACKFILL_DIAGNOSTICO,Compras,pytds.connect,/app/backend/scripts/run_historical_load_compras.py,256,with pytds.connect(
BAJA,PERMITIDO_SYNC_BACKFILL_DIAGNOSTICO,Compras,remote POS names,/app/backend/scripts/run_historical_load_compras.py,288,"def query_pedidos_historico_mpro(server: Dict, fecha_inicio: str, fecha_fin: str) -> List[Dict]:"
BAJA,PERMITIDO_SYNC_BACKFILL_DIAGNOSTICO,Compras,remote POS names,/app/backend/scripts/run_historical_load_compras.py,289,"""""""Consulta requisiciones de compra históricos de MPRO (Requisicion_Compra)."""""""
BAJA,PERMITIDO_SYNC_BACKFILL_DIAGNOSTICO,Compras,remote POS names,/app/backend/scripts/run_historical_load_compras.py,292,# MPRO usa Requisicion_Compra para pedidos internos
BAJA,PERMITIDO_SYNC_BACKFILL_DIAGNOSTICO,Compras,pytds.connect,/app/backend/scripts/run_historical_load_compras.py,307,with pytds.connect(
BAJA,PERMITIDO_SYNC_BACKFILL_DIAGNOSTICO,Compras,remote POS names,/app/backend/scripts/run_historical_load_compras.py,326,"logger.error(f""[PED_MPRO_ERROR] {server.get('name')}: {e}"")"
BAJA,PERMITIDO_SYNC_BACKFILL_DIAGNOSTICO,Compras,remote POS names,/app/backend/scripts/run_historical_load_compras.py,332,"""""""Consulta pedidos históricos de SoftRestaurant (tabla: pedidos)."""""""
BAJA,PERMITIDO_SYNC_BACKFILL_DIAGNOSTICO,Compras,remote POS names,/app/backend/scripts/run_historical_load_compras.py,337,# SoftRestaurant usa tabla 'pedidos' con columna 'fechacaptura'
BAJA,PERMITIDO_SYNC_BACKFILL_DIAGNOSTICO,Compras,pytds.connect,/app/backend/scripts/run_historical_load_compras.py,353,with pytds.connect(
BAJA,PERMITIDO_SYNC_BACKFILL_DIAGNOSTICO,Compras,remote POS names,/app/backend/scripts/run_historical_load_compras.py,384,"def query_entradas_historico_mpro(server: Dict, fecha_inicio: str, fecha_fin: str) -> List[Dict]:"
BAJA,PERMITIDO_SYNC_BACKFILL_DIAGNOSTICO,Compras,remote POS names,/app/backend/scripts/run_historical_load_compras.py,385,"""""""Consulta compras/entradas históricas de MPRO (Compra_Encabezado)."""""""
BAJA,PERMITIDO_SYNC_BACKFILL_DIAGNOSTICO,Compras,remote POS names,/app/backend/scripts/run_historical_load_compras.py,388,# MPRO usa Compra_Encabezado para entradas de compra
BAJA,PERMITIDO_SYNC_BACKFILL_DIAGNOSTICO,Compras,pytds.connect,/app/backend/scripts/run_historical_load_compras.py,408,with pytds.connect(
BAJA,PERMITIDO_SYNC_BACKFILL_DIAGNOSTICO,Compras,remote POS names,/app/backend/scripts/run_historical_load_compras.py,427,"logger.error(f""[ENT_MPRO_ERROR] {server.get('name')}: {e}"")"
BAJA,PERMITIDO_SYNC_BACKFILL_DIAGNOSTICO,Compras,remote POS names,/app/backend/scripts/run_historical_load_compras.py,433,"""""""Consulta compras históricas de SoftRestaurant agrupados por fecha."""""""
BAJA,PERMITIDO_SYNC_BACKFILL_DIAGNOSTICO,Compras,remote POS names,/app/backend/scripts/run_historical_load_compras.py,438,"# Query simplificada - SoftRestaurant solo tiene tabla 'compras', no 'detallecompras'"
BAJA,PERMITIDO_SYNC_BACKFILL_DIAGNOSTICO,Compras,pytds.connect,/app/backend/scripts/run_historical_load_compras.py,454,with pytds.connect(
BAJA,PERMITIDO_SYNC_BACKFILL_DIAGNOSTICO,Compras,remote POS names,/app/backend/scripts/run_historical_load_compras.py,484,"def query_ordenes_historico_mpro(server: Dict, fecha_inicio: str, fecha_fin: str) -> List[Dict]:"
BAJA,PERMITIDO_SYNC_BACKFILL_DIAGNOSTICO,Compras,remote POS names,/app/backend/scripts/run_historical_load_compras.py,485,"""""""Consulta órdenes de compra históricas de MPRO (Orden_Compra)."""""""
BAJA,PERMITIDO_SYNC_BACKFILL_DIAGNOSTICO,Compras,pytds.connect,/app/backend/scripts/run_historical_load_compras.py,502,with pytds.connect(
BAJA,PERMITIDO_SYNC_BACKFILL_DIAGNOSTICO,Compras,remote POS names,/app/backend/scripts/run_historical_load_compras.py,521,"logger.error(f""[OC_MPRO_ERROR] {server.get('name')}: {e}"")"
BAJA,PERMITIDO_SYNC_BACKFILL_DIAGNOSTICO,Compras,remote POS names,/app/backend/scripts/run_historical_load_compras.py,527,"""""""Consulta órdenes de compra históricas de SoftRestaurant (tabla: ordenescompra)."""""""
BAJA,PERMITIDO_SYNC_BACKFILL_DIAGNOSTICO,Compras,remote POS names,/app/backend/scripts/run_historical_load_compras.py,532,# SoftRestaurant usa tabla 'ordenescompra' con columna 'fechacaptura'
BAJA,PERMITIDO_SYNC_BACKFILL_DIAGNOSTICO,Compras,pytds.connect,/app/backend/scripts/run_historical_load_compras.py,548,with pytds.connect(
BAJA,PERMITIDO_SYNC_BACKFILL_DIAGNOSTICO,Compras,remote POS names,/app/backend/scripts/run_historical_load_compras.py,591,"from core.system_type_utils import normalize_system_type, is_softrestaurant_system, is_mpro_system"
BAJA,PERMITIDO_SYNC_BACKFILL_DIAGNOSTICO,Compras,remote POS names,/app/backend/scripts/run_historical_load_compras.py,622,if is_mpro_system(system_type):
BAJA,PERMITIDO_SYNC_BACKFILL_DIAGNOSTICO,Compras,remote POS names,/app/backend/scripts/run_historical_load_compras.py,623,"data = query_inventarios_historico_mpro(server, fecha_inicio, fecha_fin)"
BAJA,PERMITIDO_SYNC_BACKFILL_DIAGNOSTICO,Compras,remote POS names,/app/backend/scripts/run_historical_load_compras.py,624,elif is_softrestaurant_system(system_type):
BAJA,PERMITIDO_SYNC_BACKFILL_DIAGNOSTICO,Compras,remote POS names,/app/backend/scripts/run_historical_load_compras.py,627,if is_mpro_system(system_type):
BAJA,PERMITIDO_SYNC_BACKFILL_DIAGNOSTICO,Compras,remote POS names,/app/backend/scripts/run_historical_load_compras.py,628,"data = query_pedidos_historico_mpro(server, fecha_inicio, fecha_fin)"
BAJA,PERMITIDO_SYNC_BACKFILL_DIAGNOSTICO,Compras,remote POS names,/app/backend/scripts/run_historical_load_compras.py,629,elif is_softrestaurant_system(system_type):
BAJA,PERMITIDO_SYNC_BACKFILL_DIAGNOSTICO,Compras,remote POS names,/app/backend/scripts/run_historical_load_compras.py,632,if is_mpro_system(system_type):
BAJA,PERMITIDO_SYNC_BACKFILL_DIAGNOSTICO,Compras,remote POS names,/app/backend/scripts/run_historical_load_compras.py,633,"data = query_entradas_historico_mpro(server, fecha_inicio, fecha_fin)"
BAJA,PERMITIDO_SYNC_BACKFILL_DIAGNOSTICO,Compras,remote POS names,/app/backend/scripts/run_historical_load_compras.py,634,elif is_softrestaurant_system(system_type):
BAJA,PERMITIDO_SYNC_BACKFILL_DIAGNOSTICO,Compras,remote POS names,/app/backend/scripts/run_historical_load_compras.py,637,if is_mpro_system(system_type):
BAJA,PERMITIDO_SYNC_BACKFILL_DIAGNOSTICO,Compras,remote POS names,/app/backend/scripts/run_historical_load_compras.py,638,"data = query_ordenes_historico_mpro(server, fecha_inicio, fecha_fin)"
BAJA,PERMITIDO_SYNC_BACKFILL_DIAGNOSTICO,Compras,remote POS names,/app/backend/scripts/run_historical_load_compras.py,639,elif is_softrestaurant_system(system_type):
BAJA,PERMITIDO_SYNC_BACKFILL_DIAGNOSTICO,Compras,remote POS names,/app/backend/scripts/run_historical_load_compras.py,717,# Solo SOFTRESTAURANT y MANAGEMENTPRO
BAJA,PERMITIDO_SYNC_BACKFILL_DIAGNOSTICO,Compras,remote POS names,/app/backend/scripts/run_historical_load_compras.py,718,"if normalized in [""SOFTRESTAURANT"", ""MANAGEMENTPRO""]:"
BAJA,PERMITIDO_SYNC_BACKFILL_DIAGNOSTICO,Finanzas,remote POS names,/app/backend/modules/finanzas/carga_historica_ingresos.py,118,from modules.finanzas.sync_cortes_softrestaurant import sincronizar_unidad_softrestaurant
BAJA,PERMITIDO_SYNC_BACKFILL_DIAGNOSTICO,Finanzas,remote POS names,/app/backend/modules/finanzas/carga_historica_ingresos.py,150,res = sincronizar_unidad_softrestaurant(
BAJA,PERMITIDO_SYNC_BACKFILL_DIAGNOSTICO,Finanzas,remote POS names,/app/backend/modules/finanzas/carga_historica_ingresos.py,237,from modules.finanzas.sync_cortes_mpro import sincronizar_unidad_mpro
BAJA,PERMITIDO_SYNC_BACKFILL_DIAGNOSTICO,Finanzas,remote POS names,/app/backend/modules/finanzas/carga_historica_ingresos.py,269,res = sincronizar_unidad_mpro(
BAJA,PERMITIDO_SYNC_BACKFILL_DIAGNOSTICO,Finanzas,remote POS names,/app/backend/modules/finanzas/cuentas_por_pagar.py,121,async def get_mpro_repo():
BAJA,PERMITIDO_SYNC_BACKFILL_DIAGNOSTICO,Finanzas,remote POS names,/app/backend/modules/finanzas/ingresos.py,326,"sistema_origen: Optional[str] = Query(None, description=""SoftRestaurant, MPRO, o None para todos""),"
BAJA,PERMITIDO_SYNC_BACKFILL_DIAGNOSTICO,Finanzas,remote POS names,/app/backend/modules/finanzas/ingresos.py,378,"""mensaje"": ""Sin cortes sincronizados para el rango seleccionado. Verifique que los datos estén sincronizados desde SoftRestaurant/MPRO."","
BAJA,PERMITIDO_SYNC_BACKFILL_DIAGNOSTICO,Finanzas,remote POS names,/app/backend/modules/finanzas/repository_cortes_z.py,308,async def _get_cortes_mpro_by_server(
BAJA,PERMITIDO_SYNC_BACKFILL_DIAGNOSTICO,Finanzas,remote POS names,/app/backend/modules/finanzas/repository_cortes_z.py,485,async def get_cortes_z_softrestaurant(
BAJA,PERMITIDO_SYNC_BACKFILL_DIAGNOSTICO,Finanzas,remote POS names,/app/backend/modules/finanzas/repository_cortes_z.py,511,async def get_cortes_z_mpro(
BAJA,PERMITIDO_SYNC_BACKFILL_DIAGNOSTICO,Finanzas,remote POS names,/app/backend/modules/finanzas/repository_ingresos_edarsahub.py,128,Fuente: Finanzas_CortesCaja (datos sincronizados de SoftRestaurant y MPRO)
BAJA,PERMITIDO_SYNC_BACKFILL_DIAGNOSTICO,Finanzas,remote POS names,/app/backend/modules/finanzas/repository_softrestaurant.py,291,"logging.warning(f""[SoftRestaurant] _execute_query síncrono está deprecado"")"
BAJA,PERMITIDO_SYNC_BACKFILL_DIAGNOSTICO,Finanzas,pytds.connect,/app/backend/modules/finanzas/sql_query_worker.py,133,conn = pytds.connect(**conn_params)
BAJA,PERMITIDO_SYNC_BACKFILL_DIAGNOSTICO,Finanzas,remote POS names,/app/backend/modules/finanzas/sql_query_worker_secure.py,8,FINANZAS-CXP-MPRO-CREDENTIALS-SECURITY-01:
BAJA,PERMITIDO_SYNC_BACKFILL_DIAGNOSTICO,Finanzas,pytds.connect,/app/backend/modules/finanzas/sql_query_worker_secure.py,103,conn = pytds.connect(**conn_params)
BAJA,PERMITIDO_SYNC_BACKFILL_DIAGNOSTICO,Finanzas,remote POS names,/app/backend/modules/finanzas/sync_cortes_mpro.py,2,SUBFASE 2.3 - Sincronización de Cortes de Caja desde MPRO/ManagementPro hacia EDARSAHUB
BAJA,PERMITIDO_SYNC_BACKFILL_DIAGNOSTICO,Finanzas,remote POS names,/app/backend/modules/finanzas/sync_cortes_mpro.py,4,Este módulo extrae cortes de caja de MPRO (CENTRAL2020.Comanda_Corte)
BAJA,PERMITIDO_SYNC_BACKFILL_DIAGNOSTICO,Finanzas,remote POS names,/app/backend/modules/finanzas/sync_cortes_mpro.py,47,# Unidades MPRO autorizadas con su mapeo de sucursal
BAJA,PERMITIDO_SYNC_BACKFILL_DIAGNOSTICO,Finanzas,remote POS names,/app/backend/modules/finanzas/sync_cortes_mpro.py,48,UNIDADES_MPRO_AUTORIZADAS = {
BAJA,PERMITIDO_SYNC_BACKFILL_DIAGNOSTICO,Finanzas,pymssql.connect,/app/backend/modules/finanzas/sync_cortes_mpro.py,60,return pymssql.connect(
BAJA,PERMITIDO_SYNC_BACKFILL_DIAGNOSTICO,Finanzas,remote POS names,/app/backend/modules/finanzas/sync_cortes_mpro.py,71,def get_unidad_info_mpro(unidad_nombre: str) -> Optional[Dict]:
BAJA,PERMITIDO_SYNC_BACKFILL_DIAGNOSTICO,Finanzas,remote POS names,/app/backend/modules/finanzas/sync_cortes_mpro.py,73,Obtiene información de conexión y mapeo para una unidad MPRO desde EDARSAHUB.
BAJA,PERMITIDO_SYNC_BACKFILL_DIAGNOSTICO,Finanzas,remote POS names,/app/backend/modules/finanzas/sync_cortes_mpro.py,104,AND s.system_type = 'MPRO'
BAJA,PERMITIDO_SYNC_BACKFILL_DIAGNOSTICO,Finanzas,remote POS names,/app/backend/modules/finanzas/sync_cortes_mpro.py,110,"logger.warning(f""[SYNC_MPRO] Unidad no encontrada: {unidad_nombre}"")"
BAJA,PERMITIDO_SYNC_BACKFILL_DIAGNOSTICO,Finanzas,remote POS names,/app/backend/modules/finanzas/sync_cortes_mpro.py,152,def get_mpro_connection(conn_info: Dict):
BAJA,PERMITIDO_SYNC_BACKFILL_DIAGNOSTICO,Finanzas,remote POS names,/app/backend/modules/finanzas/sync_cortes_mpro.py,153,"""""""Obtiene conexión a MPRO (CENTRAL2020)"""""""
BAJA,PERMITIDO_SYNC_BACKFILL_DIAGNOSTICO,Finanzas,pymssql.connect,/app/backend/modules/finanzas/sync_cortes_mpro.py,154,return pymssql.connect(
BAJA,PERMITIDO_SYNC_BACKFILL_DIAGNOSTICO,Finanzas,remote POS names,/app/backend/modules/finanzas/sync_cortes_mpro.py,168,def calcular_hash_origen_mpro(registro: Dict) -> str:
BAJA,PERMITIDO_SYNC_BACKFILL_DIAGNOSTICO,Finanzas,remote POS names,/app/backend/modules/finanzas/sync_cortes_mpro.py,189,# EXTRACCIÓN DESDE MPRO
BAJA,PERMITIDO_SYNC_BACKFILL_DIAGNOSTICO,Finanzas,remote POS names,/app/backend/modules/finanzas/sync_cortes_mpro.py,192,def extraer_cortes_mpro(
BAJA,PERMITIDO_SYNC_BACKFILL_DIAGNOSTICO,Finanzas,remote POS names,/app/backend/modules/finanzas/sync_cortes_mpro.py,198,Extrae cortes de caja de MPRO (Comanda_Corte) para un rango de fechas.
BAJA,PERMITIDO_SYNC_BACKFILL_DIAGNOSTICO,Finanzas,remote POS names,/app/backend/modules/finanzas/sync_cortes_mpro.py,212,"logger.info(f""[SYNC_MPRO] Extrayendo cortes de {conn_info['unidad_nombre']} """
BAJA,PERMITIDO_SYNC_BACKFILL_DIAGNOSTICO,Finanzas,remote POS names,/app/backend/modules/finanzas/sync_cortes_mpro.py,216,mpro_conn = get_mpro_connection(conn_info)
BAJA,PERMITIDO_SYNC_BACKFILL_DIAGNOSTICO,Finanzas,remote POS names,/app/backend/modules/finanzas/sync_cortes_mpro.py,217,cursor = mpro_conn.cursor(as_dict=True)
BAJA,PERMITIDO_SYNC_BACKFILL_DIAGNOSTICO,Finanzas,remote POS names,/app/backend/modules/finanzas/sync_cortes_mpro.py,219,# Query de extracción - MPRO usa Comanda_Corte
BAJA,PERMITIDO_SYNC_BACKFILL_DIAGNOSTICO,Finanzas,remote POS names,/app/backend/modules/finanzas/sync_cortes_mpro.py,249,mpro_conn.close()
BAJA,PERMITIDO_SYNC_BACKFILL_DIAGNOSTICO,Finanzas,remote POS names,/app/backend/modules/finanzas/sync_cortes_mpro.py,251,"logger.info(f""[SYNC_MPRO] {len(cortes_origen)} cortes encontrados en {conn_info['unidad_nombre']}"")"
BAJA,PERMITIDO_SYNC_BACKFILL_DIAGNOSTICO,Finanzas,remote POS names,/app/backend/modules/finanzas/sync_cortes_mpro.py,270,"'EmpresaID': None,  # MPRO no tiene este campo"
BAJA,PERMITIDO_SYNC_BACKFILL_DIAGNOSTICO,Finanzas,remote POS names,/app/backend/modules/finanzas/sync_cortes_mpro.py,273,"'SistemaOrigen': 'MPRO',"
BAJA,PERMITIDO_SYNC_BACKFILL_DIAGNOSTICO,Finanzas,remote POS names,/app/backend/modules/finanzas/sync_cortes_mpro.py,278,"'IdOrigen': c['Cc_Folio'],  # PK en MPRO es el folio"
BAJA,PERMITIDO_SYNC_BACKFILL_DIAGNOSTICO,Finanzas,remote POS names,/app/backend/modules/finanzas/sync_cortes_mpro.py,284,"'FechaApertura': None,  # MPRO no tiene apertura explícita"
BAJA,PERMITIDO_SYNC_BACKFILL_DIAGNOSTICO,Finanzas,remote POS names,/app/backend/modules/finanzas/sync_cortes_mpro.py,291,"'CajeroNombre': c.get('Cc_Cajero'),  # MPRO solo tiene ID"
BAJA,PERMITIDO_SYNC_BACKFILL_DIAGNOSTICO,Finanzas,remote POS names,/app/backend/modules/finanzas/sync_cortes_mpro.py,296,# Montos - MPRO estructura diferente a SR
BAJA,PERMITIDO_SYNC_BACKFILL_DIAGNOSTICO,Finanzas,remote POS names,/app/backend/modules/finanzas/sync_cortes_mpro.py,300,"'TotalVales': 0,  # MPRO no tiene vales explícitos"
BAJA,PERMITIDO_SYNC_BACKFILL_DIAGNOSTICO,Finanzas,remote POS names,/app/backend/modules/finanzas/sync_cortes_mpro.py,301,"'FondoInicial': 0,  # MPRO no tiene fondo explícito"
BAJA,PERMITIDO_SYNC_BACKFILL_DIAGNOSTICO,Finanzas,remote POS names,/app/backend/modules/finanzas/sync_cortes_mpro.py,308,"'Retiros': abs(retiros),  # MPRO guarda negativo"
BAJA,PERMITIDO_SYNC_BACKFILL_DIAGNOSTICO,Finanzas,remote POS names,/app/backend/modules/finanzas/sync_cortes_mpro.py,320,registro['HashOrigen'] = calcular_hash_origen_mpro(registro)
BAJA,PERMITIDO_SYNC_BACKFILL_DIAGNOSTICO,Finanzas,remote POS names,/app/backend/modules/finanzas/sync_cortes_mpro.py,327,"logger.error(f""[SYNC_MPRO] Error extrayendo de {conn_info['unidad_nombre']}: {e}"")"
BAJA,PERMITIDO_SYNC_BACKFILL_DIAGNOSTICO,Finanzas,remote POS names,/app/backend/modules/finanzas/sync_cortes_mpro.py,335,def sincronizar_a_edarsahub_mpro(
BAJA,PERMITIDO_SYNC_BACKFILL_DIAGNOSTICO,Finanzas,remote POS names,/app/backend/modules/finanzas/sync_cortes_mpro.py,340,Sincroniza registros MPRO a EDARSAHUB usando MERGE (idempotente).
BAJA,PERMITIDO_SYNC_BACKFILL_DIAGNOSTICO,Finanzas,remote POS names,/app/backend/modules/finanzas/sync_cortes_mpro.py,345,"logger.info(f""[SYNC_MPRO] Sincronizando {len(registros)} registros a EDARSAHUB"")"
BAJA,PERMITIDO_SYNC_BACKFILL_DIAGNOSTICO,Finanzas,remote POS names,/app/backend/modules/finanzas/sync_cortes_mpro.py,355,"# Para MPRO, IdOrigen es string (Cc_Folio), usamos FolioCorte para buscar"
BAJA,PERMITIDO_SYNC_BACKFILL_DIAGNOSTICO,Finanzas,remote POS names,/app/backend/modules/finanzas/sync_cortes_mpro.py,399,"# Para MPRO, IdOrigen se deja NULL porque es BIGINT y el folio es string"
BAJA,PERMITIDO_SYNC_BACKFILL_DIAGNOSTICO,Finanzas,remote POS names,/app/backend/modules/finanzas/sync_cortes_mpro.py,441,"logger.error(f""[SYNC_MPRO] Error procesando registro FolioCorte={reg.get('FolioCorte')}: {e}"")"
BAJA,PERMITIDO_SYNC_BACKFILL_DIAGNOSTICO,Finanzas,remote POS names,/app/backend/modules/finanzas/sync_cortes_mpro.py,447,"logger.info(f""[SYNC_MPRO] Sincronización completada: {stats}"")"
BAJA,PERMITIDO_SYNC_BACKFILL_DIAGNOSTICO,Finanzas,remote POS names,/app/backend/modules/finanzas/sync_cortes_mpro.py,454,"logger.error(f""[SYNC_MPRO] Error en sincronización: {e}"")"
BAJA,PERMITIDO_SYNC_BACKFILL_DIAGNOSTICO,Finanzas,remote POS names,/app/backend/modules/finanzas/sync_cortes_mpro.py,462,def registrar_sync_log_mpro(
BAJA,PERMITIDO_SYNC_BACKFILL_DIAGNOSTICO,Finanzas,remote POS names,/app/backend/modules/finanzas/sync_cortes_mpro.py,473,"""""""Registra la ejecución de sincronización MPRO en bitácora"""""""
BAJA,PERMITIDO_SYNC_BACKFILL_DIAGNOSTICO,Finanzas,remote POS names,/app/backend/modules/finanzas/sync_cortes_mpro.py,497,"unidad_id, server_id, 'MPRO',"
BAJA,PERMITIDO_SYNC_BACKFILL_DIAGNOSTICO,Finanzas,remote POS names,/app/backend/modules/finanzas/sync_cortes_mpro.py,509,"logger.info(f""[SYNC_MPRO] SyncLog registrado: ID={log_id}, Estatus={estatus}"")"
BAJA,PERMITIDO_SYNC_BACKFILL_DIAGNOSTICO,Finanzas,remote POS names,/app/backend/modules/finanzas/sync_cortes_mpro.py,514,"logger.error(f""[SYNC_MPRO] Error registrando SyncLog: {e}"")"
BAJA,PERMITIDO_SYNC_BACKFILL_DIAGNOSTICO,Finanzas,remote POS names,/app/backend/modules/finanzas/sync_cortes_mpro.py,524,def sincronizar_unidad_mpro(
BAJA,PERMITIDO_SYNC_BACKFILL_DIAGNOSTICO,Finanzas,remote POS names,/app/backend/modules/finanzas/sync_cortes_mpro.py,531,Sincroniza cortes de caja de una unidad MPRO específica.
BAJA,PERMITIDO_SYNC_BACKFILL_DIAGNOSTICO,Finanzas,remote POS names,/app/backend/modules/finanzas/sync_cortes_mpro.py,534,if unidad_nombre not in UNIDADES_MPRO_AUTORIZADAS:
BAJA,PERMITIDO_SYNC_BACKFILL_DIAGNOSTICO,Finanzas,remote POS names,/app/backend/modules/finanzas/sync_cortes_mpro.py,536,"f""Autorizadas: {list(UNIDADES_MPRO_AUTORIZADAS.keys())}"")"
BAJA,PERMITIDO_SYNC_BACKFILL_DIAGNOSTICO,Finanzas,remote POS names,/app/backend/modules/finanzas/sync_cortes_mpro.py,557,conn_info = get_unidad_info_mpro(unidad_nombre)
BAJA,PERMITIDO_SYNC_BACKFILL_DIAGNOSTICO,Finanzas,remote POS names,/app/backend/modules/finanzas/sync_cortes_mpro.py,566,# Extraer de MPRO
BAJA,PERMITIDO_SYNC_BACKFILL_DIAGNOSTICO,Finanzas,remote POS names,/app/backend/modules/finanzas/sync_cortes_mpro.py,567,"registros = extraer_cortes_mpro(conn_info, fecha_desde, fecha_hasta)"
BAJA,PERMITIDO_SYNC_BACKFILL_DIAGNOSTICO,Finanzas,remote POS names,/app/backend/modules/finanzas/sync_cortes_mpro.py,570,"stats = sincronizar_a_edarsahub_mpro(registros, conn_info)"
BAJA,PERMITIDO_SYNC_BACKFILL_DIAGNOSTICO,Finanzas,remote POS names,/app/backend/modules/finanzas/sync_cortes_mpro.py,582,registrar_sync_log_mpro(
BAJA,PERMITIDO_SYNC_BACKFILL_DIAGNOSTICO,Finanzas,remote POS names,/app/backend/modules/finanzas/sync_cortes_mpro.py,597,"logger.error(f""[SYNC_MPRO] Error sincronizando {unidad_nombre}: {e}"")"
BAJA,PERMITIDO_SYNC_BACKFILL_DIAGNOSTICO,Finanzas,remote POS names,/app/backend/modules/finanzas/sync_cortes_mpro.py,602,registrar_sync_log_mpro(
BAJA,PERMITIDO_SYNC_BACKFILL_DIAGNOSTICO,Finanzas,remote POS names,/app/backend/modules/finanzas/sync_cortes_mpro.py,619,def sincronizar_todas_unidades_mpro(
BAJA,PERMITIDO_SYNC_BACKFILL_DIAGNOSTICO,Finanzas,remote POS names,/app/backend/modules/finanzas/sync_cortes_mpro.py,625,Sincroniza todas las unidades MPRO autorizadas.
BAJA,PERMITIDO_SYNC_BACKFILL_DIAGNOSTICO,Finanzas,remote POS names,/app/backend/modules/finanzas/sync_cortes_mpro.py,629,for unidad in UNIDADES_MPRO_AUTORIZADAS.keys():
BAJA,PERMITIDO_SYNC_BACKFILL_DIAGNOSTICO,Finanzas,remote POS names,/app/backend/modules/finanzas/sync_cortes_mpro.py,630,"logger.info(f""[SYNC_MPRO] === Iniciando sincronización: {unidad} ==="")"
BAJA,PERMITIDO_SYNC_BACKFILL_DIAGNOSTICO,Finanzas,remote POS names,/app/backend/modules/finanzas/sync_cortes_mpro.py,632,resultado = sincronizar_unidad_mpro(
BAJA,PERMITIDO_SYNC_BACKFILL_DIAGNOSTICO,Finanzas,remote POS names,/app/backend/modules/finanzas/sync_cortes_mpro.py,640,"logger.error(f""[SYNC_MPRO] Error fatal en {unidad}: {e}"")"
BAJA,PERMITIDO_SYNC_BACKFILL_DIAGNOSTICO,Finanzas,remote POS names,/app/backend/modules/finanzas/sync_cortes_mpro.py,664,"print(""SINCRONIZACIÓN MPRO - PRUEBA"")"
BAJA,PERMITIDO_SYNC_BACKFILL_DIAGNOSTICO,Finanzas,remote POS names,/app/backend/modules/finanzas/sync_cortes_mpro.py,669,"resultado = sincronizar_unidad_mpro(unidad, dias_atras=7)"
BAJA,PERMITIDO_SYNC_BACKFILL_DIAGNOSTICO,Finanzas,remote POS names,/app/backend/modules/finanzas/sync_cortes_mpro.py,676,resultados = sincronizar_todas_unidades_mpro(dias_atras=7)
BAJA,PERMITIDO_SYNC_BACKFILL_DIAGNOSTICO,Finanzas,remote POS names,/app/backend/modules/finanzas/sync_cortes_softrestaurant.py,2,SUBFASE 2.2 - Sincronización de Cortes de Caja desde SoftRestaurant hacia EDARSAHUB
BAJA,PERMITIDO_SYNC_BACKFILL_DIAGNOSTICO,Finanzas,remote POS names,/app/backend/modules/finanzas/sync_cortes_softrestaurant.py,4,Este módulo extrae cortes de caja (turnos cerrados) de SoftRestaurant
BAJA,PERMITIDO_SYNC_BACKFILL_DIAGNOSTICO,Finanzas,remote POS names,/app/backend/modules/finanzas/sync_cortes_softrestaurant.py,13,- tabla `turnos` (SoftRestaurant)
BAJA,PERMITIDO_SYNC_BACKFILL_DIAGNOSTICO,Finanzas,remote POS names,/app/backend/modules/finanzas/sync_cortes_softrestaurant.py,50,# Unidades SoftRestaurant autorizadas
BAJA,PERMITIDO_SYNC_BACKFILL_DIAGNOSTICO,Finanzas,pymssql.connect,/app/backend/modules/finanzas/sync_cortes_softrestaurant.py,60,return pymssql.connect(
BAJA,PERMITIDO_SYNC_BACKFILL_DIAGNOSTICO,Finanzas,remote POS names,/app/backend/modules/finanzas/sync_cortes_softrestaurant.py,73,Obtiene información de conexión para una unidad SoftRestaurant desde EDARSAHUB.
BAJA,PERMITIDO_SYNC_BACKFILL_DIAGNOSTICO,Finanzas,remote POS names,/app/backend/modules/finanzas/sync_cortes_softrestaurant.py,122,""""""".format(sr_filter=build_system_type_sql_filter('s.system_type', 'SOFTRESTAURANT')), (unidad_nombre,))"
BAJA,PERMITIDO_SYNC_BACKFILL_DIAGNOSTICO,Finanzas,remote POS names,/app/backend/modules/finanzas/sync_cortes_softrestaurant.py,168,def get_softrestaurant_connection(conn_info: Dict):
BAJA,PERMITIDO_SYNC_BACKFILL_DIAGNOSTICO,Finanzas,remote POS names,/app/backend/modules/finanzas/sync_cortes_softrestaurant.py,170,Obtiene conexión a SoftRestaurant usando info de EDARSAHUB.
BAJA,PERMITIDO_SYNC_BACKFILL_DIAGNOSTICO,Finanzas,pytds.connect,/app/backend/modules/finanzas/sync_cortes_softrestaurant.py,189,conn = pytds.connect(
BAJA,PERMITIDO_SYNC_BACKFILL_DIAGNOSTICO,Finanzas,pymssql.connect,/app/backend/modules/finanzas/sync_cortes_softrestaurant.py,207,conn = pymssql.connect(
BAJA,PERMITIDO_SYNC_BACKFILL_DIAGNOSTICO,Finanzas,remote POS names,/app/backend/modules/finanzas/sync_cortes_softrestaurant.py,221,Ejecuta query en conexión SoftRestaurant y retorna resultados como lista de dicts.
BAJA,PERMITIDO_SYNC_BACKFILL_DIAGNOSTICO,Finanzas,remote POS names,/app/backend/modules/finanzas/sync_cortes_softrestaurant.py,280,# EXTRACCIÓN DESDE SOFTRESTAURANT
BAJA,PERMITIDO_SYNC_BACKFILL_DIAGNOSTICO,Finanzas,remote POS names,/app/backend/modules/finanzas/sync_cortes_softrestaurant.py,283,def extraer_turnos_softrestaurant(
BAJA,PERMITIDO_SYNC_BACKFILL_DIAGNOSTICO,Finanzas,remote POS names,/app/backend/modules/finanzas/sync_cortes_softrestaurant.py,289,Extrae turnos cerrados de SoftRestaurant para un rango de fechas.
BAJA,PERMITIDO_SYNC_BACKFILL_DIAGNOSTICO,Finanzas,remote POS names,/app/backend/modules/finanzas/sync_cortes_softrestaurant.py,303,sr_conn = get_softrestaurant_connection(conn_info)
BAJA,PERMITIDO_SYNC_BACKFILL_DIAGNOSTICO,Finanzas,remote POS names,/app/backend/modules/finanzas/sync_cortes_softrestaurant.py,343,"'SistemaOrigen': 'SoftRestaurant',"
BAJA,PERMITIDO_SYNC_BACKFILL_DIAGNOSTICO,Finanzas,remote POS names,/app/backend/modules/finanzas/sync_cortes_softrestaurant.py,363,"'TurnoID': None,  # SoftRestaurant no tiene turno explícito"
BAJA,PERMITIDO_SYNC_BACKFILL_DIAGNOSTICO,Finanzas,remote POS names,/app/backend/modules/finanzas/sync_cortes_softrestaurant.py,595,def sincronizar_unidad_softrestaurant(
BAJA,PERMITIDO_SYNC_BACKFILL_DIAGNOSTICO,Finanzas,remote POS names,/app/backend/modules/finanzas/sync_cortes_softrestaurant.py,602,Sincroniza cortes de caja de una unidad SoftRestaurant específica.
BAJA,PERMITIDO_SYNC_BACKFILL_DIAGNOSTICO,Finanzas,remote POS names,/app/backend/modules/finanzas/sync_cortes_softrestaurant.py,645,# Extraer de SoftRestaurant
BAJA,PERMITIDO_SYNC_BACKFILL_DIAGNOSTICO,Finanzas,remote POS names,/app/backend/modules/finanzas/sync_cortes_softrestaurant.py,646,"registros = extraer_turnos_softrestaurant(conn_info, fecha_desde, fecha_hasta)"
BAJA,PERMITIDO_SYNC_BACKFILL_DIAGNOSTICO,Finanzas,remote POS names,/app/backend/modules/finanzas/sync_cortes_softrestaurant.py,664,"sistema_origen='SoftRestaurant',"
BAJA,PERMITIDO_SYNC_BACKFILL_DIAGNOSTICO,Finanzas,remote POS names,/app/backend/modules/finanzas/sync_cortes_softrestaurant.py,685,"sistema_origen='SoftRestaurant',"
BAJA,PERMITIDO_SYNC_BACKFILL_DIAGNOSTICO,Finanzas,remote POS names,/app/backend/modules/finanzas/sync_cortes_softrestaurant.py,700,def sincronizar_todas_unidades_softrestaurant(
BAJA,PERMITIDO_SYNC_BACKFILL_DIAGNOSTICO,Finanzas,remote POS names,/app/backend/modules/finanzas/sync_cortes_softrestaurant.py,706,Sincroniza todas las unidades SoftRestaurant autorizadas.
BAJA,PERMITIDO_SYNC_BACKFILL_DIAGNOSTICO,Finanzas,remote POS names,/app/backend/modules/finanzas/sync_cortes_softrestaurant.py,718,resultado = sincronizar_unidad_softrestaurant(
BAJA,PERMITIDO_SYNC_BACKFILL_DIAGNOSTICO,Finanzas,remote POS names,/app/backend/modules/finanzas/sync_cortes_softrestaurant.py,752,"print(""SINCRONIZACIÓN SOFTRESTAURANT - PRUEBA"")"
BAJA,PERMITIDO_SYNC_BACKFILL_DIAGNOSTICO,Finanzas,remote POS names,/app/backend/modules/finanzas/sync_cortes_softrestaurant.py,758,"resultado = sincronizar_unidad_softrestaurant(unidad, dias_atras=7)"
BAJA,PERMITIDO_SYNC_BACKFILL_DIAGNOSTICO,Finanzas,remote POS names,/app/backend/modules/finanzas/sync_cortes_softrestaurant.py,766,resultados = sincronizar_todas_unidades_softrestaurant(dias_atras=7)
BAJA,PERMITIDO_SYNC_BACKFILL_DIAGNOSTICO,Finanzas,remote POS names,/app/backend/modules/finanzas/test_conn_cienfuegos.py,4,DIAGNÓSTICO TÉCNICO FORMAL — CONEXIÓN CIENFUEGOS (SoftRestaurant)
BAJA,PERMITIDO_SYNC_BACKFILL_DIAGNOSTICO,Finanzas,remote POS names,/app/backend/scripts/run_historical_load_finanzas.py,11,- SOFTRESTAURANT: Cortes Z y CxP
BAJA,PERMITIDO_SYNC_BACKFILL_DIAGNOSTICO,Finanzas,remote POS names,/app/backend/scripts/run_historical_load_finanzas.py,12,- MANAGEMENTPRO: Cortes Z
BAJA,PERMITIDO_SYNC_BACKFILL_DIAGNOSTICO,Finanzas,remote POS names,/app/backend/scripts/run_historical_load_finanzas.py,185,def query_cortes_z_softrestaurant(
BAJA,PERMITIDO_SYNC_BACKFILL_DIAGNOSTICO,Finanzas,remote POS names,/app/backend/scripts/run_historical_load_finanzas.py,191,Consulta Cortes Z de servidor SoftRestaurant.
BAJA,PERMITIDO_SYNC_BACKFILL_DIAGNOSTICO,Finanzas,remote POS names,/app/backend/scripts/run_historical_load_finanzas.py,202,# SoftRestaurant no siempre tiene la tabla formaspago disponible
BAJA,PERMITIDO_SYNC_BACKFILL_DIAGNOSTICO,Finanzas,pytds.connect,/app/backend/scripts/run_historical_load_finanzas.py,223,with pytds.connect(
BAJA,PERMITIDO_SYNC_BACKFILL_DIAGNOSTICO,Finanzas,remote POS names,/app/backend/scripts/run_historical_load_finanzas.py,254,def query_cortes_z_mpro(
BAJA,PERMITIDO_SYNC_BACKFILL_DIAGNOSTICO,Finanzas,remote POS names,/app/backend/scripts/run_historical_load_finanzas.py,260,Consulta ventas totales de servidor ManagementPro.
BAJA,PERMITIDO_SYNC_BACKFILL_DIAGNOSTICO,Finanzas,remote POS names,/app/backend/scripts/run_historical_load_finanzas.py,261,MPRO usa Venta_Encabezado en lugar de tablas de Cortes Z.
BAJA,PERMITIDO_SYNC_BACKFILL_DIAGNOSTICO,Finanzas,remote POS names,/app/backend/scripts/run_historical_load_finanzas.py,271,# Query MPRO para ventas totales por fecha
BAJA,PERMITIDO_SYNC_BACKFILL_DIAGNOSTICO,Finanzas,remote POS names,/app/backend/scripts/run_historical_load_finanzas.py,272,# Nota: MPRO no tiene desglose por forma de pago en Venta_Encabezado
BAJA,PERMITIDO_SYNC_BACKFILL_DIAGNOSTICO,Finanzas,pytds.connect,/app/backend/scripts/run_historical_load_finanzas.py,289,with pytds.connect(
BAJA,PERMITIDO_SYNC_BACKFILL_DIAGNOSTICO,Finanzas,remote POS names,/app/backend/scripts/run_historical_load_finanzas.py,303,"""ventas_efectivo"": 0,  # MPRO no tiene desglose"
BAJA,PERMITIDO_SYNC_BACKFILL_DIAGNOSTICO,Finanzas,remote POS names,/app/backend/scripts/run_historical_load_finanzas.py,316,"logger.error(f""[QUERY_CORTES_Z_MPRO_ERROR] {server.get('name')}: {e}"")"
BAJA,PERMITIDO_SYNC_BACKFILL_DIAGNOSTICO,Finanzas,remote POS names,/app/backend/scripts/run_historical_load_finanzas.py,321,def query_cxp_softrestaurant(
BAJA,PERMITIDO_SYNC_BACKFILL_DIAGNOSTICO,Finanzas,remote POS names,/app/backend/scripts/run_historical_load_finanzas.py,327,Consulta Cuentas por Pagar de servidor SoftRestaurant.
BAJA,PERMITIDO_SYNC_BACKFILL_DIAGNOSTICO,Finanzas,pytds.connect,/app/backend/scripts/run_historical_load_finanzas.py,363,with pytds.connect(
BAJA,PERMITIDO_SYNC_BACKFILL_DIAGNOSTICO,Finanzas,remote POS names,/app/backend/scripts/run_historical_load_finanzas.py,395,def query_cxp_mpro(
BAJA,PERMITIDO_SYNC_BACKFILL_DIAGNOSTICO,Finanzas,remote POS names,/app/backend/scripts/run_historical_load_finanzas.py,401,Consulta Cuentas por Pagar de servidor ManagementPro.
BAJA,PERMITIDO_SYNC_BACKFILL_DIAGNOSTICO,Finanzas,pytds.connect,/app/backend/scripts/run_historical_load_finanzas.py,429,with pytds.connect(
BAJA,PERMITIDO_SYNC_BACKFILL_DIAGNOSTICO,Finanzas,remote POS names,/app/backend/scripts/run_historical_load_finanzas.py,445,"""cxp_monto_alimentos"": 0,  # MPRO no tiene desglose por tipo"
BAJA,PERMITIDO_SYNC_BACKFILL_DIAGNOSTICO,Finanzas,remote POS names,/app/backend/scripts/run_historical_load_finanzas.py,454,"logger.error(f""[QUERY_CXP_MPRO_ERROR] {server.get('name')}: {e}"")"
BAJA,PERMITIDO_SYNC_BACKFILL_DIAGNOSTICO,Finanzas,remote POS names,/app/backend/scripts/run_historical_load_finanzas.py,477,"from core.system_type_utils import normalize_system_type, is_softrestaurant_system, is_mpro_system"
BAJA,PERMITIDO_SYNC_BACKFILL_DIAGNOSTICO,Finanzas,remote POS names,/app/backend/scripts/run_historical_load_finanzas.py,512,if is_softrestaurant_system(system_type):
BAJA,PERMITIDO_SYNC_BACKFILL_DIAGNOSTICO,Finanzas,remote POS names,/app/backend/scripts/run_historical_load_finanzas.py,513,"data = query_cortes_z_softrestaurant(server, fecha_inicio, fecha_fin)"
BAJA,PERMITIDO_SYNC_BACKFILL_DIAGNOSTICO,Finanzas,remote POS names,/app/backend/scripts/run_historical_load_finanzas.py,514,elif is_mpro_system(system_type):
BAJA,PERMITIDO_SYNC_BACKFILL_DIAGNOSTICO,Finanzas,remote POS names,/app/backend/scripts/run_historical_load_finanzas.py,515,"data = query_cortes_z_mpro(server, fecha_inicio, fecha_fin)"
BAJA,PERMITIDO_SYNC_BACKFILL_DIAGNOSTICO,Finanzas,remote POS names,/app/backend/scripts/run_historical_load_finanzas.py,519,if is_softrestaurant_system(system_type):
BAJA,PERMITIDO_SYNC_BACKFILL_DIAGNOSTICO,Finanzas,remote POS names,/app/backend/scripts/run_historical_load_finanzas.py,520,"data = query_cxp_softrestaurant(server, fecha_inicio, fecha_fin)"
BAJA,PERMITIDO_SYNC_BACKFILL_DIAGNOSTICO,Finanzas,remote POS names,/app/backend/scripts/run_historical_load_finanzas.py,521,elif is_mpro_system(system_type):
BAJA,PERMITIDO_SYNC_BACKFILL_DIAGNOSTICO,Finanzas,remote POS names,/app/backend/scripts/run_historical_load_finanzas.py,522,"data = query_cxp_mpro(server, fecha_inicio, fecha_fin)"
BAJA,PERMITIDO_SYNC_BACKFILL_DIAGNOSTICO,Finanzas,remote POS names,/app/backend/scripts/run_historical_load_finanzas.py,585,- PRUEBAS SOFTRESTAURANT (servidor de pruebas)
BAJA,PERMITIDO_SYNC_BACKFILL_DIAGNOSTICO,Finanzas,remote POS names,/app/backend/scripts/run_historical_load_finanzas.py,613,# Solo SOFTRESTAURANT y MANAGEMENTPRO
BAJA,PERMITIDO_SYNC_BACKFILL_DIAGNOSTICO,Finanzas,remote POS names,/app/backend/scripts/run_historical_load_finanzas.py,614,"if normalized in [""SOFTRESTAURANT"", ""MANAGEMENTPRO""]:"
BAJA,PERMITIDO_SYNC_BACKFILL_DIAGNOSTICO,Finanzas / Propinas TPV,remote POS names,/app/backend/core/scheduler/jobs/sync_propinas_tpv_job.py,7,Este job sincroniza propinas TPV desde SoftRestaurant y MPRO hacia EDARSAHUB
BAJA,PERMITIDO_SYNC_BACKFILL_DIAGNOSTICO,Finanzas / Propinas TPV,remote POS names,/app/backend/core/scheduler/jobs/sync_propinas_tpv_job.py,25,- SoftRestaurant: cheques.propinatarjeta
BAJA,PERMITIDO_SYNC_BACKFILL_DIAGNOSTICO,Finanzas / Propinas TPV,remote POS names,/app/backend/core/scheduler/jobs/sync_propinas_tpv_job.py,26,- MPRO: Comanda_Pago.Cp_Propina WHERE Forma_Pago.Fp_Tipo = '04'
BAJA,PERMITIDO_SYNC_BACKFILL_DIAGNOSTICO,Finanzas / Propinas TPV,remote POS names,/app/backend/core/scheduler/jobs/sync_propinas_tpv_job.py,61,from modules.finanzas.sync_propinas_softrestaurant import sincronizar_propinas_softrestaurant
BAJA,PERMITIDO_SYNC_BACKFILL_DIAGNOSTICO,Finanzas / Propinas TPV,remote POS names,/app/backend/core/scheduler/jobs/sync_propinas_tpv_job.py,62,from modules.finanzas.sync_propinas_mpro import sincronizar_propinas_mpro
BAJA,PERMITIDO_SYNC_BACKFILL_DIAGNOSTICO,Finanzas / Propinas TPV,remote POS names,/app/backend/core/scheduler/jobs/sync_propinas_tpv_job.py,95,# SoftRestaurant (Subfase 3.2)
BAJA,PERMITIDO_SYNC_BACKFILL_DIAGNOSTICO,Finanzas / Propinas TPV,remote POS names,/app/backend/core/scheduler/jobs/sync_propinas_tpv_job.py,97,"{""nombre"": ""130° MERIDA"", ""sistema"": ""SoftRestaurant""},"
BAJA,PERMITIDO_SYNC_BACKFILL_DIAGNOSTICO,Finanzas / Propinas TPV,remote POS names,/app/backend/core/scheduler/jobs/sync_propinas_tpv_job.py,98,"{""nombre"": ""CIENFUEGOS"", ""sistema"": ""SoftRestaurant""},"
BAJA,PERMITIDO_SYNC_BACKFILL_DIAGNOSTICO,Finanzas / Propinas TPV,remote POS names,/app/backend/core/scheduler/jobs/sync_propinas_tpv_job.py,99,"{""nombre"": ""LA ESTELAR"", ""sistema"": ""SoftRestaurant""}"
BAJA,PERMITIDO_SYNC_BACKFILL_DIAGNOSTICO,Finanzas / Propinas TPV,remote POS names,/app/backend/core/scheduler/jobs/sync_propinas_tpv_job.py,102,# MPRO (Subfase 3.3)
BAJA,PERMITIDO_SYNC_BACKFILL_DIAGNOSTICO,Finanzas / Propinas TPV,remote POS names,/app/backend/core/scheduler/jobs/sync_propinas_tpv_job.py,103,unidades_mpro = [
BAJA,PERMITIDO_SYNC_BACKFILL_DIAGNOSTICO,Finanzas / Propinas TPV,remote POS names,/app/backend/core/scheduler/jobs/sync_propinas_tpv_job.py,104,"{""nombre"": ""130° QUERETARO"", ""sistema"": ""MPRO""},"
BAJA,PERMITIDO_SYNC_BACKFILL_DIAGNOSTICO,Finanzas / Propinas TPV,remote POS names,/app/backend/core/scheduler/jobs/sync_propinas_tpv_job.py,105,"{""nombre"": ""ORIGEN"", ""sistema"": ""MPRO""}"
BAJA,PERMITIDO_SYNC_BACKFILL_DIAGNOSTICO,Finanzas / Propinas TPV,remote POS names,/app/backend/core/scheduler/jobs/sync_propinas_tpv_job.py,109,# SINCRONIZAR SOFTRESTAURANT
BAJA,PERMITIDO_SYNC_BACKFILL_DIAGNOSTICO,Finanzas / Propinas TPV,remote POS names,/app/backend/core/scheduler/jobs/sync_propinas_tpv_job.py,117,"logger.info(f""[SYNC_PROPINAS_TPV] Sincronizando {nombre} (SoftRestaurant)..."")"
BAJA,PERMITIDO_SYNC_BACKFILL_DIAGNOSTICO,Finanzas / Propinas TPV,remote POS names,/app/backend/core/scheduler/jobs/sync_propinas_tpv_job.py,119,resultado = sincronizar_propinas_softrestaurant(
BAJA,PERMITIDO_SYNC_BACKFILL_DIAGNOSTICO,Finanzas / Propinas TPV,remote POS names,/app/backend/core/scheduler/jobs/sync_propinas_tpv_job.py,129,"""sistema"": ""SoftRestaurant"","
BAJA,PERMITIDO_SYNC_BACKFILL_DIAGNOSTICO,Finanzas / Propinas TPV,remote POS names,/app/backend/core/scheduler/jobs/sync_propinas_tpv_job.py,161,"""sistema"": ""SoftRestaurant"","
BAJA,PERMITIDO_SYNC_BACKFILL_DIAGNOSTICO,Finanzas / Propinas TPV,remote POS names,/app/backend/core/scheduler/jobs/sync_propinas_tpv_job.py,167,# SINCRONIZAR MPRO
BAJA,PERMITIDO_SYNC_BACKFILL_DIAGNOSTICO,Finanzas / Propinas TPV,remote POS names,/app/backend/core/scheduler/jobs/sync_propinas_tpv_job.py,170,for unidad in unidades_mpro:
BAJA,PERMITIDO_SYNC_BACKFILL_DIAGNOSTICO,Finanzas / Propinas TPV,remote POS names,/app/backend/core/scheduler/jobs/sync_propinas_tpv_job.py,175,"logger.info(f""[SYNC_PROPINAS_TPV] Sincronizando {nombre} (MPRO)..."")"
BAJA,PERMITIDO_SYNC_BACKFILL_DIAGNOSTICO,Finanzas / Propinas TPV,remote POS names,/app/backend/core/scheduler/jobs/sync_propinas_tpv_job.py,177,resultado = sincronizar_propinas_mpro(
BAJA,PERMITIDO_SYNC_BACKFILL_DIAGNOSTICO,Finanzas / Propinas TPV,remote POS names,/app/backend/core/scheduler/jobs/sync_propinas_tpv_job.py,187,"""sistema"": ""MPRO"","
BAJA,PERMITIDO_SYNC_BACKFILL_DIAGNOSTICO,Finanzas / Propinas TPV,remote POS names,/app/backend/core/scheduler/jobs/sync_propinas_tpv_job.py,219,"""sistema"": ""MPRO"","
BAJA,PERMITIDO_SYNC_BACKFILL_DIAGNOSTICO,Finanzas / Propinas TPV,remote POS names,/app/backend/modules/finanzas/carga_historica_propinas_tpv.py,4,Este script ejecuta la carga histórica de propinas TPV desde SoftRestaurant y MPRO
BAJA,PERMITIDO_SYNC_BACKFILL_DIAGNOSTICO,Finanzas / Propinas TPV,remote POS names,/app/backend/modules/finanzas/carga_historica_propinas_tpv.py,108,from modules.finanzas.sync_propinas_softrestaurant import sincronizar_propinas_softrestaurant
BAJA,PERMITIDO_SYNC_BACKFILL_DIAGNOSTICO,Finanzas / Propinas TPV,remote POS names,/app/backend/modules/finanzas/carga_historica_propinas_tpv.py,144,res = sincronizar_propinas_softrestaurant(
BAJA,PERMITIDO_SYNC_BACKFILL_DIAGNOSTICO,Finanzas / Propinas TPV,remote POS names,/app/backend/modules/finanzas/carga_historica_propinas_tpv.py,239,from modules.finanzas.sync_propinas_mpro import sincronizar_propinas_mpro
BAJA,PERMITIDO_SYNC_BACKFILL_DIAGNOSTICO,Finanzas / Propinas TPV,remote POS names,/app/backend/modules/finanzas/carga_historica_propinas_tpv.py,275,res = sincronizar_propinas_mpro(
BAJA,PERMITIDO_SYNC_BACKFILL_DIAGNOSTICO,Finanzas / Propinas TPV,remote POS names,/app/backend/modules/finanzas/propinas_tpv/models.py,119,"system_type: str = Field(""SoftRestaurant"", description=""Tipo de sistema origen"")"
BAJA,PERMITIDO_SYNC_BACKFILL_DIAGNOSTICO,Finanzas / Propinas TPV,remote POS names,/app/backend/modules/finanzas/propinas_tpv/repository.py,49,async def get_propinas_cortes_softrestaurant(
BAJA,PERMITIDO_SYNC_BACKFILL_DIAGNOSTICO,Finanzas / Propinas TPV,remote POS names,/app/backend/modules/finanzas/propinas_tpv/routes.py,197,"summary=""Sincronizar propinas desde SoftRestaurant"","
BAJA,PERMITIDO_SYNC_BACKFILL_DIAGNOSTICO,Finanzas / Propinas TPV,remote POS names,/app/backend/modules/finanzas/propinas_tpv/routes.py,199,Sincroniza propinas de cortes Z desde servidores SoftRestaurant.
BAJA,PERMITIDO_SYNC_BACKFILL_DIAGNOSTICO,Finanzas / Propinas TPV,remote POS names,/app/backend/modules/finanzas/propinas_tpv/routes_edarsahub.py,134,"sistema_origen: Optional[str] = Query(None, description=""Filtrar por SistemaOrigen (SoftRestaurant, MPRO)""),"
BAJA,PERMITIDO_SYNC_BACKFILL_DIAGNOSTICO,Finanzas / Propinas TPV,remote POS names,/app/backend/modules/finanzas/propinas_tpv/routes_sql.py,213,Sincroniza propinas desde SoftRestaurant a SQL Server EDARSA HUB.
BAJA,PERMITIDO_SYNC_BACKFILL_DIAGNOSTICO,Finanzas / Propinas TPV,remote POS names,/app/backend/modules/finanzas/propinas_tpv/routes_sql.py,456,# DIAGNÓSTICO (Usa el servicio original para leer de SoftRestaurant)
BAJA,PERMITIDO_SYNC_BACKFILL_DIAGNOSTICO,Finanzas / Propinas TPV,remote POS names,/app/backend/modules/finanzas/propinas_tpv/service.py,57,Sincroniza propinas desde servidores SoftRestaurant.
BAJA,PERMITIDO_SYNC_BACKFILL_DIAGNOSTICO,Finanzas / Propinas TPV,remote POS names,/app/backend/modules/finanzas/propinas_tpv/service_sql.py,11,- Sincronización desde SoftRestaurant
BAJA,PERMITIDO_SYNC_BACKFILL_DIAGNOSTICO,Finanzas / Propinas TPV,remote POS names,/app/backend/modules/finanzas/propinas_tpv/service_sql.py,56,- Sincronizar: Lee SoftRestaurant → Escribe SQL → Invalida Cache
BAJA,PERMITIDO_SYNC_BACKFILL_DIAGNOSTICO,Finanzas / Propinas TPV,remote POS names,/app/backend/modules/finanzas/propinas_tpv/service_sql.py,126,# SINCRONIZACIÓN (SoftRestaurant → SQL Server)
BAJA,PERMITIDO_SYNC_BACKFILL_DIAGNOSTICO,Finanzas / Propinas TPV,remote POS names,/app/backend/modules/finanzas/propinas_tpv/service_sql.py,137,Sincroniza propinas desde SoftRestaurant a SQL Server.
BAJA,PERMITIDO_SYNC_BACKFILL_DIAGNOSTICO,Finanzas / Propinas TPV,remote POS names,/app/backend/modules/finanzas/propinas_tpv/sql_scripts.py,10,- NO ejecutar en SoftRestaurant ni MPRO
BAJA,PERMITIDO_SYNC_BACKFILL_DIAGNOSTICO,Finanzas / Propinas TPV,remote POS names,/app/backend/modules/finanzas/propinas_tpv/sql_scripts.py,46,"system_type             VARCHAR(20)         NOT NULL DEFAULT 'SoftRestaurant',"
BAJA,PERMITIDO_SYNC_BACKFILL_DIAGNOSTICO,Finanzas / Propinas TPV,remote POS names,/app/backend/modules/finanzas/propinas_tpv/sql_scripts.py,52,-- DATOS OPERATIVOS (Lectura de SoftRestaurant)
BAJA,PERMITIDO_SYNC_BACKFILL_DIAGNOSTICO,Finanzas / Propinas TPV,remote POS names,/app/backend/modules/finanzas/propinas_tpv/sql_scripts.py,64,-- TRAZABILIDAD AL ORIGEN (SoftRestaurant)
BAJA,PERMITIDO_SYNC_BACKFILL_DIAGNOSTICO,Finanzas / Propinas TPV,remote POS names,/app/backend/modules/finanzas/propinas_tpv/sql_scripts.py,66,"corte_id_origen         VARCHAR(50)         NULL,  -- idmovtocaja de SoftRestaurant"
BAJA,PERMITIDO_SYNC_BACKFILL_DIAGNOSTICO,Finanzas / Propinas TPV,remote POS names,/app/backend/modules/finanzas/propinas_tpv/sql_scripts.py,67,"turno_id_origen         VARCHAR(50)         NULL,  -- idturno de SoftRestaurant"
BAJA,PERMITIDO_SYNC_BACKFILL_DIAGNOSTICO,Finanzas / Propinas TPV,remote POS names,/app/backend/modules/finanzas/propinas_tpv/sql_scripts.py,191,-- MAPEO DE CONCEPTOS SOFTRESTAURANT
BAJA,PERMITIDO_SYNC_BACKFILL_DIAGNOSTICO,Finanzas / Propinas TPV,remote POS names,/app/backend/modules/finanzas/sync_propinas_mpro.py,2,SUBFASE 3.3 - Sincronización de Propinas TPV desde MPRO hacia EDARSAHUB
BAJA,PERMITIDO_SYNC_BACKFILL_DIAGNOSTICO,Finanzas / Propinas TPV,remote POS names,/app/backend/modules/finanzas/sync_propinas_mpro.py,4,Este módulo extrae propinas pagadas con tarjeta de MPRO (ManagementPro)
BAJA,PERMITIDO_SYNC_BACKFILL_DIAGNOSTICO,Finanzas / Propinas TPV,remote POS names,/app/backend/modules/finanzas/sync_propinas_mpro.py,74,# Unidades MPRO autorizadas
BAJA,PERMITIDO_SYNC_BACKFILL_DIAGNOSTICO,Finanzas / Propinas TPV,remote POS names,/app/backend/modules/finanzas/sync_propinas_mpro.py,75,"UNIDADES_MPRO_AUTORIZADAS = ['130° QUERETARO', 'ORIGEN']"
BAJA,PERMITIDO_SYNC_BACKFILL_DIAGNOSTICO,Finanzas / Propinas TPV,remote POS names,/app/backend/modules/finanzas/sync_propinas_mpro.py,77,# Formas de pago tarjeta en MPRO (Tipo '04')
BAJA,PERMITIDO_SYNC_BACKFILL_DIAGNOSTICO,Finanzas / Propinas TPV,pymssql.connect,/app/backend/modules/finanzas/sync_propinas_mpro.py,87,return pymssql.connect(
BAJA,PERMITIDO_SYNC_BACKFILL_DIAGNOSTICO,Finanzas / Propinas TPV,remote POS names,/app/backend/modules/finanzas/sync_propinas_mpro.py,98,def get_unidad_mpro_connection_info(unidad_nombre: str) -> Optional[Dict]:
BAJA,PERMITIDO_SYNC_BACKFILL_DIAGNOSTICO,Finanzas / Propinas TPV,remote POS names,/app/backend/modules/finanzas/sync_propinas_mpro.py,100,Obtiene información de conexión para una unidad MPRO desde EDARSAHUB.
BAJA,PERMITIDO_SYNC_BACKFILL_DIAGNOSTICO,Finanzas / Propinas TPV,remote POS names,/app/backend/modules/finanzas/sync_propinas_mpro.py,102,MPRO usa CENTRAL2020 como base de datos compartida con filtro por empresa.
BAJA,PERMITIDO_SYNC_BACKFILL_DIAGNOSTICO,Finanzas / Propinas TPV,remote POS names,/app/backend/modules/finanzas/sync_propinas_mpro.py,127,AND {mpro_filter}
BAJA,PERMITIDO_SYNC_BACKFILL_DIAGNOSTICO,Finanzas / Propinas TPV,remote POS names,/app/backend/modules/finanzas/sync_propinas_mpro.py,128,""""""".format(mpro_filter=build_system_type_sql_filter('s.system_type', 'MANAGEMENTPRO')), (unidad_nombre,))"
BAJA,PERMITIDO_SYNC_BACKFILL_DIAGNOSTICO,Finanzas / Propinas TPV,remote POS names,/app/backend/modules/finanzas/sync_propinas_mpro.py,133,"logger.warning(f""[SYNC_PROPINAS_MPRO] Unidad MPRO no encontrada: {unidad_nombre}"")"
BAJA,PERMITIDO_SYNC_BACKFILL_DIAGNOSTICO,Finanzas / Propinas TPV,remote POS names,/app/backend/modules/finanzas/sync_propinas_mpro.py,136,# Mapeo de unidades MPRO a códigos de empresa en CENTRAL2020
BAJA,PERMITIDO_SYNC_BACKFILL_DIAGNOSTICO,Finanzas / Propinas TPV,remote POS names,/app/backend/modules/finanzas/sync_propinas_mpro.py,161,'system_type': 'MPRO'
BAJA,PERMITIDO_SYNC_BACKFILL_DIAGNOSTICO,Finanzas / Propinas TPV,remote POS names,/app/backend/modules/finanzas/sync_propinas_mpro.py,168,def get_mpro_connection(conn_info: Dict):
BAJA,PERMITIDO_SYNC_BACKFILL_DIAGNOSTICO,Finanzas / Propinas TPV,remote POS names,/app/backend/modules/finanzas/sync_propinas_mpro.py,169,"""""""Obtiene conexión a MPRO (CENTRAL2020)"""""""
BAJA,PERMITIDO_SYNC_BACKFILL_DIAGNOSTICO,Finanzas / Propinas TPV,pymssql.connect,/app/backend/modules/finanzas/sync_propinas_mpro.py,170,return pymssql.connect(
BAJA,PERMITIDO_SYNC_BACKFILL_DIAGNOSTICO,Finanzas / Propinas TPV,remote POS names,/app/backend/modules/finanzas/sync_propinas_mpro.py,185,def calcular_hash_propina_mpro(registro: Dict) -> str:
BAJA,PERMITIDO_SYNC_BACKFILL_DIAGNOSTICO,Finanzas / Propinas TPV,remote POS names,/app/backend/modules/finanzas/sync_propinas_mpro.py,187,Calcula SHA256 para idempotencia de propinas TPV MPRO.
BAJA,PERMITIDO_SYNC_BACKFILL_DIAGNOSTICO,Finanzas / Propinas TPV,remote POS names,/app/backend/modules/finanzas/sync_propinas_mpro.py,199,"str(registro.get('SistemaOrigen', 'MPRO')),"
BAJA,PERMITIDO_SYNC_BACKFILL_DIAGNOSTICO,Finanzas / Propinas TPV,remote POS names,/app/backend/modules/finanzas/sync_propinas_mpro.py,212,# EXTRACCIÓN DESDE MPRO
BAJA,PERMITIDO_SYNC_BACKFILL_DIAGNOSTICO,Finanzas / Propinas TPV,remote POS names,/app/backend/modules/finanzas/sync_propinas_mpro.py,215,def extraer_propinas_tpv_mpro(
BAJA,PERMITIDO_SYNC_BACKFILL_DIAGNOSTICO,Finanzas / Propinas TPV,remote POS names,/app/backend/modules/finanzas/sync_propinas_mpro.py,221,Extrae propinas pagadas con tarjeta de MPRO.
BAJA,PERMITIDO_SYNC_BACKFILL_DIAGNOSTICO,Finanzas / Propinas TPV,remote POS names,/app/backend/modules/finanzas/sync_propinas_mpro.py,233,"logger.info(f""[SYNC_PROPINAS_MPRO] Extrayendo propinas TPV de {conn_info['unidad_nombre']} """
BAJA,PERMITIDO_SYNC_BACKFILL_DIAGNOSTICO,Finanzas / Propinas TPV,remote POS names,/app/backend/modules/finanzas/sync_propinas_mpro.py,237,mpro_conn = get_mpro_connection(conn_info)
BAJA,PERMITIDO_SYNC_BACKFILL_DIAGNOSTICO,Finanzas / Propinas TPV,remote POS names,/app/backend/modules/finanzas/sync_propinas_mpro.py,239,"logger.error(f""[SYNC_PROPINAS_MPRO] Error conectando a {conn_info['unidad_nombre']}: {e}"")"
BAJA,PERMITIDO_SYNC_BACKFILL_DIAGNOSTICO,Finanzas / Propinas TPV,remote POS names,/app/backend/modules/finanzas/sync_propinas_mpro.py,242,cursor = mpro_conn.cursor(as_dict=True)
BAJA,PERMITIDO_SYNC_BACKFILL_DIAGNOSTICO,Finanzas / Propinas TPV,remote POS names,/app/backend/modules/finanzas/sync_propinas_mpro.py,248,# Query para extraer propinas TPV de MPRO
BAJA,PERMITIDO_SYNC_BACKFILL_DIAGNOSTICO,Finanzas / Propinas TPV,remote POS names,/app/backend/modules/finanzas/sync_propinas_mpro.py,290,"logger.info(f""[SYNC_PROPINAS_MPRO] {conn_info['unidad_nombre']}: {len(rows)} pagos con propina TPV"")"
BAJA,PERMITIDO_SYNC_BACKFILL_DIAGNOSTICO,Finanzas / Propinas TPV,remote POS names,/app/backend/modules/finanzas/sync_propinas_mpro.py,306,"'SistemaOrigen': 'MPRO',"
BAJA,PERMITIDO_SYNC_BACKFILL_DIAGNOSTICO,Finanzas / Propinas TPV,remote POS names,/app/backend/modules/finanzas/sync_propinas_mpro.py,326,# Forma de pago (específica para MPRO)
BAJA,PERMITIDO_SYNC_BACKFILL_DIAGNOSTICO,Finanzas / Propinas TPV,remote POS names,/app/backend/modules/finanzas/sync_propinas_mpro.py,334,"'system_type': 'MPRO',"
BAJA,PERMITIDO_SYNC_BACKFILL_DIAGNOSTICO,Finanzas / Propinas TPV,remote POS names,/app/backend/modules/finanzas/sync_propinas_mpro.py,353,registro['HashOrigen'] = calcular_hash_propina_mpro(registro)
BAJA,PERMITIDO_SYNC_BACKFILL_DIAGNOSTICO,Finanzas / Propinas TPV,remote POS names,/app/backend/modules/finanzas/sync_propinas_mpro.py,360,mpro_conn.close()
BAJA,PERMITIDO_SYNC_BACKFILL_DIAGNOSTICO,Finanzas / Propinas TPV,remote POS names,/app/backend/modules/finanzas/sync_propinas_mpro.py,367,def cargar_propinas_mpro_edarsahub(
BAJA,PERMITIDO_SYNC_BACKFILL_DIAGNOSTICO,Finanzas / Propinas TPV,remote POS names,/app/backend/modules/finanzas/sync_propinas_mpro.py,372,Carga propinas TPV de MPRO en EDARSAHUB.propinas_tpv_control
BAJA,PERMITIDO_SYNC_BACKFILL_DIAGNOSTICO,Finanzas / Propinas TPV,remote POS names,/app/backend/modules/finanzas/sync_propinas_mpro.py,467,"logger.error(f""[SYNC_PROPINAS_MPRO] Error insertando registro: {e}"")"
BAJA,PERMITIDO_SYNC_BACKFILL_DIAGNOSTICO,Finanzas / Propinas TPV,remote POS names,/app/backend/modules/finanzas/sync_propinas_mpro.py,474,"logger.error(f""[SYNC_PROPINAS_MPRO] Error en carga: {e}"")"
BAJA,PERMITIDO_SYNC_BACKFILL_DIAGNOSTICO,Finanzas / Propinas TPV,remote POS names,/app/backend/modules/finanzas/sync_propinas_mpro.py,482,def registrar_synclog_propinas_mpro(
BAJA,PERMITIDO_SYNC_BACKFILL_DIAGNOSTICO,Finanzas / Propinas TPV,remote POS names,/app/backend/modules/finanzas/sync_propinas_mpro.py,513,"'MPRO',"
BAJA,PERMITIDO_SYNC_BACKFILL_DIAGNOSTICO,Finanzas / Propinas TPV,remote POS names,/app/backend/modules/finanzas/sync_propinas_mpro.py,533,"logger.info(f""[SYNC_PROPINAS_MPRO] SyncLog registrado: ID={log_id}, Estatus={estatus}"")"
BAJA,PERMITIDO_SYNC_BACKFILL_DIAGNOSTICO,Finanzas / Propinas TPV,remote POS names,/app/backend/modules/finanzas/sync_propinas_mpro.py,545,def sincronizar_propinas_mpro(
BAJA,PERMITIDO_SYNC_BACKFILL_DIAGNOSTICO,Finanzas / Propinas TPV,remote POS names,/app/backend/modules/finanzas/sync_propinas_mpro.py,552,Sincroniza propinas TPV de una unidad MPRO hacia EDARSAHUB.
BAJA,PERMITIDO_SYNC_BACKFILL_DIAGNOSTICO,Finanzas / Propinas TPV,remote POS names,/app/backend/modules/finanzas/sync_propinas_mpro.py,563,"logger.info(f""[SYNC_PROPINAS_MPRO] === Iniciando sync de propinas TPV: {unidad_nombre} ==="")"
BAJA,PERMITIDO_SYNC_BACKFILL_DIAGNOSTICO,Finanzas / Propinas TPV,remote POS names,/app/backend/modules/finanzas/sync_propinas_mpro.py,567,if unidad_nombre not in UNIDADES_MPRO_AUTORIZADAS:
BAJA,PERMITIDO_SYNC_BACKFILL_DIAGNOSTICO,Finanzas / Propinas TPV,remote POS names,/app/backend/modules/finanzas/sync_propinas_mpro.py,571,'error': f'Unidad no autorizada: {unidad_nombre}. Autorizadas: {UNIDADES_MPRO_AUTORIZADAS}'
BAJA,PERMITIDO_SYNC_BACKFILL_DIAGNOSTICO,Finanzas / Propinas TPV,remote POS names,/app/backend/modules/finanzas/sync_propinas_mpro.py,579,conn_info = get_unidad_mpro_connection_info(unidad_nombre)
BAJA,PERMITIDO_SYNC_BACKFILL_DIAGNOSTICO,Finanzas / Propinas TPV,remote POS names,/app/backend/modules/finanzas/sync_propinas_mpro.py,600,# 1. Extraer propinas de MPRO
BAJA,PERMITIDO_SYNC_BACKFILL_DIAGNOSTICO,Finanzas / Propinas TPV,remote POS names,/app/backend/modules/finanzas/sync_propinas_mpro.py,601,"registros = extraer_propinas_tpv_mpro(conn_info, fecha_desde, fecha_hasta)"
BAJA,PERMITIDO_SYNC_BACKFILL_DIAGNOSTICO,Finanzas / Propinas TPV,remote POS names,/app/backend/modules/finanzas/sync_propinas_mpro.py,623,"stats = cargar_propinas_mpro_edarsahub(registros, conn_info)"
BAJA,PERMITIDO_SYNC_BACKFILL_DIAGNOSTICO,Finanzas / Propinas TPV,remote POS names,/app/backend/modules/finanzas/sync_propinas_mpro.py,641,log_id = registrar_synclog_propinas_mpro(
BAJA,PERMITIDO_SYNC_BACKFILL_DIAGNOSTICO,Finanzas / Propinas TPV,remote POS names,/app/backend/modules/finanzas/sync_propinas_mpro.py,664,"logger.error(f""[SYNC_PROPINAS_MPRO] Error en sync de {unidad_nombre}: {e}"")"
BAJA,PERMITIDO_SYNC_BACKFILL_DIAGNOSTICO,Finanzas / Propinas TPV,remote POS names,/app/backend/modules/finanzas/sync_propinas_mpro.py,667,registrar_synclog_propinas_mpro(
BAJA,PERMITIDO_SYNC_BACKFILL_DIAGNOSTICO,Finanzas / Propinas TPV,remote POS names,/app/backend/modules/finanzas/sync_propinas_mpro.py,677,"logger.info(f""[SYNC_PROPINAS_MPRO] {unidad_nombre}: {resultado['estatus']}, """
BAJA,PERMITIDO_SYNC_BACKFILL_DIAGNOSTICO,Finanzas / Propinas TPV,remote POS names,/app/backend/modules/finanzas/sync_propinas_mpro.py,684,def sincronizar_todas_unidades_mpro(
BAJA,PERMITIDO_SYNC_BACKFILL_DIAGNOSTICO,Finanzas / Propinas TPV,remote POS names,/app/backend/modules/finanzas/sync_propinas_mpro.py,690,Sincroniza propinas TPV de todas las unidades MPRO.
BAJA,PERMITIDO_SYNC_BACKFILL_DIAGNOSTICO,Finanzas / Propinas TPV,remote POS names,/app/backend/modules/finanzas/sync_propinas_mpro.py,693,"logger.info(""SYNC PROPINAS TPV — TODAS LAS UNIDADES MPRO"")"
BAJA,PERMITIDO_SYNC_BACKFILL_DIAGNOSTICO,Finanzas / Propinas TPV,remote POS names,/app/backend/modules/finanzas/sync_propinas_mpro.py,705,for unidad in UNIDADES_MPRO_AUTORIZADAS:
BAJA,PERMITIDO_SYNC_BACKFILL_DIAGNOSTICO,Finanzas / Propinas TPV,remote POS names,/app/backend/modules/finanzas/sync_propinas_mpro.py,706,resultado = sincronizar_propinas_mpro(
BAJA,PERMITIDO_SYNC_BACKFILL_DIAGNOSTICO,Finanzas / Propinas TPV,remote POS names,/app/backend/modules/finanzas/sync_propinas_mpro.py,734,"'sincronizar_propinas_mpro',"
BAJA,PERMITIDO_SYNC_BACKFILL_DIAGNOSTICO,Finanzas / Propinas TPV,remote POS names,/app/backend/modules/finanzas/sync_propinas_mpro.py,735,"'sincronizar_todas_unidades_mpro',"
BAJA,PERMITIDO_SYNC_BACKFILL_DIAGNOSTICO,Finanzas / Propinas TPV,remote POS names,/app/backend/modules/finanzas/sync_propinas_mpro.py,736,'UNIDADES_MPRO_AUTORIZADAS'
BAJA,PERMITIDO_SYNC_BACKFILL_DIAGNOSTICO,Finanzas / Propinas TPV,remote POS names,/app/backend/modules/finanzas/sync_propinas_softrestaurant.py,2,SUBFASE 3.2 - Sincronización de Propinas TPV desde SoftRestaurant hacia EDARSAHUB
BAJA,PERMITIDO_SYNC_BACKFILL_DIAGNOSTICO,Finanzas / Propinas TPV,remote POS names,/app/backend/modules/finanzas/sync_propinas_softrestaurant.py,4,Este módulo extrae propinas pagadas con tarjeta (propinatarjeta) de SoftRestaurant
BAJA,PERMITIDO_SYNC_BACKFILL_DIAGNOSTICO,Finanzas / Propinas TPV,remote POS names,/app/backend/modules/finanzas/sync_propinas_softrestaurant.py,19,NOTA: NO MODIFICA repository_softrestaurant.py ni CxP (BLINDADOS)
BAJA,PERMITIDO_SYNC_BACKFILL_DIAGNOSTICO,Finanzas / Propinas TPV,remote POS names,/app/backend/modules/finanzas/sync_propinas_softrestaurant.py,72,# Unidades SoftRestaurant autorizadas para Propinas TPV
BAJA,PERMITIDO_SYNC_BACKFILL_DIAGNOSTICO,Finanzas / Propinas TPV,pymssql.connect,/app/backend/modules/finanzas/sync_propinas_softrestaurant.py,82,return pymssql.connect(
BAJA,PERMITIDO_SYNC_BACKFILL_DIAGNOSTICO,Finanzas / Propinas TPV,remote POS names,/app/backend/modules/finanzas/sync_propinas_softrestaurant.py,95,Obtiene información de conexión para una unidad SoftRestaurant desde EDARSAHUB.
BAJA,PERMITIDO_SYNC_BACKFILL_DIAGNOSTICO,Finanzas / Propinas TPV,remote POS names,/app/backend/modules/finanzas/sync_propinas_softrestaurant.py,97,Usa la misma lógica segura que sync_cortes_softrestaurant.py (Fase 2).
BAJA,PERMITIDO_SYNC_BACKFILL_DIAGNOSTICO,Finanzas / Propinas TPV,remote POS names,/app/backend/modules/finanzas/sync_propinas_softrestaurant.py,114,# CORRECCIÓN 2026-06-05: El system_type en EDARSAHUB es 'SOFTRESTAURANT_PRO'
BAJA,PERMITIDO_SYNC_BACKFILL_DIAGNOSTICO,Finanzas / Propinas TPV,remote POS names,/app/backend/modules/finanzas/sync_propinas_softrestaurant.py,135,""""""".format(sr_filter=build_system_type_sql_filter('s.system_type', 'SOFTRESTAURANT')), (unidad_nombre,))"
BAJA,PERMITIDO_SYNC_BACKFILL_DIAGNOSTICO,Finanzas / Propinas TPV,remote POS names,/app/backend/modules/finanzas/sync_propinas_softrestaurant.py,177,def get_softrestaurant_connection(conn_info: Dict):
BAJA,PERMITIDO_SYNC_BACKFILL_DIAGNOSTICO,Finanzas / Propinas TPV,remote POS names,/app/backend/modules/finanzas/sync_propinas_softrestaurant.py,179,Obtiene conexión a SoftRestaurant usando info de EDARSAHUB.
BAJA,PERMITIDO_SYNC_BACKFILL_DIAGNOSTICO,Finanzas / Propinas TPV,remote POS names,/app/backend/modules/finanzas/sync_propinas_softrestaurant.py,180,Misma lógica que sync_cortes_softrestaurant.py (Fase 2).
BAJA,PERMITIDO_SYNC_BACKFILL_DIAGNOSTICO,Finanzas / Propinas TPV,pytds.connect,/app/backend/modules/finanzas/sync_propinas_softrestaurant.py,192,conn = pytds.connect(
BAJA,PERMITIDO_SYNC_BACKFILL_DIAGNOSTICO,Finanzas / Propinas TPV,pymssql.connect,/app/backend/modules/finanzas/sync_propinas_softrestaurant.py,208,conn = pymssql.connect(
BAJA,PERMITIDO_SYNC_BACKFILL_DIAGNOSTICO,Finanzas / Propinas TPV,remote POS names,/app/backend/modules/finanzas/sync_propinas_softrestaurant.py,221,"""""""Ejecuta query en conexión SoftRestaurant"""""""
BAJA,PERMITIDO_SYNC_BACKFILL_DIAGNOSTICO,Finanzas / Propinas TPV,remote POS names,/app/backend/modules/finanzas/sync_propinas_softrestaurant.py,262,"str(registro.get('SistemaOrigen', 'SoftRestaurant')),"
BAJA,PERMITIDO_SYNC_BACKFILL_DIAGNOSTICO,Finanzas / Propinas TPV,remote POS names,/app/backend/modules/finanzas/sync_propinas_softrestaurant.py,274,# EXTRACCIÓN DESDE SOFTRESTAURANT
BAJA,PERMITIDO_SYNC_BACKFILL_DIAGNOSTICO,Finanzas / Propinas TPV,remote POS names,/app/backend/modules/finanzas/sync_propinas_softrestaurant.py,277,def extraer_propinas_tpv_softrestaurant(
BAJA,PERMITIDO_SYNC_BACKFILL_DIAGNOSTICO,Finanzas / Propinas TPV,remote POS names,/app/backend/modules/finanzas/sync_propinas_softrestaurant.py,283,Extrae propinas pagadas con tarjeta de SoftRestaurant.
BAJA,PERMITIDO_SYNC_BACKFILL_DIAGNOSTICO,Finanzas / Propinas TPV,remote POS names,/app/backend/modules/finanzas/sync_propinas_softrestaurant.py,299,sr_conn = get_softrestaurant_connection(conn_info)
BAJA,PERMITIDO_SYNC_BACKFILL_DIAGNOSTICO,Finanzas / Propinas TPV,remote POS names,/app/backend/modules/finanzas/sync_propinas_softrestaurant.py,306,# NOTA: Nombres de columnas correctos de SoftRestaurant:
BAJA,PERMITIDO_SYNC_BACKFILL_DIAGNOSTICO,Finanzas / Propinas TPV,remote POS names,/app/backend/modules/finanzas/sync_propinas_softrestaurant.py,358,"'SistemaOrigen': 'SoftRestaurant',"
BAJA,PERMITIDO_SYNC_BACKFILL_DIAGNOSTICO,Finanzas / Propinas TPV,remote POS names,/app/backend/modules/finanzas/sync_propinas_softrestaurant.py,387,"'system_type': 'SoftRestaurant',"
BAJA,PERMITIDO_SYNC_BACKFILL_DIAGNOSTICO,Finanzas / Propinas TPV,remote POS names,/app/backend/modules/finanzas/sync_propinas_softrestaurant.py,571,"'SoftRestaurant',"
BAJA,PERMITIDO_SYNC_BACKFILL_DIAGNOSTICO,Finanzas / Propinas TPV,remote POS names,/app/backend/modules/finanzas/sync_propinas_softrestaurant.py,604,def sincronizar_propinas_softrestaurant(
BAJA,PERMITIDO_SYNC_BACKFILL_DIAGNOSTICO,Finanzas / Propinas TPV,remote POS names,/app/backend/modules/finanzas/sync_propinas_softrestaurant.py,611,Sincroniza propinas TPV de una unidad SoftRestaurant hacia EDARSAHUB.
BAJA,PERMITIDO_SYNC_BACKFILL_DIAGNOSTICO,Finanzas / Propinas TPV,remote POS names,/app/backend/modules/finanzas/sync_propinas_softrestaurant.py,661,# 1. Extraer propinas de SoftRestaurant
BAJA,PERMITIDO_SYNC_BACKFILL_DIAGNOSTICO,Finanzas / Propinas TPV,remote POS names,/app/backend/modules/finanzas/sync_propinas_softrestaurant.py,662,"registros = extraer_propinas_tpv_softrestaurant(conn_info, fecha_desde, fecha_hasta)"
BAJA,PERMITIDO_SYNC_BACKFILL_DIAGNOSTICO,Finanzas / Propinas TPV,remote POS names,/app/backend/modules/finanzas/sync_propinas_softrestaurant.py,738,Sincroniza propinas TPV de todas las unidades SoftRestaurant.
BAJA,PERMITIDO_SYNC_BACKFILL_DIAGNOSTICO,Finanzas / Propinas TPV,remote POS names,/app/backend/modules/finanzas/sync_propinas_softrestaurant.py,741,"logger.info(""SYNC PROPINAS TPV — TODAS LAS UNIDADES SOFTRESTAURANT"")"
BAJA,PERMITIDO_SYNC_BACKFILL_DIAGNOSTICO,Finanzas / Propinas TPV,remote POS names,/app/backend/modules/finanzas/sync_propinas_softrestaurant.py,754,resultado = sincronizar_propinas_softrestaurant(
BAJA,PERMITIDO_SYNC_BACKFILL_DIAGNOSTICO,Finanzas / Propinas TPV,remote POS names,/app/backend/modules/finanzas/sync_propinas_softrestaurant.py,782,"'sincronizar_propinas_softrestaurant',"
BAJA,PERMITIDO_SYNC_BACKFILL_DIAGNOSTICO,Finanzas / Propinas TPV,remote POS names,/app/backend/scripts/validacion_propinas_tpv.py,5,Objetivo: Validar datos reales de SoftRestaurant vía conexión SQL directa
BAJA,PERMITIDO_SYNC_BACKFILL_DIAGNOSTICO,Finanzas / Propinas TPV,direct host ddns,/app/backend/scripts/validacion_propinas_tpv.py,43,"'host': os.environ.get('SOFTREST_130MID_HOST', '187.188.198.241'),"
BAJA,PERMITIDO_SYNC_BACKFILL_DIAGNOSTICO,Finanzas / Propinas TPV,direct host ddns,/app/backend/scripts/validacion_propinas_tpv.py,44,"'port': int(os.environ.get('SOFTREST_130MID_PORT', '51743')),"
BAJA,PERMITIDO_SYNC_BACKFILL_DIAGNOSTICO,Finanzas / Propinas TPV,direct host ddns,/app/backend/scripts/validacion_propinas_tpv.py,45,"'database': os.environ.get('SOFTREST_130MID_DB', 'Abordo'),"
BAJA,PERMITIDO_SYNC_BACKFILL_DIAGNOSTICO,Finanzas / Propinas TPV,direct host ddns,/app/backend/scripts/validacion_propinas_tpv.py,46,"'user': os.environ.get('SOFTREST_130MID_USER', 'sa'),"
BAJA,PERMITIDO_SYNC_BACKFILL_DIAGNOSTICO,Finanzas / Propinas TPV,direct host ddns,/app/backend/scripts/validacion_propinas_tpv.py,47,"'password': os.environ.get('SOFTREST_130MID_PASS', 'Sr2022$'),"
BAJA,PERMITIDO_SYNC_BACKFILL_DIAGNOSTICO,Finanzas / Propinas TPV,remote POS names,/app/backend/scripts/validacion_propinas_tpv.py,56,"""""""Ejecuta query SQL en servidor SoftRestaurant"""""""
BAJA,PERMITIDO_SYNC_BACKFILL_DIAGNOSTICO,Finanzas / Propinas TPV,pytds.connect,/app/backend/scripts/validacion_propinas_tpv.py,64,with pytds.connect(
BAJA,PERMITIDO_SYNC_BACKFILL_DIAGNOSTICO,Finanzas / Propinas TPV,remote POS names,/app/backend/scripts/validacion_propinas_tpv.py,496,"""Los datos de propinas dependen de que los cajeros capturen correctamente en SoftRestaurant"""
BAJA,PERMITIDO_SYNC_BACKFILL_DIAGNOSTICO,Finanzas / Propinas TPV,remote POS names,/app/backend/scripts/validacion_propinas_tpv.py,501,"dictamen['recomendacion'] = ""Verificar conectividad de red hacia servidores SoftRestaurant"""
BAJA,PERMITIDO_SYNC_BACKFILL_DIAGNOSTICO,Finanzas / Propinas TPV,remote POS names,/app/backend/scripts/validacion_propinas_tpv.py,547,-- Query de extracción de propinas TPV (SoftRestaurant)
BAJA,PERMITIDO_SYNC_BACKFILL_DIAGNOSTICO,Inventarios,remote POS names,/app/backend/core/scheduler/jobs/inventarios_detector_job.py,4,"Detecta nuevos inventarios físicos en sistemas origen (SoftRestaurant/MPRO),"
BAJA,PERMITIDO_SYNC_BACKFILL_DIAGNOSTICO,Inventarios,remote POS names,/app/backend/core/scheduler/jobs/inventarios_detector_job.py,82,"""SoftRestaurant"": [""invfisico"", ""almacen""],"
BAJA,PERMITIDO_SYNC_BACKFILL_DIAGNOSTICO,Inventarios,remote POS names,/app/backend/core/scheduler/jobs/inventarios_detector_job.py,83,"""MPRO"": []  # MPRO no tiene estructura de inventarios compatible"
BAJA,PERMITIDO_SYNC_BACKFILL_DIAGNOSTICO,Inventarios,execute_sql_query,/app/backend/core/scheduler/jobs/inventarios_detector_job.py,132,result = execute_sql_query(
BAJA,PERMITIDO_SYNC_BACKFILL_DIAGNOSTICO,Inventarios,remote POS names,/app/backend/core/scheduler/jobs/inventarios_detector_job.py,379,"if st in ['softrestaurant', 'sr', 'mpro']:"
BAJA,PERMITIDO_SYNC_BACKFILL_DIAGNOSTICO,Inventarios,remote POS names,/app/backend/core/scheduler/jobs/inventarios_detector_job.py,429,if system_type == 'SoftRestaurant':
BAJA,PERMITIDO_SYNC_BACKFILL_DIAGNOSTICO,Inventarios,remote POS names,/app/backend/core/scheduler/jobs/inventarios_detector_job.py,431,elif system_type == 'MPRO':
BAJA,PERMITIDO_SYNC_BACKFILL_DIAGNOSTICO,Inventarios,remote POS names,/app/backend/core/scheduler/jobs/inventarios_detector_job.py,432,inventarios = await self._detectar_mpro(servidor)
BAJA,PERMITIDO_SYNC_BACKFILL_DIAGNOSTICO,Inventarios,remote POS names,/app/backend/core/scheduler/jobs/inventarios_detector_job.py,449,Detecta inventarios en SoftRestaurant.
BAJA,PERMITIDO_SYNC_BACKFILL_DIAGNOSTICO,Inventarios,remote POS names,/app/backend/core/scheduler/jobs/inventarios_detector_job.py,464,if system_type != 'SoftRestaurant':
BAJA,PERMITIDO_SYNC_BACKFILL_DIAGNOSTICO,Inventarios,remote POS names,/app/backend/core/scheduler/jobs/inventarios_detector_job.py,465,"logger.warning(f""[INVENTARIOS_DETECTOR] {server_name}: _detectar_soft llamado con system_type={system_type} (esperado: SoftRestaurant)"")"
BAJA,PERMITIDO_SYNC_BACKFILL_DIAGNOSTICO,Inventarios,execute_sql_query,/app/backend/core/scheduler/jobs/inventarios_detector_job.py,497,result = execute_sql_query(
BAJA,PERMITIDO_SYNC_BACKFILL_DIAGNOSTICO,Inventarios,remote POS names,/app/backend/core/scheduler/jobs/inventarios_detector_job.py,531,"sistema_origen='SOFTRESTAURANT',"
BAJA,PERMITIDO_SYNC_BACKFILL_DIAGNOSTICO,Inventarios,remote POS names,/app/backend/core/scheduler/jobs/inventarios_detector_job.py,546,"""system_type"": ""SoftRestaurant"","
BAJA,PERMITIDO_SYNC_BACKFILL_DIAGNOSTICO,Inventarios,remote POS names,/app/backend/core/scheduler/jobs/inventarios_detector_job.py,559,"async def _detectar_mpro(self, servidor: Dict) -> List[InventarioDetectado]:"
BAJA,PERMITIDO_SYNC_BACKFILL_DIAGNOSTICO,Inventarios,remote POS names,/app/backend/core/scheduler/jobs/inventarios_detector_job.py,560,"""""""Detecta inventarios en MPRO."
BAJA,PERMITIDO_SYNC_BACKFILL_DIAGNOSTICO,Inventarios,remote POS names,/app/backend/core/scheduler/jobs/inventarios_detector_job.py,562,NOTA BLINDAJE (Abril 2026): MPRO no tiene la tabla 'invfisico'.
BAJA,PERMITIDO_SYNC_BACKFILL_DIAGNOSTICO,Inventarios,remote POS names,/app/backend/core/scheduler/jobs/inventarios_detector_job.py,565,# BLINDAJE: MPRO usa una estructura diferente de inventarios
BAJA,PERMITIDO_SYNC_BACKFILL_DIAGNOSTICO,Inventarios,remote POS names,/app/backend/core/scheduler/jobs/inventarios_detector_job.py,566,# La tabla invfisico NO existe en MPRO - retornar vacío para evitar contaminar el pool SQL
BAJA,PERMITIDO_SYNC_BACKFILL_DIAGNOSTICO,Inventarios,remote POS names,/app/backend/core/scheduler/jobs/inventarios_detector_job.py,567,"logger.info(f""[INVENTARIOS_DETECTOR] MPRO {servidor.get('name')}: Saltando detección (tabla invfisico no existe en MPRO)"")"
BAJA,PERMITIDO_SYNC_BACKFILL_DIAGNOSTICO,Inventarios,remote POS names,/app/backend/core/scheduler/jobs/inventarios_detector_job.py,577,Calcula el folio inicial para SoftRestaurant.
BAJA,PERMITIDO_SYNC_BACKFILL_DIAGNOSTICO,Inventarios,execute_sql_query,/app/backend/core/scheduler/jobs/inventarios_detector_job.py,599,result = execute_sql_query(
BAJA,PERMITIDO_SYNC_BACKFILL_DIAGNOSTICO,Inventarios,remote POS names,/app/backend/core/scheduler/jobs/inventarios_detector_job.py,625,async def _calcular_folio_inicial_mpro(
BAJA,PERMITIDO_SYNC_BACKFILL_DIAGNOSTICO,Inventarios,remote POS names,/app/backend/core/scheduler/jobs/inventarios_detector_job.py,633,Calcula el folio inicial para MPRO.
BAJA,PERMITIDO_SYNC_BACKFILL_DIAGNOSTICO,Inventarios,remote POS names,/app/backend/core/scheduler/jobs/inventarios_detector_job.py,635,BLINDAJE (Abril 2026): MPRO no tiene tabla invfisico.
BAJA,PERMITIDO_SYNC_BACKFILL_DIAGNOSTICO,Inventarios,remote POS names,/app/backend/core/scheduler/jobs/inventarios_detector_job.py,638,# BLINDAJE: MPRO no tiene estructura de inventarios compatible
BAJA,PERMITIDO_SYNC_BACKFILL_DIAGNOSTICO,Inventarios,remote POS names,/app/backend/core/scheduler/jobs/inventarios_detector_job.py,640,"logger.debug(""[INVENTARIOS_DETECTOR] _calcular_folio_inicial_mpro no implementado para MPRO (tabla invfisico no existe)"")"
BAJA,PERMITIDO_SYNC_BACKFILL_DIAGNOSTICO,No clasificado,direct host ddns,/app/backend/api/admin_data_quality.py,171,-- SCRIPT DE CONSOLIDACIÓN: DATA-QUALITY-130MID-001
BAJA,PERMITIDO_SYNC_BACKFILL_DIAGNOSTICO,No clasificado,remote POS names,/app/backend/core/connection_resolver.py,184,"""description"": ""SQL MPRO nube - Venta_Encabezado"""
BAJA,PERMITIDO_SYNC_BACKFILL_DIAGNOSTICO,No clasificado,remote POS names,/app/backend/core/connection_resolver.py,202,"""description"": ""SQL MPRO nube comparativo"""
BAJA,PERMITIDO_SYNC_BACKFILL_DIAGNOSTICO,No clasificado,remote POS names,/app/backend/core/connection_resolver.py,208,"""description"": ""Proyección basada en SQL MPRO"""
BAJA,PERMITIDO_SYNC_BACKFILL_DIAGNOSTICO,No clasificado,remote POS names,/app/backend/core/connection_resolver.py,220,"""description"": ""Inventarios desde MPRO SQL"""
BAJA,PERMITIDO_SYNC_BACKFILL_DIAGNOSTICO,No clasificado,remote POS names,/app/backend/core/system_capability_integration.py,171,- API_LOCAL/Enterprise retornará FALSE porque no tiene SYNC_VENTAS_* activo
BAJA,PERMITIDO_SYNC_BACKFILL_DIAGNOSTICO,No clasificado,remote POS names,/app/backend/core/system_capability_resolver.py,32,"if resolver.system_supports(""SOFTRESTAURANT"", Capability.SYNC_VENTAS_HISTORICAS):"
BAJA,PERMITIDO_SYNC_BACKFILL_DIAGNOSTICO,No clasificado,remote POS names,/app/backend/core/system_capability_resolver.py,643,API_LOCAL/Enterprise NO aparece si no tiene SYNC_VENTAS_* activo.
BAJA,PERMITIDO_SYNC_BACKFILL_DIAGNOSTICO,No clasificado,remote POS names,/app/backend/init_queries.py,284,"""description"": f""Consulta predeterminada de {query_type} para ManagementPro"","
BAJA,PERMITIDO_SYNC_BACKFILL_DIAGNOSTICO,No clasificado,remote POS names,/app/backend/modules/api_connections/routes.py,43,"tipo: str = Field(""MPRO"", description=""Tipo de sistema (MPRO, SoftRestaurant)"")"
BAJA,PERMITIDO_SYNC_BACKFILL_DIAGNOSTICO,No clasificado,remote POS names,/app/backend/modules/consultas_sql/routes.py,147,"sistema: Optional[str] = Query(None, description=""Sistema: SOFTRESTAURANT, MPRO""),"
BAJA,PERMITIDO_SYNC_BACKFILL_DIAGNOSTICO,No clasificado,remote POS names,/app/backend/modules/consultas_sql/schemas.py,23,"sistema: Optional[str] = Field(None, description=""Sistema: SOFTRESTAURANT, MPRO"")"
BAJA,PERMITIDO_SYNC_BACKFILL_DIAGNOSTICO,No clasificado,remote POS names,/app/backend/modules/crm/sql/execute_crm_migration.py,3,EDARSA HUB - CRM Enterprise Migration Executor
BAJA,PERMITIDO_SYNC_BACKFILL_DIAGNOSTICO,No clasificado,pymssql.connect,/app/backend/modules/crm/sql/execute_crm_migration.py,68,conn = pymssql.connect(
BAJA,PERMITIDO_SYNC_BACKFILL_DIAGNOSTICO,No clasificado,pymssql.connect,/app/backend/modules/crm/sql/execute_crm_migration.py,166,conn = pymssql.connect(
BAJA,PERMITIDO_SYNC_BACKFILL_DIAGNOSTICO,No clasificado,remote POS names,/app/backend/modules/crm/sql/execute_crm_migration.py,269,"print(""  EDARSA HUB - CRM ENTERPRISE - MIGRACIÓN DE BASE DE DATOS"")"
BAJA,PERMITIDO_SYNC_BACKFILL_DIAGNOSTICO,No clasificado,remote POS names,/app/backend/modules/edge/sincronizador_catalogos_edge.py,14,# 1. SINCRONIZACIÓN DE PERSONAL Y MATRIZ DE ROLES (ERP ENTERPRISE)
BAJA,PERMITIDO_SYNC_BACKFILL_DIAGNOSTICO,No clasificado,remote POS names,/app/backend/modules/edge/sincronizador_catalogos_edge.py,30,softrestaurant_user_id TEXT
BAJA,PERMITIDO_SYNC_BACKFILL_DIAGNOSTICO,No clasificado,remote POS names,/app/backend/modules/edge/sincronizador_catalogos_edge.py,48,"INSERT INTO local_personal_roles (id_empleado, nombre_completo, id_rol, permite_cancelar, softrestaurant_user_id)"
BAJA,PERMITIDO_SYNC_BACKFILL_DIAGNOSTICO,No clasificado,remote POS names,/app/backend/modules/edge/sincronizador_catalogos_edge.py,54,"''', (emp[""id_empleado""], emp[""nombre_completo""], emp[""id_rol""], emp[""permite_cancelar""], emp.get(""softrestaurant_user_id"")))"
BAJA,PERMITIDO_SYNC_BACKFILL_DIAGNOSTICO,No clasificado,remote POS names,/app/backend/modules/edge/sincronizador_catalogos_edge.py,85,"impuesto_iva, categoria_push, stock_local, stock_critico, softrestaurant_id"
BAJA,PERMITIDO_SYNC_BACKFILL_DIAGNOSTICO,No clasificado,remote POS names,/app/backend/modules/edge/sincronizador_catalogos_edge.py,93,"prod[""categoria_push""], prod.get(""stock_actual_mopro"", 99), 5, prod.get(""softrestaurant_product_id"")))"
BAJA,PERMITIDO_SYNC_BACKFILL_DIAGNOSTICO,No clasificado,remote POS names,/app/backend/modules/fase2_operativo/schemas/justificacion_schemas.py,94,"cantidad_mpro: float = Field(..., description=""Cantidad en MPRO"")"
BAJA,PERMITIDO_SYNC_BACKFILL_DIAGNOSTICO,No clasificado,pymssql.connect,/app/backend/scripts/audit_fecha_operativa_0600.py,48,return pymssql.connect(
BAJA,PERMITIDO_SYNC_BACKFILL_DIAGNOSTICO,No clasificado,remote POS names,/app/backend/scripts/carga_historica_fase23.py,140,Solo SoftRestaurant y MPRO.
BAJA,PERMITIDO_SYNC_BACKFILL_DIAGNOSTICO,No clasificado,remote POS names,/app/backend/scripts/carga_historica_fase23.py,143,"""system_type"": {""$in"": [""SoftRestaurant"", ""MPRO""]}"
BAJA,PERMITIDO_SYNC_BACKFILL_DIAGNOSTICO,No clasificado,remote POS names,/app/backend/scripts/carga_historica_fase23.py,218,Procesa un mes de datos para SoftRestaurant.
BAJA,PERMITIDO_SYNC_BACKFILL_DIAGNOSTICO,No clasificado,remote POS names,/app/backend/scripts/carga_historica_fase23.py,221,que obtendría de get_kpis_softrestaurant.
BAJA,PERMITIDO_SYNC_BACKFILL_DIAGNOSTICO,No clasificado,remote POS names,/app/backend/scripts/carga_historica_fase23.py,232,"# En producción, aquí se llamaría a get_kpis_softrestaurant"
BAJA,PERMITIDO_SYNC_BACKFILL_DIAGNOSTICO,No clasificado,remote POS names,/app/backend/scripts/carga_historica_fase23.py,239,async def procesar_mes_mpro(
BAJA,PERMITIDO_SYNC_BACKFILL_DIAGNOSTICO,No clasificado,remote POS names,/app/backend/scripts/carga_historica_fase23.py,247,Procesa un mes de datos para MPRO.
BAJA,PERMITIDO_SYNC_BACKFILL_DIAGNOSTICO,No clasificado,remote POS names,/app/backend/scripts/carga_historica_fase23.py,248,Similar a SR pero para sistema MPRO.
BAJA,PERMITIDO_SYNC_BACKFILL_DIAGNOSTICO,No clasificado,remote POS names,/app/backend/scripts/carga_historica_fase23.py,254,"logger.info(f""  [MPRO] {server['name']}: {anio}-{mes:02d} - Sin conectividad SQL (preview)"")"
BAJA,PERMITIDO_SYNC_BACKFILL_DIAGNOSTICO,No clasificado,remote POS names,/app/backend/scripts/carga_historica_fase23.py,326,if server.get('system_type') == 'SoftRestaurant':
BAJA,PERMITIDO_SYNC_BACKFILL_DIAGNOSTICO,No clasificado,remote POS names,/app/backend/scripts/carga_historica_fase23.py,328,elif server.get('system_type') == 'MPRO':
BAJA,PERMITIDO_SYNC_BACKFILL_DIAGNOSTICO,No clasificado,remote POS names,/app/backend/scripts/carga_historica_fase23.py,329,"stats = await self.procesar_mes_mpro(server, empresa_id, anio, mes)"
BAJA,PERMITIDO_SYNC_BACKFILL_DIAGNOSTICO,No clasificado,remote POS names,/app/backend/scripts/carga_historica_runner.py,77,"""""""Procesa un mes para SoftRestaurant."""""""
BAJA,PERMITIDO_SYNC_BACKFILL_DIAGNOSTICO,No clasificado,remote POS names,/app/backend/scripts/carga_historica_runner.py,78,from modules.finanzas.sync_propinas_softrestaurant import sincronizar_propinas_softrestaurant
BAJA,PERMITIDO_SYNC_BACKFILL_DIAGNOSTICO,No clasificado,remote POS names,/app/backend/scripts/carga_historica_runner.py,90,resultado = sincronizar_propinas_softrestaurant(
BAJA,PERMITIDO_SYNC_BACKFILL_DIAGNOSTICO,No clasificado,remote POS names,/app/backend/scripts/carga_historica_runner.py,113,"def procesar_mes_mpro(unidad, periodo):"
BAJA,PERMITIDO_SYNC_BACKFILL_DIAGNOSTICO,No clasificado,remote POS names,/app/backend/scripts/carga_historica_runner.py,114,"""""""Procesa un mes para MPRO."""""""
BAJA,PERMITIDO_SYNC_BACKFILL_DIAGNOSTICO,No clasificado,remote POS names,/app/backend/scripts/carga_historica_runner.py,115,from modules.finanzas.sync_propinas_mpro import sincronizar_propinas_mpro
BAJA,PERMITIDO_SYNC_BACKFILL_DIAGNOSTICO,No clasificado,remote POS names,/app/backend/scripts/carga_historica_runner.py,127,resultado = sincronizar_propinas_mpro(
BAJA,PERMITIDO_SYNC_BACKFILL_DIAGNOSTICO,No clasificado,remote POS names,/app/backend/scripts/carga_historica_runner.py,160,"{'nombre': '130° QUERETARO', 'sistema': 'MPRO', 'meses': 24},"
BAJA,PERMITIDO_SYNC_BACKFILL_DIAGNOSTICO,No clasificado,remote POS names,/app/backend/scripts/carga_historica_runner.py,161,"{'nombre': 'ORIGEN', 'sistema': 'MPRO', 'meses': 24}"
BAJA,PERMITIDO_SYNC_BACKFILL_DIAGNOSTICO,No clasificado,remote POS names,/app/backend/scripts/carga_historica_runner.py,200,"resultado = procesar_mes_mpro(nombre, periodo)"
BAJA,PERMITIDO_SYNC_BACKFILL_DIAGNOSTICO,No clasificado,pymssql.connect,/app/backend/scripts/consultar_cache_finops.py,16,return pymssql.connect(
BAJA,PERMITIDO_SYNC_BACKFILL_DIAGNOSTICO,No clasificado,remote POS names,/app/backend/scripts/consultar_cache_finops.py,35,# 1. Comprobar caché
BAJA,PERMITIDO_SYNC_BACKFILL_DIAGNOSTICO,No clasificado,pymssql.connect,/app/backend/scripts/correccion_proyeccion_y_moneda_final.py,90,conn = pymssql.connect(
BAJA,PERMITIDO_SYNC_BACKFILL_DIAGNOSTICO,No clasificado,pymssql.connect,/app/backend/scripts/correccion_sistema_menus_y_fallbacks.py,23,conn = pymssql.connect(
BAJA,PERMITIDO_SYNC_BACKFILL_DIAGNOSTICO,No clasificado,pymssql.connect,/app/backend/scripts/create_cava_socios_rbac.py,27,return pymssql.connect(
BAJA,PERMITIDO_SYNC_BACKFILL_DIAGNOSTICO,No clasificado,pymssql.connect,/app/backend/scripts/create_cava_socios_tables.py,28,return pymssql.connect(
BAJA,PERMITIDO_SYNC_BACKFILL_DIAGNOSTICO,No clasificado,pymssql.connect,/app/backend/scripts/create_crm_automation_tables.py,14,conn = pymssql.connect(
BAJA,PERMITIDO_SYNC_BACKFILL_DIAGNOSTICO,No clasificado,pymssql.connect,/app/backend/scripts/create_sesiones_tables.py,81,conn = pymssql.connect(
BAJA,PERMITIDO_SYNC_BACKFILL_DIAGNOSTICO,No clasificado,pymssql.connect,/app/backend/scripts/create_tablajeria_rbac.py,27,return pymssql.connect(
BAJA,PERMITIDO_SYNC_BACKFILL_DIAGNOSTICO,No clasificado,execute_sql_query,/app/backend/scripts/create_unidades_negocio_table.py,27,return execute_sql_query(
BAJA,PERMITIDO_SYNC_BACKFILL_DIAGNOSTICO,No clasificado,remote POS names,/app/backend/scripts/create_unidades_negocio_table.py,60,"system_type NVARCHAR(50) NOT NULL DEFAULT 'SoftRestaurant',"
BAJA,PERMITIDO_SYNC_BACKFILL_DIAGNOSTICO,No clasificado,remote POS names,/app/backend/scripts/create_unidades_negocio_table.py,94,# REGLA: SoftRestaurant -> sucursal_origen_id = NULL (1 servidor = 1 unidad)
BAJA,PERMITIDO_SYNC_BACKFILL_DIAGNOSTICO,No clasificado,remote POS names,/app/backend/scripts/create_unidades_negocio_table.py,95,#        MPRO -> sucursal_origen_id = código (1 servidor = múltiples sucursales)
BAJA,PERMITIDO_SYNC_BACKFILL_DIAGNOSTICO,No clasificado,remote POS names,/app/backend/scripts/create_unidades_negocio_table.py,97,# SoftRestaurant (sucursal_origen_id = NULL)
BAJA,PERMITIDO_SYNC_BACKFILL_DIAGNOSTICO,No clasificado,direct host ddns,/app/backend/scripts/create_unidades_negocio_table.py,100,"'codigo': '130MID',"
BAJA,PERMITIDO_SYNC_BACKFILL_DIAGNOSTICO,No clasificado,remote POS names,/app/backend/scripts/create_unidades_negocio_table.py,102,"'sucursal_origen_id': None,  # SoftRestaurant NO usa código de sucursal"
BAJA,PERMITIDO_SYNC_BACKFILL_DIAGNOSTICO,No clasificado,remote POS names,/app/backend/scripts/create_unidades_negocio_table.py,103,"'system_type': 'SoftRestaurant',"
BAJA,PERMITIDO_SYNC_BACKFILL_DIAGNOSTICO,No clasificado,remote POS names,/app/backend/scripts/create_unidades_negocio_table.py,111,"'system_type': 'SoftRestaurant',"
BAJA,PERMITIDO_SYNC_BACKFILL_DIAGNOSTICO,No clasificado,remote POS names,/app/backend/scripts/create_unidades_negocio_table.py,119,"'system_type': 'SoftRestaurant',"
BAJA,PERMITIDO_SYNC_BACKFILL_DIAGNOSTICO,No clasificado,remote POS names,/app/backend/scripts/create_unidades_negocio_table.py,122,# MPRO (usa sucursal_origen_id para identificar sucursales dentro del servidor)
BAJA,PERMITIDO_SYNC_BACKFILL_DIAGNOSTICO,No clasificado,remote POS names,/app/backend/scripts/create_unidades_negocio_table.py,128,"'system_type': 'MPRO',"
BAJA,PERMITIDO_SYNC_BACKFILL_DIAGNOSTICO,No clasificado,remote POS names,/app/backend/scripts/create_unidades_negocio_table.py,136,"'system_type': 'MPRO',"
BAJA,PERMITIDO_SYNC_BACKFILL_DIAGNOSTICO,No clasificado,pymssql.connect,/app/backend/scripts/create_workflow_tables.py,43,conn = pymssql.connect(
BAJA,PERMITIDO_SYNC_BACKFILL_DIAGNOSTICO,No clasificado,remote POS names,/app/backend/scripts/ddl_competidores_enterprise_unidad.py,2,DDL: Arquitectura Enterprise de Competidores por Unidad de Negocio
BAJA,PERMITIDO_SYNC_BACKFILL_DIAGNOSTICO,No clasificado,remote POS names,/app/backend/scripts/ddl_competidores_enterprise_unidad.py,332,"print(""DDL: Arquitectura Enterprise Competidores por Unidad de Negocio"")"
BAJA,PERMITIDO_SYNC_BACKFILL_DIAGNOSTICO,No clasificado,execute_sql_query,/app/backend/scripts/ddl_competidores_enterprise_unidad.py,340,"execute_sql_query(*conn, stmt)"
BAJA,PERMITIDO_SYNC_BACKFILL_DIAGNOSTICO,No clasificado,remote POS names,/app/backend/scripts/ddl_competidores_enterprise_unidad.py,350,"print(""DDL completado - Arquitectura Enterprise implementada"")"
BAJA,PERMITIDO_SYNC_BACKFILL_DIAGNOSTICO,No clasificado,execute_sql_query,/app/backend/scripts/ddl_competidores_nuevos_campos.py,68,"execute_sql_query(*conn, stmt)"
BAJA,PERMITIDO_SYNC_BACKFILL_DIAGNOSTICO,No clasificado,execute_sql_query,/app/backend/scripts/encrypt_core_server_secrets.py,89,result = execute_sql_query(
BAJA,PERMITIDO_SYNC_BACKFILL_DIAGNOSTICO,No clasificado,execute_sql_query,/app/backend/scripts/encrypt_core_server_secrets.py,180,result = execute_sql_query(
BAJA,PERMITIDO_SYNC_BACKFILL_DIAGNOSTICO,No clasificado,execute_sql_query,/app/backend/scripts/encrypt_existing_server_secrets.py,80,result = execute_sql_query(
BAJA,PERMITIDO_SYNC_BACKFILL_DIAGNOSTICO,No clasificado,execute_sql_query,/app/backend/scripts/encrypt_existing_server_secrets.py,165,result = execute_sql_query(
BAJA,PERMITIDO_SYNC_BACKFILL_DIAGNOSTICO,No clasificado,remote POS names,/app/backend/scripts/generar_doc_diagnostico.py,137,"code2.add_run(""SELECT name, state_desc FROM sys.databases WHERE name = 'ManagementPro'\n"").font.name = 'Consolas'"
BAJA,PERMITIDO_SYNC_BACKFILL_DIAGNOSTICO,No clasificado,remote POS names,/app/backend/scripts/generar_doc_diagnostico.py,192,"code_cs.add_run('Server=IP_SUCURSAL,1433;Database=ManagementPro;User Id=usuario;Password=***;\n\n').font.name = 'Consolas'"
BAJA,PERMITIDO_SYNC_BACKFILL_DIAGNOSTICO,No clasificado,remote POS names,/app/backend/scripts/generar_doc_diagnostico.py,194,"code_cs.add_run('Server=IP_SUCURSAL,PUERTO;Database=ManagementPro;User Id=usuario;Password=***;\n\n').font.name = 'Consolas'"
BAJA,PERMITIDO_SYNC_BACKFILL_DIAGNOSTICO,No clasificado,remote POS names,/app/backend/scripts/precheck_conectividad.py,44,"""system_type"": {""$in"": [""SoftRestaurant"", ""MPRO""]}"
BAJA,PERMITIDO_SYNC_BACKFILL_DIAGNOSTICO,No clasificado,execute_sql_query,/app/backend/scripts/precheck_conectividad.py,90,result = execute_sql_query(
BAJA,PERMITIDO_SYNC_BACKFILL_DIAGNOSTICO,No clasificado,execute_sql_query,/app/backend/scripts/rotate_server_secret_key.py,187,result = execute_sql_query(
BAJA,PERMITIDO_SYNC_BACKFILL_DIAGNOSTICO,No clasificado,execute_sql_query,/app/backend/scripts/rotate_server_secret_key.py,357,execute_sql_query(
BAJA,PERMITIDO_SYNC_BACKFILL_DIAGNOSTICO,No clasificado,remote POS names,/app/backend/scripts/run_historical_load_24_months.py,212,Solo servidores con system_type válido (SOFTRESTAURANT o MANAGEMENTPRO).
BAJA,PERMITIDO_SYNC_BACKFILL_DIAGNOSTICO,No clasificado,remote POS names,/app/backend/scripts/run_historical_load_24_months.py,225,"if normalized in [""SOFTRESTAURANT"", ""MANAGEMENTPRO""]:"
BAJA,PERMITIDO_SYNC_BACKFILL_DIAGNOSTICO,No clasificado,remote POS names,/app/backend/scripts/run_historical_load_24_months.py,250,"get_kpis_softrestaurant,"
BAJA,PERMITIDO_SYNC_BACKFILL_DIAGNOSTICO,No clasificado,remote POS names,/app/backend/scripts/run_historical_load_24_months.py,251,get_kpis_mpro_por_sucursal
BAJA,PERMITIDO_SYNC_BACKFILL_DIAGNOSTICO,No clasificado,remote POS names,/app/backend/scripts/run_historical_load_24_months.py,253,"from core.system_type_utils import is_softrestaurant_system, is_mpro_system"
BAJA,PERMITIDO_SYNC_BACKFILL_DIAGNOSTICO,No clasificado,remote POS names,/app/backend/scripts/run_historical_load_24_months.py,266,if is_softrestaurant_system(system_type):
BAJA,PERMITIDO_SYNC_BACKFILL_DIAGNOSTICO,No clasificado,remote POS names,/app/backend/scripts/run_historical_load_24_months.py,267,kpis = get_kpis_softrestaurant(
BAJA,PERMITIDO_SYNC_BACKFILL_DIAGNOSTICO,No clasificado,remote POS names,/app/backend/scripts/run_historical_load_24_months.py,285,elif is_mpro_system(system_type):
BAJA,PERMITIDO_SYNC_BACKFILL_DIAGNOSTICO,No clasificado,remote POS names,/app/backend/scripts/run_historical_load_24_months.py,286,kpis_list = get_kpis_mpro_por_sucursal(
BAJA,PERMITIDO_SYNC_BACKFILL_DIAGNOSTICO,No clasificado,pymssql.connect,/app/backend/scripts/seed_inteligencia_demo.py,22,conn = pymssql.connect(
BAJA,PERMITIDO_SYNC_BACKFILL_DIAGNOSTICO,No clasificado,pymssql.connect,/app/backend/scripts/seed_ventas_consolidadas.py,33,conn = pymssql.connect(
BAJA,PERMITIDO_SYNC_BACKFILL_DIAGNOSTICO,No clasificado,pymssql.connect,/app/backend/scripts/update_proyeccion_con_funcion.py,15,conn = pymssql.connect(
BAJA,PERMITIDO_SYNC_BACKFILL_DIAGNOSTICO,No clasificado,remote POS names,/app/backend/scripts/validate_catalogo_sistemas_endpoints.py,143,sr_in_explorables = 'SOFTRESTAURANT' in explorables
BAJA,PERMITIDO_SYNC_BACKFILL_DIAGNOSTICO,No clasificado,remote POS names,/app/backend/scripts/validate_catalogo_sistemas_endpoints.py,144,mpro_in_explorables = 'MPRO' in explorables
BAJA,PERMITIDO_SYNC_BACKFILL_DIAGNOSTICO,No clasificado,remote POS names,/app/backend/scripts/validate_catalogo_sistemas_endpoints.py,146,test_passed = api_local_in_explorables and sr_in_explorables and mpro_in_explorables
BAJA,PERMITIDO_SYNC_BACKFILL_DIAGNOSTICO,No clasificado,remote POS names,/app/backend/scripts/validate_catalogo_sistemas_endpoints.py,150,"f""API_LOCAL={api_local_in_explorables}, SR={sr_in_explorables}, MPRO={mpro_in_explorables}"""
BAJA,PERMITIDO_SYNC_BACKFILL_DIAGNOSTICO,No clasificado,remote POS names,/app/backend/scripts/validate_catalogo_sistemas_endpoints.py,170,sr_in_sync = 'SOFTRESTAURANT' in sync_systems
BAJA,PERMITIDO_SYNC_BACKFILL_DIAGNOSTICO,No clasificado,remote POS names,/app/backend/scripts/validate_catalogo_sistemas_endpoints.py,171,mpro_in_sync = 'MPRO' in sync_systems
BAJA,PERMITIDO_SYNC_BACKFILL_DIAGNOSTICO,No clasificado,remote POS names,/app/backend/scripts/validate_catalogo_sistemas_endpoints.py,173,test_passed = not api_local_in_sync and sr_in_sync and mpro_in_sync
BAJA,PERMITIDO_SYNC_BACKFILL_DIAGNOSTICO,No clasificado,remote POS names,/app/backend/scripts/validate_catalogo_sistemas_endpoints.py,177,"f""API_LOCAL_EXCLUDED={not api_local_in_sync}, SR={sr_in_sync}, MPRO={mpro_in_sync}"""
BAJA,PERMITIDO_SYNC_BACKFILL_DIAGNOSTICO,No clasificado,remote POS names,/app/backend/scripts/validate_catalogo_sistemas_endpoints.py,195,"(""ManagmentPro"", ""MPRO""),"
BAJA,PERMITIDO_SYNC_BACKFILL_DIAGNOSTICO,No clasificado,remote POS names,/app/backend/scripts/validate_catalogo_sistemas_endpoints.py,197,"(""SoftRestaurant"", ""SOFTRESTAURANT""),"
BAJA,PERMITIDO_SYNC_BACKFILL_DIAGNOSTICO,No clasificado,remote POS names,/app/backend/scripts/validate_catalogo_sistemas_endpoints.py,198,"(""SR"", ""SOFTRESTAURANT""),"
BAJA,PERMITIDO_SYNC_BACKFILL_DIAGNOSTICO,No clasificado,remote POS names,/app/backend/scripts/validate_catalogo_sistemas_endpoints.py,226,# Diagnóstico Enterprise
BAJA,PERMITIDO_SYNC_BACKFILL_DIAGNOSTICO,No clasificado,remote POS names,/app/backend/scripts/validate_catalogo_sistemas_endpoints.py,240,"""diagnostico(Enterprise)"","
BAJA,PERMITIDO_SYNC_BACKFILL_DIAGNOSTICO,No clasificado,remote POS names,/app/backend/scripts/validate_catalogo_sistemas_endpoints.py,247,"print_result(""diagnostico(Enterprise)"", False, str(e))"
BAJA,PERMITIDO_SYNC_BACKFILL_DIAGNOSTICO,No clasificado,remote POS names,/app/backend/scripts/validate_catalogo_sistemas_endpoints.py,257,"f""{API_URL}/api/catalogos/sistemas-capacidades/SOFTRESTAURANT/capacidades"","
BAJA,PERMITIDO_SYNC_BACKFILL_DIAGNOSTICO,No clasificado,remote POS names,/app/backend/scripts/validate_catalogo_sistemas_endpoints.py,264,"print_result(""GET /sistemas-capacidades/SOFTRESTAURANT/capacidades"", test_passed, f""{len(caps)} capacidades"")"
BAJA,PERMITIDO_SYNC_BACKFILL_DIAGNOSTICO,No clasificado,remote POS names,/app/backend/scripts/validate_catalogo_sistemas_endpoints.py,268,"print_result(""GET /SOFTRESTAURANT/capacidades"", False, str(e))"
BAJA,PERMITIDO_SYNC_BACKFILL_DIAGNOSTICO,No clasificado,remote POS names,/app/backend/scripts/validate_catalogo_sistemas_endpoints.py,284,test_passed = 'SOFTRESTAURANT' in systems and 'MPRO' in systems and 'API_LOCAL' in systems
BAJA,PERMITIDO_SYNC_BACKFILL_DIAGNOSTICO,No clasificado,remote POS names,/app/backend/scripts/validate_consultas_sql_repository.py,203,# Validar SoftRestaurant = 14
BAJA,PERMITIDO_SYNC_BACKFILL_DIAGNOSTICO,No clasificado,remote POS names,/app/backend/scripts/validate_consultas_sql_repository.py,204,"sr_count = counts.get('consultas_softrestaurant', 0)"
BAJA,PERMITIDO_SYNC_BACKFILL_DIAGNOSTICO,No clasificado,remote POS names,/app/backend/scripts/validate_consultas_sql_repository.py,206,"name=""Consultas SoftRestaurant = 14"","
BAJA,PERMITIDO_SYNC_BACKFILL_DIAGNOSTICO,No clasificado,remote POS names,/app/backend/scripts/validate_consultas_sql_repository.py,208,"message=f""Encontradas {sr_count} consultas SoftRestaurant (esperadas: 14)"","
BAJA,PERMITIDO_SYNC_BACKFILL_DIAGNOSTICO,No clasificado,remote POS names,/app/backend/scripts/validate_consultas_sql_repository.py,212,# Validar MPRO = 6
BAJA,PERMITIDO_SYNC_BACKFILL_DIAGNOSTICO,No clasificado,remote POS names,/app/backend/scripts/validate_consultas_sql_repository.py,213,"mpro_count = counts.get('consultas_mpro', 0)"
BAJA,PERMITIDO_SYNC_BACKFILL_DIAGNOSTICO,No clasificado,remote POS names,/app/backend/scripts/validate_consultas_sql_repository.py,215,"name=""Consultas MPRO = 6"","
BAJA,PERMITIDO_SYNC_BACKFILL_DIAGNOSTICO,No clasificado,remote POS names,/app/backend/scripts/validate_consultas_sql_repository.py,216,"passed=mpro_count == 6,"
BAJA,PERMITIDO_SYNC_BACKFILL_DIAGNOSTICO,No clasificado,remote POS names,/app/backend/scripts/validate_consultas_sql_repository.py,217,"message=f""Encontradas {mpro_count} consultas MPRO (esperadas: 6)"","
BAJA,PERMITIDO_SYNC_BACKFILL_DIAGNOSTICO,No clasificado,remote POS names,/app/backend/scripts/validate_consultas_sql_repository.py,218,"details={'actual': mpro_count, 'expected': 6}"
BAJA,PERMITIDO_SYNC_BACKFILL_DIAGNOSTICO,No clasificado,remote POS names,/app/backend/scripts/validate_encrypted_server_connectivity.py,15,--system-type <type>    Filtrar por SOFTRESTAURANT|MANAGEMENTPRO|API
BAJA,PERMITIDO_SYNC_BACKFILL_DIAGNOSTICO,No clasificado,remote POS names,/app/backend/scripts/validate_encrypted_server_connectivity.py,130,"if st_upper in ['MPRO', 'MANAGEMENTPRO', 'MANAGMENT', 'MANAGEMENT']:"
BAJA,PERMITIDO_SYNC_BACKFILL_DIAGNOSTICO,No clasificado,remote POS names,/app/backend/scripts/validate_encrypted_server_connectivity.py,131,"conditions.append(""(system_type LIKE '%MPRO%' OR system_type LIKE '%MANAGEMENT%')"")"
BAJA,PERMITIDO_SYNC_BACKFILL_DIAGNOSTICO,No clasificado,remote POS names,/app/backend/scripts/validate_encrypted_server_connectivity.py,132,"elif st_upper in ['SR', 'SOFTRESTAURANT', 'SOFT']:"
BAJA,PERMITIDO_SYNC_BACKFILL_DIAGNOSTICO,No clasificado,execute_sql_query,/app/backend/scripts/validate_encrypted_server_connectivity.py,164,result = execute_sql_query(
BAJA,PERMITIDO_SYNC_BACKFILL_DIAGNOSTICO,No clasificado,remote POS names,/app/backend/scripts/validate_encrypted_server_connectivity.py,191,if 'MPRO' in sys_type or 'MANAGEMENT' in sys_type:
BAJA,PERMITIDO_SYNC_BACKFILL_DIAGNOSTICO,No clasificado,remote POS names,/app/backend/scripts/validate_encrypted_server_connectivity.py,192,system_type_normalized = 'MANAGEMENTPRO'
BAJA,PERMITIDO_SYNC_BACKFILL_DIAGNOSTICO,No clasificado,remote POS names,/app/backend/scripts/validate_encrypted_server_connectivity.py,194,system_type_normalized = 'SOFTRESTAURANT'
BAJA,PERMITIDO_SYNC_BACKFILL_DIAGNOSTICO,No clasificado,pymssql.connect,/app/backend/scripts/validate_encrypted_server_connectivity.py,283,conn = pymssql.connect(
BAJA,PERMITIDO_SYNC_BACKFILL_DIAGNOSTICO,No clasificado,remote POS names,/app/backend/scripts/validate_encrypted_server_connectivity.py,609,"parser.add_argument('--system-type', type=str, help='Filtrar por SOFTRESTAURANT|MANAGEMENTPRO|API')"
BAJA,PERMITIDO_SYNC_BACKFILL_DIAGNOSTICO,No clasificado,remote POS names,/app/backend/scripts/validate_system_capability_integration_fase6.py,13,5. SOFTRESTAURANT y MPRO en sync ventas
BAJA,PERMITIDO_SYNC_BACKFILL_DIAGNOSTICO,No clasificado,remote POS names,/app/backend/scripts/validate_system_capability_integration_fase6.py,68,# 2.1 SOFTRESTAURANT debe ser explorable
BAJA,PERMITIDO_SYNC_BACKFILL_DIAGNOSTICO,No clasificado,remote POS names,/app/backend/scripts/validate_system_capability_integration_fase6.py,69,if is_system_explorable('SOFTRESTAURANT'):
BAJA,PERMITIDO_SYNC_BACKFILL_DIAGNOSTICO,No clasificado,remote POS names,/app/backend/scripts/validate_system_capability_integration_fase6.py,70,"print(""✅ SOFTRESTAURANT es explorable"")"
BAJA,PERMITIDO_SYNC_BACKFILL_DIAGNOSTICO,No clasificado,remote POS names,/app/backend/scripts/validate_system_capability_integration_fase6.py,72,"print(""❌ SOFTRESTAURANT debería ser explorable"")"
BAJA,PERMITIDO_SYNC_BACKFILL_DIAGNOSTICO,No clasificado,remote POS names,/app/backend/scripts/validate_system_capability_integration_fase6.py,73,"errors.append(""SOFTRESTAURANT no explorable"")"
BAJA,PERMITIDO_SYNC_BACKFILL_DIAGNOSTICO,No clasificado,remote POS names,/app/backend/scripts/validate_system_capability_integration_fase6.py,75,# 2.2 MPRO debe ser explorable
BAJA,PERMITIDO_SYNC_BACKFILL_DIAGNOSTICO,No clasificado,remote POS names,/app/backend/scripts/validate_system_capability_integration_fase6.py,76,if is_system_explorable('MPRO'):
BAJA,PERMITIDO_SYNC_BACKFILL_DIAGNOSTICO,No clasificado,remote POS names,/app/backend/scripts/validate_system_capability_integration_fase6.py,77,"print(""✅ MPRO es explorable"")"
BAJA,PERMITIDO_SYNC_BACKFILL_DIAGNOSTICO,No clasificado,remote POS names,/app/backend/scripts/validate_system_capability_integration_fase6.py,79,"print(""❌ MPRO debería ser explorable"")"
BAJA,PERMITIDO_SYNC_BACKFILL_DIAGNOSTICO,No clasificado,remote POS names,/app/backend/scripts/validate_system_capability_integration_fase6.py,80,"errors.append(""MPRO no explorable"")"
BAJA,PERMITIDO_SYNC_BACKFILL_DIAGNOSTICO,No clasificado,remote POS names,/app/backend/scripts/validate_system_capability_integration_fase6.py,99,"expected = {'SOFTRESTAURANT', 'MPRO', 'API_LOCAL'}"
BAJA,PERMITIDO_SYNC_BACKFILL_DIAGNOSTICO,No clasificado,remote POS names,/app/backend/scripts/validate_system_capability_integration_fase6.py,122,# 3.1 SOFTRESTAURANT debe tener sync ventas
BAJA,PERMITIDO_SYNC_BACKFILL_DIAGNOSTICO,No clasificado,remote POS names,/app/backend/scripts/validate_system_capability_integration_fase6.py,123,if is_system_sync_sales_enabled('SOFTRESTAURANT'):
BAJA,PERMITIDO_SYNC_BACKFILL_DIAGNOSTICO,No clasificado,remote POS names,/app/backend/scripts/validate_system_capability_integration_fase6.py,124,"print(""✅ SOFTRESTAURANT tiene sync ventas habilitado"")"
BAJA,PERMITIDO_SYNC_BACKFILL_DIAGNOSTICO,No clasificado,remote POS names,/app/backend/scripts/validate_system_capability_integration_fase6.py,126,"print(""❌ SOFTRESTAURANT debería tener sync ventas"")"
BAJA,PERMITIDO_SYNC_BACKFILL_DIAGNOSTICO,No clasificado,remote POS names,/app/backend/scripts/validate_system_capability_integration_fase6.py,127,"errors.append(""SOFTRESTAURANT sin sync"")"
BAJA,PERMITIDO_SYNC_BACKFILL_DIAGNOSTICO,No clasificado,remote POS names,/app/backend/scripts/validate_system_capability_integration_fase6.py,129,# 3.2 MPRO debe tener sync ventas
BAJA,PERMITIDO_SYNC_BACKFILL_DIAGNOSTICO,No clasificado,remote POS names,/app/backend/scripts/validate_system_capability_integration_fase6.py,130,if is_system_sync_sales_enabled('MPRO'):
BAJA,PERMITIDO_SYNC_BACKFILL_DIAGNOSTICO,No clasificado,remote POS names,/app/backend/scripts/validate_system_capability_integration_fase6.py,131,"print(""✅ MPRO tiene sync ventas habilitado"")"
BAJA,PERMITIDO_SYNC_BACKFILL_DIAGNOSTICO,No clasificado,remote POS names,/app/backend/scripts/validate_system_capability_integration_fase6.py,133,"print(""❌ MPRO debería tener sync ventas"")"
BAJA,PERMITIDO_SYNC_BACKFILL_DIAGNOSTICO,No clasificado,remote POS names,/app/backend/scripts/validate_system_capability_integration_fase6.py,134,"errors.append(""MPRO sin sync"")"
BAJA,PERMITIDO_SYNC_BACKFILL_DIAGNOSTICO,No clasificado,remote POS names,/app/backend/scripts/validate_system_capability_integration_fase6.py,154,# Validar que SOFT y MPRO SÍ estén
BAJA,PERMITIDO_SYNC_BACKFILL_DIAGNOSTICO,No clasificado,remote POS names,/app/backend/scripts/validate_system_capability_integration_fase6.py,155,if 'SOFTRESTAURANT' in codes and 'MPRO' in codes:
BAJA,PERMITIDO_SYNC_BACKFILL_DIAGNOSTICO,No clasificado,remote POS names,/app/backend/scripts/validate_system_capability_integration_fase6.py,156,"print(""✅ SOFTRESTAURANT y MPRO en sync ventas"")"
BAJA,PERMITIDO_SYNC_BACKFILL_DIAGNOSTICO,No clasificado,remote POS names,/app/backend/scripts/validate_system_capability_integration_fase6.py,172,# 4.1 Servidor SOFTRESTAURANT
BAJA,PERMITIDO_SYNC_BACKFILL_DIAGNOSTICO,No clasificado,remote POS names,/app/backend/scripts/validate_system_capability_integration_fase6.py,173,"result = validate_server_for_sync({'system_type': 'SOFTRESTAURANT', 'nombre': 'TestSR'})"
BAJA,PERMITIDO_SYNC_BACKFILL_DIAGNOSTICO,No clasificado,remote POS names,/app/backend/scripts/validate_system_capability_integration_fase6.py,174,"print(f""\nSOFTRESTAURANT: {result}"")"
BAJA,PERMITIDO_SYNC_BACKFILL_DIAGNOSTICO,No clasificado,remote POS names,/app/backend/scripts/validate_system_capability_integration_fase6.py,176,"print(""✅ SOFTRESTAURANT puede hacer sync"")"
BAJA,PERMITIDO_SYNC_BACKFILL_DIAGNOSTICO,No clasificado,remote POS names,/app/backend/scripts/validate_system_capability_integration_fase6.py,178,"print(""❌ SOFTRESTAURANT debería poder hacer sync"")"
BAJA,PERMITIDO_SYNC_BACKFILL_DIAGNOSTICO,No clasificado,remote POS names,/app/backend/scripts/validate_system_capability_integration_fase6.py,181,"result = validate_server_for_sync({'system_type': 'API_LOCAL', 'nombre': 'Enterprise'})"
BAJA,PERMITIDO_SYNC_BACKFILL_DIAGNOSTICO,No clasificado,remote POS names,/app/backend/scripts/validate_system_capability_integration_fase6.py,189,"result = validate_server_for_sync({'system_type': 'ManagmentPro', 'nombre': 'TestMPRO'})"
BAJA,PERMITIDO_SYNC_BACKFILL_DIAGNOSTICO,No clasificado,remote POS names,/app/backend/scripts/validate_system_capability_integration_fase6.py,287,"print(""   - SOFTRESTAURANT y MPRO en Sync"")"
BAJA,PERMITIDO_SYNC_BACKFILL_DIAGNOSTICO,No clasificado,remote POS names,/app/backend/scripts/validate_system_capability_resolver.py,15,5. Exclusión correcta de Enterprise/API_LOCAL de sync ventas
BAJA,PERMITIDO_SYNC_BACKFILL_DIAGNOSTICO,No clasificado,remote POS names,/app/backend/scripts/validate_system_capability_resolver.py,95,"(""ManagmentPro"", ""MPRO"", ""Typo común de MPRO""),"
BAJA,PERMITIDO_SYNC_BACKFILL_DIAGNOSTICO,No clasificado,remote POS names,/app/backend/scripts/validate_system_capability_resolver.py,96,"(""ManagementPro"", ""MPRO"", ""ManagementPro -> MPRO""),"
BAJA,PERMITIDO_SYNC_BACKFILL_DIAGNOSTICO,No clasificado,remote POS names,/app/backend/scripts/validate_system_capability_resolver.py,97,"(""MPRO"", ""MPRO"", ""MPRO directo""),"
BAJA,PERMITIDO_SYNC_BACKFILL_DIAGNOSTICO,No clasificado,remote POS names,/app/backend/scripts/validate_system_capability_resolver.py,98,"(""SOFRESATAURANT_ENTER"", ""API_LOCAL"", ""Enterprise mal escrito -> API_LOCAL""),"
BAJA,PERMITIDO_SYNC_BACKFILL_DIAGNOSTICO,No clasificado,remote POS names,/app/backend/scripts/validate_system_capability_resolver.py,99,"(""SoftRestaurant"", ""SOFTRESTAURANT"", ""SoftRestaurant directo""),"
BAJA,PERMITIDO_SYNC_BACKFILL_DIAGNOSTICO,No clasificado,remote POS names,/app/backend/scripts/validate_system_capability_resolver.py,100,"(""SR"", ""SOFTRESTAURANT"", ""Abreviatura SR""),"
BAJA,PERMITIDO_SYNC_BACKFILL_DIAGNOSTICO,No clasificado,remote POS names,/app/backend/scripts/validate_system_capability_resolver.py,101,"(""SOFT"", ""SOFTRESTAURANT"", ""Abreviatura SOFT""),"
BAJA,PERMITIDO_SYNC_BACKFILL_DIAGNOSTICO,No clasificado,remote POS names,/app/backend/scripts/validate_system_capability_resolver.py,102,"(""Enterprise"", ""API_LOCAL"", ""Enterprise -> API_LOCAL""),"
BAJA,PERMITIDO_SYNC_BACKFILL_DIAGNOSTICO,No clasificado,remote POS names,/app/backend/scripts/validate_system_capability_resolver.py,153,"(""SOFTRESTAURANT"", Capability.EXPLORADOR_BD, True, ""SR soporta explorador""),"
BAJA,PERMITIDO_SYNC_BACKFILL_DIAGNOSTICO,No clasificado,remote POS names,/app/backend/scripts/validate_system_capability_resolver.py,154,"(""SOFTRESTAURANT"", Capability.SYNC_VENTAS_HISTORICAS, True, ""SR soporta sync historicas""),"
BAJA,PERMITIDO_SYNC_BACKFILL_DIAGNOSTICO,No clasificado,remote POS names,/app/backend/scripts/validate_system_capability_resolver.py,155,"(""SOFTRESTAURANT"", Capability.SYNC_VENTAS_POR_HORA, True, ""SR soporta sync por hora""),"
BAJA,PERMITIDO_SYNC_BACKFILL_DIAGNOSTICO,No clasificado,remote POS names,/app/backend/scripts/validate_system_capability_resolver.py,156,"(""MPRO"", Capability.EXPLORADOR_BD, True, ""MPRO soporta explorador""),"
BAJA,PERMITIDO_SYNC_BACKFILL_DIAGNOSTICO,No clasificado,remote POS names,/app/backend/scripts/validate_system_capability_resolver.py,157,"(""MPRO"", Capability.SYNC_VENTAS_POR_HORA, True, ""MPRO soporta sync por hora""),"
BAJA,PERMITIDO_SYNC_BACKFILL_DIAGNOSTICO,No clasificado,remote POS names,/app/backend/scripts/validate_system_capability_resolver.py,158,"(""MPRO"", Capability.SUCURSALES_VISIBLES, True, ""MPRO soporta sucursales visibles""),"
BAJA,PERMITIDO_SYNC_BACKFILL_DIAGNOSTICO,No clasificado,remote POS names,/app/backend/scripts/validate_system_capability_resolver.py,159,"(""MPRO"", Capability.CUENTAS_POR_PAGAR, True, ""MPRO soporta CxP""),"
BAJA,PERMITIDO_SYNC_BACKFILL_DIAGNOSTICO,No clasificado,remote POS names,/app/backend/scripts/validate_system_capability_resolver.py,164,"(""SOFTRESTAURANT"", Capability.SUCURSALES_VISIBLES, False, ""SR NO soporta sucursales visibles (exclusivo MPRO)""),"
BAJA,PERMITIDO_SYNC_BACKFILL_DIAGNOSTICO,No clasificado,remote POS names,/app/backend/scripts/validate_system_capability_resolver.py,189,"sr_caps = resolver.get_capabilities(""SOFTRESTAURANT"")"
BAJA,PERMITIDO_SYNC_BACKFILL_DIAGNOSTICO,No clasificado,remote POS names,/app/backend/scripts/validate_system_capability_resolver.py,192,"print_result(f""SOFTRESTAURANT capacidades"", test_passed, f""{len(sr_caps)} caps: {', '.join(sr_cap_codes[:5])}..."")"
BAJA,PERMITIDO_SYNC_BACKFILL_DIAGNOSTICO,No clasificado,remote POS names,/app/backend/scripts/validate_system_capability_resolver.py,196,"print_result(""SOFTRESTAURANT capacidades"", False, str(e))"
BAJA,PERMITIDO_SYNC_BACKFILL_DIAGNOSTICO,No clasificado,remote POS names,/app/backend/scripts/validate_system_capability_resolver.py,200,"mpro_caps = resolver.get_capabilities(""MPRO"")"
BAJA,PERMITIDO_SYNC_BACKFILL_DIAGNOSTICO,No clasificado,remote POS names,/app/backend/scripts/validate_system_capability_resolver.py,201,mpro_cap_codes = [c['codigo'] for c in mpro_caps]
BAJA,PERMITIDO_SYNC_BACKFILL_DIAGNOSTICO,No clasificado,remote POS names,/app/backend/scripts/validate_system_capability_resolver.py,202,# MPRO debe tener SUCURSALES_VISIBLES y CUENTAS_POR_PAGAR
BAJA,PERMITIDO_SYNC_BACKFILL_DIAGNOSTICO,No clasificado,remote POS names,/app/backend/scripts/validate_system_capability_resolver.py,203,has_sucursales = Capability.SUCURSALES_VISIBLES.value in mpro_cap_codes
BAJA,PERMITIDO_SYNC_BACKFILL_DIAGNOSTICO,No clasificado,remote POS names,/app/backend/scripts/validate_system_capability_resolver.py,204,has_cxp = Capability.CUENTAS_POR_PAGAR.value in mpro_cap_codes
BAJA,PERMITIDO_SYNC_BACKFILL_DIAGNOSTICO,No clasificado,remote POS names,/app/backend/scripts/validate_system_capability_resolver.py,205,test_passed = len(mpro_caps) >= 10 and has_sucursales and has_cxp
BAJA,PERMITIDO_SYNC_BACKFILL_DIAGNOSTICO,No clasificado,remote POS names,/app/backend/scripts/validate_system_capability_resolver.py,206,"print_result(f""MPRO capacidades"", test_passed, f""{len(mpro_caps)} caps, SUCURSALES={has_sucursales}, CXP={has_cxp}"")"
BAJA,PERMITIDO_SYNC_BACKFILL_DIAGNOSTICO,No clasificado,remote POS names,/app/backend/scripts/validate_system_capability_resolver.py,210,"print_result(""MPRO capacidades"", False, str(e))"
BAJA,PERMITIDO_SYNC_BACKFILL_DIAGNOSTICO,No clasificado,remote POS names,/app/backend/scripts/validate_system_capability_resolver.py,236,"# Debe incluir SR, MPRO, API_LOCAL, EDARSAHUB_SQL"
BAJA,PERMITIDO_SYNC_BACKFILL_DIAGNOSTICO,No clasificado,remote POS names,/app/backend/scripts/validate_system_capability_resolver.py,237,"expected_explorable = ['SOFTRESTAURANT', 'MPRO', 'API_LOCAL', 'EDARSAHUB_SQL']"
BAJA,PERMITIDO_SYNC_BACKFILL_DIAGNOSTICO,No clasificado,remote POS names,/app/backend/scripts/validate_system_capability_resolver.py,262,# Debe incluir SR y MPRO
BAJA,PERMITIDO_SYNC_BACKFILL_DIAGNOSTICO,No clasificado,remote POS names,/app/backend/scripts/validate_system_capability_resolver.py,263,has_sr = 'SOFTRESTAURANT' in sync_codes
BAJA,PERMITIDO_SYNC_BACKFILL_DIAGNOSTICO,No clasificado,remote POS names,/app/backend/scripts/validate_system_capability_resolver.py,264,has_mpro = 'MPRO' in sync_codes
BAJA,PERMITIDO_SYNC_BACKFILL_DIAGNOSTICO,No clasificado,remote POS names,/app/backend/scripts/validate_system_capability_resolver.py,266,# NO debe incluir API_LOCAL (Enterprise no tiene query_ventas validada)
BAJA,PERMITIDO_SYNC_BACKFILL_DIAGNOSTICO,No clasificado,remote POS names,/app/backend/scripts/validate_system_capability_resolver.py,269,test_passed = has_sr and has_mpro and no_api_local
BAJA,PERMITIDO_SYNC_BACKFILL_DIAGNOSTICO,No clasificado,remote POS names,/app/backend/scripts/validate_system_capability_resolver.py,271,"f""SR={has_sr}, MPRO={has_mpro}, NO_API_LOCAL={no_api_local}"")"
BAJA,PERMITIDO_SYNC_BACKFILL_DIAGNOSTICO,No clasificado,remote POS names,/app/backend/scripts/validate_system_capability_resolver.py,292,# Test Enterprise/API_LOCAL
BAJA,PERMITIDO_SYNC_BACKFILL_DIAGNOSTICO,No clasificado,remote POS names,/app/backend/scripts/validate_system_capability_resolver.py,299,"# Enterprise debe: soportar explorador, NO soportar sync ventas"
BAJA,PERMITIDO_SYNC_BACKFILL_DIAGNOSTICO,No clasificado,remote POS names,/app/backend/scripts/validate_system_capability_resolver.py,307,"errors.append(f""explain(Enterprise): explorador={soporta_exp}, sync={soporta_sync}"")"
BAJA,PERMITIDO_SYNC_BACKFILL_DIAGNOSTICO,No clasificado,remote POS names,/app/backend/scripts/validate_system_capability_resolver.py,317,# Test SoftRestaurant
BAJA,PERMITIDO_SYNC_BACKFILL_DIAGNOSTICO,No clasificado,remote POS names,/app/backend/scripts/validate_system_capability_resolver.py,319,"explain = resolver.explain_system(""SoftRestaurant"")"
BAJA,PERMITIDO_SYNC_BACKFILL_DIAGNOSTICO,No clasificado,remote POS names,/app/backend/scripts/validate_system_capability_resolver.py,325,"print_result(""explain('SoftRestaurant')"", test_passed,"
BAJA,PERMITIDO_SYNC_BACKFILL_DIAGNOSTICO,No clasificado,remote POS names,/app/backend/scripts/validate_system_capability_resolver.py,331,"print_result(""explain('SoftRestaurant')"", False, str(e))"
BAJA,PERMITIDO_SYNC_BACKFILL_DIAGNOSTICO,No clasificado,remote POS names,/app/backend/scripts/validate_system_capability_resolver.py,343,test_passed = len(visible) >= 2  # Al menos SR y MPRO
BAJA,PERMITIDO_SYNC_BACKFILL_DIAGNOSTICO,No clasificado,remote POS names,/app/backend/scripts/validate_system_capability_resolver.py,352,"vis = resolver.get_visibility(""SOFTRESTAURANT"", ""COMERCIAL"")"
BAJA,PERMITIDO_SYNC_BACKFILL_DIAGNOSTICO,No clasificado,remote POS names,/app/backend/server.py,3499,async def get_almacenes_softrestaurant(
BAJA,PERMITIDO_SYNC_BACKFILL_DIAGNOSTICO,No clasificado,remote POS names,/app/backend/tests/test_simulacion_controlada.py,1331,async def ejecutar_persistir_lote_mpro():
BAJA,PERMITIDO_SYNC_BACKFILL_DIAGNOSTICO,No clasificado,remote POS names,/app/backend/tests/test_simulacion_controlada.py,1993,async def ejecutar_persistir_lote_mpro_2():
BAJA,PERMITIDO_SYNC_BACKFILL_DIAGNOSTICO,No clasificado,remote POS names,/app/scripts/06_apply_inteligencia_fase1_patch.py,54,"old_jobs = '''            ""pedidos_detector"": JobConfig(\n                job_id=""pedidos_detector"",\n                job_name=""Pedidos Detector"",\n                description=""Detecta pedidos nuevos en MPro/Soft y dispara automatización operativa de compras"",\n                enabled=pedidos_enable"
BAJA,PERMITIDO_SYNC_BACKFILL_DIAGNOSTICO,No clasificado,remote POS names,/app/scripts/06_apply_inteligencia_fase1_patch.py,55,"new_jobs = '''            ""pedidos_detector"": JobConfig(\n                job_id=""pedidos_detector"",\n                job_name=""Pedidos Detector"",\n                description=""Detecta pedidos nuevos en MPro/Soft y dispara automatización operativa de compras"",\n                enabled=pedidos_enable"
BAJA,PERMITIDO_SYNC_BACKFILL_DIAGNOSTICO,No clasificado,remote POS names,/app/scripts/audit_live_connections.sh,22,"""pyodbc.connect\|pymssql\|requests.get\|requests.post\|httpx\|aiohttp\|SoftRestaurant\|MPRO\|NetPay\|api_url\|host\|database_name\|Servidores_Conexiones"" \"
BAJA,PERMITIDO_SYNC_BACKFILL_DIAGNOSTICO,No clasificado,remote POS names,/app/scripts/auditorias/01_auditar_conexiones_live_edarsahub.sh,6,"# SoftRestaurant, MPRO y sistemas externos SOLO pueden ser origen de sync."
BAJA,PERMITIDO_SYNC_BACKFILL_DIAGNOSTICO,No clasificado,remote POS names,/app/scripts/classify_no_live_violations.sh,17,"""pyodbc.connect\|pymssql.connect\|requests.get\|requests.post\|httpx\|aiohttp\|SoftRestaurant\|MPRO\|NetPay\|api_url\|database_name\|Servidores_Conexiones\|motor.motor_asyncio\|pymongo\|AsyncIOMotor"" \"
BAJA,PERMITIDO_SYNC_BACKFILL_DIAGNOSTICO,No clasificado,pymssql.connect,/app/scripts/export_full_db_backup.py,24,return pymssql.connect(
BAJA,PERMITIDO_SYNC_BACKFILL_DIAGNOSTICO,Recursos Humanos,remote POS names,/app/backend/modules/rh/importador/schemas.py,97,"fuente: str = Field(..., description=""Origen: Excel_CF, MPro_Origen, MPro_QRO"")"
BAJA,PERMITIDO_SYNC_BACKFILL_DIAGNOSTICO,Recursos Humanos,remote POS names,/app/backend/modules/rh/schemas.py,31,"mpro_id: str = Field(default="""", max_length=50, description=""ID de mapeo con MPRO"")"
BAJA,PERMITIDO_SYNC_BACKFILL_DIAGNOSTICO,Recursos Humanos,remote POS names,/app/backend/modules/rh/schemas.py,112,"mpro_id: str = Field(default="""", max_length=50, description=""ID de mapeo con MPRO"")"
BAJA,PERMITIDO_SYNC_BACKFILL_DIAGNOSTICO,Recursos Humanos,remote POS names,/app/frontend/src/components/recursos-humanos/RhCatalogos.jsx,149,<li><strong>MPRO:</strong> Use el campo MPRO_ID para sincronizar con el sistema MPRO.</li>
BAJA,PERMITIDO_SYNC_BACKFILL_DIAGNOSTICO,Reportes,remote POS names,/app/frontend/src/pages/Reportes.js,547,const loadAlmacenesSoftRestaurant = async (soloConsumo = false) => {
BAJA,PERMITIDO_SYNC_BACKFILL_DIAGNOSTICO,Scheduler / Jobs,pymssql.connect,/app/backend/api/admin_scheduler_resync.py,56,conn = pymssql.connect(
BAJA,PERMITIDO_SYNC_BACKFILL_DIAGNOSTICO,Scheduler / Jobs,direct host ddns,/app/backend/api/admin_scheduler_resync.py,97,"unidad_negocio_id: str = Field(..., description=""ID canónico de la unidad (CIENFUEGOS, 130MID, etc)"")"
BAJA,PERMITIDO_SYNC_BACKFILL_DIAGNOSTICO,Scheduler / Jobs,remote POS names,/app/backend/api/admin_scheduler_resync.py,138,"'descripcion': 'Sincroniza cheques cerrados desde SoftRestaurant/MPRO hacia Comercial_KPIs_Diarios_v2',"
BAJA,PERMITIDO_SYNC_BACKFILL_DIAGNOSTICO,Scheduler / Jobs,remote POS names,/app/backend/api/admin_scheduler_resync.py,139,"'handler': 'sync_softrestaurant_ventas_cerradas',"
BAJA,PERMITIDO_SYNC_BACKFILL_DIAGNOSTICO,Scheduler / Jobs,remote POS names,/app/backend/api/admin_scheduler_resync.py,142,"'sistemas_origen': ['SOFTRESTAURANT', 'MPRO'],"
BAJA,PERMITIDO_SYNC_BACKFILL_DIAGNOSTICO,Scheduler / Jobs,remote POS names,/app/backend/api/admin_scheduler_resync.py,158,"'sistema': 'SOFTRESTAURANT',"
BAJA,PERMITIDO_SYNC_BACKFILL_DIAGNOSTICO,Scheduler / Jobs,direct host ddns,/app/backend/api/admin_scheduler_resync.py,162,'130MID': {
BAJA,PERMITIDO_SYNC_BACKFILL_DIAGNOSTICO,Scheduler / Jobs,remote POS names,/app/backend/api/admin_scheduler_resync.py,164,"'sistema': 'SOFTRESTAURANT',"
BAJA,PERMITIDO_SYNC_BACKFILL_DIAGNOSTICO,Scheduler / Jobs,remote POS names,/app/backend/api/admin_scheduler_resync.py,170,"'sistema': 'SOFTRESTAURANT',"
BAJA,PERMITIDO_SYNC_BACKFILL_DIAGNOSTICO,Scheduler / Jobs,remote POS names,/app/backend/api/admin_scheduler_resync.py,176,"'sistema': 'MPRO',"
BAJA,PERMITIDO_SYNC_BACKFILL_DIAGNOSTICO,Scheduler / Jobs,remote POS names,/app/backend/api/admin_scheduler_resync.py,182,"'sistema': 'MPRO',"
BAJA,PERMITIDO_SYNC_BACKFILL_DIAGNOSTICO,Scheduler / Jobs,pymssql.connect,/app/backend/api/admin_scheduler_resync.py,763,conn = pymssql.connect(
BAJA,PERMITIDO_SYNC_BACKFILL_DIAGNOSTICO,Scheduler / Jobs,remote POS names,/app/backend/api/admin_scheduler_resync.py,774,# SoftRestaurant
BAJA,PERMITIDO_SYNC_BACKFILL_DIAGNOSTICO,Scheduler / Jobs,remote POS names,/app/backend/api/admin_scheduler_resync.py,775,if unidad_config['sistema'] == 'SOFTRESTAURANT':
BAJA,PERMITIDO_SYNC_BACKFILL_DIAGNOSTICO,Scheduler / Jobs,remote POS names,/app/backend/api/admin_scheduler_resync.py,791,else:  # MPRO
BAJA,PERMITIDO_SYNC_BACKFILL_DIAGNOSTICO,Scheduler / Jobs,remote POS names,/app/backend/api/admin_scheduler_resync.py,851,"sync_softrestaurant_ventas_cerradas,"
BAJA,PERMITIDO_SYNC_BACKFILL_DIAGNOSTICO,Scheduler / Jobs,remote POS names,/app/backend/api/admin_scheduler_resync.py,852,sync_mpro_ventas_cerradas
BAJA,PERMITIDO_SYNC_BACKFILL_DIAGNOSTICO,Scheduler / Jobs,remote POS names,/app/backend/api/admin_scheduler_resync.py,866,"sistema_origen=SistemaOrigen.SOFTRESTAURANT if unidad_config['sistema'] == 'SOFTRESTAURANT' else SistemaOrigen.MPRO,"
BAJA,PERMITIDO_SYNC_BACKFILL_DIAGNOSTICO,Scheduler / Jobs,remote POS names,/app/backend/api/admin_scheduler_resync.py,871,if unidad_config['sistema'] == 'SOFTRESTAURANT':
BAJA,PERMITIDO_SYNC_BACKFILL_DIAGNOSTICO,Scheduler / Jobs,remote POS names,/app/backend/api/admin_scheduler_resync.py,872,resultado = sync_softrestaurant_ventas_cerradas(
BAJA,PERMITIDO_SYNC_BACKFILL_DIAGNOSTICO,Scheduler / Jobs,remote POS names,/app/backend/api/admin_scheduler_resync.py,878,else:  # MPRO
BAJA,PERMITIDO_SYNC_BACKFILL_DIAGNOSTICO,Scheduler / Jobs,remote POS names,/app/backend/api/admin_scheduler_resync.py,879,resultado = sync_mpro_ventas_cerradas(
BAJA,PERMITIDO_SYNC_BACKFILL_DIAGNOSTICO,Scheduler / Jobs,remote POS names,/app/backend/core/scheduler/config.py,146,"description=""Detecta pedidos nuevos en MPro/Soft y dispara automatización operativa de compras"","
BAJA,PERMITIDO_SYNC_BACKFILL_DIAGNOSTICO,Scheduler / Jobs,remote POS names,/app/backend/core/scheduler/config.py,185,"description=""Sincronización incremental de cortes de caja desde SoftRestaurant y MPRO hacia EDARSAHUB"","
BAJA,PERMITIDO_SYNC_BACKFILL_DIAGNOSTICO,Scheduler / Jobs,remote POS names,/app/backend/core/scheduler/config.py,195,"description=""Sincronización incremental de propinas TPV desde SoftRestaurant y MPRO hacia EDARSAHUB"","
BAJA,PERMITIDO_SYNC_BACKFILL_DIAGNOSTICO,Scheduler / Jobs,remote POS names,/app/backend/core/scheduler/config.py,205,"description=""Sincronización incremental de KPIs comerciales V2 desde SoftRestaurant y MPRO hacia EDARSAHUB"","
BAJA,PERMITIDO_SYNC_BACKFILL_DIAGNOSTICO,Scheduler / Jobs,remote POS names,/app/backend/core/scheduler/config.py,215,"description=""Sincronización de ventas del día en curso (abiertas) desde SoftRestaurant y MPRO hacia EDARSAHUB cada 5 minutos"","
BAJA,PERMITIDO_SYNC_BACKFILL_DIAGNOSTICO,Scheduler / Jobs,remote POS names,/app/backend/core/scheduler/config.py,236,"description=""Tareas automáticas del CRM Enterprise (SQL-First) cada 30 minutos"","
BAJA,PERMITIDO_SYNC_BACKFILL_DIAGNOSTICO,Scheduler / Jobs,remote POS names,/app/backend/core/scheduler/config.py,276,"description=""Extrae ventas de SoftRestaurant/MPRO y las consolida en Sync_Sales y KPIs diarios (cada hora)"","
BAJA,PERMITIDO_SYNC_BACKFILL_DIAGNOSTICO,Scheduler / Jobs,remote POS names,/app/backend/core/scheduler/jobs/crm_sync_job.py,4,Job programado para tareas automáticas del CRM Enterprise (SQL-First).
BAJA,PERMITIDO_SYNC_BACKFILL_DIAGNOSTICO,Scheduler / Jobs,pymssql.connect,/app/backend/core/scheduler/jobs/crm_sync_job.py,24,return pymssql.connect(
BAJA,PERMITIDO_SYNC_BACKFILL_DIAGNOSTICO,Scheduler / Jobs,remote POS names,/app/backend/core/scheduler/jobs/pedidos_detector_job.py,6,Job del scheduler para detectar pedidos nuevos en MPro/Soft y disparar
BAJA,PERMITIDO_SYNC_BACKFILL_DIAGNOSTICO,Scheduler / Jobs,remote POS names,/app/backend/core/scheduler/jobs/pedidos_detector_job.py,280,"origen = pedido.get(""origen"", server.get(""system_type"", ""MPRO""))"
BAJA,PERMITIDO_SYNC_BACKFILL_DIAGNOSTICO,Scheduler / Jobs,remote POS names,/app/backend/core/scheduler/jobs/pedidos_detector_job.py,466,"if st in ['MPRO', 'SOFTRESTAURANT', 'SR']:"
BAJA,PERMITIDO_SYNC_BACKFILL_DIAGNOSTICO,Scheduler / Jobs,remote POS names,/app/backend/core/scheduler/jobs/pedidos_detector_job.py,487,"source_type = server.get(""system_type"", ""MPRO"")"
BAJA,PERMITIDO_SYNC_BACKFILL_DIAGNOSTICO,Scheduler / Jobs,remote POS names,/app/backend/core/scheduler/jobs/pedidos_detector_job.py,644,"origen = pedido.get(""origen"", server.get(""system_type"", ""MPRO""))"
BAJA,PERMITIDO_SYNC_BACKFILL_DIAGNOSTICO,Scheduler / Jobs,remote POS names,/app/backend/core/scheduler/jobs/pedidos_detector_job.py,753,"if server.get(""system_type"") == ""MPRO"":"
BAJA,PERMITIDO_SYNC_BACKFILL_DIAGNOSTICO,Scheduler / Jobs,remote POS names,/app/backend/core/scheduler/jobs/pedidos_detector_job.py,754,from modules.compras.repository import query_detalle_pedido_mpro
BAJA,PERMITIDO_SYNC_BACKFILL_DIAGNOSTICO,Scheduler / Jobs,remote POS names,/app/backend/core/scheduler/jobs/pedidos_detector_job.py,755,"detalle = query_detalle_pedido_mpro(server, folio)"
BAJA,PERMITIDO_SYNC_BACKFILL_DIAGNOSTICO,Scheduler / Jobs,remote POS names,/app/backend/core/scheduler/jobs/pedidos_detector_job.py,889,"origen = pedido.get(""origen"", server.get(""system_type"", ""MPRO""))"
BAJA,PERMITIDO_SYNC_BACKFILL_DIAGNOSTICO,Scheduler / Jobs,remote POS names,/app/backend/core/scheduler/jobs/sync_ingresos_job.py,7,Este job sincroniza cortes de caja desde SoftRestaurant y MPRO hacia EDARSAHUB
BAJA,PERMITIDO_SYNC_BACKFILL_DIAGNOSTICO,Scheduler / Jobs,remote POS names,/app/backend/core/scheduler/jobs/sync_ingresos_job.py,48,from modules.finanzas.sync_cortes_softrestaurant import sincronizar_unidad_softrestaurant
BAJA,PERMITIDO_SYNC_BACKFILL_DIAGNOSTICO,Scheduler / Jobs,remote POS names,/app/backend/core/scheduler/jobs/sync_ingresos_job.py,49,from modules.finanzas.sync_cortes_mpro import sincronizar_unidad_mpro
BAJA,PERMITIDO_SYNC_BACKFILL_DIAGNOSTICO,Scheduler / Jobs,remote POS names,/app/backend/core/scheduler/jobs/sync_ingresos_job.py,75,# SoftRestaurant
BAJA,PERMITIDO_SYNC_BACKFILL_DIAGNOSTICO,Scheduler / Jobs,remote POS names,/app/backend/core/scheduler/jobs/sync_ingresos_job.py,77,"{""nombre"": ""130° MERIDA"", ""sistema"": ""SoftRestaurant""},"
BAJA,PERMITIDO_SYNC_BACKFILL_DIAGNOSTICO,Scheduler / Jobs,remote POS names,/app/backend/core/scheduler/jobs/sync_ingresos_job.py,78,"{""nombre"": ""CIENFUEGOS"", ""sistema"": ""SoftRestaurant""},"
BAJA,PERMITIDO_SYNC_BACKFILL_DIAGNOSTICO,Scheduler / Jobs,remote POS names,/app/backend/core/scheduler/jobs/sync_ingresos_job.py,79,"{""nombre"": ""LA ESTELAR"", ""sistema"": ""SoftRestaurant""}"
BAJA,PERMITIDO_SYNC_BACKFILL_DIAGNOSTICO,Scheduler / Jobs,remote POS names,/app/backend/core/scheduler/jobs/sync_ingresos_job.py,82,# MPRO
BAJA,PERMITIDO_SYNC_BACKFILL_DIAGNOSTICO,Scheduler / Jobs,remote POS names,/app/backend/core/scheduler/jobs/sync_ingresos_job.py,83,unidades_mpro = [
BAJA,PERMITIDO_SYNC_BACKFILL_DIAGNOSTICO,Scheduler / Jobs,remote POS names,/app/backend/core/scheduler/jobs/sync_ingresos_job.py,84,"{""nombre"": ""130° QUERETARO"", ""sistema"": ""MPRO""},"
BAJA,PERMITIDO_SYNC_BACKFILL_DIAGNOSTICO,Scheduler / Jobs,remote POS names,/app/backend/core/scheduler/jobs/sync_ingresos_job.py,85,"{""nombre"": ""ORIGEN"", ""sistema"": ""MPRO""}"
BAJA,PERMITIDO_SYNC_BACKFILL_DIAGNOSTICO,Scheduler / Jobs,remote POS names,/app/backend/core/scheduler/jobs/sync_ingresos_job.py,89,# SINCRONIZAR SOFTRESTAURANT
BAJA,PERMITIDO_SYNC_BACKFILL_DIAGNOSTICO,Scheduler / Jobs,remote POS names,/app/backend/core/scheduler/jobs/sync_ingresos_job.py,97,"logger.info(f""[SYNC_INGRESOS] Sincronizando {nombre} (SoftRestaurant)..."")"
BAJA,PERMITIDO_SYNC_BACKFILL_DIAGNOSTICO,Scheduler / Jobs,remote POS names,/app/backend/core/scheduler/jobs/sync_ingresos_job.py,99,resultado = sincronizar_unidad_softrestaurant(
BAJA,PERMITIDO_SYNC_BACKFILL_DIAGNOSTICO,Scheduler / Jobs,remote POS names,/app/backend/core/scheduler/jobs/sync_ingresos_job.py,108,"""sistema"": ""SoftRestaurant"","
BAJA,PERMITIDO_SYNC_BACKFILL_DIAGNOSTICO,Scheduler / Jobs,remote POS names,/app/backend/core/scheduler/jobs/sync_ingresos_job.py,139,"""sistema"": ""SoftRestaurant"","
BAJA,PERMITIDO_SYNC_BACKFILL_DIAGNOSTICO,Scheduler / Jobs,remote POS names,/app/backend/core/scheduler/jobs/sync_ingresos_job.py,145,# SINCRONIZAR MPRO
BAJA,PERMITIDO_SYNC_BACKFILL_DIAGNOSTICO,Scheduler / Jobs,remote POS names,/app/backend/core/scheduler/jobs/sync_ingresos_job.py,148,for unidad in unidades_mpro:
BAJA,PERMITIDO_SYNC_BACKFILL_DIAGNOSTICO,Scheduler / Jobs,remote POS names,/app/backend/core/scheduler/jobs/sync_ingresos_job.py,153,"logger.info(f""[SYNC_INGRESOS] Sincronizando {nombre} (MPRO)..."")"
BAJA,PERMITIDO_SYNC_BACKFILL_DIAGNOSTICO,Scheduler / Jobs,remote POS names,/app/backend/core/scheduler/jobs/sync_ingresos_job.py,155,resultado = sincronizar_unidad_mpro(
BAJA,PERMITIDO_SYNC_BACKFILL_DIAGNOSTICO,Scheduler / Jobs,remote POS names,/app/backend/core/scheduler/jobs/sync_ingresos_job.py,164,"""sistema"": ""MPRO"","
BAJA,PERMITIDO_SYNC_BACKFILL_DIAGNOSTICO,Scheduler / Jobs,remote POS names,/app/backend/core/scheduler/jobs/sync_ingresos_job.py,195,"""sistema"": ""MPRO"","
BAJA,PERMITIDO_SYNC_BACKFILL_DIAGNOSTICO,Scheduler / Jobs,pymssql.connect,/app/backend/core/scheduler/jobs/vtiger_sync_job.py,23,return pymssql.connect(
BAJA,PERMITIDO_SYNC_BACKFILL_DIAGNOSTICO,Scheduler / Jobs,remote POS names,/app/backend/core/scheduler/scheduler_manager.py,312,"- SoftRestaurant: 130° MÉRIDA, CIENFUEGOS, LA ESTELAR"
BAJA,PERMITIDO_SYNC_BACKFILL_DIAGNOSTICO,Scheduler / Jobs,remote POS names,/app/backend/core/scheduler/scheduler_manager.py,313,"- MPRO: 130° QRO, ORIGEN"
BAJA,PERMITIDO_SYNC_BACKFILL_DIAGNOSTICO,Scheduler / Jobs,remote POS names,/app/backend/core/scheduler/scheduler_manager.py,370,"- SoftRestaurant: 130° MÉRIDA, CIENFUEGOS, LA ESTELAR"
BAJA,PERMITIDO_SYNC_BACKFILL_DIAGNOSTICO,Scheduler / Jobs,remote POS names,/app/backend/core/scheduler/scheduler_manager.py,371,"- MPRO: 130° QRO, ORIGEN"
BAJA,PERMITIDO_SYNC_BACKFILL_DIAGNOSTICO,Scheduler / Jobs,remote POS names,/app/backend/core/scheduler/scheduler_manager.py,431,"- SoftRestaurant: 130° MÉRIDA, CIENFUEGOS, LA ESTELAR"
BAJA,PERMITIDO_SYNC_BACKFILL_DIAGNOSTICO,Scheduler / Jobs,remote POS names,/app/backend/core/scheduler/scheduler_manager.py,432,"- MPRO: 130° QRO, ORIGEN"
BAJA,PERMITIDO_SYNC_BACKFILL_DIAGNOSTICO,Scheduler / Jobs,remote POS names,/app/backend/core/scheduler/scheduler_manager.py,492,"- SoftRestaurant: 130° MÉRIDA, CIENFUEGOS, LA ESTELAR"
BAJA,PERMITIDO_SYNC_BACKFILL_DIAGNOSTICO,Scheduler / Jobs,remote POS names,/app/backend/core/scheduler/scheduler_manager.py,493,"- MPRO: 130° QRO, ORIGEN"
BAJA,PERMITIDO_SYNC_BACKFILL_DIAGNOSTICO,Scheduler / Jobs,remote POS names,/app/backend/core/scheduler/scheduler_manager.py,777,Extrae ventas de SoftRestaurant/MPRO y las consolida en EDARSAHUB.
BAJA,PERMITIDO_SYNC_BACKFILL_DIAGNOSTICO,Scheduler / Jobs,pymssql.connect,/app/backend/core/scheduler/sql_repository.py,40,conn = pymssql.connect(
BAJA,PERMITIDO_SYNC_BACKFILL_DIAGNOSTICO,Scheduler / Jobs,remote POS names,/app/backend/core/scheduler/sql_repository.py,133,"'system_type': row.get('system_type', 'softrestaurant'),"
BAJA,PERMITIDO_SYNC_BACKFILL_DIAGNOSTICO,Scheduler / Jobs,pymssql.connect,/app/backend/scripts/create_scheduler_tables.py,110,conn = pymssql.connect(
BAJA,PERMITIDO_SYNC_BACKFILL_DIAGNOSTICO,Sync / Jobs,remote POS names,/app/backend/modules/configuracion/services/almacenes_sync_service.py,6,Sincroniza almacenes desde sistemas origen (SoftRestaurant/MPRO) al catálogo local MongoDB.
BAJA,PERMITIDO_SYNC_BACKFILL_DIAGNOSTICO,Sync / Jobs,remote POS names,/app/backend/modules/configuracion/services/almacenes_sync_service.py,30,from modules.automatizacion.queries_mpro import QUERY_ALMACENES_SUCURSAL as QUERY_ALMACENES_MPRO
BAJA,PERMITIDO_SYNC_BACKFILL_DIAGNOSTICO,Sync / Jobs,remote POS names,/app/backend/modules/configuracion/services/almacenes_sync_service.py,152,"if system_type == ""SoftRestaurant"":"
BAJA,PERMITIDO_SYNC_BACKFILL_DIAGNOSTICO,Sync / Jobs,remote POS names,/app/backend/modules/configuracion/services/almacenes_sync_service.py,154,"elif system_type == ""MPRO"":"
BAJA,PERMITIDO_SYNC_BACKFILL_DIAGNOSTICO,Sync / Jobs,remote POS names,/app/backend/modules/configuracion/services/almacenes_sync_service.py,157,"result.error_message = ""MPRO requiere sucursal_origen_id configurado"""
BAJA,PERMITIDO_SYNC_BACKFILL_DIAGNOSTICO,Sync / Jobs,remote POS names,/app/backend/modules/configuracion/services/almacenes_sync_service.py,160,# Reemplazar parámetro en query MPRO
BAJA,PERMITIDO_SYNC_BACKFILL_DIAGNOSTICO,Sync / Jobs,remote POS names,/app/backend/modules/configuracion/services/almacenes_sync_service.py,161,"query = QUERY_ALMACENES_MPRO.replace("":sucursal_id"", f""'{sucursal_origen_id}'"")"
BAJA,PERMITIDO_SYNC_BACKFILL_DIAGNOSTICO,Sync / Jobs,execute_sql_query,/app/backend/modules/configuracion/services/almacenes_sync_service.py,174,almacenes_origen = execute_sql_query(
BAJA,PERMITIDO_SYNC_BACKFILL_DIAGNOSTICO,Sync / Jobs,remote POS names,/app/backend/modules/configuracion/services/almacenes_sync_service.py,208,"if system_type == ""SoftRestaurant"":"
BAJA,PERMITIDO_SYNC_BACKFILL_DIAGNOSTICO,Sync / Jobs,remote POS names,/app/backend/modules/configuracion/services/almacenes_sync_service.py,211,else:  # MPRO
BAJA,PERMITIDO_SYNC_BACKFILL_DIAGNOSTICO,Sync / Jobs,remote POS names,/app/backend/modules/sync_historicos/models.py,43,"SOFTRESTAURANT = ""SOFTRESTAURANT"""
BAJA,PERMITIDO_SYNC_BACKFILL_DIAGNOSTICO,Sync / Jobs,remote POS names,/app/backend/modules/sync_historicos/models.py,44,"MPRO = ""MPRO"""
BAJA,PERMITIDO_SYNC_BACKFILL_DIAGNOSTICO,Sync / Jobs,remote POS names,/app/backend/modules/sync_historicos/models.py,81,"source_type: str    # SOFTRESTAURANT, MPRO"
BAJA,PERMITIDO_SYNC_BACKFILL_DIAGNOSTICO,Sync / Jobs,execute_sql_query,/app/backend/modules/sync_historicos/repository.py,61,return execute_sql_query(
BAJA,PERMITIDO_SYNC_BACKFILL_DIAGNOSTICO,Sync / Jobs,remote POS names,/app/backend/modules/sync_historicos/service.py,98,def _obtener_ventas_dia_softrestaurant(
BAJA,PERMITIDO_SYNC_BACKFILL_DIAGNOSTICO,Sync / Jobs,remote POS names,/app/backend/modules/sync_historicos/service.py,106,Obtiene ventas del día para SoftRestaurant.
BAJA,PERMITIDO_SYNC_BACKFILL_DIAGNOSTICO,Sync / Jobs,execute_sql_query,/app/backend/modules/sync_historicos/service.py,144,result = execute_sql_query(
BAJA,PERMITIDO_SYNC_BACKFILL_DIAGNOSTICO,Sync / Jobs,remote POS names,/app/backend/modules/sync_historicos/service.py,172,def _obtener_ventas_dia_mpro(
BAJA,PERMITIDO_SYNC_BACKFILL_DIAGNOSTICO,Sync / Jobs,remote POS names,/app/backend/modules/sync_historicos/service.py,180,Obtiene ventas del día para MPRO (ManagementPro).
BAJA,PERMITIDO_SYNC_BACKFILL_DIAGNOSTICO,Sync / Jobs,remote POS names,/app/backend/modules/sync_historicos/service.py,185,FASE SYNC-2: Corregido esquema MPRO:
BAJA,PERMITIDO_SYNC_BACKFILL_DIAGNOSTICO,Sync / Jobs,remote POS names,/app/backend/modules/sync_historicos/service.py,192,# Query MPRO corregida según esquema real tabla Venta
BAJA,PERMITIDO_SYNC_BACKFILL_DIAGNOSTICO,Sync / Jobs,execute_sql_query,/app/backend/modules/sync_historicos/service.py,202,result = execute_sql_query(
BAJA,PERMITIDO_SYNC_BACKFILL_DIAGNOSTICO,Sync / Jobs,remote POS names,/app/backend/modules/sync_historicos/service.py,227,"logger.error(f""[SYNC-MPRO] Error obteniendo ventas: {e}"")"
BAJA,PERMITIDO_SYNC_BACKFILL_DIAGNOSTICO,Sync / Jobs,remote POS names,/app/backend/modules/sync_historicos/service.py,353,ventas_data = self._obtener_ventas_dia_softrestaurant(
BAJA,PERMITIDO_SYNC_BACKFILL_DIAGNOSTICO,Sync / Jobs,remote POS names,/app/backend/modules/sync_historicos/service.py,356,source_type = SourceType.SOFTRESTAURANT.value
BAJA,PERMITIDO_SYNC_BACKFILL_DIAGNOSTICO,Sync / Jobs,remote POS names,/app/backend/modules/sync_historicos/service.py,357,elif 'MPRO' in system_upper or 'MANAGEMENT' in system_upper:
BAJA,PERMITIDO_SYNC_BACKFILL_DIAGNOSTICO,Sync / Jobs,remote POS names,/app/backend/modules/sync_historicos/service.py,358,ventas_data = self._obtener_ventas_dia_mpro(
BAJA,PERMITIDO_SYNC_BACKFILL_DIAGNOSTICO,Sync / Jobs,remote POS names,/app/backend/modules/sync_historicos/service.py,361,source_type = SourceType.MPRO.value
BAJA,PERMITIDO_SYNC_BACKFILL_DIAGNOSTICO,Sync / Jobs,remote POS names,/app/backend/modules/sync_historicos/service.py,482,def _obtener_ventas_por_hora_softrestaurant(
BAJA,PERMITIDO_SYNC_BACKFILL_DIAGNOSTICO,Sync / Jobs,remote POS names,/app/backend/modules/sync_historicos/service.py,488,Obtiene ventas por hora para SoftRestaurant.
BAJA,PERMITIDO_SYNC_BACKFILL_DIAGNOSTICO,Sync / Jobs,execute_sql_query,/app/backend/modules/sync_historicos/service.py,510,result = execute_sql_query(
BAJA,PERMITIDO_SYNC_BACKFILL_DIAGNOSTICO,Sync / Jobs,remote POS names,/app/backend/modules/sync_historicos/service.py,535,def _obtener_ventas_por_hora_mpro(
BAJA,PERMITIDO_SYNC_BACKFILL_DIAGNOSTICO,Sync / Jobs,remote POS names,/app/backend/modules/sync_historicos/service.py,541,Obtiene ventas por hora para MPRO.
BAJA,PERMITIDO_SYNC_BACKFILL_DIAGNOSTICO,Sync / Jobs,remote POS names,/app/backend/modules/sync_historicos/service.py,545,FASE SYNC-2C (2026-05-16): Corrección hora MPRO
BAJA,PERMITIDO_SYNC_BACKFILL_DIAGNOSTICO,Sync / Jobs,remote POS names,/app/backend/modules/sync_historicos/service.py,551,- EVIDENCIA: Análisis de esquema MPRO CENTRAL2020 confirmó que Fecha_Alta
BAJA,PERMITIDO_SYNC_BACKFILL_DIAGNOSTICO,Sync / Jobs,execute_sql_query,/app/backend/modules/sync_historicos/service.py,573,result = execute_sql_query(
BAJA,PERMITIDO_SYNC_BACKFILL_DIAGNOSTICO,Sync / Jobs,remote POS names,/app/backend/modules/sync_historicos/service.py,595,"logger.error(f""[SYNC-POR-HORA-MPRO] Error: {e}"")"
BAJA,PERMITIDO_SYNC_BACKFILL_DIAGNOSTICO,Sync / Jobs,remote POS names,/app/backend/modules/sync_historicos/service.py,709,ventas_hora = self._obtener_ventas_por_hora_softrestaurant(
BAJA,PERMITIDO_SYNC_BACKFILL_DIAGNOSTICO,Sync / Jobs,remote POS names,/app/backend/modules/sync_historicos/service.py,712,source_type = SourceType.SOFTRESTAURANT.value
BAJA,PERMITIDO_SYNC_BACKFILL_DIAGNOSTICO,Sync / Jobs,remote POS names,/app/backend/modules/sync_historicos/service.py,713,elif 'MPRO' in system_upper or 'MANAGEMENT' in system_upper:
BAJA,PERMITIDO_SYNC_BACKFILL_DIAGNOSTICO,Sync / Jobs,remote POS names,/app/backend/modules/sync_historicos/service.py,714,ventas_hora = self._obtener_ventas_por_hora_mpro(
BAJA,PERMITIDO_SYNC_BACKFILL_DIAGNOSTICO,Sync / Jobs,remote POS names,/app/backend/modules/sync_historicos/service.py,717,source_type = SourceType.MPRO.value
BAJA,PERMITIDO_SYNC_BACKFILL_DIAGNOSTICO,Sync / Jobs,remote POS names,/app/backend/modules/sync_historicos/service.py,925,source_type = SourceType.SOFTRESTAURANT.value
BAJA,PERMITIDO_SYNC_BACKFILL_DIAGNOSTICO,Sync / Jobs,remote POS names,/app/backend/modules/sync_historicos/service.py,926,elif 'MPRO' in system_upper or 'MANAGEMENT' in system_upper:
BAJA,PERMITIDO_SYNC_BACKFILL_DIAGNOSTICO,Sync / Jobs,remote POS names,/app/backend/modules/sync_historicos/service.py,927,source_type = SourceType.MPRO.value
BAJA,PERMITIDO_SYNC_BACKFILL_DIAGNOSTICO,Sync / Jobs,remote POS names,/app/backend/modules/sync_historicos/service.py,942,ventas_data = self._obtener_ventas_dia_softrestaurant(
BAJA,PERMITIDO_SYNC_BACKFILL_DIAGNOSTICO,Sync / Jobs,remote POS names,/app/backend/modules/sync_historicos/service.py,946,# MPRO o MANAGEMENT
BAJA,PERMITIDO_SYNC_BACKFILL_DIAGNOSTICO,Sync / Jobs,remote POS names,/app/backend/modules/sync_historicos/service.py,947,ventas_data = self._obtener_ventas_dia_mpro(
BAJA,PERMITIDO_SYNC_BACKFILL_DIAGNOSTICO,Sync / Jobs,execute_sql_query,/app/backend/modules/sync_historicos/sync_ventas.py,149,result = execute_sql_query(
BAJA,PERMITIDO_SYNC_BACKFILL_DIAGNOSTICO,Sync / Jobs,execute_sql_query,/app/backend/modules/sync_historicos/sync_ventas.py,164,count = execute_sql_query(
BAJA,PERMITIDO_SYNC_BACKFILL_DIAGNOSTICO,Sync / Jobs,execute_sql_query,/app/backend/modules/sync_historicos/sync_ventas.py,175,count = execute_sql_query(
BAJA,PERMITIDO_SYNC_BACKFILL_DIAGNOSTICO,Sync / Jobs,execute_sql_query,/app/backend/modules/sync_historicos/sync_ventas.py,186,count = execute_sql_query(
BAJA,PERMITIDO_SYNC_BACKFILL_DIAGNOSTICO,Sync / Jobs,remote POS names,/app/backend/modules/sync_recetas/models.py,92,# BUG-COSTOS-001-FIX: Campo para sincronizar estado Suspendido de SoftRestaurant
BAJA,PERMITIDO_SYNC_BACKFILL_DIAGNOSTICO,Sync / Jobs,remote POS names,/app/backend/modules/sync_recetas/sync_recetas.py,8,- NO usar explosioninsumosdetalle como fuente (vacía en SoftRestaurant).
BAJA,PERMITIDO_SYNC_BACKFILL_DIAGNOSTICO,Sync / Jobs,remote POS names,/app/backend/modules/sync_recetas/sync_recetas.py,116,"('SOFTRESTAURANT', 'SOFTRESTAURANT_PRO', 'MPRO', 'ENTERPRISE')]"
BAJA,PERMITIDO_SYNC_BACKFILL_DIAGNOSTICO,Sync / Jobs,remote POS names,/app/backend/modules/sync_recetas/sync_recetas.py,214,if 'SOFT' in system_type or 'ENTERPRISE' in system_type:
BAJA,PERMITIDO_SYNC_BACKFILL_DIAGNOSTICO,Sync / Jobs,remote POS names,/app/backend/modules/sync_recetas/sync_recetas.py,215,_sync_softrestaurant(
BAJA,PERMITIDO_SYNC_BACKFILL_DIAGNOSTICO,Sync / Jobs,remote POS names,/app/backend/modules/sync_recetas/sync_recetas.py,224,elif 'MPRO' in system_type:
BAJA,PERMITIDO_SYNC_BACKFILL_DIAGNOSTICO,Sync / Jobs,remote POS names,/app/backend/modules/sync_recetas/sync_recetas.py,225,_sync_mpro(
BAJA,PERMITIDO_SYNC_BACKFILL_DIAGNOSTICO,Sync / Jobs,remote POS names,/app/backend/modules/sync_recetas/sync_recetas.py,241,# SINCRONIZACIÓN SOFTRESTAURANT
BAJA,PERMITIDO_SYNC_BACKFILL_DIAGNOSTICO,Sync / Jobs,remote POS names,/app/backend/modules/sync_recetas/sync_recetas.py,244,def _sync_softrestaurant(
BAJA,PERMITIDO_SYNC_BACKFILL_DIAGNOSTICO,Sync / Jobs,remote POS names,/app/backend/modules/sync_recetas/sync_recetas.py,253,"""""""Sincroniza desde SoftRestaurant/Enterprise."""""""
BAJA,PERMITIDO_SYNC_BACKFILL_DIAGNOSTICO,Sync / Jobs,remote POS names,/app/backend/modules/sync_recetas/sync_recetas.py,309,"""""""Obtiene familias (grupos) de SoftRestaurant."""""""
BAJA,PERMITIDO_SYNC_BACKFILL_DIAGNOSTICO,Sync / Jobs,execute_sql_query,/app/backend/modules/sync_recetas/sync_recetas.py,316,"rows = execute_sql_query(host, port, database, username, password, query) or []"
BAJA,PERMITIDO_SYNC_BACKFILL_DIAGNOSTICO,Sync / Jobs,remote POS names,/app/backend/modules/sync_recetas/sync_recetas.py,332,"""""""Obtiene subfamilias (subgrupos) de SoftRestaurant."""""""
BAJA,PERMITIDO_SYNC_BACKFILL_DIAGNOSTICO,Sync / Jobs,execute_sql_query,/app/backend/modules/sync_recetas/sync_recetas.py,340,"rows = execute_sql_query(host, port, database, username, password, query) or []"
BAJA,PERMITIDO_SYNC_BACKFILL_DIAGNOSTICO,Sync / Jobs,remote POS names,/app/backend/modules/sync_recetas/sync_recetas.py,353,"""""""Obtiene insumos con sus costos de SoftRestaurant."""""""
BAJA,PERMITIDO_SYNC_BACKFILL_DIAGNOSTICO,Sync / Jobs,execute_sql_query,/app/backend/modules/sync_recetas/sync_recetas.py,362,"rows = execute_sql_query(host, port, database, username, password, query) or []"
BAJA,PERMITIDO_SYNC_BACKFILL_DIAGNOSTICO,Sync / Jobs,remote POS names,/app/backend/modules/sync_recetas/sync_recetas.py,382,"""""""Obtiene productos con precios de SoftRestaurant."""""""
BAJA,PERMITIDO_SYNC_BACKFILL_DIAGNOSTICO,Sync / Jobs,execute_sql_query,/app/backend/modules/sync_recetas/sync_recetas.py,394,"rows = execute_sql_query(host, port, database, username, password, query) or []"
BAJA,PERMITIDO_SYNC_BACKFILL_DIAGNOSTICO,Sync / Jobs,execute_sql_query,/app/backend/modules/sync_recetas/sync_recetas.py,417,"rows = execute_sql_query(host, port, database, username, password, query) or []"
BAJA,PERMITIDO_SYNC_BACKFILL_DIAGNOSTICO,Sync / Jobs,execute_sql_query,/app/backend/modules/sync_recetas/sync_recetas.py,436,"rows = execute_sql_query(host, port, database, username, password, query) or []"
BAJA,PERMITIDO_SYNC_BACKFILL_DIAGNOSTICO,Sync / Jobs,execute_sql_query,/app/backend/modules/sync_recetas/sync_recetas.py,474,"rows = execute_sql_query(host, port, database, username, password, query) or []"
BAJA,PERMITIDO_SYNC_BACKFILL_DIAGNOSTICO,Sync / Jobs,remote POS names,/app/backend/modules/sync_recetas/sync_recetas.py,498,# SINCRONIZACIÓN MPRO
BAJA,PERMITIDO_SYNC_BACKFILL_DIAGNOSTICO,Sync / Jobs,remote POS names,/app/backend/modules/sync_recetas/sync_recetas.py,501,def _sync_mpro(
BAJA,PERMITIDO_SYNC_BACKFILL_DIAGNOSTICO,Sync / Jobs,remote POS names,/app/backend/modules/sync_recetas/sync_recetas.py,510,"""""""Sincroniza desde MPRO (ManagmentPro)."""""""
BAJA,PERMITIDO_SYNC_BACKFILL_DIAGNOSTICO,Sync / Jobs,remote POS names,/app/backend/modules/sync_recetas/sync_recetas.py,514,"familias = _obtener_familias_mpro(host, port, database, username, password)"
BAJA,PERMITIDO_SYNC_BACKFILL_DIAGNOSTICO,Sync / Jobs,remote POS names,/app/backend/modules/sync_recetas/sync_recetas.py,522,"subfamilias = _obtener_subfamilias_mpro(host, port, database, username, password)"
BAJA,PERMITIDO_SYNC_BACKFILL_DIAGNOSTICO,Sync / Jobs,remote POS names,/app/backend/modules/sync_recetas/sync_recetas.py,530,"insumos = _obtener_insumos_mpro(host, port, database, username, password)"
BAJA,PERMITIDO_SYNC_BACKFILL_DIAGNOSTICO,Sync / Jobs,remote POS names,/app/backend/modules/sync_recetas/sync_recetas.py,538,"productos = _obtener_productos_mpro(host, port, database, username, password)"
BAJA,PERMITIDO_SYNC_BACKFILL_DIAGNOSTICO,Sync / Jobs,remote POS names,/app/backend/modules/sync_recetas/sync_recetas.py,542,"productos_con_receta = _contar_productos_con_receta_mpro(host, port, database, username, password)"
BAJA,PERMITIDO_SYNC_BACKFILL_DIAGNOSTICO,Sync / Jobs,remote POS names,/app/backend/modules/sync_recetas/sync_recetas.py,550,"recetas = _obtener_recetas_mpro(host, port, database, username, password)"
BAJA,PERMITIDO_SYNC_BACKFILL_DIAGNOSTICO,Sync / Jobs,remote POS names,/app/backend/modules/sync_recetas/sync_recetas.py,557,"def _obtener_familias_mpro(host, port, database, username, password) -> List[FamiliaSync]:"
BAJA,PERMITIDO_SYNC_BACKFILL_DIAGNOSTICO,Sync / Jobs,remote POS names,/app/backend/modules/sync_recetas/sync_recetas.py,558,"""""""Obtiene familias de MPRO."""""""
BAJA,PERMITIDO_SYNC_BACKFILL_DIAGNOSTICO,Sync / Jobs,execute_sql_query,/app/backend/modules/sync_recetas/sync_recetas.py,565,"rows = execute_sql_query(host, port, database, username, password, query) or []"
BAJA,PERMITIDO_SYNC_BACKFILL_DIAGNOSTICO,Sync / Jobs,remote POS names,/app/backend/modules/sync_recetas/sync_recetas.py,576,"def _obtener_subfamilias_mpro(host, port, database, username, password) -> List[SubFamiliaSync]:"
BAJA,PERMITIDO_SYNC_BACKFILL_DIAGNOSTICO,Sync / Jobs,remote POS names,/app/backend/modules/sync_recetas/sync_recetas.py,577,"""""""Obtiene subfamilias de MPRO."""""""
BAJA,PERMITIDO_SYNC_BACKFILL_DIAGNOSTICO,Sync / Jobs,execute_sql_query,/app/backend/modules/sync_recetas/sync_recetas.py,584,"rows = execute_sql_query(host, port, database, username, password, query) or []"
BAJA,PERMITIDO_SYNC_BACKFILL_DIAGNOSTICO,Sync / Jobs,remote POS names,/app/backend/modules/sync_recetas/sync_recetas.py,596,"def _obtener_insumos_mpro(host, port, database, username, password) -> List[InsumoSync]:"
BAJA,PERMITIDO_SYNC_BACKFILL_DIAGNOSTICO,Sync / Jobs,remote POS names,/app/backend/modules/sync_recetas/sync_recetas.py,597,"""""""Obtiene productos/insumos con costos de MPRO (desde Existencia)."""""""
BAJA,PERMITIDO_SYNC_BACKFILL_DIAGNOSTICO,Sync / Jobs,execute_sql_query,/app/backend/modules/sync_recetas/sync_recetas.py,606,"rows = execute_sql_query(host, port, database, username, password, query) or []"
BAJA,PERMITIDO_SYNC_BACKFILL_DIAGNOSTICO,Sync / Jobs,remote POS names,/app/backend/modules/sync_recetas/sync_recetas.py,622,"def _obtener_productos_mpro(host, port, database, username, password) -> List[ProductoSync]:"
BAJA,PERMITIDO_SYNC_BACKFILL_DIAGNOSTICO,Sync / Jobs,remote POS names,/app/backend/modules/sync_recetas/sync_recetas.py,624,Obtiene productos con precios e IMPUESTOS de MPRO.
BAJA,PERMITIDO_SYNC_BACKFILL_DIAGNOSTICO,Sync / Jobs,remote POS names,/app/backend/modules/sync_recetas/sync_recetas.py,629,ESTADOS MPRO:
BAJA,PERMITIDO_SYNC_BACKFILL_DIAGNOSTICO,Sync / Jobs,remote POS names,/app/backend/modules/sync_recetas/sync_recetas.py,636,- MPRO almacena impuestos en Impuesto_Grupo_Impuesto (relación N:M con Producto)
BAJA,PERMITIDO_SYNC_BACKFILL_DIAGNOSTICO,Sync / Jobs,remote POS names,/app/backend/modules/sync_recetas/sync_recetas.py,646,REGLA CRÍTICA: NO hardcodear 16%. La tasa real viene de MPRO.
BAJA,PERMITIDO_SYNC_BACKFILL_DIAGNOSTICO,Sync / Jobs,execute_sql_query,/app/backend/modules/sync_recetas/sync_recetas.py,700,"rows = execute_sql_query(host, port, database, username, password, query) or []"
BAJA,PERMITIDO_SYNC_BACKFILL_DIAGNOSTICO,Sync / Jobs,remote POS names,/app/backend/modules/sync_recetas/sync_recetas.py,742,# BUG-COSTOS-001-R2: Sincronizar estado activo desde MPRO
BAJA,PERMITIDO_SYNC_BACKFILL_DIAGNOSTICO,Sync / Jobs,remote POS names,/app/backend/modules/sync_recetas/sync_recetas.py,749,"def _contar_productos_con_receta_mpro(host, port, database, username, password) -> int:"
BAJA,PERMITIDO_SYNC_BACKFILL_DIAGNOSTICO,Sync / Jobs,remote POS names,/app/backend/modules/sync_recetas/sync_recetas.py,750,"""""""Cuenta productos con fórmula de producción en MPRO."""""""
BAJA,PERMITIDO_SYNC_BACKFILL_DIAGNOSTICO,Sync / Jobs,execute_sql_query,/app/backend/modules/sync_recetas/sync_recetas.py,752,"rows = execute_sql_query(host, port, database, username, password, query) or []"
BAJA,PERMITIDO_SYNC_BACKFILL_DIAGNOSTICO,Sync / Jobs,remote POS names,/app/backend/modules/sync_recetas/sync_recetas.py,756,"def _obtener_recetas_mpro(host, port, database, username, password) -> List[RecetaLineaSync]:"
BAJA,PERMITIDO_SYNC_BACKFILL_DIAGNOSTICO,Sync / Jobs,remote POS names,/app/backend/modules/sync_recetas/sync_recetas.py,757,"""""""Obtiene recetas desde Formula_Produccion_Detalle de MPRO."""""""
BAJA,PERMITIDO_SYNC_BACKFILL_DIAGNOSTICO,Sync / Jobs,execute_sql_query,/app/backend/modules/sync_recetas/sync_recetas.py,769,"rows = execute_sql_query(host, port, database, username, password, query) or []"
BAJA,PERMITIDO_SYNC_BACKFILL_DIAGNOSTICO,Sync / Jobs,execute_sql_query,/app/backend/modules/sync_recetas/sync_recetas.py,829,execute_sql_query(
BAJA,PERMITIDO_SYNC_BACKFILL_DIAGNOSTICO,Sync / Jobs,execute_sql_query,/app/backend/modules/sync_recetas/sync_recetas.py,873,execute_sql_query(
BAJA,PERMITIDO_SYNC_BACKFILL_DIAGNOSTICO,Sync / Jobs,execute_sql_query,/app/backend/modules/sync_recetas/sync_recetas.py,931,execute_sql_query(
BAJA,PERMITIDO_SYNC_BACKFILL_DIAGNOSTICO,Sync / Jobs,execute_sql_query,/app/backend/modules/sync_recetas/sync_recetas.py,992,execute_sql_query(
BAJA,PERMITIDO_SYNC_BACKFILL_DIAGNOSTICO,Sync / Jobs,execute_sql_query,/app/backend/modules/sync_recetas/sync_recetas.py,1059,execute_sql_query(
BAJA,PERMITIDO_SYNC_BACKFILL_DIAGNOSTICO,Sync / Jobs,execute_sql_query,/app/backend/modules/sync_recetas/sync_recetas.py,1088,execute_sql_query(
BAJA,PERMITIDO_SYNC_BACKFILL_DIAGNOSTICO,Sync / Jobs,execute_sql_query,/app/backend/modules/sync_recetas/sync_recetas.py,1143,execute_sql_query(
BAJA,PERMITIDO_SYNC_BACKFILL_DIAGNOSTICO,Sync / Jobs,execute_sql_query,/app/backend/modules/sync_recetas/sync_recetas.py,1180,execute_sql_query(
BAJA,PERMITIDO_SYNC_BACKFILL_DIAGNOSTICO,Sync / Jobs,remote POS names,/app/backend/modules/tablajeria/sync_service.py,21,"MPROSubgrupoInsumo, MPROReceta, MPROSucursal"
BAJA,PERMITIDO_SYNC_BACKFILL_DIAGNOSTICO,Sync / Jobs,remote POS names,/app/backend/modules/tablajeria/sync_service.py,35,Soporta MPRO TABLAJERIA y CIENFUEGOS TABLAJERIA.
BAJA,PERMITIDO_SYNC_BACKFILL_DIAGNOSTICO,Sync / Jobs,pymssql.connect,/app/backend/modules/tablajeria/sync_service.py,43,return pymssql.connect(
BAJA,PERMITIDO_SYNC_BACKFILL_DIAGNOSTICO,Sync / Jobs,remote POS names,/app/backend/modules/tablajeria/sync_service.py,102,"if 'MPRO' in sistema or 'mpro' in servidor_config.get('database_name', '').lower():"
BAJA,PERMITIDO_SYNC_BACKFILL_DIAGNOSTICO,Sync / Jobs,remote POS names,/app/backend/modules/tablajeria/sync_service.py,103,"self._sync_mpro(servidor_config, entidades, forzar_actualizacion, result)"
BAJA,PERMITIDO_SYNC_BACKFILL_DIAGNOSTICO,Sync / Jobs,remote POS names,/app/backend/modules/tablajeria/sync_service.py,104,"elif 'SOFTRESTAURANT' in sistema or 'CIENFUEGOS' in servidor_config.get('nombre', '').upper():"
BAJA,PERMITIDO_SYNC_BACKFILL_DIAGNOSTICO,Sync / Jobs,remote POS names,/app/backend/modules/tablajeria/sync_service.py,139,# SYNC MPRO TABLAJERIA
BAJA,PERMITIDO_SYNC_BACKFILL_DIAGNOSTICO,Sync / Jobs,remote POS names,/app/backend/modules/tablajeria/sync_service.py,142,def _sync_mpro(
BAJA,PERMITIDO_SYNC_BACKFILL_DIAGNOSTICO,Sync / Jobs,remote POS names,/app/backend/modules/tablajeria/sync_service.py,149,"""""""Sincroniza desde MPRO TABLAJERIA"""""""
BAJA,PERMITIDO_SYNC_BACKFILL_DIAGNOSTICO,Sync / Jobs,remote POS names,/app/backend/modules/tablajeria/sync_service.py,150,"logger.info(f""[TablajeriaSync] Iniciando sync MPRO: {servidor_config['nombre']}"")"
BAJA,PERMITIDO_SYNC_BACKFILL_DIAGNOSTICO,Sync / Jobs,remote POS names,/app/backend/modules/tablajeria/sync_service.py,152,# Conexión a MPRO
BAJA,PERMITIDO_SYNC_BACKFILL_DIAGNOSTICO,Sync / Jobs,remote POS names,/app/backend/modules/tablajeria/sync_service.py,158,"result.errores.append(""Password no configurado para servidor MPRO"")"
BAJA,PERMITIDO_SYNC_BACKFILL_DIAGNOSTICO,Sync / Jobs,pymssql.connect,/app/backend/modules/tablajeria/sync_service.py,161,conn_mpro = pymssql.connect(
BAJA,PERMITIDO_SYNC_BACKFILL_DIAGNOSTICO,Sync / Jobs,remote POS names,/app/backend/modules/tablajeria/sync_service.py,161,conn_mpro = pymssql.connect(
BAJA,PERMITIDO_SYNC_BACKFILL_DIAGNOSTICO,Sync / Jobs,remote POS names,/app/backend/modules/tablajeria/sync_service.py,172,"result.errores.append(f""Error conectando a MPRO: {e}"")"
BAJA,PERMITIDO_SYNC_BACKFILL_DIAGNOSTICO,Sync / Jobs,remote POS names,/app/backend/modules/tablajeria/sync_service.py,176,cursor_mpro = conn_mpro.cursor(as_dict=True)
BAJA,PERMITIDO_SYNC_BACKFILL_DIAGNOSTICO,Sync / Jobs,remote POS names,/app/backend/modules/tablajeria/sync_service.py,179,self._sync_mpro_plantillas(
BAJA,PERMITIDO_SYNC_BACKFILL_DIAGNOSTICO,Sync / Jobs,remote POS names,/app/backend/modules/tablajeria/sync_service.py,180,"cursor_mpro,"
BAJA,PERMITIDO_SYNC_BACKFILL_DIAGNOSTICO,Sync / Jobs,remote POS names,/app/backend/modules/tablajeria/sync_service.py,187,conn_mpro.close()
BAJA,PERMITIDO_SYNC_BACKFILL_DIAGNOSTICO,Sync / Jobs,remote POS names,/app/backend/modules/tablajeria/sync_service.py,189,def _sync_mpro_plantillas(
BAJA,PERMITIDO_SYNC_BACKFILL_DIAGNOSTICO,Sync / Jobs,remote POS names,/app/backend/modules/tablajeria/sync_service.py,191,"cursor_mpro,"
BAJA,PERMITIDO_SYNC_BACKFILL_DIAGNOSTICO,Sync / Jobs,remote POS names,/app/backend/modules/tablajeria/sync_service.py,196,"""""""Sincroniza plantillas desde MPRO"""""""
BAJA,PERMITIDO_SYNC_BACKFILL_DIAGNOSTICO,Sync / Jobs,remote POS names,/app/backend/modules/tablajeria/sync_service.py,199,"cursor_mpro.execute(""SELECT * FROM sucursales"")"
BAJA,PERMITIDO_SYNC_BACKFILL_DIAGNOSTICO,Sync / Jobs,remote POS names,/app/backend/modules/tablajeria/sync_service.py,200,sucursales = {row['idsucursal']: row for row in cursor_mpro.fetchall()}
BAJA,PERMITIDO_SYNC_BACKFILL_DIAGNOSTICO,Sync / Jobs,remote POS names,/app/backend/modules/tablajeria/sync_service.py,203,"cursor_mpro.execute(""SELECT * FROM subgrupo_insumos"")"
BAJA,PERMITIDO_SYNC_BACKFILL_DIAGNOSTICO,Sync / Jobs,remote POS names,/app/backend/modules/tablajeria/sync_service.py,204,subgrupos = {row['idsubgrupo']: row for row in cursor_mpro.fetchall()}
BAJA,PERMITIDO_SYNC_BACKFILL_DIAGNOSTICO,Sync / Jobs,remote POS names,/app/backend/modules/tablajeria/sync_service.py,207,"cursor_mpro.execute(""SELECT * FROM receta"")"
BAJA,PERMITIDO_SYNC_BACKFILL_DIAGNOSTICO,Sync / Jobs,remote POS names,/app/backend/modules/tablajeria/sync_service.py,208,recetas = cursor_mpro.fetchall()
BAJA,PERMITIDO_SYNC_BACKFILL_DIAGNOSTICO,Sync / Jobs,remote POS names,/app/backend/modules/tablajeria/sync_service.py,226,self._procesar_plantilla_mpro(
BAJA,PERMITIDO_SYNC_BACKFILL_DIAGNOSTICO,Sync / Jobs,remote POS names,/app/backend/modules/tablajeria/sync_service.py,245,def _procesar_plantilla_mpro(
BAJA,PERMITIDO_SYNC_BACKFILL_DIAGNOSTICO,Sync / Jobs,remote POS names,/app/backend/modules/tablajeria/sync_service.py,255,"""""""Procesa una plantilla individual de MPRO"""""""
BAJA,PERMITIDO_SYNC_BACKFILL_DIAGNOSTICO,Sync / Jobs,remote POS names,/app/backend/modules/tablajeria/sync_service.py,264,"codigo_plantilla = f""MPRO-{base_id}"""
BAJA,PERMITIDO_SYNC_BACKFILL_DIAGNOSTICO,Sync / Jobs,remote POS names,/app/backend/modules/tablajeria/sync_service.py,312,self._insertar_plantilla_mpro(
BAJA,PERMITIDO_SYNC_BACKFILL_DIAGNOSTICO,Sync / Jobs,remote POS names,/app/backend/modules/tablajeria/sync_service.py,320,self._actualizar_plantilla_mpro(
BAJA,PERMITIDO_SYNC_BACKFILL_DIAGNOSTICO,Sync / Jobs,remote POS names,/app/backend/modules/tablajeria/sync_service.py,327,self._insertar_plantilla_mpro(
BAJA,PERMITIDO_SYNC_BACKFILL_DIAGNOSTICO,Sync / Jobs,remote POS names,/app/backend/modules/tablajeria/sync_service.py,333,def _insertar_plantilla_mpro(
BAJA,PERMITIDO_SYNC_BACKFILL_DIAGNOSTICO,Sync / Jobs,remote POS names,/app/backend/modules/tablajeria/sync_service.py,352,"empresa_id = self._mapear_empresa_mpro(insumo_base.get('bdempresa', ''))"
BAJA,PERMITIDO_SYNC_BACKFILL_DIAGNOSTICO,Sync / Jobs,remote POS names,/app/backend/modules/tablajeria/sync_service.py,385,"f""MPRO-{insumo_base['idsubgrupo']}"","
BAJA,PERMITIDO_SYNC_BACKFILL_DIAGNOSTICO,Sync / Jobs,remote POS names,/app/backend/modules/tablajeria/sync_service.py,387,"f""Importado desde MPRO. BD: {insumo_base.get('bdempresa', '')}"","
BAJA,PERMITIDO_SYNC_BACKFILL_DIAGNOSTICO,Sync / Jobs,remote POS names,/app/backend/modules/tablajeria/sync_service.py,395,"OrigenPlantilla.LEGACY_MPRO_TABLAJERIA.value,"
BAJA,PERMITIDO_SYNC_BACKFILL_DIAGNOSTICO,Sync / Jobs,remote POS names,/app/backend/modules/tablajeria/sync_service.py,396,"'MPRO',"
BAJA,PERMITIDO_SYNC_BACKFILL_DIAGNOSTICO,Sync / Jobs,remote POS names,/app/backend/modules/tablajeria/sync_service.py,461,"logger.debug(f""[TablajeriaSync] Plantilla insertada: MPRO-{insumo_base['idsubgrupo']}"")"
BAJA,PERMITIDO_SYNC_BACKFILL_DIAGNOSTICO,Sync / Jobs,remote POS names,/app/backend/modules/tablajeria/sync_service.py,463,def _actualizar_plantilla_mpro(
BAJA,PERMITIDO_SYNC_BACKFILL_DIAGNOSTICO,Sync / Jobs,remote POS names,/app/backend/modules/tablajeria/sync_service.py,552,"def _mapear_empresa_mpro(self, bdempresa: str) -> str:"
BAJA,PERMITIDO_SYNC_BACKFILL_DIAGNOSTICO,Sync / Jobs,remote POS names,/app/backend/modules/tablajeria/sync_service.py,553,"""""""Mapea bdempresa de MPRO a EmpresaID de EDARSAHUB"""""""
BAJA,PERMITIDO_SYNC_BACKFILL_DIAGNOSTICO,Sync / Jobs,remote POS names,/app/backend/modules/tablajeria/sync_service.py,562,# SYNC CIENFUEGOS (SOFTRESTAURANT)
BAJA,PERMITIDO_SYNC_BACKFILL_DIAGNOSTICO,Sync / Jobs,remote POS names,/app/backend/modules/tablajeria/sync_service.py,572,"""""""Sincroniza desde CIENFUEGOS TABLAJERIA (SoftRestaurant)"""""""
BAJA,PERMITIDO_SYNC_BACKFILL_DIAGNOSTICO,Sync / Jobs,pymssql.connect,/app/backend/modules/tablajeria/sync_service.py,592,conn_cf = pymssql.connect(
BAJA,PERMITIDO_SYNC_BACKFILL_DIAGNOSTICO,Sync / Jobs,remote POS names,/app/backend/modules/tablajeria/sync_service.py,610,# TODO: Implementar lógica específica de SoftRestaurant
BAJA,PERMITIDO_SYNC_BACKFILL_DIAGNOSTICO,Sync / Jobs,remote POS names,/app/backend/modules/tablajeria/sync_service.py,639,"'MPRO' if 'MPRO' in (result.servidor_nombre or '') else 'SOFTRESTAURANT',"
BAJA,PERMITIDO_SYNC_BACKFILL_DIAGNOSTICO,Sync / Jobs,execute_sql_query,/app/backend/scripts/fase_sync_3a_r2_pordiasemana.py,88,registros = execute_sql_query(
BAJA,PERMITIDO_SYNC_BACKFILL_DIAGNOSTICO,Sync / Jobs,execute_sql_query,/app/backend/scripts/fase_sync_3a_r2_pordiasemana.py,238,execute_sql_query(
BAJA,PERMITIDO_SYNC_BACKFILL_DIAGNOSTICO,Sync / Jobs,remote POS names,/app/backend/scripts/paquete_piloto_sync_agent/sync_agent_piloto.py,3,EDARSA Sync Agent - Piloto SoftRestaurant (FASE 1)
BAJA,PERMITIDO_SYNC_BACKFILL_DIAGNOSTICO,Sync / Jobs,remote POS names,/app/backend/scripts/paquete_piloto_sync_agent/sync_agent_piloto.py,6,Script standalone para extraer KPIs de un servidor SoftRestaurant local
BAJA,PERMITIDO_SYNC_BACKFILL_DIAGNOSTICO,Sync / Jobs,pymssql.connect,/app/backend/scripts/paquete_piloto_sync_agent/sync_agent_piloto.py,101,conn = pymssql.connect(
BAJA,PERMITIDO_SYNC_BACKFILL_DIAGNOSTICO,Sync / Jobs,remote POS names,/app/backend/scripts/paquete_piloto_sync_agent/sync_agent_piloto.py,134,"def extract_kpis_softrestaurant(conn, fecha: str) -> List[Dict]:"
BAJA,PERMITIDO_SYNC_BACKFILL_DIAGNOSTICO,Sync / Jobs,remote POS names,/app/backend/scripts/paquete_piloto_sync_agent/sync_agent_piloto.py,136,Extrae KPIs de SoftRestaurant para una fecha.
BAJA,PERMITIDO_SYNC_BACKFILL_DIAGNOSTICO,Sync / Jobs,remote POS names,/app/backend/scripts/paquete_piloto_sync_agent/sync_agent_piloto.py,339,"description='EDARSA Sync Agent Piloto - SoftRestaurant',"
BAJA,PERMITIDO_SYNC_BACKFILL_DIAGNOSTICO,Sync / Jobs,remote POS names,/app/backend/scripts/paquete_piloto_sync_agent/sync_agent_piloto.py,359,"print(""  EDARSA SYNC AGENT - PILOTO SOFTRESTAURANT"")"
BAJA,PERMITIDO_SYNC_BACKFILL_DIAGNOSTICO,Sync / Jobs,remote POS names,/app/backend/scripts/paquete_piloto_sync_agent/sync_agent_piloto.py,427,"records = extract_kpis_softrestaurant(conn, fecha)"
BAJA,PERMITIDO_SYNC_BACKFILL_DIAGNOSTICO,Sync / Jobs,remote POS names,/app/backend/scripts/sync_agent_piloto.py,3,EDARSA Sync Agent - Piloto SoftRestaurant (FASE 1)
BAJA,PERMITIDO_SYNC_BACKFILL_DIAGNOSTICO,Sync / Jobs,remote POS names,/app/backend/scripts/sync_agent_piloto.py,6,Script standalone para extraer KPIs de un servidor SoftRestaurant local
BAJA,PERMITIDO_SYNC_BACKFILL_DIAGNOSTICO,Sync / Jobs,pymssql.connect,/app/backend/scripts/sync_agent_piloto.py,96,conn = pymssql.connect(
BAJA,PERMITIDO_SYNC_BACKFILL_DIAGNOSTICO,Sync / Jobs,pyodbc.connect,/app/backend/scripts/sync_agent_piloto.py,123,conn = pyodbc.connect(conn_str)
BAJA,PERMITIDO_SYNC_BACKFILL_DIAGNOSTICO,Sync / Jobs,remote POS names,/app/backend/scripts/sync_agent_piloto.py,148,"def extract_kpis_softrestaurant(conn, driver_type: str, fecha: str) -> List[Dict]:"
BAJA,PERMITIDO_SYNC_BACKFILL_DIAGNOSTICO,Sync / Jobs,remote POS names,/app/backend/scripts/sync_agent_piloto.py,150,Extrae KPIs de SoftRestaurant para una fecha.
BAJA,PERMITIDO_SYNC_BACKFILL_DIAGNOSTICO,Sync / Jobs,remote POS names,/app/backend/scripts/sync_agent_piloto.py,152,QUERY: Basada en query centralizada de queries/softrestaurant.py
BAJA,PERMITIDO_SYNC_BACKFILL_DIAGNOSTICO,Sync / Jobs,remote POS names,/app/backend/scripts/sync_agent_piloto.py,166,"# NOTA: SoftRestaurant típicamente no tiene campo sucursal en cheques,"
BAJA,PERMITIDO_SYNC_BACKFILL_DIAGNOSTICO,Sync / Jobs,remote POS names,/app/backend/scripts/sync_agent_piloto.py,185,"'sucursal_id': '01',  # SoftRestaurant típicamente es single-sucursal"
BAJA,PERMITIDO_SYNC_BACKFILL_DIAGNOSTICO,Sync / Jobs,remote POS names,/app/backend/scripts/sync_agent_piloto.py,307,parser = argparse.ArgumentParser(description='EDARSA Sync Agent Piloto - SoftRestaurant')
BAJA,PERMITIDO_SYNC_BACKFILL_DIAGNOSTICO,Sync / Jobs,remote POS names,/app/backend/scripts/sync_agent_piloto.py,353,"records = extract_kpis_softrestaurant(conn, driver_type, fecha)"
BAJA,PERMITIDO_SYNC_BACKFILL_DIAGNOSTICO,Sync / Jobs,pymssql.connect,/app/backend/scripts/sync_response_cache_finops.py,16,return pymssql.connect(
BAJA,PERMITIDO_SYNC_BACKFILL_DIAGNOSTICO,Sync / Jobs,remote POS names,/app/backend/scripts/sync_response_cache_finops.py,149,# 1. Comprobar caché
BAJA,PERMITIDO_SYNC_BACKFILL_DIAGNOSTICO,Sync / Jobs,execute_sql_query,/app/backend/tools/sync_sales_dry_run.py,58,result = execute_sql_query(
BAJA,PERMITIDO_SYNC_BACKFILL_DIAGNOSTICO,Sync / Jobs,execute_sql_query,/app/backend/tools/sync_sales_dry_run.py,152,"result = execute_sql_query(host, port, database, username, password, query)"
BAJA,PERMITIDO_SYNC_BACKFILL_DIAGNOSTICO,Sync / Jobs,execute_sql_query,/app/backend/tools/sync_sales_dry_run.py,161,"test_result = execute_sql_query(host, port, database, username, password, ""SELECT 1 AS test"")"
BAJA,PERMITIDO_SYNC_BACKFILL_DIAGNOSTICO,Sync / Jobs,remote POS names,/app/backend/tools/sync_sales_dry_run.py,182,# (Se eliminó la restricción de choices para permitir MPRO y otras)
BAJA,PERMITIDO_SYNC_BACKFILL_DIAGNOSTICO,Sync / Jobs,remote POS names,/app/backend/tools/sync_sales_dry_run.py,194,"Soporta: SoftRestaurant, MPRO (ManagmentPro)"
BAJA,PERMITIDO_SYNC_BACKFILL_DIAGNOSTICO,Sync / Jobs,direct host ddns,/app/backend/tools/sync_sales_dry_run.py,199,"""130MID"": ""130° MERIDA"","
BAJA,PERMITIDO_SYNC_BACKFILL_DIAGNOSTICO,Sync / Jobs,remote POS names,/app/backend/tools/sync_sales_dry_run.py,250,# 3. Combinar información - incluir sucursal_origen_id para MPRO
BAJA,PERMITIDO_SYNC_BACKFILL_DIAGNOSTICO,Sync / Jobs,remote POS names,/app/backend/tools/sync_sales_dry_run.py,257,"""sucursal_origen_id"": unidad.get('sucursal_origen_id'),  # IMPORTANTE para MPRO"
BAJA,PERMITIDO_SYNC_BACKFILL_DIAGNOSTICO,Sync / Jobs,remote POS names,/app/backend/tools/sync_sales_dry_run.py,270,"def get_softrestaurant_query(fecha_inicio: str, fecha_fin: str) -> str:"
BAJA,PERMITIDO_SYNC_BACKFILL_DIAGNOSTICO,Sync / Jobs,remote POS names,/app/backend/tools/sync_sales_dry_run.py,272,Query para extraer ventas cerradas de SoftRestaurant.
BAJA,PERMITIDO_SYNC_BACKFILL_DIAGNOSTICO,Sync / Jobs,remote POS names,/app/backend/tools/sync_sales_dry_run.py,330,# REGLA PERMANENTE: SOFTRESTAURANT LEGACY
BAJA,PERMITIDO_SYNC_BACKFILL_DIAGNOSTICO,Sync / Jobs,remote POS names,/app/backend/tools/sync_sales_dry_run.py,332,# Documento rector: /app/docs/rules/RULE_SYNC_SALES_SOFTRESTAURANT_LEGACY_AMOUNTS.md
BAJA,PERMITIDO_SYNC_BACKFILL_DIAGNOSTICO,Sync / Jobs,remote POS names,/app/backend/tools/sync_sales_dry_run.py,335,# - Usar FOR JSON PATH contra SoftRestaurant legacy
BAJA,PERMITIDO_SYNC_BACKFILL_DIAGNOSTICO,Sync / Jobs,remote POS names,/app/backend/tools/sync_sales_dry_run.py,344,def calculate_softrestaurant_item_total(row: Dict) -> float:
BAJA,PERMITIDO_SYNC_BACKFILL_DIAGNOSTICO,Sync / Jobs,remote POS names,/app/backend/tools/sync_sales_dry_run.py,346,REGLA PERMANENTE - SoftRestaurant Legacy:
BAJA,PERMITIDO_SYNC_BACKFILL_DIAGNOSTICO,Sync / Jobs,remote POS names,/app/backend/tools/sync_sales_dry_run.py,349,SoftRestaurant legacy DEBE calcular item_total como cantidad * precio.
BAJA,PERMITIDO_SYNC_BACKFILL_DIAGNOSTICO,Sync / Jobs,remote POS names,/app/backend/tools/sync_sales_dry_run.py,371,- El importe de cada item se calcula con calculate_softrestaurant_item_total()
BAJA,PERMITIDO_SYNC_BACKFILL_DIAGNOSTICO,Sync / Jobs,remote POS names,/app/backend/tools/sync_sales_dry_run.py,409,# REGLA PERMANENTE: Calcular importe con calculate_softrestaurant_item_total
BAJA,PERMITIDO_SYNC_BACKFILL_DIAGNOSTICO,Sync / Jobs,remote POS names,/app/backend/tools/sync_sales_dry_run.py,413,item_total = calculate_softrestaurant_item_total(row)
BAJA,PERMITIDO_SYNC_BACKFILL_DIAGNOSTICO,Sync / Jobs,remote POS names,/app/backend/tools/sync_sales_dry_run.py,438,"""Revisar cantidad/precio SoftRestaurant legacy."""
BAJA,PERMITIDO_SYNC_BACKFILL_DIAGNOSTICO,Sync / Jobs,remote POS names,/app/backend/tools/sync_sales_dry_run.py,456,"def get_mpro_query(fecha_inicio: str, fecha_fin: str, sucursal_id: str) -> str:"
BAJA,PERMITIDO_SYNC_BACKFILL_DIAGNOSTICO,Sync / Jobs,remote POS names,/app/backend/tools/sync_sales_dry_run.py,458,Query para extraer ventas cerradas de MPRO (ManagmentPro).
BAJA,PERMITIDO_SYNC_BACKFILL_DIAGNOSTICO,Sync / Jobs,remote POS names,/app/backend/tools/sync_sales_dry_run.py,462,NOTA: MPRO usa la tabla 'Venta' que contiene tanto encabezado como detalle.
BAJA,PERMITIDO_SYNC_BACKFILL_DIAGNOSTICO,Sync / Jobs,remote POS names,/app/backend/tools/sync_sales_dry_run.py,500,"Soporta: SoftRestaurant, MPRO (ManagmentPro)"
BAJA,PERMITIDO_SYNC_BACKFILL_DIAGNOSTICO,Sync / Jobs,remote POS names,/app/backend/tools/sync_sales_dry_run.py,509,# SoftRestaurant
BAJA,PERMITIDO_SYNC_BACKFILL_DIAGNOSTICO,Sync / Jobs,remote POS names,/app/backend/tools/sync_sales_dry_run.py,510,"query = get_softrestaurant_query(fecha_inicio, fecha_fin)"
BAJA,PERMITIDO_SYNC_BACKFILL_DIAGNOSTICO,Sync / Jobs,remote POS names,/app/backend/tools/sync_sales_dry_run.py,511,"logger.info(f""Sistema: SoftRestaurant"")"
BAJA,PERMITIDO_SYNC_BACKFILL_DIAGNOSTICO,Sync / Jobs,remote POS names,/app/backend/tools/sync_sales_dry_run.py,512,elif 'MPRO' in system_type:
BAJA,PERMITIDO_SYNC_BACKFILL_DIAGNOSTICO,Sync / Jobs,remote POS names,/app/backend/tools/sync_sales_dry_run.py,516,"logger.error(f""MPRO requiere sucursal_origen_id pero no está configurado"")"
BAJA,PERMITIDO_SYNC_BACKFILL_DIAGNOSTICO,Sync / Jobs,remote POS names,/app/backend/tools/sync_sales_dry_run.py,518,"query = get_mpro_query(fecha_inicio, fecha_fin, sucursal_id)"
BAJA,PERMITIDO_SYNC_BACKFILL_DIAGNOSTICO,Sync / Jobs,remote POS names,/app/backend/tools/sync_sales_dry_run.py,519,"logger.info(f""Sistema: MPRO (Sucursal: {sucursal_id})"")"
BAJA,PERMITIDO_SYNC_BACKFILL_DIAGNOSTICO,Sync / Jobs,direct host ddns,/app/scripts/run_sync_sales_dry_run_backfill_7_dias.sh,19,"""130MID"""
BAJA,PERMITIDO_SYNC_BACKFILL_DIAGNOSTICO,Sync / Jobs,remote POS names,/app/scripts/run_sync_sales_dry_run_backfill_7_dias.sh,41,"echo ""- SoftRestaurant legacy debe construir items JSON en Python."" >> ""$REPORT"""
BAJA,PERMITIDO_SYNC_BACKFILL_DIAGNOSTICO,Sync / Jobs,remote POS names,/app/scripts/run_sync_sales_dry_run_backfill_7_dias.sh,42,"echo ""- Prohibido usar FOR JSON PATH contra SoftRestaurant legacy."" >> ""$REPORT"""
BAJA,PERMITIDO_SYNC_BACKFILL_DIAGNOSTICO,Sync / Jobs,remote POS names,/app/scripts/run_sync_sales_dry_run_backfill_7_dias.sh,43,"echo ""- Para SoftRestaurant legacy, item_total debe calcularse como cantidad * precio."" >> ""$REPORT"""
BAJA,PERMITIDO_SYNC_BACKFILL_DIAGNOSTICO,Sync / Jobs,remote POS names,/app/scripts/run_sync_sales_dry_run_backfill_7_dias.sh,64,"echo ""## 2. Validación de regla SoftRestaurant legacy"" >> ""$REPORT"""
BAJA,PERMITIDO_SYNC_BACKFILL_DIAGNOSTICO,Sync / Jobs,remote POS names,/app/scripts/run_sync_sales_dry_run_backfill_7_dias.sh,68,"if [[ -f ""$ROOT/scripts/validate_sync_sales_softrestaurant_legacy_rules.sh"" ]]; then"
BAJA,PERMITIDO_SYNC_BACKFILL_DIAGNOSTICO,Sync / Jobs,remote POS names,/app/scripts/run_sync_sales_dry_run_backfill_7_dias.sh,69,"bash ""$ROOT/scripts/validate_sync_sales_softrestaurant_legacy_rules.sh"" ""$ROOT"" >> ""$REPORT"" 2>&1 || {"
BAJA,PERMITIDO_SYNC_BACKFILL_DIAGNOSTICO,Sync / Jobs,remote POS names,/app/scripts/run_sync_sales_dry_run_backfill_7_dias.sh,73,"echo ""WARNING: No existe validate_sync_sales_softrestaurant_legacy_rules.sh"" >> ""$REPORT"""
BAJA,PERMITIDO_SYNC_BACKFILL_DIAGNOSTICO,Sync / Jobs,direct host ddns,/app/scripts/run_sync_sales_dry_run_todas_unidades.sh,19,"""130MID"""
BAJA,PERMITIDO_SYNC_BACKFILL_DIAGNOSTICO,Sync / Jobs,remote POS names,/app/scripts/run_sync_sales_dry_run_todas_unidades.sh,38,"echo ""- SoftRestaurant legacy debe construir items JSON en Python."" >> ""$REPORT"""
BAJA,PERMITIDO_SYNC_BACKFILL_DIAGNOSTICO,Sync / Jobs,remote POS names,/app/scripts/run_sync_sales_dry_run_todas_unidades.sh,39,"echo ""- Prohibido FOR JSON PATH contra SoftRestaurant legacy."" >> ""$REPORT"""
BAJA,PERMITIDO_SYNC_BACKFILL_DIAGNOSTICO,Sync / Jobs,remote POS names,/app/scripts/validate_sync_sales_softrestaurant_legacy_rules.sh,3,# VALIDADOR DE REGLA: SYNC_SALES SOFTRESTAURANT LEGACY
BAJA,PERMITIDO_SYNC_BACKFILL_DIAGNOSTICO,Sync / Jobs,remote POS names,/app/scripts/validate_sync_sales_softrestaurant_legacy_rules.sh,6,# 1. NO usar FOR JSON PATH contra SoftRestaurant
BAJA,PERMITIDO_SYNC_BACKFILL_DIAGNOSTICO,Sync / Jobs,remote POS names,/app/scripts/validate_sync_sales_softrestaurant_legacy_rules.sh,15,"REPORT=""$ROOT/docs/reports/VALIDACION_REGLA_SYNC_SALES_SOFTRESTAURANT_LEGACY.md"""
BAJA,PERMITIDO_SYNC_BACKFILL_DIAGNOSTICO,Sync / Jobs,remote POS names,/app/scripts/validate_sync_sales_softrestaurant_legacy_rules.sh,23,"echo ""VALIDADOR: SYNC_SALES SOFTRESTAURANT LEGACY"""
BAJA,PERMITIDO_SYNC_BACKFILL_DIAGNOSTICO,Sync / Jobs,remote POS names,/app/scripts/validate_sync_sales_softrestaurant_legacy_rules.sh,47,"PY_CALC_PRESENT=$(grep -n ""quantity.*price\|cantidad.*precio\|item_quantity.*item_price\|calculate_softrestaurant_item_total"" \"
BAJA,PERMITIDO_SYNC_BACKFILL_DIAGNOSTICO,Sync / Jobs,remote POS names,/app/scripts/validate_sync_sales_softrestaurant_legacy_rules.sh,56,"echo ""Paso 5: Verificando función calculate_softrestaurant_item_total..."""
BAJA,PERMITIDO_SYNC_BACKFILL_DIAGNOSTICO,Sync / Jobs,remote POS names,/app/scripts/validate_sync_sales_softrestaurant_legacy_rules.sh,57,"CALC_FUNC_PRESENT=$(grep -n ""def calculate_softrestaurant_item_total"" ""$TARGET"" 2>/dev/null || echo """")"
BAJA,PERMITIDO_SYNC_BACKFILL_DIAGNOSTICO,Sync / Jobs,remote POS names,/app/scripts/validate_sync_sales_softrestaurant_legacy_rules.sh,61,"echo ""# VALIDACIÓN REGLA SYNC_SALES SOFTRESTAURANT LEGACY"""
BAJA,PERMITIDO_SYNC_BACKFILL_DIAGNOSTICO,Sync / Jobs,remote POS names,/app/scripts/validate_sync_sales_softrestaurant_legacy_rules.sh,70,"echo ""SoftRestaurant legacy no debe usar FOR JSON PATH ni totalsrx/subtotalsrx como importe."""
BAJA,PERMITIDO_SYNC_BACKFILL_DIAGNOSTICO,Sync / Jobs,remote POS names,/app/scripts/validate_sync_sales_softrestaurant_legacy_rules.sh,115,"echo ""## 5. Función calculate_softrestaurant_item_total"""
BAJA,PERMITIDO_SYNC_BACKFILL_DIAGNOSTICO,Sync / Jobs,remote POS names,/app/scripts/validate_sync_sales_softrestaurant_legacy_rules.sh,164,"echo ""⚠️ WARNING: Función calculate_softrestaurant_item_total no encontrada (recomendada)."" | tee -a ""$REPORT"""
BAJA,PERMITIDO_SYNC_BACKFILL_DIAGNOSTICO,Sync / Jobs,remote POS names,/app/scripts/validate_sync_sales_softrestaurant_legacy_rules.sh,167,"echo ""✅ PASS: Función calculate_softrestaurant_item_total presente."" | tee -a ""$REPORT"""
