application,file,module,classification
frontend,frontend/eslint.config.js,@eslint/js,DECLARED
frontend,frontend/eslint.config.js,eslint-plugin-react,DECLARED
frontend,frontend/eslint.config.js,eslint-plugin-react-hooks,DECLARED
frontend,frontend/craco.config.js,./plugins/health-check/health-endpoints,LOCAL
frontend,frontend/craco.config.js,./plugins/health-check/webpack-health-plugin,LOCAL
frontend,frontend/craco.config.js,@emergentbase/visual-edits,DECLARED
frontend,frontend/craco.config.js,dotenv,NOT_DECLARED
frontend,frontend/craco.config.js,path,NOT_DECLARED
frontend,frontend/tailwind.config.js,tailwindcss,DECLARED
frontend,frontend/tailwind.config.js,tailwindcss-animate,DECLARED
frontend,frontend/plugins/health-check/health-endpoints.js,os,NOT_DECLARED
frontend,frontend/src/App.js,./pages/AdminHub,LOCAL
frontend,frontend/src/App.js,./pages/CentroExcepciones,LOCAL
frontend,frontend/src/App.js,./pages/DashboardEjecutivo,LOCAL
frontend,frontend/src/App.js,@/components,NOT_DECLARED
frontend,frontend/src/App.js,@/contexts,NOT_DECLARED
frontend,frontend/src/App.js,@/lib,NOT_DECLARED
frontend,frontend/src/App.js,@/pages,NOT_DECLARED
frontend,frontend/src/App.js,@/pages,NOT_DECLARED
frontend,frontend/src/App.js,@/pages,NOT_DECLARED
frontend,frontend/src/App.js,@/pages,NOT_DECLARED
frontend,frontend/src/App.js,@/pages,NOT_DECLARED
frontend,frontend/src/App.js,@/pages,NOT_DECLARED
frontend,frontend/src/App.js,@/pages,NOT_DECLARED
frontend,frontend/src/App.js,@/pages,NOT_DECLARED
frontend,frontend/src/App.js,@/pages,NOT_DECLARED
frontend,frontend/src/App.js,@/pages,NOT_DECLARED
frontend,frontend/src/App.js,@/pages,NOT_DECLARED
frontend,frontend/src/App.js,@/pages,NOT_DECLARED
frontend,frontend/src/App.js,@/pages,NOT_DECLARED
frontend,frontend/src/App.js,@/pages,NOT_DECLARED
frontend,frontend/src/App.js,@/pages,NOT_DECLARED
frontend,frontend/src/App.js,@/pages,NOT_DECLARED
frontend,frontend/src/App.js,@/pages,NOT_DECLARED
frontend,frontend/src/App.js,@/pages,NOT_DECLARED
frontend,frontend/src/App.js,@/pages,NOT_DECLARED
frontend,frontend/src/App.js,@/pages,NOT_DECLARED
frontend,frontend/src/App.js,@/pages,NOT_DECLARED
frontend,frontend/src/App.js,@/pages,NOT_DECLARED
frontend,frontend/src/App.js,@/pages,NOT_DECLARED
frontend,frontend/src/App.js,@/pages,NOT_DECLARED
frontend,frontend/src/App.js,@/pages,NOT_DECLARED
frontend,frontend/src/App.js,@/pages,NOT_DECLARED
frontend,frontend/src/App.js,@/pages,NOT_DECLARED
frontend,frontend/src/App.js,@/pages,NOT_DECLARED
frontend,frontend/src/App.js,@/pages,NOT_DECLARED
frontend,frontend/src/App.js,@/pages,NOT_DECLARED
frontend,frontend/src/App.js,@/pages,NOT_DECLARED
frontend,frontend/src/App.js,@/pages,NOT_DECLARED
frontend,frontend/src/App.js,@/pages,NOT_DECLARED
frontend,frontend/src/App.js,@/pages,NOT_DECLARED
frontend,frontend/src/App.js,@/pages,NOT_DECLARED
frontend,frontend/src/App.js,@/pages,NOT_DECLARED
frontend,frontend/src/App.js,@/pages,NOT_DECLARED
frontend,frontend/src/App.js,@/pages,NOT_DECLARED
frontend,frontend/src/App.js,@/pages,NOT_DECLARED
frontend,frontend/src/App.js,@/pages,NOT_DECLARED
frontend,frontend/src/App.js,@/pages,NOT_DECLARED
frontend,frontend/src/App.js,@/pages,NOT_DECLARED
frontend,frontend/src/App.js,@/pages,NOT_DECLARED
frontend,frontend/src/App.js,@/pages,NOT_DECLARED
frontend,frontend/src/App.js,@/pages,NOT_DECLARED
frontend,frontend/src/App.js,@/pages,NOT_DECLARED
frontend,frontend/src/App.js,@/pages,NOT_DECLARED
frontend,frontend/src/App.js,@/pages,NOT_DECLARED
frontend,frontend/src/App.js,@/pages,NOT_DECLARED
frontend,frontend/src/App.js,@/pages,NOT_DECLARED
frontend,frontend/src/App.js,@/pages,NOT_DECLARED
frontend,frontend/src/App.js,@/pages,NOT_DECLARED
frontend,frontend/src/App.js,@/pages,NOT_DECLARED
frontend,frontend/src/App.js,@/pages,NOT_DECLARED
frontend,frontend/src/App.js,@/portal-inteligencia,NOT_DECLARED
frontend,frontend/src/App.js,@/portal,NOT_DECLARED
frontend,frontend/src/App.js,react-router-dom,DECLARED
frontend,frontend/src/App.js,sonner,DECLARED
frontend,frontend/src/index.js,@/HostRouter,NOT_DECLARED
frontend,frontend/src/index.js,@/index.css,NOT_DECLARED
frontend,frontend/src/index.js,@/lib,NOT_DECLARED
frontend,frontend/src/index.js,react,DECLARED
frontend,frontend/src/index.js,react-dom,DECLARED
frontend,frontend/src/portal-inteligencia/utils/exportUtils.js,file-saver,DECLARED
frontend,frontend/src/portal-inteligencia/utils/exportUtils.js,jspdf,DECLARED
frontend,frontend/src/portal-inteligencia/utils/exportUtils.js,jspdf-autotable,DECLARED
frontend,frontend/src/portal-inteligencia/utils/exportUtils.js,xlsx,DECLARED
frontend,frontend/src/portal-inteligencia/utils/usePeriodo.js,react,DECLARED
frontend,frontend/src/portal-inteligencia/api/client.js,../../lib/api,LOCAL
frontend,frontend/src/portal-inteligencia/api/client.js,axios,DECLARED
frontend,frontend/src/pages/Compras.js,../components/PortalProveedoresTab,LOCAL
frontend,frontend/src/pages/Compras.js,../components/compras/DetalleProductoModal,LOCAL
frontend,frontend/src/pages/Compras.js,../components/ui/button,LOCAL
frontend,frontend/src/pages/Compras.js,../components/ui/card,LOCAL
frontend,frontend/src/pages/Compras.js,../components/ui/checkbox,LOCAL
frontend,frontend/src/pages/Compras.js,../components/ui/dialog,LOCAL
frontend,frontend/src/pages/Compras.js,../components/ui/input,LOCAL
frontend,frontend/src/pages/Compras.js,../components/ui/label,LOCAL
frontend,frontend/src/pages/Compras.js,../components/ui/select,LOCAL
frontend,frontend/src/pages/Compras.js,../components/ui/tabs,LOCAL
frontend,frontend/src/pages/Compras.js,../contexts/AuthContext,LOCAL
frontend,frontend/src/pages/Compras.js,../hooks/useDetalleProducto,LOCAL
frontend,frontend/src/pages/Compras.js,../lib/api,LOCAL
frontend,frontend/src/pages/Compras.js,../lib/inventarioSelectorUtils,LOCAL
frontend,frontend/src/pages/Compras.js,../lib/roleUtils,LOCAL
frontend,frontend/src/pages/Compras.js,../portal-inteligencia/components/ExportButtons,LOCAL
frontend,frontend/src/pages/Compras.js,../services/authStorage,LOCAL
frontend,frontend/src/pages/Compras.js,../services/comprasUtils,LOCAL
frontend,frontend/src/pages/Compras.js,../services/logger,LOCAL
frontend,frontend/src/pages/Compras.js,../services/unidadesNegocioService,LOCAL
frontend,frontend/src/pages/Compras.js,lucide-react,DECLARED
frontend,frontend/src/pages/Compras.js,react,DECLARED
frontend,frontend/src/pages/Compras.js,sonner,DECLARED
frontend,frontend/src/pages/Nominas.js,../components/ui/button,LOCAL
frontend,frontend/src/pages/Nominas.js,../components/ui/card,LOCAL
frontend,frontend/src/pages/Nominas.js,../components/ui/input,LOCAL
frontend,frontend/src/pages/Nominas.js,../components/ui/label,LOCAL
frontend,frontend/src/pages/Nominas.js,../lib/api,LOCAL
frontend,frontend/src/pages/Nominas.js,../services/authStorage,LOCAL
frontend,frontend/src/pages/Nominas.js,../services/logger,LOCAL
frontend,frontend/src/pages/Nominas.js,lucide-react,DECLARED
frontend,frontend/src/pages/Nominas.js,react,DECLARED
frontend,frontend/src/pages/Nominas.js,sonner,DECLARED
frontend,frontend/src/pages/ResetPassword.js,@/components,NOT_DECLARED
frontend,frontend/src/pages/ResetPassword.js,axios,DECLARED
frontend,frontend/src/pages/ResetPassword.js,react,DECLARED
frontend,frontend/src/pages/ResetPassword.js,react-router-dom,DECLARED
frontend,frontend/src/pages/ReportesBI.js,../components/ui/card,LOCAL
frontend,frontend/src/pages/ReportesBI.js,lucide-react,DECLARED
frontend,frontend/src/pages/ReportesBI.js,react,DECLARED
frontend,frontend/src/pages/Finanzas.js,../components/PropinasTPV,LOCAL
frontend,frontend/src/pages/Finanzas.js,../components/TesoreriaCorteZ,LOCAL
frontend,frontend/src/pages/Finanzas.js,../components/finanzas,LOCAL
frontend,frontend/src/pages/Finanzas.js,../components/finanzas/cuentas-bancarias,LOCAL
frontend,frontend/src/pages/Finanzas.js,../components/ui/button,LOCAL
frontend,frontend/src/pages/Finanzas.js,../components/ui/card,LOCAL
frontend,frontend/src/pages/Finanzas.js,../components/ui/input,LOCAL
frontend,frontend/src/pages/Finanzas.js,../components/ui/label,LOCAL
frontend,frontend/src/pages/Finanzas.js,../contexts/AuthContext,LOCAL
frontend,frontend/src/pages/Finanzas.js,../filters,LOCAL
frontend,frontend/src/pages/Finanzas.js,../filters/CorporateFiltersProvider,LOCAL
frontend,frontend/src/pages/Finanzas.js,../lib/api,LOCAL
frontend,frontend/src/pages/Finanzas.js,../lib/roleUtils,LOCAL
frontend,frontend/src/pages/Finanzas.js,../services/authStorage,LOCAL
frontend,frontend/src/pages/Finanzas.js,../services/logger,LOCAL
frontend,frontend/src/pages/Finanzas.js,lucide-react,DECLARED
frontend,frontend/src/pages/Finanzas.js,react,DECLARED
frontend,frontend/src/pages/Finanzas.js,recharts,DECLARED
frontend,frontend/src/pages/Finanzas.js,sonner,DECLARED
frontend,frontend/src/pages/ExploradorBD.js,../components/ui/button,LOCAL
frontend,frontend/src/pages/ExploradorBD.js,../components/ui/card,LOCAL
frontend,frontend/src/pages/ExploradorBD.js,../components/ui/dialog,LOCAL
frontend,frontend/src/pages/ExploradorBD.js,../components/ui/input,LOCAL
frontend,frontend/src/pages/ExploradorBD.js,../components/ui/select,LOCAL
frontend,frontend/src/pages/ExploradorBD.js,../components/ui/tabs,LOCAL
frontend,frontend/src/pages/ExploradorBD.js,../components/ui/textarea,LOCAL
frontend,frontend/src/pages/ExploradorBD.js,../lib/api,LOCAL
frontend,frontend/src/pages/ExploradorBD.js,../lib/roleUtils,LOCAL
frontend,frontend/src/pages/ExploradorBD.js,../services/authStorage,LOCAL
frontend,frontend/src/pages/ExploradorBD.js,../services/logger,LOCAL
frontend,frontend/src/pages/ExploradorBD.js,@/services,NOT_DECLARED
frontend,frontend/src/pages/ExploradorBD.js,lucide-react,DECLARED
frontend,frontend/src/pages/ExploradorBD.js,react,DECLARED
frontend,frontend/src/pages/ExploradorBD.js,react-router-dom,DECLARED
frontend,frontend/src/pages/ExploradorBD.js,sonner,DECLARED
frontend,frontend/src/pages/Servidores.js,../services/logger,LOCAL
frontend,frontend/src/pages/Servidores.js,@/components,NOT_DECLARED
frontend,frontend/src/pages/Servidores.js,@/components,NOT_DECLARED
frontend,frontend/src/pages/Servidores.js,@/components,NOT_DECLARED
frontend,frontend/src/pages/Servidores.js,@/components,NOT_DECLARED
frontend,frontend/src/pages/Servidores.js,@/components,NOT_DECLARED
frontend,frontend/src/pages/Servidores.js,@/components,NOT_DECLARED
frontend,frontend/src/pages/Servidores.js,@/components,NOT_DECLARED
frontend,frontend/src/pages/Servidores.js,@/components,NOT_DECLARED
frontend,frontend/src/pages/Servidores.js,@/components,NOT_DECLARED
frontend,frontend/src/pages/Servidores.js,@/components,NOT_DECLARED
frontend,frontend/src/pages/Servidores.js,@/components,NOT_DECLARED
frontend,frontend/src/pages/Servidores.js,@/components,NOT_DECLARED
frontend,frontend/src/pages/Servidores.js,@/components,NOT_DECLARED
frontend,frontend/src/pages/Servidores.js,@/lib,NOT_DECLARED
frontend,frontend/src/pages/Servidores.js,@/lib,NOT_DECLARED
frontend,frontend/src/pages/Servidores.js,lucide-react,DECLARED
frontend,frontend/src/pages/Servidores.js,react,DECLARED
frontend,frontend/src/pages/Servidores.js,sonner,DECLARED
frontend,frontend/src/pages/Produccion.js,../components/ui/card,LOCAL
frontend,frontend/src/pages/Produccion.js,lucide-react,DECLARED
frontend,frontend/src/pages/Produccion.js,react,DECLARED
frontend,frontend/src/pages/Catalogos.js,../lib/api,LOCAL
frontend,frontend/src/pages/Catalogos.js,../services/logger,LOCAL
frontend,frontend/src/pages/Catalogos.js,@/components,NOT_DECLARED
frontend,frontend/src/pages/Catalogos.js,@/components,NOT_DECLARED
frontend,frontend/src/pages/Catalogos.js,@/components,NOT_DECLARED
frontend,frontend/src/pages/Catalogos.js,@/components,NOT_DECLARED
frontend,frontend/src/pages/Catalogos.js,@/components,NOT_DECLARED
frontend,frontend/src/pages/Catalogos.js,@/components,NOT_DECLARED
frontend,frontend/src/pages/Catalogos.js,@/components,NOT_DECLARED
frontend,frontend/src/pages/Catalogos.js,@/components,NOT_DECLARED
frontend,frontend/src/pages/Catalogos.js,lucide-react,DECLARED
frontend,frontend/src/pages/Catalogos.js,react,DECLARED
frontend,frontend/src/pages/Catalogos.js,sonner,DECLARED
frontend,frontend/src/pages/RecursosHumanos.js,../components/GestionSolicitudesCatalogo,LOCAL
frontend,frontend/src/pages/RecursosHumanos.js,../components/ModalSolicitudCatalogo,LOCAL
frontend,frontend/src/pages/RecursosHumanos.js,../components/recursos-humanos,LOCAL
frontend,frontend/src/pages/RecursosHumanos.js,../components/ui/button,LOCAL
frontend,frontend/src/pages/RecursosHumanos.js,../components/ui/card,LOCAL
frontend,frontend/src/pages/RecursosHumanos.js,../components/ui/input,LOCAL
frontend,frontend/src/pages/RecursosHumanos.js,../components/ui/label,LOCAL
frontend,frontend/src/pages/RecursosHumanos.js,../lib/api,LOCAL
frontend,frontend/src/pages/RecursosHumanos.js,../lib/roleUtils,LOCAL
frontend,frontend/src/pages/RecursosHumanos.js,../services/authStorage,LOCAL
frontend,frontend/src/pages/RecursosHumanos.js,../services/logger,LOCAL
frontend,frontend/src/pages/RecursosHumanos.js,../utils/styleHelpers,LOCAL
frontend,frontend/src/pages/RecursosHumanos.js,lucide-react,DECLARED
frontend,frontend/src/pages/RecursosHumanos.js,react,DECLARED
frontend,frontend/src/pages/RecursosHumanos.js,sonner,DECLARED
frontend,frontend/src/pages/Reportes.js,../utils/styleHelpers,LOCAL
frontend,frontend/src/pages/Reportes.js,./Dashboard,LOCAL
frontend,frontend/src/pages/Reportes.js,@/components,NOT_DECLARED
frontend,frontend/src/pages/Reportes.js,@/components,NOT_DECLARED
frontend,frontend/src/pages/Reportes.js,@/components,NOT_DECLARED
frontend,frontend/src/pages/Reportes.js,@/components,NOT_DECLARED
frontend,frontend/src/pages/Reportes.js,@/components,NOT_DECLARED
frontend,frontend/src/pages/Reportes.js,@/components,NOT_DECLARED
frontend,frontend/src/pages/Reportes.js,@/components,NOT_DECLARED
frontend,frontend/src/pages/Reportes.js,@/components,NOT_DECLARED
frontend,frontend/src/pages/Reportes.js,@/components,NOT_DECLARED
frontend,frontend/src/pages/Reportes.js,@/contexts,NOT_DECLARED
frontend,frontend/src/pages/Reportes.js,@/hooks,NOT_DECLARED
frontend,frontend/src/pages/Reportes.js,@/lib,NOT_DECLARED
frontend,frontend/src/pages/Reportes.js,@/lib,NOT_DECLARED
frontend,frontend/src/pages/Reportes.js,@/services,NOT_DECLARED
frontend,frontend/src/pages/Reportes.js,@/services,NOT_DECLARED
frontend,frontend/src/pages/Reportes.js,file-saver,DECLARED
frontend,frontend/src/pages/Reportes.js,jspdf,DECLARED
frontend,frontend/src/pages/Reportes.js,jspdf-autotable,DECLARED
frontend,frontend/src/pages/Reportes.js,lucide-react,DECLARED
frontend,frontend/src/pages/Reportes.js,react,DECLARED
frontend,frontend/src/pages/Reportes.js,react-router-dom,DECLARED
frontend,frontend/src/pages/Reportes.js,sonner,DECLARED
frontend,frontend/src/pages/Reportes.js,xlsx,DECLARED
frontend,frontend/src/pages/AdminHub.js,react,DECLARED
frontend,frontend/src/pages/AdminHub.js,react-router-dom,DECLARED
frontend,frontend/src/pages/SyncMonitor.js,lucide-react,DECLARED
frontend,frontend/src/pages/SyncMonitor.js,react,DECLARED
frontend,frontend/src/pages/Dashboard.js,../services/logger,LOCAL
frontend,frontend/src/pages/Dashboard.js,../utils/styleHelpers,LOCAL
frontend,frontend/src/pages/Dashboard.js,@/components,NOT_DECLARED
frontend,frontend/src/pages/Dashboard.js,@/components,NOT_DECLARED
frontend,frontend/src/pages/Dashboard.js,@/components,NOT_DECLARED
frontend,frontend/src/pages/Dashboard.js,@/lib,NOT_DECLARED
frontend,frontend/src/pages/Dashboard.js,@/services,NOT_DECLARED
frontend,frontend/src/pages/Dashboard.js,lucide-react,DECLARED
frontend,frontend/src/pages/Dashboard.js,react,DECLARED
frontend,frontend/src/pages/Dashboard.js,recharts,DECLARED
frontend,frontend/src/pages/Dashboard.js,sonner,DECLARED
frontend,frontend/src/pages/CentroExcepciones.js,react,DECLARED
frontend,frontend/src/pages/ImportadorRH.js,../components/ui/button,LOCAL
frontend,frontend/src/pages/ImportadorRH.js,../components/ui/card,LOCAL
frontend,frontend/src/pages/ImportadorRH.js,../components/ui/input,LOCAL
frontend,frontend/src/pages/ImportadorRH.js,../lib/api,LOCAL
frontend,frontend/src/pages/ImportadorRH.js,../services/logger,LOCAL
frontend,frontend/src/pages/ImportadorRH.js,lucide-react,DECLARED
frontend,frontend/src/pages/ImportadorRH.js,react,DECLARED
frontend,frontend/src/pages/ImportadorRH.js,sonner,DECLARED
frontend,frontend/src/pages/TableroEjecutivo.js,../components/ui/button,LOCAL
frontend,frontend/src/pages/TableroEjecutivo.js,../components/ui/card,LOCAL
frontend,frontend/src/pages/TableroEjecutivo.js,../components/ui/checkbox,LOCAL
frontend,frontend/src/pages/TableroEjecutivo.js,../components/ui/dialog,LOCAL
frontend,frontend/src/pages/TableroEjecutivo.js,../components/ui/label,LOCAL
frontend,frontend/src/pages/TableroEjecutivo.js,../components/ui/select,LOCAL
frontend,frontend/src/pages/TableroEjecutivo.js,../components/ui/tabs,LOCAL
frontend,frontend/src/pages/TableroEjecutivo.js,../lib/api,LOCAL
frontend,frontend/src/pages/TableroEjecutivo.js,../lib/formatSucursal,LOCAL
frontend,frontend/src/pages/TableroEjecutivo.js,../services/authStorage,LOCAL
frontend,frontend/src/pages/TableroEjecutivo.js,../services/logger,LOCAL
frontend,frontend/src/pages/TableroEjecutivo.js,lucide-react,DECLARED
frontend,frontend/src/pages/TableroEjecutivo.js,react,DECLARED
frontend,frontend/src/pages/TableroEjecutivo.js,sonner,DECLARED
frontend,frontend/src/pages/ForgotPassword.js,@/components,NOT_DECLARED
frontend,frontend/src/pages/ForgotPassword.js,axios,DECLARED
frontend,frontend/src/pages/ForgotPassword.js,react,DECLARED
frontend,frontend/src/pages/ForgotPassword.js,react-router-dom,DECLARED
frontend,frontend/src/pages/Login.js,@/components,NOT_DECLARED
frontend,frontend/src/pages/Login.js,@/components,NOT_DECLARED
frontend,frontend/src/pages/Login.js,@/components,NOT_DECLARED
frontend,frontend/src/pages/Login.js,@/components,NOT_DECLARED
frontend,frontend/src/pages/Login.js,@/components,NOT_DECLARED
frontend,frontend/src/pages/Login.js,@/contexts,NOT_DECLARED
frontend,frontend/src/pages/Login.js,@/lib,NOT_DECLARED
frontend,frontend/src/pages/Login.js,lucide-react,DECLARED
frontend,frontend/src/pages/Login.js,react,DECLARED
frontend,frontend/src/pages/Login.js,react-dom,DECLARED
frontend,frontend/src/pages/Login.js,react-router-dom,DECLARED
frontend,frontend/src/pages/Login.js,sonner,DECLARED
frontend,frontend/src/pages/CatalogoConsultas.js,../components/catalogo-consultas,LOCAL
frontend,frontend/src/pages/CatalogoConsultas.js,../components/ui/button,LOCAL
frontend,frontend/src/pages/CatalogoConsultas.js,../components/ui/card,LOCAL
frontend,frontend/src/pages/CatalogoConsultas.js,../components/ui/input,LOCAL
frontend,frontend/src/pages/CatalogoConsultas.js,../components/ui/label,LOCAL
frontend,frontend/src/pages/CatalogoConsultas.js,../components/ui/select,LOCAL
frontend,frontend/src/pages/CatalogoConsultas.js,../components/ui/textarea,LOCAL
frontend,frontend/src/pages/CatalogoConsultas.js,../lib/api,LOCAL
frontend,frontend/src/pages/CatalogoConsultas.js,../services/logger,LOCAL
frontend,frontend/src/pages/CatalogoConsultas.js,lucide-react,DECLARED
frontend,frontend/src/pages/CatalogoConsultas.js,react,DECLARED
frontend,frontend/src/pages/CatalogoConsultas.js,sonner,DECLARED
frontend,frontend/src/pages/AutorizacionCompras.js,../components/compras,LOCAL
frontend,frontend/src/pages/AutorizacionCompras.js,../components/ui/button,LOCAL
frontend,frontend/src/pages/AutorizacionCompras.js,../components/ui/card,LOCAL
frontend,frontend/src/pages/AutorizacionCompras.js,../components/ui/checkbox,LOCAL
frontend,frontend/src/pages/AutorizacionCompras.js,../components/ui/dialog,LOCAL
frontend,frontend/src/pages/AutorizacionCompras.js,../components/ui/input,LOCAL
frontend,frontend/src/pages/AutorizacionCompras.js,../components/ui/label,LOCAL
frontend,frontend/src/pages/AutorizacionCompras.js,../components/ui/select,LOCAL
frontend,frontend/src/pages/AutorizacionCompras.js,../lib/api,LOCAL
frontend,frontend/src/pages/AutorizacionCompras.js,../services/logger,LOCAL
frontend,frontend/src/pages/AutorizacionCompras.js,../utils/styleHelpers,LOCAL
frontend,frontend/src/pages/AutorizacionCompras.js,lucide-react,DECLARED
frontend,frontend/src/pages/AutorizacionCompras.js,react,DECLARED
frontend,frontend/src/pages/AutorizacionCompras.js,sonner,DECLARED
frontend,frontend/src/pages/Comercial.js,../components/ui/button,LOCAL
frontend,frontend/src/pages/Comercial.js,../components/ui/card,LOCAL
frontend,frontend/src/pages/Comercial.js,../components/ui/checkbox,LOCAL
frontend,frontend/src/pages/Comercial.js,../components/ui/dialog,LOCAL
frontend,frontend/src/pages/Comercial.js,../components/ui/input,LOCAL
frontend,frontend/src/pages/Comercial.js,../components/ui/label,LOCAL
frontend,frontend/src/pages/Comercial.js,../components/ui/progress,LOCAL
frontend,frontend/src/pages/Comercial.js,../components/ui/select,LOCAL
frontend,frontend/src/pages/Comercial.js,../components/ui/tabs,LOCAL
frontend,frontend/src/pages/Comercial.js,../lib/api,LOCAL
frontend,frontend/src/pages/Comercial.js,../services/logger,LOCAL
frontend,frontend/src/pages/Comercial.js,../services/unidadesNegocioService,LOCAL
frontend,frontend/src/pages/Comercial.js,../utils/comercialStatusUtils,LOCAL
frontend,frontend/src/pages/Comercial.js,lucide-react,DECLARED
frontend,frontend/src/pages/Comercial.js,react,DECLARED
frontend,frontend/src/pages/Comercial.js,recharts,DECLARED
frontend,frontend/src/pages/Comercial.js,sonner,DECLARED
frontend,frontend/src/pages/MisTareas.js,../components/ui/button,LOCAL
frontend,frontend/src/pages/MisTareas.js,../components/ui/card,LOCAL
frontend,frontend/src/pages/MisTareas.js,../components/ui/input,LOCAL
frontend,frontend/src/pages/MisTareas.js,../components/ui/label,LOCAL
frontend,frontend/src/pages/MisTareas.js,../lib/api,LOCAL
frontend,frontend/src/pages/MisTareas.js,../lib/roleUtils,LOCAL
frontend,frontend/src/pages/MisTareas.js,../services/authStorage,LOCAL
frontend,frontend/src/pages/MisTareas.js,../services/logger,LOCAL
frontend,frontend/src/pages/MisTareas.js,lucide-react,DECLARED
frontend,frontend/src/pages/MisTareas.js,react,DECLARED
frontend,frontend/src/pages/MisTareas.js,sonner,DECLARED
frontend,frontend/src/pages/DashboardEjecutivo.js,react,DECLARED
frontend,frontend/src/pages/Layout.js,@/components,NOT_DECLARED
frontend,frontend/src/pages/Layout.js,@/components,NOT_DECLARED
frontend,frontend/src/pages/Layout.js,@/contexts,NOT_DECLARED
frontend,frontend/src/pages/Layout.js,@/hooks,NOT_DECLARED
frontend,frontend/src/pages/Layout.js,@/hooks,NOT_DECLARED
frontend,frontend/src/pages/Layout.js,@/lib,NOT_DECLARED
frontend,frontend/src/pages/Layout.js,@/services,NOT_DECLARED
frontend,frontend/src/pages/Layout.js,lucide-react,DECLARED
frontend,frontend/src/pages/Layout.js,react,DECLARED
frontend,frontend/src/pages/Layout.js,react-router-dom,DECLARED
frontend,frontend/src/pages/Alertas.js,@/components,NOT_DECLARED
frontend,frontend/src/pages/Alertas.js,@/components,NOT_DECLARED
frontend,frontend/src/pages/Alertas.js,@/components,NOT_DECLARED
frontend,frontend/src/pages/Alertas.js,@/components,NOT_DECLARED
frontend,frontend/src/pages/Alertas.js,@/components,NOT_DECLARED
frontend,frontend/src/pages/Alertas.js,@/components,NOT_DECLARED
frontend,frontend/src/pages/Alertas.js,@/lib,NOT_DECLARED
frontend,frontend/src/pages/Alertas.js,lucide-react,DECLARED
frontend,frontend/src/pages/Alertas.js,react,DECLARED
frontend,frontend/src/pages/Alertas.js,sonner,DECLARED
frontend,frontend/src/pages/Usuarios.js,../services/authStorage,LOCAL
frontend,frontend/src/pages/Usuarios.js,../services/logger,LOCAL
frontend,frontend/src/pages/Usuarios.js,../utils/styleHelpers,LOCAL
frontend,frontend/src/pages/Usuarios.js,@/components,NOT_DECLARED
frontend,frontend/src/pages/Usuarios.js,@/components,NOT_DECLARED
frontend,frontend/src/pages/Usuarios.js,@/components,NOT_DECLARED
frontend,frontend/src/pages/Usuarios.js,@/components,NOT_DECLARED
frontend,frontend/src/pages/Usuarios.js,@/components,NOT_DECLARED
frontend,frontend/src/pages/Usuarios.js,@/components,NOT_DECLARED
frontend,frontend/src/pages/Usuarios.js,@/components,NOT_DECLARED
frontend,frontend/src/pages/Usuarios.js,@/components,NOT_DECLARED
frontend,frontend/src/pages/Usuarios.js,@/components,NOT_DECLARED
frontend,frontend/src/pages/Usuarios.js,@/components,NOT_DECLARED
frontend,frontend/src/pages/Usuarios.js,@/components,NOT_DECLARED
frontend,frontend/src/pages/Usuarios.js,@/contexts,NOT_DECLARED
frontend,frontend/src/pages/Usuarios.js,@/lib,NOT_DECLARED
frontend,frontend/src/pages/Usuarios.js,lucide-react,DECLARED
frontend,frontend/src/pages/Usuarios.js,react,DECLARED
frontend,frontend/src/pages/Usuarios.js,sonner,DECLARED
frontend,frontend/src/pages/Proveedores.js,../lib/api,LOCAL
frontend,frontend/src/pages/Proveedores.js,../services/logger,LOCAL
frontend,frontend/src/pages/Proveedores.js,../utils/styleHelpers,LOCAL
frontend,frontend/src/pages/Proveedores.js,./UsuariosInteligencia,LOCAL
frontend,frontend/src/pages/Proveedores.js,@/components,NOT_DECLARED
frontend,frontend/src/pages/Proveedores.js,@/components,NOT_DECLARED
frontend,frontend/src/pages/Proveedores.js,lucide-react,DECLARED
frontend,frontend/src/pages/Proveedores.js,react,DECLARED
frontend,frontend/src/pages/Proveedores.js,sonner,DECLARED
frontend,frontend/src/pages/cava-socios/index.js,./CavaSociosDashboard,LOCAL
frontend,frontend/src/pages/cava-socios/index.js,./SocioDetail,LOCAL
frontend,frontend/src/pages/cava-socios/index.js,./SocioForm,LOCAL
frontend,frontend/src/pages/cava-socios/index.js,./SociosList,LOCAL
frontend,frontend/src/components/QueryConfigWizard.js,@/components,NOT_DECLARED
frontend,frontend/src/components/QueryConfigWizard.js,@/components,NOT_DECLARED
frontend,frontend/src/components/QueryConfigWizard.js,@/components,NOT_DECLARED
frontend,frontend/src/components/QueryConfigWizard.js,@/components,NOT_DECLARED
frontend,frontend/src/components/QueryConfigWizard.js,@/lib,NOT_DECLARED
frontend,frontend/src/components/QueryConfigWizard.js,@/services,NOT_DECLARED
frontend,frontend/src/components/QueryConfigWizard.js,lucide-react,DECLARED
frontend,frontend/src/components/QueryConfigWizard.js,react,DECLARED
frontend,frontend/src/components/QueryConfigWizard.js,sonner,DECLARED
frontend,frontend/src/components/recursos-humanos/index.js,./RhAsistencia,LOCAL
frontend,frontend/src/components/recursos-humanos/index.js,./RhCatalogos,LOCAL
frontend,frontend/src/components/recursos-humanos/index.js,./RhColaboradores,LOCAL
frontend,frontend/src/components/recursos-humanos/index.js,./RhDashboard,LOCAL
frontend,frontend/src/components/recursos-humanos/index.js,./RhIncidencias,LOCAL
frontend,frontend/src/components/recursos-humanos/index.js,./RhNominas,LOCAL
frontend,frontend/src/components/recursos-humanos/index.js,./RhReclutamiento,LOCAL
frontend,frontend/src/components/recursos-humanos/index.js,./shared/RhSharedComponents,LOCAL
frontend,frontend/src/components/solicitudes-catalogo/index.js,./SolicitudesComponents,LOCAL
frontend,frontend/src/components/fase2_operativo/index.js,./AlertasBanner,LOCAL
frontend,frontend/src/components/fase2_operativo/index.js,./KPICards,LOCAL
frontend,frontend/src/components/fase2_operativo/index.js,./OperativoDashboard,LOCAL
frontend,frontend/src/components/fase2_operativo/index.js,./ResponsabilidadAccionesModal,LOCAL
frontend,frontend/src/components/fase2_operativo/index.js,./ResponsabilidadCard,LOCAL
frontend,frontend/src/components/fase2_operativo/index.js,./ResponsabilidadPendientesPanel,LOCAL
frontend,frontend/src/components/fase2_operativo/index.js,./SLACard,LOCAL
frontend,frontend/src/components/fase2_operativo/index.js,./TareaList,LOCAL
frontend,frontend/src/components/fase2_operativo/index.js,./WorkflowList,LOCAL
frontend,frontend/src/components/auditorias/useAuditoriasData.js,../../services/logger,LOCAL
frontend,frontend/src/components/auditorias/useAuditoriasData.js,@/lib,NOT_DECLARED
frontend,frontend/src/components/auditorias/useAuditoriasData.js,react,DECLARED
frontend,frontend/src/components/auditorias/index.js,./AuditoriasComponents,LOCAL
frontend,frontend/src/components/auditorias/index.js,./useAuditoriasData,LOCAL
frontend,frontend/src/components/admin/bitacora/index.js,./BitacoraComponents,LOCAL
frontend,frontend/src/components/admin/bitacora/index.js,./useBitacoraRBACData,LOCAL
frontend,frontend/src/components/admin/bitacora/useBitacoraRBACData.js,react,DECLARED
frontend,frontend/src/components/finanzas/index.js,./FinanzasControlIngresos,LOCAL
frontend,frontend/src/components/finanzas/index.js,./FinanzasCuentasPorPagar,LOCAL
frontend,frontend/src/components/finanzas/index.js,./FinanzasDashboard,LOCAL
frontend,frontend/src/components/finanzas/index.js,./FinanzasPresupuestos,LOCAL
frontend,frontend/src/components/finanzas/cuentas-bancarias/index.js,./CuentasBancariasPage,LOCAL
frontend,frontend/src/components/finanzas/cuentas-bancarias/index.js,./DetalleCuentaBancaria,LOCAL
frontend,frontend/src/components/finanzas/cuentas-bancarias/index.js,./FormularioCuentaBancaria,LOCAL
frontend,frontend/src/components/finanzas/cuentas-bancarias/index.js,./ModalDesactivarCuenta,LOCAL
frontend,frontend/src/components/finanzas/cuentas-bancarias/index.js,./TablaCuentasBancarias,LOCAL
frontend,frontend/src/components/finanzas/cuentas-bancarias/index.js,./hooks/useBancos,LOCAL
frontend,frontend/src/components/finanzas/cuentas-bancarias/index.js,./hooks/useCuentasBancarias,LOCAL
frontend,frontend/src/components/finanzas/cuentas-bancarias/index.js,./hooks/useSaldosBancarios,LOCAL
frontend,frontend/src/components/finanzas/cuentas-bancarias/index.js,./saldos/FormularioCapturaSaldo,LOCAL
frontend,frontend/src/components/finanzas/cuentas-bancarias/index.js,./saldos/FormularioCorreccionSaldo,LOCAL
frontend,frontend/src/components/finanzas/cuentas-bancarias/index.js,./saldos/HistorialSaldos,LOCAL
frontend,frontend/src/components/finanzas/cuentas-bancarias/index.js,./saldos/ModalCancelarSaldo,LOCAL
frontend,frontend/src/components/finanzas/cuentas-bancarias/index.js,./saldos/TarjetaSaldoTotal,LOCAL
frontend,frontend/src/components/finanzas/cuentas-bancarias/hooks/useSaldosBancarios.js,../../../../lib/api,LOCAL
frontend,frontend/src/components/finanzas/cuentas-bancarias/hooks/useSaldosBancarios.js,react,DECLARED
frontend,frontend/src/components/finanzas/cuentas-bancarias/hooks/useCuentasBancarias.js,../../../../lib/api,LOCAL
frontend,frontend/src/components/finanzas/cuentas-bancarias/hooks/useCuentasBancarias.js,react,DECLARED
frontend,frontend/src/components/finanzas/cuentas-bancarias/hooks/useBancos.js,../../../../lib/api,LOCAL
frontend,frontend/src/components/finanzas/cuentas-bancarias/hooks/useBancos.js,react,DECLARED
frontend,frontend/src/components/finanzas/propinas/index.js,./PropinasConfigForm,LOCAL
frontend,frontend/src/components/finanzas/propinas/index.js,./PropinasConfigList,LOCAL
frontend,frontend/src/components/finanzas/propinas/index.js,./PropinasKPICards,LOCAL
frontend,frontend/src/components/finanzas/propinas/index.js,./PropinasTable,LOCAL
frontend,frontend/src/components/finanzas/propinas/index.js,./utils,LOCAL
frontend,frontend/src/components/catalogo-consultas/index.js,./ConsultasComponents,LOCAL
frontend,frontend/src/components/catalogo-consultas/index.js,./useCatalogoConsultasData,LOCAL
frontend,frontend/src/components/catalogo-consultas/useCatalogoConsultasData.js,../../lib/api,LOCAL
frontend,frontend/src/components/catalogo-consultas/useCatalogoConsultasData.js,../../services/exploradorService,LOCAL
frontend,frontend/src/components/catalogo-consultas/useCatalogoConsultasData.js,../../services/logger,LOCAL
frontend,frontend/src/components/catalogo-consultas/useCatalogoConsultasData.js,react,DECLARED
frontend,frontend/src/components/catalogo-consultas/useCatalogoConsultasData.js,sonner,DECLARED
frontend,frontend/src/components/centro-control/useCentroControlData.js,../../lib/api,LOCAL
frontend,frontend/src/components/centro-control/useCentroControlData.js,../../services/logger,LOCAL
frontend,frontend/src/components/centro-control/useCentroControlData.js,react,DECLARED
frontend,frontend/src/components/centro-control/index.js,./CentroControlComponents,LOCAL
frontend,frontend/src/components/centro-control/index.js,./DestinatariosManager,LOCAL
frontend,frontend/src/components/centro-control/index.js,./useCentroControlData,LOCAL
frontend,frontend/src/components/centro-control/index.js,./useWebSocketNotifications,LOCAL
frontend,frontend/src/components/centro-control/useWebSocketNotifications.js,../../services/logger,LOCAL
frontend,frontend/src/components/centro-control/useWebSocketNotifications.js,lucide-react,DECLARED
frontend,frontend/src/components/centro-control/useWebSocketNotifications.js,react,DECLARED
frontend,frontend/src/components/centro-control/useWebSocketNotifications.js,sonner,DECLARED
frontend,frontend/src/components/compras/useAutorizacionComprasData.js,../../services/logger,LOCAL
frontend,frontend/src/components/compras/useAutorizacionComprasData.js,../../services/unidadesNegocioService,LOCAL
frontend,frontend/src/components/compras/useAutorizacionComprasData.js,axios,DECLARED
frontend,frontend/src/components/compras/useAutorizacionComprasData.js,react,DECLARED
frontend,frontend/src/components/compras/index.js,./AutorizacionComprasComponents,LOCAL
frontend,frontend/src/components/compras/index.js,./useAutorizacionComprasData,LOCAL
frontend,frontend/src/components/compras/operativas/index.js,./AccionesGerenciaCard,LOCAL
frontend,frontend/src/components/compras/operativas/index.js,./AccionesTesoreriaCard,LOCAL
frontend,frontend/src/components/compras/operativas/index.js,./AutomatizacionesTable,LOCAL
frontend,frontend/src/components/compras/operativas/index.js,./BitacoraList,LOCAL
frontend,frontend/src/components/compras/operativas/index.js,./EstadoFinalCard,LOCAL
frontend,frontend/src/components/compras/operativas/index.js,./OperativasKPICards,LOCAL
frontend,frontend/src/components/compras/operativas/index.js,./PeriodoEstadisticoCard,LOCAL
frontend,frontend/src/components/tesoreria/useTesoreriaCorteZData.js,../../lib/api,LOCAL
frontend,frontend/src/components/tesoreria/useTesoreriaCorteZData.js,../../services/logger,LOCAL
frontend,frontend/src/components/tesoreria/useTesoreriaCorteZData.js,../../services/unidadesNegocioService,LOCAL
frontend,frontend/src/components/tesoreria/useTesoreriaCorteZData.js,react,DECLARED
frontend,frontend/src/components/tesoreria/index.js,./TesoreriaCorteZComponents,LOCAL
frontend,frontend/src/components/tesoreria/index.js,./useTesoreriaCorteZData,LOCAL
frontend,frontend/src/lib/roleUtils.test.js,./roleUtils,LOCAL
frontend,frontend/src/lib/utils.js,clsx,DECLARED
frontend,frontend/src/lib/utils.js,tailwind-merge,DECLARED
frontend,frontend/src/lib/sincronizacionEnVivo.js,../lib/ResilientWebSocket,LOCAL
frontend,frontend/src/lib/api.js,../services/authStorage,LOCAL
frontend,frontend/src/lib/api.js,axios,DECLARED
frontend,frontend/src/lib/auth.js,../services/authStorage,LOCAL
frontend,frontend/src/lib/auth.js,./api,LOCAL
frontend,frontend/src/lib/auth.js,./roleUtils,LOCAL
frontend,frontend/src/lib/websocketBlindado.js,react,DECLARED
frontend,frontend/src/lib/dashboardLoader.js,@/lib,NOT_DECLARED
frontend,frontend/src/lib/ResilientWebSocket.js,@/lib,NOT_DECLARED
frontend,frontend/src/hooks/useAccessContext.js,../services/accessContextService,LOCAL
frontend,frontend/src/hooks/useAccessContext.js,react,DECLARED
frontend,frontend/src/hooks/useDetalleProducto.js,@/lib,NOT_DECLARED
frontend,frontend/src/hooks/useDetalleProducto.js,@/services,NOT_DECLARED
frontend,frontend/src/hooks/useDetalleProducto.js,react,DECLARED
frontend,frontend/src/hooks/useComercialUnitsWithFallback.js,react,DECLARED
frontend,frontend/src/hooks/useMenusByContext.js,../services/menuContextService,LOCAL
frontend,frontend/src/hooks/useMenusByContext.js,react,DECLARED
frontend,frontend/src/hooks/useLocalFirst.js,../services/localDB,LOCAL
frontend,frontend/src/hooks/useLocalFirst.js,../services/logger,LOCAL
frontend,frontend/src/hooks/useLocalFirst.js,../services/syncManager,LOCAL
frontend,frontend/src/hooks/useLocalFirst.js,react,DECLARED
frontend,frontend/src/hooks/use-toast.js,react,DECLARED
frontend,frontend/src/filters/index.js,./CorporateFilterBar,LOCAL
frontend,frontend/src/filters/index.js,./CorporateFilterSelect,LOCAL
frontend,frontend/src/filters/index.js,./CorporateFiltersProvider,LOCAL
frontend,frontend/src/filters/index.js,./useFinanzasCorporateFilters,LOCAL
frontend,frontend/src/filters/useFinanzasCorporateFilters.js,./CorporateFiltersProvider,LOCAL
frontend,frontend/src/filters/useFinanzasCorporateFilters.js,react,DECLARED
frontend,frontend/src/services/comprasUtils.js,./logger,LOCAL
frontend,frontend/src/services/serversService.js,../lib/api,LOCAL
frontend,frontend/src/services/serversService.js,./logger,LOCAL
frontend,frontend/src/services/prefetchManager.js,./localDB,LOCAL
frontend,frontend/src/services/prefetchManager.js,./logger,LOCAL
frontend,frontend/src/services/prefetchManager.js,./syncManager,LOCAL
frontend,frontend/src/services/accessContextService.js,../lib/api,LOCAL
frontend,frontend/src/services/unidadesNegocioService.js,../lib/api,LOCAL
frontend,frontend/src/services/unidadesNegocioService.js,./logger,LOCAL
frontend,frontend/src/services/syncManager.js,./localDB,LOCAL
frontend,frontend/src/services/syncManager.js,./logger,LOCAL
frontend,frontend/src/services/menuContextService.js,../lib/api,LOCAL
frontend,frontend/src/services/operativoApi.js,../lib/api,LOCAL
frontend,frontend/src/services/operativoApi.js,./logger,LOCAL
frontend,frontend/src/services/localDB.js,./logger,LOCAL
frontend,frontend/src/services/exploradorService.js,../lib/api,LOCAL
frontend,frontend/src/services/exploradorService.js,./logger,LOCAL
frontend,frontend/src/HostRouter.jsx,./App,LOCAL
frontend,frontend/src/HostRouter.jsx,./portal-inteligencia/App,LOCAL
frontend,frontend/src/HostRouter.jsx,./portal/App,LOCAL
frontend,frontend/src/HostRouter.jsx,react,DECLARED
frontend,frontend/src/HostRouter.jsx,react-router-dom,DECLARED
frontend,frontend/src/HostRouter.jsx,sonner,DECLARED
frontend,frontend/src/portal-inteligencia/App.jsx,../lib/api,LOCAL
frontend,frontend/src/portal-inteligencia/App.jsx,./api/client,LOCAL
frontend,frontend/src/portal-inteligencia/App.jsx,./pages/AnalisisPAXPage,LOCAL
frontend,frontend/src/portal-inteligencia/App.jsx,./pages/BenchmarkGrupoPage,LOCAL
frontend,frontend/src/portal-inteligencia/App.jsx,./pages/ClasificacionAdminPage,LOCAL
frontend,frontend/src/portal-inteligencia/App.jsx,./pages/DashboardIA,LOCAL
frontend,frontend/src/portal-inteligencia/App.jsx,./pages/LoginInteligencia,LOCAL
frontend,frontend/src/portal-inteligencia/App.jsx,./pages/ReporteadorBI,LOCAL
frontend,frontend/src/portal-inteligencia/App.jsx,./pages/ReportesISCAMPage,LOCAL
frontend,frontend/src/portal-inteligencia/App.jsx,./pages/VentasAlcoholPage,LOCAL
frontend,frontend/src/portal-inteligencia/App.jsx,./pages/VentasCasaPage,LOCAL
frontend,frontend/src/portal-inteligencia/App.jsx,./pages/VentasFamiliaPage,LOCAL
frontend,frontend/src/portal-inteligencia/App.jsx,./pages/VentasHorarioPage,LOCAL
frontend,frontend/src/portal-inteligencia/App.jsx,./pages/VentasProductoPage,LOCAL
frontend,frontend/src/portal-inteligencia/App.jsx,lucide-react,DECLARED
frontend,frontend/src/portal-inteligencia/App.jsx,react,DECLARED
frontend,frontend/src/portal-inteligencia/pages/ClasificacionAdminPage.jsx,../api/client,LOCAL
frontend,frontend/src/portal-inteligencia/pages/ClasificacionAdminPage.jsx,../components/EstadoVacio,LOCAL
frontend,frontend/src/portal-inteligencia/pages/ClasificacionAdminPage.jsx,lucide-react,DECLARED
frontend,frontend/src/portal-inteligencia/pages/ClasificacionAdminPage.jsx,react,DECLARED
frontend,frontend/src/portal-inteligencia/pages/ClasificacionAdminPage.jsx,sonner,DECLARED
frontend,frontend/src/portal-inteligencia/pages/VentasFamiliaPage.jsx,../api/client,LOCAL
frontend,frontend/src/portal-inteligencia/pages/VentasFamiliaPage.jsx,../components/EstadoVacio,LOCAL
frontend,frontend/src/portal-inteligencia/pages/VentasFamiliaPage.jsx,../components/ExportButtons,LOCAL
frontend,frontend/src/portal-inteligencia/pages/VentasFamiliaPage.jsx,../components/PeriodoSelector,LOCAL
frontend,frontend/src/portal-inteligencia/pages/VentasFamiliaPage.jsx,../utils/usePeriodo,LOCAL
frontend,frontend/src/portal-inteligencia/pages/VentasFamiliaPage.jsx,lucide-react,DECLARED
frontend,frontend/src/portal-inteligencia/pages/VentasFamiliaPage.jsx,react,DECLARED
frontend,frontend/src/portal-inteligencia/pages/ReporteadorBI.jsx,../api/client,LOCAL
frontend,frontend/src/portal-inteligencia/pages/ReporteadorBI.jsx,../components/EstadoVacio,LOCAL
frontend,frontend/src/portal-inteligencia/pages/ReporteadorBI.jsx,../components/ExportButtons,LOCAL
frontend,frontend/src/portal-inteligencia/pages/ReporteadorBI.jsx,../components/PendienteSync,LOCAL
frontend,frontend/src/portal-inteligencia/pages/ReporteadorBI.jsx,../components/PeriodoSelector,LOCAL
frontend,frontend/src/portal-inteligencia/pages/ReporteadorBI.jsx,../components/TicketDrilldownModal,LOCAL
frontend,frontend/src/portal-inteligencia/pages/ReporteadorBI.jsx,lucide-react,DECLARED
frontend,frontend/src/portal-inteligencia/pages/ReporteadorBI.jsx,react,DECLARED
frontend,frontend/src/portal-inteligencia/pages/ReporteadorBI.jsx,recharts,DECLARED
frontend,frontend/src/portal-inteligencia/pages/DashboardIA.jsx,../api/client,LOCAL
frontend,frontend/src/portal-inteligencia/pages/DashboardIA.jsx,../components/EstadoVacio,LOCAL
frontend,frontend/src/portal-inteligencia/pages/DashboardIA.jsx,../components/ExportButtons,LOCAL
frontend,frontend/src/portal-inteligencia/pages/DashboardIA.jsx,../components/PeriodoSelector,LOCAL
frontend,frontend/src/portal-inteligencia/pages/DashboardIA.jsx,../components/TicketDrilldownModal,LOCAL
frontend,frontend/src/portal-inteligencia/pages/DashboardIA.jsx,lucide-react,DECLARED
frontend,frontend/src/portal-inteligencia/pages/DashboardIA.jsx,react,DECLARED
frontend,frontend/src/portal-inteligencia/pages/ReportesISCAMPage.jsx,../api/client,LOCAL
frontend,frontend/src/portal-inteligencia/pages/ReportesISCAMPage.jsx,../utils/exportUtils,LOCAL
frontend,frontend/src/portal-inteligencia/pages/ReportesISCAMPage.jsx,lucide-react,DECLARED
frontend,frontend/src/portal-inteligencia/pages/ReportesISCAMPage.jsx,react,DECLARED
frontend,frontend/src/portal-inteligencia/pages/VentasHorarioPage.jsx,../api/client,LOCAL
frontend,frontend/src/portal-inteligencia/pages/VentasHorarioPage.jsx,../components/EstadoVacio,LOCAL
frontend,frontend/src/portal-inteligencia/pages/VentasHorarioPage.jsx,../components/PeriodoSelector,LOCAL
frontend,frontend/src/portal-inteligencia/pages/VentasHorarioPage.jsx,../utils/usePeriodo,LOCAL
frontend,frontend/src/portal-inteligencia/pages/VentasHorarioPage.jsx,lucide-react,DECLARED
frontend,frontend/src/portal-inteligencia/pages/VentasHorarioPage.jsx,react,DECLARED
frontend,frontend/src/portal-inteligencia/pages/VentasProductoPage.jsx,../api/client,LOCAL
frontend,frontend/src/portal-inteligencia/pages/VentasProductoPage.jsx,../components/EstadoVacio,LOCAL
frontend,frontend/src/portal-inteligencia/pages/VentasProductoPage.jsx,../components/ExportButtons,LOCAL
frontend,frontend/src/portal-inteligencia/pages/VentasProductoPage.jsx,../components/PeriodoSelector,LOCAL
frontend,frontend/src/portal-inteligencia/pages/VentasProductoPage.jsx,../utils/usePeriodo,LOCAL
frontend,frontend/src/portal-inteligencia/pages/VentasProductoPage.jsx,lucide-react,DECLARED
frontend,frontend/src/portal-inteligencia/pages/VentasProductoPage.jsx,react,DECLARED
frontend,frontend/src/portal-inteligencia/pages/VentasCasaPage.jsx,../api/client,LOCAL
frontend,frontend/src/portal-inteligencia/pages/VentasCasaPage.jsx,../components/EstadoVacio,LOCAL
frontend,frontend/src/portal-inteligencia/pages/VentasCasaPage.jsx,../components/ExportButtons,LOCAL
frontend,frontend/src/portal-inteligencia/pages/VentasCasaPage.jsx,../components/PeriodoSelector,LOCAL
frontend,frontend/src/portal-inteligencia/pages/VentasCasaPage.jsx,../utils/usePeriodo,LOCAL
frontend,frontend/src/portal-inteligencia/pages/VentasCasaPage.jsx,lucide-react,DECLARED
frontend,frontend/src/portal-inteligencia/pages/VentasCasaPage.jsx,react,DECLARED
frontend,frontend/src/portal-inteligencia/pages/AnalisisPAXPage.jsx,../api/client,LOCAL
frontend,frontend/src/portal-inteligencia/pages/AnalisisPAXPage.jsx,../components/EstadoVacio,LOCAL
frontend,frontend/src/portal-inteligencia/pages/AnalisisPAXPage.jsx,lucide-react,DECLARED
frontend,frontend/src/portal-inteligencia/pages/AnalisisPAXPage.jsx,react,DECLARED
frontend,frontend/src/portal-inteligencia/pages/LoginInteligencia.jsx,../api/client,LOCAL
frontend,frontend/src/portal-inteligencia/pages/LoginInteligencia.jsx,@/components,NOT_DECLARED
frontend,frontend/src/portal-inteligencia/pages/LoginInteligencia.jsx,lucide-react,DECLARED
frontend,frontend/src/portal-inteligencia/pages/LoginInteligencia.jsx,react,DECLARED
frontend,frontend/src/portal-inteligencia/pages/BenchmarkGrupoPage.jsx,../api/client,LOCAL
frontend,frontend/src/portal-inteligencia/pages/BenchmarkGrupoPage.jsx,lucide-react,DECLARED
frontend,frontend/src/portal-inteligencia/pages/BenchmarkGrupoPage.jsx,react,DECLARED
frontend,frontend/src/portal-inteligencia/pages/VentasAlcoholPage.jsx,../api/client,LOCAL
frontend,frontend/src/portal-inteligencia/pages/VentasAlcoholPage.jsx,../components/EstadoVacio,LOCAL
frontend,frontend/src/portal-inteligencia/pages/VentasAlcoholPage.jsx,../components/ExportButtons,LOCAL
frontend,frontend/src/portal-inteligencia/pages/VentasAlcoholPage.jsx,../components/PeriodoSelector,LOCAL
frontend,frontend/src/portal-inteligencia/pages/VentasAlcoholPage.jsx,../utils/usePeriodo,LOCAL
frontend,frontend/src/portal-inteligencia/pages/VentasAlcoholPage.jsx,lucide-react,DECLARED
frontend,frontend/src/portal-inteligencia/pages/VentasAlcoholPage.jsx,react,DECLARED
frontend,frontend/src/portal-inteligencia/components/PeriodoSelector.jsx,lucide-react,DECLARED
frontend,frontend/src/portal-inteligencia/components/PeriodoSelector.jsx,react,DECLARED
frontend,frontend/src/portal-inteligencia/components/ExportButtons.jsx,../utils/exportUtils,LOCAL
frontend,frontend/src/portal-inteligencia/components/ExportButtons.jsx,lucide-react,DECLARED
frontend,frontend/src/portal-inteligencia/components/ExportButtons.jsx,react,DECLARED
frontend,frontend/src/portal-inteligencia/components/TicketDrilldownModal.jsx,../api/client,LOCAL
frontend,frontend/src/portal-inteligencia/components/TicketDrilldownModal.jsx,./EstadoVacio,LOCAL
frontend,frontend/src/portal-inteligencia/components/TicketDrilldownModal.jsx,./ExportButtons,LOCAL
frontend,frontend/src/portal-inteligencia/components/TicketDrilldownModal.jsx,lucide-react,DECLARED
frontend,frontend/src/portal-inteligencia/components/TicketDrilldownModal.jsx,react,DECLARED
frontend,frontend/src/portal-inteligencia/components/PendienteSync.jsx,lucide-react,DECLARED
frontend,frontend/src/portal-inteligencia/components/PendienteSync.jsx,react,DECLARED
frontend,frontend/src/portal-inteligencia/components/EstadoVacio.jsx,../api/client,LOCAL
frontend,frontend/src/portal-inteligencia/components/EstadoVacio.jsx,lucide-react,DECLARED
frontend,frontend/src/portal-inteligencia/components/EstadoVacio.jsx,react,DECLARED
frontend,frontend/src/contexts/AuthContext.jsx,../lib/api,LOCAL
frontend,frontend/src/contexts/AuthContext.jsx,../lib/previewCacheUtils,LOCAL
frontend,frontend/src/contexts/AuthContext.jsx,../lib/roleUtils,LOCAL
frontend,frontend/src/contexts/AuthContext.jsx,../services/authStorage,LOCAL
frontend,frontend/src/contexts/AuthContext.jsx,@/contexts,NOT_DECLARED
frontend,frontend/src/contexts/AuthContext.jsx,react,DECLARED
frontend,frontend/src/pages/AuditoriasProgramadas.jsx,../lib/api,LOCAL
frontend,frontend/src/pages/AuditoriasProgramadas.jsx,../services/logger,LOCAL
frontend,frontend/src/pages/AuditoriasProgramadas.jsx,@/components,NOT_DECLARED
frontend,frontend/src/pages/AuditoriasProgramadas.jsx,@/components,NOT_DECLARED
frontend,frontend/src/pages/AuditoriasProgramadas.jsx,@/components,NOT_DECLARED
frontend,frontend/src/pages/AuditoriasProgramadas.jsx,@/components,NOT_DECLARED
frontend,frontend/src/pages/AuditoriasProgramadas.jsx,@/components,NOT_DECLARED
frontend,frontend/src/pages/AuditoriasProgramadas.jsx,@/components,NOT_DECLARED
frontend,frontend/src/pages/AuditoriasProgramadas.jsx,@/components,NOT_DECLARED
frontend,frontend/src/pages/AuditoriasProgramadas.jsx,@/components,NOT_DECLARED
frontend,frontend/src/pages/AuditoriasProgramadas.jsx,@/components,NOT_DECLARED
frontend,frontend/src/pages/AuditoriasProgramadas.jsx,@/components,NOT_DECLARED
frontend,frontend/src/pages/AuditoriasProgramadas.jsx,@/components,NOT_DECLARED
frontend,frontend/src/pages/AuditoriasProgramadas.jsx,@/components,NOT_DECLARED
frontend,frontend/src/pages/AuditoriasProgramadas.jsx,@/lib,NOT_DECLARED
frontend,frontend/src/pages/AuditoriasProgramadas.jsx,lucide-react,DECLARED
frontend,frontend/src/pages/AuditoriasProgramadas.jsx,react,DECLARED
frontend,frontend/src/pages/AuditoriasProgramadas.jsx,sonner,DECLARED
frontend,frontend/src/pages/ConfigAsignaciones.jsx,../components/ui/alert-dialog,LOCAL
frontend,frontend/src/pages/ConfigAsignaciones.jsx,../components/ui/badge,LOCAL
frontend,frontend/src/pages/ConfigAsignaciones.jsx,../components/ui/button,LOCAL
frontend,frontend/src/pages/ConfigAsignaciones.jsx,../components/ui/card,LOCAL
frontend,frontend/src/pages/ConfigAsignaciones.jsx,../components/ui/checkbox,LOCAL
frontend,frontend/src/pages/ConfigAsignaciones.jsx,../components/ui/dialog,LOCAL
frontend,frontend/src/pages/ConfigAsignaciones.jsx,../components/ui/input,LOCAL
frontend,frontend/src/pages/ConfigAsignaciones.jsx,../components/ui/label,LOCAL
frontend,frontend/src/pages/ConfigAsignaciones.jsx,../components/ui/select,LOCAL
frontend,frontend/src/pages/ConfigAsignaciones.jsx,../components/ui/switch,LOCAL
frontend,frontend/src/pages/ConfigAsignaciones.jsx,../components/ui/table,LOCAL
frontend,frontend/src/pages/ConfigAsignaciones.jsx,../components/ui/toaster,LOCAL
frontend,frontend/src/pages/ConfigAsignaciones.jsx,../hooks/use-toast,LOCAL
frontend,frontend/src/pages/ConfigAsignaciones.jsx,../lib/api,LOCAL
frontend,frontend/src/pages/ConfigAsignaciones.jsx,../lib/roleUtils,LOCAL
frontend,frontend/src/pages/ConfigAsignaciones.jsx,../services/logger,LOCAL
frontend,frontend/src/pages/ConfigAsignaciones.jsx,lucide-react,DECLARED
frontend,frontend/src/pages/ConfigAsignaciones.jsx,react,DECLARED
frontend,frontend/src/pages/Scheduler.jsx,../components/admin/ResyncPanel,LOCAL
frontend,frontend/src/pages/Scheduler.jsx,../lib/api,LOCAL
frontend,frontend/src/pages/Scheduler.jsx,../services/logger,LOCAL
frontend,frontend/src/pages/Scheduler.jsx,@/components,NOT_DECLARED
frontend,frontend/src/pages/Scheduler.jsx,@/components,NOT_DECLARED
frontend,frontend/src/pages/Scheduler.jsx,@/components,NOT_DECLARED
frontend,frontend/src/pages/Scheduler.jsx,@/components,NOT_DECLARED
frontend,frontend/src/pages/Scheduler.jsx,@/components,NOT_DECLARED
frontend,frontend/src/pages/Scheduler.jsx,@/components,NOT_DECLARED
frontend,frontend/src/pages/Scheduler.jsx,@/components,NOT_DECLARED
frontend,frontend/src/pages/Scheduler.jsx,@/components,NOT_DECLARED
frontend,frontend/src/pages/Scheduler.jsx,@/components,NOT_DECLARED
frontend,frontend/src/pages/Scheduler.jsx,@/components,NOT_DECLARED
frontend,frontend/src/pages/Scheduler.jsx,@/components,NOT_DECLARED
frontend,frontend/src/pages/Scheduler.jsx,@/lib,NOT_DECLARED
frontend,frontend/src/pages/Scheduler.jsx,lucide-react,DECLARED
frontend,frontend/src/pages/Scheduler.jsx,react,DECLARED
frontend,frontend/src/pages/DBACredentialManager.jsx,lucide-react,DECLARED
frontend,frontend/src/pages/DBACredentialManager.jsx,react,DECLARED
frontend,frontend/src/pages/ComingSoonPage.jsx,@/components,NOT_DECLARED
frontend,frontend/src/pages/ComingSoonPage.jsx,lucide-react,DECLARED
frontend,frontend/src/pages/ConfiguracionOperativaUnidades.jsx,../components/catalogos/ConfiguracionOperativaUnidad,LOCAL
frontend,frontend/src/pages/ConfiguracionOperativaUnidades.jsx,lucide-react,DECLARED
frontend,frontend/src/pages/ConfiguracionOperativaUnidades.jsx,react,DECLARED
frontend,frontend/src/pages/CentroControl.jsx,../components/centro-control,LOCAL
frontend,frontend/src/pages/CentroControl.jsx,../components/ui/badge,LOCAL
frontend,frontend/src/pages/CentroControl.jsx,../components/ui/button,LOCAL
frontend,frontend/src/pages/CentroControl.jsx,../components/ui/card,LOCAL
frontend,frontend/src/pages/CentroControl.jsx,../components/ui/tabs,LOCAL
frontend,frontend/src/pages/CentroControl.jsx,../lib/api,LOCAL
frontend,frontend/src/pages/CentroControl.jsx,../services/logger,LOCAL
frontend,frontend/src/pages/CentroControl.jsx,lucide-react,DECLARED
frontend,frontend/src/pages/CentroControl.jsx,react,DECLARED
frontend,frontend/src/pages/CentroControl.jsx,react-router-dom,DECLARED
frontend,frontend/src/pages/CentroControl.jsx,sonner,DECLARED
frontend,frontend/src/pages/OperativoDashboardPage.jsx,@/components,NOT_DECLARED
frontend,frontend/src/pages/UsuariosInteligencia.jsx,../components/ui/button,LOCAL
frontend,frontend/src/pages/UsuariosInteligencia.jsx,../components/ui/input,LOCAL
frontend,frontend/src/pages/UsuariosInteligencia.jsx,../lib/api,LOCAL
frontend,frontend/src/pages/UsuariosInteligencia.jsx,lucide-react,DECLARED
frontend,frontend/src/pages/UsuariosInteligencia.jsx,react,DECLARED
frontend,frontend/src/pages/comercial/TabReglasMargen.jsx,@/lib,NOT_DECLARED
frontend,frontend/src/pages/comercial/TabReglasMargen.jsx,lucide-react,DECLARED
frontend,frontend/src/pages/comercial/TabReglasMargen.jsx,react,DECLARED
frontend,frontend/src/pages/comercial/PricingIA.jsx,./PricingIACharts,LOCAL
frontend,frontend/src/pages/comercial/PricingIA.jsx,./TabBenchmarkSectorial,LOCAL
frontend,frontend/src/pages/comercial/PricingIA.jsx,@/lib,NOT_DECLARED
frontend,frontend/src/pages/comercial/PricingIA.jsx,lucide-react,DECLARED
frontend,frontend/src/pages/comercial/PricingIA.jsx,react,DECLARED
frontend,frontend/src/pages/comercial/TabBenchmarkSectorial.jsx,./TabIngestaCompetencia,LOCAL
frontend,frontend/src/pages/comercial/TabBenchmarkSectorial.jsx,@/lib,NOT_DECLARED
frontend,frontend/src/pages/comercial/TabBenchmarkSectorial.jsx,lucide-react,DECLARED
frontend,frontend/src/pages/comercial/TabBenchmarkSectorial.jsx,react,DECLARED
frontend,frontend/src/pages/comercial/CatalogoEnriquecido.jsx,../../components/ui/badge,LOCAL
frontend,frontend/src/pages/comercial/CatalogoEnriquecido.jsx,../../components/ui/button,LOCAL
frontend,frontend/src/pages/comercial/CatalogoEnriquecido.jsx,../../components/ui/dialog,LOCAL
frontend,frontend/src/pages/comercial/CatalogoEnriquecido.jsx,../../components/ui/input,LOCAL
frontend,frontend/src/pages/comercial/CatalogoEnriquecido.jsx,../../components/ui/label,LOCAL
frontend,frontend/src/pages/comercial/CatalogoEnriquecido.jsx,../../components/ui/switch,LOCAL
frontend,frontend/src/pages/comercial/CatalogoEnriquecido.jsx,../../components/ui/textarea,LOCAL
frontend,frontend/src/pages/comercial/CatalogoEnriquecido.jsx,../../portal-inteligencia/components/ExportButtons,LOCAL
frontend,frontend/src/pages/comercial/CatalogoEnriquecido.jsx,../../services/unidadesNegocioService,LOCAL
frontend,frontend/src/pages/comercial/CatalogoEnriquecido.jsx,@/lib,NOT_DECLARED
frontend,frontend/src/pages/comercial/CatalogoEnriquecido.jsx,lucide-react,DECLARED
frontend,frontend/src/pages/comercial/CatalogoEnriquecido.jsx,react,DECLARED
frontend,frontend/src/pages/comercial/CatalogoEnriquecido.jsx,sonner,DECLARED
frontend,frontend/src/pages/comercial/CatalogoEnriquecido.jsx,xlsx,DECLARED
frontend,frontend/src/pages/comercial/CostosMargenes.jsx,../../filters,LOCAL
frontend,frontend/src/pages/comercial/CostosMargenes.jsx,../../portal-inteligencia/components/ExportButtons,LOCAL
frontend,frontend/src/pages/comercial/CostosMargenes.jsx,./TabReglasMargen,LOCAL
frontend,frontend/src/pages/comercial/CostosMargenes.jsx,@/lib,NOT_DECLARED
frontend,frontend/src/pages/comercial/CostosMargenes.jsx,lucide-react,DECLARED
frontend,frontend/src/pages/comercial/CostosMargenes.jsx,react,DECLARED
frontend,frontend/src/pages/comercial/TabIngestaCompetencia.jsx,@/lib,NOT_DECLARED
frontend,frontend/src/pages/comercial/TabIngestaCompetencia.jsx,lucide-react,DECLARED
frontend,frontend/src/pages/comercial/TabIngestaCompetencia.jsx,react,DECLARED
frontend,frontend/src/pages/comercial/PricingIACharts.jsx,@/lib,NOT_DECLARED
frontend,frontend/src/pages/comercial/PricingIACharts.jsx,lucide-react,DECLARED
frontend,frontend/src/pages/comercial/PricingIACharts.jsx,react,DECLARED
frontend,frontend/src/pages/comercial/PricingIACharts.jsx,recharts,DECLARED
frontend,frontend/src/pages/comercial/PricingIACharts.jsx,xlsx,DECLARED
frontend,frontend/src/pages/cava-socios/SocioForm.jsx,@/components,NOT_DECLARED
frontend,frontend/src/pages/cava-socios/SocioForm.jsx,@/components,NOT_DECLARED
frontend,frontend/src/pages/cava-socios/SocioForm.jsx,@/components,NOT_DECLARED
frontend,frontend/src/pages/cava-socios/SocioForm.jsx,@/components,NOT_DECLARED
frontend,frontend/src/pages/cava-socios/SocioForm.jsx,@/components,NOT_DECLARED
frontend,frontend/src/pages/cava-socios/SocioForm.jsx,@/components,NOT_DECLARED
frontend,frontend/src/pages/cava-socios/SocioForm.jsx,@/lib,NOT_DECLARED
frontend,frontend/src/pages/cava-socios/SocioForm.jsx,lucide-react,DECLARED
frontend,frontend/src/pages/cava-socios/SocioForm.jsx,react,DECLARED
frontend,frontend/src/pages/cava-socios/SocioForm.jsx,react-router-dom,DECLARED
frontend,frontend/src/pages/cava-socios/SocioForm.jsx,sonner,DECLARED
frontend,frontend/src/pages/cava-socios/SociosList.jsx,@/components,NOT_DECLARED
frontend,frontend/src/pages/cava-socios/SociosList.jsx,@/components,NOT_DECLARED
frontend,frontend/src/pages/cava-socios/SociosList.jsx,@/components,NOT_DECLARED
frontend,frontend/src/pages/cava-socios/SociosList.jsx,@/components,NOT_DECLARED
frontend,frontend/src/pages/cava-socios/SociosList.jsx,@/components,NOT_DECLARED
frontend,frontend/src/pages/cava-socios/SociosList.jsx,@/lib,NOT_DECLARED
frontend,frontend/src/pages/cava-socios/SociosList.jsx,lucide-react,DECLARED
frontend,frontend/src/pages/cava-socios/SociosList.jsx,react,DECLARED
frontend,frontend/src/pages/cava-socios/SociosList.jsx,react-router-dom,DECLARED
frontend,frontend/src/pages/cava-socios/CavaSociosDashboard.jsx,@/components,NOT_DECLARED
frontend,frontend/src/pages/cava-socios/CavaSociosDashboard.jsx,@/components,NOT_DECLARED
frontend,frontend/src/pages/cava-socios/CavaSociosDashboard.jsx,@/components,NOT_DECLARED
frontend,frontend/src/pages/cava-socios/CavaSociosDashboard.jsx,@/components,NOT_DECLARED
frontend,frontend/src/pages/cava-socios/CavaSociosDashboard.jsx,@/lib,NOT_DECLARED
frontend,frontend/src/pages/cava-socios/CavaSociosDashboard.jsx,lucide-react,DECLARED
frontend,frontend/src/pages/cava-socios/CavaSociosDashboard.jsx,react,DECLARED
frontend,frontend/src/pages/cava-socios/CavaSociosDashboard.jsx,react-router-dom,DECLARED
frontend,frontend/src/pages/cava-socios/SocioDetail.jsx,@/components,NOT_DECLARED
frontend,frontend/src/pages/cava-socios/SocioDetail.jsx,@/components,NOT_DECLARED
frontend,frontend/src/pages/cava-socios/SocioDetail.jsx,@/components,NOT_DECLARED
frontend,frontend/src/pages/cava-socios/SocioDetail.jsx,@/components,NOT_DECLARED
frontend,frontend/src/pages/cava-socios/SocioDetail.jsx,@/components,NOT_DECLARED
frontend,frontend/src/pages/cava-socios/SocioDetail.jsx,@/components,NOT_DECLARED
frontend,frontend/src/pages/cava-socios/SocioDetail.jsx,@/components,NOT_DECLARED
frontend,frontend/src/pages/cava-socios/SocioDetail.jsx,@/components,NOT_DECLARED
frontend,frontend/src/pages/cava-socios/SocioDetail.jsx,@/lib,NOT_DECLARED
frontend,frontend/src/pages/cava-socios/SocioDetail.jsx,lucide-react,DECLARED
frontend,frontend/src/pages/cava-socios/SocioDetail.jsx,react,DECLARED
frontend,frontend/src/pages/cava-socios/SocioDetail.jsx,react-router-dom,DECLARED
frontend,frontend/src/pages/cava-socios/SocioDetail.jsx,sonner,DECLARED
frontend,frontend/src/pages/satelites/SuperCajaPage.jsx,@/components,NOT_DECLARED
frontend,frontend/src/pages/satelites/SuperCajaPage.jsx,lucide-react,DECLARED
frontend,frontend/src/pages/satelites/ComanderoPage.jsx,@/components,NOT_DECLARED
frontend,frontend/src/pages/satelites/ComanderoPage.jsx,lucide-react,DECLARED
frontend,frontend/src/pages/tablajeria/OrdenesPage.jsx,@/components,NOT_DECLARED
frontend,frontend/src/pages/tablajeria/OrdenesPage.jsx,@/components,NOT_DECLARED
frontend,frontend/src/pages/tablajeria/OrdenesPage.jsx,@/components,NOT_DECLARED
frontend,frontend/src/pages/tablajeria/OrdenesPage.jsx,@/components,NOT_DECLARED
frontend,frontend/src/pages/tablajeria/OrdenesPage.jsx,@/components,NOT_DECLARED
frontend,frontend/src/pages/tablajeria/OrdenesPage.jsx,@/components,NOT_DECLARED
frontend,frontend/src/pages/tablajeria/OrdenesPage.jsx,@/lib,NOT_DECLARED
frontend,frontend/src/pages/tablajeria/OrdenesPage.jsx,lucide-react,DECLARED
frontend,frontend/src/pages/tablajeria/OrdenesPage.jsx,react,DECLARED
frontend,frontend/src/pages/tablajeria/OrdenesPage.jsx,sonner,DECLARED
frontend,frontend/src/pages/tablajeria/TablajeriaDashboard.jsx,@/components,NOT_DECLARED
frontend,frontend/src/pages/tablajeria/TablajeriaDashboard.jsx,@/components,NOT_DECLARED
frontend,frontend/src/pages/tablajeria/TablajeriaDashboard.jsx,@/components,NOT_DECLARED
frontend,frontend/src/pages/tablajeria/TablajeriaDashboard.jsx,@/components,NOT_DECLARED
frontend,frontend/src/pages/tablajeria/TablajeriaDashboard.jsx,@/lib,NOT_DECLARED
frontend,frontend/src/pages/tablajeria/TablajeriaDashboard.jsx,lucide-react,DECLARED
frontend,frontend/src/pages/tablajeria/TablajeriaDashboard.jsx,react,DECLARED
frontend,frontend/src/pages/tablajeria/TablajeriaDashboard.jsx,react-router-dom,DECLARED
frontend,frontend/src/pages/tablajeria/PlantillasPage.jsx,@/components,NOT_DECLARED
frontend,frontend/src/pages/tablajeria/PlantillasPage.jsx,@/components,NOT_DECLARED
frontend,frontend/src/pages/tablajeria/PlantillasPage.jsx,@/components,NOT_DECLARED
frontend,frontend/src/pages/tablajeria/PlantillasPage.jsx,@/components,NOT_DECLARED
frontend,frontend/src/pages/tablajeria/PlantillasPage.jsx,@/lib,NOT_DECLARED
frontend,frontend/src/pages/tablajeria/PlantillasPage.jsx,lucide-react,DECLARED
frontend,frontend/src/pages/tablajeria/PlantillasPage.jsx,react,DECLARED
frontend,frontend/src/pages/tablajeria/PlantillasPage.jsx,sonner,DECLARED
frontend,frontend/src/pages/tablajeria/CapturaDirectaPage.jsx,@/components,NOT_DECLARED
frontend,frontend/src/pages/tablajeria/CapturaDirectaPage.jsx,@/components,NOT_DECLARED
frontend,frontend/src/pages/tablajeria/CapturaDirectaPage.jsx,@/components,NOT_DECLARED
frontend,frontend/src/pages/tablajeria/CapturaDirectaPage.jsx,@/components,NOT_DECLARED
frontend,frontend/src/pages/tablajeria/CapturaDirectaPage.jsx,@/components,NOT_DECLARED
frontend,frontend/src/pages/tablajeria/CapturaDirectaPage.jsx,@/components,NOT_DECLARED
frontend,frontend/src/pages/tablajeria/CapturaDirectaPage.jsx,@/components,NOT_DECLARED
frontend,frontend/src/pages/tablajeria/CapturaDirectaPage.jsx,@/lib,NOT_DECLARED
frontend,frontend/src/pages/tablajeria/CapturaDirectaPage.jsx,lucide-react,DECLARED
frontend,frontend/src/pages/tablajeria/CapturaDirectaPage.jsx,react,DECLARED
frontend,frontend/src/pages/tablajeria/CapturaDirectaPage.jsx,react-router-dom,DECLARED
frontend,frontend/src/pages/tablajeria/CapturaDirectaPage.jsx,sonner,DECLARED
frontend,frontend/src/pages/crm/OperacionesPage.jsx,@/components,NOT_DECLARED
frontend,frontend/src/pages/crm/OportunidadesPage.jsx,./CerrarOportunidadModal,LOCAL
frontend,frontend/src/pages/crm/OportunidadesPage.jsx,./OportunidadForm,LOCAL
frontend,frontend/src/pages/crm/OportunidadesPage.jsx,@/components,NOT_DECLARED
frontend,frontend/src/pages/crm/OportunidadesPage.jsx,@/components,NOT_DECLARED
frontend,frontend/src/pages/crm/OportunidadesPage.jsx,@/components,NOT_DECLARED
frontend,frontend/src/pages/crm/OportunidadesPage.jsx,@/components,NOT_DECLARED
frontend,frontend/src/pages/crm/OportunidadesPage.jsx,@/components,NOT_DECLARED
frontend,frontend/src/pages/crm/OportunidadesPage.jsx,@/components,NOT_DECLARED
frontend,frontend/src/pages/crm/OportunidadesPage.jsx,@/lib,NOT_DECLARED
frontend,frontend/src/pages/crm/OportunidadesPage.jsx,lucide-react,DECLARED
frontend,frontend/src/pages/crm/OportunidadesPage.jsx,react,DECLARED
frontend,frontend/src/pages/crm/OportunidadesPage.jsx,sonner,DECLARED
frontend,frontend/src/pages/crm/CRMDashboard.jsx,@/components,NOT_DECLARED
frontend,frontend/src/pages/crm/CRMDashboard.jsx,@/lib,NOT_DECLARED
frontend,frontend/src/pages/crm/CRMDashboard.jsx,lucide-react,DECLARED
frontend,frontend/src/pages/crm/CRMDashboard.jsx,react,DECLARED
frontend,frontend/src/pages/crm/CuentasPage.jsx,@/components,NOT_DECLARED
frontend,frontend/src/pages/crm/CuentasPage.jsx,@/components,NOT_DECLARED
frontend,frontend/src/pages/crm/CuentasPage.jsx,@/components,NOT_DECLARED
frontend,frontend/src/pages/crm/CuentasPage.jsx,@/components,NOT_DECLARED
frontend,frontend/src/pages/crm/CuentasPage.jsx,@/lib,NOT_DECLARED
frontend,frontend/src/pages/crm/CuentasPage.jsx,lucide-react,DECLARED
frontend,frontend/src/pages/crm/CuentasPage.jsx,react,DECLARED
frontend,frontend/src/pages/crm/CuentasPage.jsx,sonner,DECLARED
frontend,frontend/src/pages/crm/ImplementacionesPage.jsx,@/components,NOT_DECLARED
frontend,frontend/src/pages/crm/ImplementacionesPage.jsx,@/components,NOT_DECLARED
frontend,frontend/src/pages/crm/ImplementacionesPage.jsx,@/components,NOT_DECLARED
frontend,frontend/src/pages/crm/ImplementacionesPage.jsx,@/lib,NOT_DECLARED
frontend,frontend/src/pages/crm/ImplementacionesPage.jsx,lucide-react,DECLARED
frontend,frontend/src/pages/crm/ImplementacionesPage.jsx,react,DECLARED
frontend,frontend/src/pages/crm/PedidosPage.jsx,@/components,NOT_DECLARED
frontend,frontend/src/pages/crm/PedidosPage.jsx,@/components,NOT_DECLARED
frontend,frontend/src/pages/crm/PedidosPage.jsx,@/components,NOT_DECLARED
frontend,frontend/src/pages/crm/PedidosPage.jsx,@/components,NOT_DECLARED
frontend,frontend/src/pages/crm/PedidosPage.jsx,@/lib,NOT_DECLARED
frontend,frontend/src/pages/crm/PedidosPage.jsx,lucide-react,DECLARED
frontend,frontend/src/pages/crm/PedidosPage.jsx,react,DECLARED
frontend,frontend/src/pages/crm/PedidosPage.jsx,sonner,DECLARED
frontend,frontend/src/pages/crm/KPIsPage.jsx,@/components,NOT_DECLARED
frontend,frontend/src/pages/crm/CerrarOportunidadModal.jsx,@/components,NOT_DECLARED
frontend,frontend/src/pages/crm/CerrarOportunidadModal.jsx,@/components,NOT_DECLARED
frontend,frontend/src/pages/crm/CerrarOportunidadModal.jsx,@/components,NOT_DECLARED
frontend,frontend/src/pages/crm/CerrarOportunidadModal.jsx,@/components,NOT_DECLARED
frontend,frontend/src/pages/crm/CerrarOportunidadModal.jsx,@/components,NOT_DECLARED
frontend,frontend/src/pages/crm/CerrarOportunidadModal.jsx,@/components,NOT_DECLARED
frontend,frontend/src/pages/crm/CerrarOportunidadModal.jsx,@/lib,NOT_DECLARED
frontend,frontend/src/pages/crm/CerrarOportunidadModal.jsx,lucide-react,DECLARED
frontend,frontend/src/pages/crm/CerrarOportunidadModal.jsx,react,DECLARED
frontend,frontend/src/pages/crm/CerrarOportunidadModal.jsx,sonner,DECLARED
frontend,frontend/src/pages/crm/CotizacionesPage.jsx,@/components,NOT_DECLARED
frontend,frontend/src/pages/crm/CotizacionesPage.jsx,@/components,NOT_DECLARED
frontend,frontend/src/pages/crm/CotizacionesPage.jsx,@/components,NOT_DECLARED
frontend,frontend/src/pages/crm/CotizacionesPage.jsx,@/components,NOT_DECLARED
frontend,frontend/src/pages/crm/CotizacionesPage.jsx,@/lib,NOT_DECLARED
frontend,frontend/src/pages/crm/CotizacionesPage.jsx,lucide-react,DECLARED
frontend,frontend/src/pages/crm/CotizacionesPage.jsx,react,DECLARED
frontend,frontend/src/pages/crm/CotizacionesPage.jsx,sonner,DECLARED
frontend,frontend/src/pages/crm/RemisionesPage.jsx,@/components,NOT_DECLARED
frontend,frontend/src/pages/crm/RemisionesPage.jsx,@/components,NOT_DECLARED
frontend,frontend/src/pages/crm/RemisionesPage.jsx,@/components,NOT_DECLARED
frontend,frontend/src/pages/crm/RemisionesPage.jsx,@/components,NOT_DECLARED
frontend,frontend/src/pages/crm/RemisionesPage.jsx,@/lib,NOT_DECLARED
frontend,frontend/src/pages/crm/RemisionesPage.jsx,lucide-react,DECLARED
frontend,frontend/src/pages/crm/RemisionesPage.jsx,react,DECLARED
frontend,frontend/src/pages/crm/RemisionesPage.jsx,sonner,DECLARED
frontend,frontend/src/pages/crm/LeadForm.jsx,@/components,NOT_DECLARED
frontend,frontend/src/pages/crm/LeadForm.jsx,@/components,NOT_DECLARED
frontend,frontend/src/pages/crm/LeadForm.jsx,@/components,NOT_DECLARED
frontend,frontend/src/pages/crm/LeadForm.jsx,@/components,NOT_DECLARED
frontend,frontend/src/pages/crm/LeadForm.jsx,@/components,NOT_DECLARED
frontend,frontend/src/pages/crm/LeadForm.jsx,@/components,NOT_DECLARED
frontend,frontend/src/pages/crm/LeadForm.jsx,@/lib,NOT_DECLARED
frontend,frontend/src/pages/crm/LeadForm.jsx,lucide-react,DECLARED
frontend,frontend/src/pages/crm/LeadForm.jsx,react,DECLARED
frontend,frontend/src/pages/crm/LeadForm.jsx,sonner,DECLARED
frontend,frontend/src/pages/crm/PostventaPage.jsx,@/components,NOT_DECLARED
frontend,frontend/src/pages/crm/PostventaPage.jsx,@/components,NOT_DECLARED
frontend,frontend/src/pages/crm/PostventaPage.jsx,@/components,NOT_DECLARED
frontend,frontend/src/pages/crm/PostventaPage.jsx,@/lib,NOT_DECLARED
frontend,frontend/src/pages/crm/PostventaPage.jsx,lucide-react,DECLARED
frontend,frontend/src/pages/crm/PostventaPage.jsx,react,DECLARED
frontend,frontend/src/pages/crm/SolicitudesAltaPage.jsx,@/components,NOT_DECLARED
frontend,frontend/src/pages/crm/SolicitudesAltaPage.jsx,@/components,NOT_DECLARED
frontend,frontend/src/pages/crm/SolicitudesAltaPage.jsx,@/components,NOT_DECLARED
frontend,frontend/src/pages/crm/SolicitudesAltaPage.jsx,@/components,NOT_DECLARED
frontend,frontend/src/pages/crm/SolicitudesAltaPage.jsx,@/lib,NOT_DECLARED
frontend,frontend/src/pages/crm/SolicitudesAltaPage.jsx,lucide-react,DECLARED
frontend,frontend/src/pages/crm/SolicitudesAltaPage.jsx,react,DECLARED
frontend,frontend/src/pages/crm/SolicitudesAltaPage.jsx,sonner,DECLARED
frontend,frontend/src/pages/crm/ConvertirLeadModal.jsx,@/components,NOT_DECLARED
frontend,frontend/src/pages/crm/ConvertirLeadModal.jsx,@/components,NOT_DECLARED
frontend,frontend/src/pages/crm/ConvertirLeadModal.jsx,@/components,NOT_DECLARED
frontend,frontend/src/pages/crm/ConvertirLeadModal.jsx,@/components,NOT_DECLARED
frontend,frontend/src/pages/crm/ConvertirLeadModal.jsx,@/components,NOT_DECLARED
frontend,frontend/src/pages/crm/ConvertirLeadModal.jsx,@/components,NOT_DECLARED
frontend,frontend/src/pages/crm/ConvertirLeadModal.jsx,@/lib,NOT_DECLARED
frontend,frontend/src/pages/crm/ConvertirLeadModal.jsx,lucide-react,DECLARED
frontend,frontend/src/pages/crm/ConvertirLeadModal.jsx,react,DECLARED
frontend,frontend/src/pages/crm/ConvertirLeadModal.jsx,sonner,DECLARED
frontend,frontend/src/pages/crm/PipelinePage.jsx,@/components,NOT_DECLARED
frontend,frontend/src/pages/crm/PipelinePage.jsx,@/components,NOT_DECLARED
frontend,frontend/src/pages/crm/PipelinePage.jsx,@/components,NOT_DECLARED
frontend,frontend/src/pages/crm/PipelinePage.jsx,@/lib,NOT_DECLARED
frontend,frontend/src/pages/crm/PipelinePage.jsx,lucide-react,DECLARED
frontend,frontend/src/pages/crm/PipelinePage.jsx,react,DECLARED
frontend,frontend/src/pages/crm/ActividadesPage.jsx,@/components,NOT_DECLARED
frontend,frontend/src/pages/crm/OportunidadForm.jsx,@/components,NOT_DECLARED
frontend,frontend/src/pages/crm/OportunidadForm.jsx,@/components,NOT_DECLARED
frontend,frontend/src/pages/crm/OportunidadForm.jsx,@/components,NOT_DECLARED
frontend,frontend/src/pages/crm/OportunidadForm.jsx,@/components,NOT_DECLARED
frontend,frontend/src/pages/crm/OportunidadForm.jsx,@/components,NOT_DECLARED
frontend,frontend/src/pages/crm/OportunidadForm.jsx,@/components,NOT_DECLARED
frontend,frontend/src/pages/crm/OportunidadForm.jsx,@/lib,NOT_DECLARED
frontend,frontend/src/pages/crm/OportunidadForm.jsx,lucide-react,DECLARED
frontend,frontend/src/pages/crm/OportunidadForm.jsx,react,DECLARED
frontend,frontend/src/pages/crm/OportunidadForm.jsx,sonner,DECLARED
frontend,frontend/src/pages/crm/LeadsPage.jsx,./ConvertirLeadModal,LOCAL
frontend,frontend/src/pages/crm/LeadsPage.jsx,./LeadForm,LOCAL
frontend,frontend/src/pages/crm/LeadsPage.jsx,@/components,NOT_DECLARED
frontend,frontend/src/pages/crm/LeadsPage.jsx,@/components,NOT_DECLARED
frontend,frontend/src/pages/crm/LeadsPage.jsx,@/components,NOT_DECLARED
frontend,frontend/src/pages/crm/LeadsPage.jsx,@/components,NOT_DECLARED
frontend,frontend/src/pages/crm/LeadsPage.jsx,@/components,NOT_DECLARED
frontend,frontend/src/pages/crm/LeadsPage.jsx,@/components,NOT_DECLARED
frontend,frontend/src/pages/crm/LeadsPage.jsx,@/lib,NOT_DECLARED
frontend,frontend/src/pages/crm/LeadsPage.jsx,lucide-react,DECLARED
frontend,frontend/src/pages/crm/LeadsPage.jsx,react,DECLARED
frontend,frontend/src/pages/crm/LeadsPage.jsx,sonner,DECLARED
frontend,frontend/src/components/PropinasTPV.jsx,../components/ui/button,LOCAL
frontend,frontend/src/components/PropinasTPV.jsx,../components/ui/card,LOCAL
frontend,frontend/src/components/PropinasTPV.jsx,../components/ui/input,LOCAL
frontend,frontend/src/components/PropinasTPV.jsx,../components/ui/label,LOCAL
frontend,frontend/src/components/PropinasTPV.jsx,../filters,LOCAL
frontend,frontend/src/components/PropinasTPV.jsx,../lib/roleUtils,LOCAL
frontend,frontend/src/components/PropinasTPV.jsx,../services/authStorage,LOCAL
frontend,frontend/src/components/PropinasTPV.jsx,../services/logger,LOCAL
frontend,frontend/src/components/PropinasTPV.jsx,../services/operativoApi,LOCAL
frontend,frontend/src/components/PropinasTPV.jsx,./finanzas/propinas,LOCAL
frontend,frontend/src/components/PropinasTPV.jsx,lucide-react,DECLARED
frontend,frontend/src/components/PropinasTPV.jsx,react,DECLARED
frontend,frontend/src/components/BarraLateral.jsx,@/config,NOT_DECLARED
frontend,frontend/src/components/BarraLateral.jsx,@/lib,NOT_DECLARED
frontend,frontend/src/components/BarraLateral.jsx,lucide-react,DECLARED
frontend,frontend/src/components/BarraLateral.jsx,react,DECLARED
frontend,frontend/src/components/BarraLateral.jsx,react-router-dom,DECLARED
frontend,frontend/src/components/ProtectedRoute.jsx,@/lib,NOT_DECLARED
frontend,frontend/src/components/ProtectedRoute.jsx,react-router-dom,DECLARED
frontend,frontend/src/components/PortalProveedoresTab.jsx,../pages/Proveedores,LOCAL
frontend,frontend/src/components/UniversalQueryTester.jsx,@/components,NOT_DECLARED
frontend,frontend/src/components/UniversalQueryTester.jsx,@/components,NOT_DECLARED
frontend,frontend/src/components/UniversalQueryTester.jsx,@/components,NOT_DECLARED
frontend,frontend/src/components/UniversalQueryTester.jsx,@/components,NOT_DECLARED
frontend,frontend/src/components/UniversalQueryTester.jsx,@/components,NOT_DECLARED
frontend,frontend/src/components/UniversalQueryTester.jsx,@/components,NOT_DECLARED
frontend,frontend/src/components/UniversalQueryTester.jsx,@/components,NOT_DECLARED
frontend,frontend/src/components/UniversalQueryTester.jsx,@/components,NOT_DECLARED
frontend,frontend/src/components/UniversalQueryTester.jsx,@/components,NOT_DECLARED
frontend,frontend/src/components/UniversalQueryTester.jsx,@/lib,NOT_DECLARED
frontend,frontend/src/components/UniversalQueryTester.jsx,lucide-react,DECLARED
frontend,frontend/src/components/UniversalQueryTester.jsx,react,DECLARED
frontend,frontend/src/components/UniversalQueryTester.jsx,sonner,DECLARED
frontend,frontend/src/components/ModalSolicitudCatalogo.jsx,../services/logger,LOCAL
frontend,frontend/src/components/ModalSolicitudCatalogo.jsx,./ui/button,LOCAL
frontend,frontend/src/components/ModalSolicitudCatalogo.jsx,./ui/dialog,LOCAL
frontend,frontend/src/components/ModalSolicitudCatalogo.jsx,./ui/input,LOCAL
frontend,frontend/src/components/ModalSolicitudCatalogo.jsx,./ui/label,LOCAL
frontend,frontend/src/components/ModalSolicitudCatalogo.jsx,./ui/textarea,LOCAL
frontend,frontend/src/components/ModalSolicitudCatalogo.jsx,lucide-react,DECLARED
frontend,frontend/src/components/ModalSolicitudCatalogo.jsx,react,DECLARED
frontend,frontend/src/components/ModalSolicitudCatalogo.jsx,sonner,DECLARED
frontend,frontend/src/components/TabOperativasCompras.jsx,../services/authStorage,LOCAL
frontend,frontend/src/components/TabOperativasCompras.jsx,../services/logger,LOCAL
frontend,frontend/src/components/TabOperativasCompras.jsx,../services/operativoApi,LOCAL
frontend,frontend/src/components/TabOperativasCompras.jsx,../utils/styleHelpers,LOCAL
frontend,frontend/src/components/TabOperativasCompras.jsx,@/components,NOT_DECLARED
frontend,frontend/src/components/TabOperativasCompras.jsx,@/components,NOT_DECLARED
frontend,frontend/src/components/TabOperativasCompras.jsx,@/components,NOT_DECLARED
frontend,frontend/src/components/TabOperativasCompras.jsx,@/components,NOT_DECLARED
frontend,frontend/src/components/TabOperativasCompras.jsx,@/components,NOT_DECLARED
frontend,frontend/src/components/TabOperativasCompras.jsx,@/components,NOT_DECLARED
frontend,frontend/src/components/TabOperativasCompras.jsx,@/components,NOT_DECLARED
frontend,frontend/src/components/TabOperativasCompras.jsx,@/components,NOT_DECLARED
frontend,frontend/src/components/TabOperativasCompras.jsx,@/components,NOT_DECLARED
frontend,frontend/src/components/TabOperativasCompras.jsx,lucide-react,DECLARED
frontend,frontend/src/components/TabOperativasCompras.jsx,react,DECLARED
frontend,frontend/src/components/TabOperativasCompras.jsx,sonner,DECLARED
frontend,frontend/src/components/GestionSolicitudesCatalogo.jsx,../lib/roleUtils,LOCAL
frontend,frontend/src/components/GestionSolicitudesCatalogo.jsx,../services/authStorage,LOCAL
frontend,frontend/src/components/GestionSolicitudesCatalogo.jsx,../services/logger,LOCAL
frontend,frontend/src/components/GestionSolicitudesCatalogo.jsx,../utils/styleHelpers,LOCAL
frontend,frontend/src/components/GestionSolicitudesCatalogo.jsx,./solicitudes-catalogo,LOCAL
frontend,frontend/src/components/GestionSolicitudesCatalogo.jsx,./ui/button,LOCAL
frontend,frontend/src/components/GestionSolicitudesCatalogo.jsx,./ui/card,LOCAL
frontend,frontend/src/components/GestionSolicitudesCatalogo.jsx,./ui/dialog,LOCAL
frontend,frontend/src/components/GestionSolicitudesCatalogo.jsx,./ui/label,LOCAL
frontend,frontend/src/components/GestionSolicitudesCatalogo.jsx,./ui/textarea,LOCAL
frontend,frontend/src/components/GestionSolicitudesCatalogo.jsx,lucide-react,DECLARED
frontend,frontend/src/components/GestionSolicitudesCatalogo.jsx,react,DECLARED
frontend,frontend/src/components/GestionSolicitudesCatalogo.jsx,sonner,DECLARED
frontend,frontend/src/components/UnidadNegocioContextSelector.jsx,../hooks/useAccessContext,LOCAL
frontend,frontend/src/components/UnidadNegocioContextSelector.jsx,react,DECLARED
frontend,frontend/src/components/SyncStatusIndicator.jsx,../hooks/useLocalFirst,LOCAL
frontend,frontend/src/components/SyncStatusIndicator.jsx,lucide-react,DECLARED
frontend,frontend/src/components/SyncStatusIndicator.jsx,react,DECLARED
frontend,frontend/src/components/TesoreriaCorteZ.jsx,../components/ui/button,LOCAL
frontend,frontend/src/components/TesoreriaCorteZ.jsx,../components/ui/card,LOCAL
frontend,frontend/src/components/TesoreriaCorteZ.jsx,../components/ui/input,LOCAL
frontend,frontend/src/components/TesoreriaCorteZ.jsx,./tesoreria,LOCAL
frontend,frontend/src/components/TesoreriaCorteZ.jsx,lucide-react,DECLARED
frontend,frontend/src/components/TesoreriaCorteZ.jsx,react,DECLARED
frontend,frontend/src/components/recursos-humanos/RhDashboard.jsx,@/components,NOT_DECLARED
frontend,frontend/src/components/recursos-humanos/RhDashboard.jsx,lucide-react,DECLARED
frontend,frontend/src/components/recursos-humanos/RhDashboard.jsx,react,DECLARED
frontend,frontend/src/components/recursos-humanos/RhAsistencia.jsx,@/components,NOT_DECLARED
frontend,frontend/src/components/recursos-humanos/RhAsistencia.jsx,lucide-react,DECLARED
frontend,frontend/src/components/recursos-humanos/RhAsistencia.jsx,react,DECLARED
frontend,frontend/src/components/recursos-humanos/RhColaboradores.jsx,./shared/RhSharedComponents,LOCAL
frontend,frontend/src/components/recursos-humanos/RhColaboradores.jsx,@/components,NOT_DECLARED
frontend,frontend/src/components/recursos-humanos/RhColaboradores.jsx,@/components,NOT_DECLARED
frontend,frontend/src/components/recursos-humanos/RhColaboradores.jsx,@/components,NOT_DECLARED
frontend,frontend/src/components/recursos-humanos/RhColaboradores.jsx,lucide-react,DECLARED
frontend,frontend/src/components/recursos-humanos/RhColaboradores.jsx,react,DECLARED
frontend,frontend/src/components/recursos-humanos/RhCatalogos.jsx,../GestionSolicitudesCatalogo,LOCAL
frontend,frontend/src/components/recursos-humanos/RhCatalogos.jsx,@/components,NOT_DECLARED
frontend,frontend/src/components/recursos-humanos/RhCatalogos.jsx,@/components,NOT_DECLARED
frontend,frontend/src/components/recursos-humanos/RhCatalogos.jsx,lucide-react,DECLARED
frontend,frontend/src/components/recursos-humanos/RhCatalogos.jsx,react,DECLARED
frontend,frontend/src/components/recursos-humanos/RhNominas.jsx,@/components,NOT_DECLARED
frontend,frontend/src/components/recursos-humanos/RhNominas.jsx,@/components,NOT_DECLARED
frontend,frontend/src/components/recursos-humanos/RhNominas.jsx,@/components,NOT_DECLARED
frontend,frontend/src/components/recursos-humanos/RhNominas.jsx,@/components,NOT_DECLARED
frontend,frontend/src/components/recursos-humanos/RhNominas.jsx,lucide-react,DECLARED
frontend,frontend/src/components/recursos-humanos/RhNominas.jsx,react,DECLARED
frontend,frontend/src/components/recursos-humanos/RhReclutamiento.jsx,@/components,NOT_DECLARED
frontend,frontend/src/components/recursos-humanos/RhReclutamiento.jsx,@/components,NOT_DECLARED
frontend,frontend/src/components/recursos-humanos/RhReclutamiento.jsx,lucide-react,DECLARED
frontend,frontend/src/components/recursos-humanos/RhReclutamiento.jsx,react,DECLARED
frontend,frontend/src/components/recursos-humanos/RhIncidencias.jsx,@/components,NOT_DECLARED
frontend,frontend/src/components/recursos-humanos/RhIncidencias.jsx,@/components,NOT_DECLARED
frontend,frontend/src/components/recursos-humanos/RhIncidencias.jsx,lucide-react,DECLARED
frontend,frontend/src/components/recursos-humanos/RhIncidencias.jsx,react,DECLARED
frontend,frontend/src/components/recursos-humanos/shared/RhSharedComponents.jsx,@/components,NOT_DECLARED
frontend,frontend/src/components/recursos-humanos/shared/RhSharedComponents.jsx,lucide-react,DECLARED
frontend,frontend/src/components/recursos-humanos/shared/RhSharedComponents.jsx,react,DECLARED
frontend,frontend/src/components/solicitudes-catalogo/SolicitudesComponents.jsx,../ui/badge,LOCAL
frontend,frontend/src/components/solicitudes-catalogo/SolicitudesComponents.jsx,../ui/button,LOCAL
frontend,frontend/src/components/solicitudes-catalogo/SolicitudesComponents.jsx,../ui/card,LOCAL
frontend,frontend/src/components/solicitudes-catalogo/SolicitudesComponents.jsx,lucide-react,DECLARED
frontend,frontend/src/components/navigation/EnterpriseSidebarMenu.jsx,../../config/enterpriseMenuConfig,LOCAL
frontend,frontend/src/components/navigation/EnterpriseSidebarMenu.jsx,../../services/menuContextService,LOCAL
frontend,frontend/src/components/navigation/EnterpriseSidebarMenu.jsx,lucide-react,DECLARED
frontend,frontend/src/components/navigation/EnterpriseSidebarMenu.jsx,react,DECLARED
frontend,frontend/src/components/navigation/EnterpriseSidebarMenu.jsx,react-router-dom,DECLARED
frontend,frontend/src/components/fase2_operativo/ResponsabilidadPendientesPanel.jsx,../../services/logger,LOCAL
frontend,frontend/src/components/fase2_operativo/ResponsabilidadPendientesPanel.jsx,../../services/operativoApi,LOCAL
frontend,frontend/src/components/fase2_operativo/ResponsabilidadPendientesPanel.jsx,./ResponsabilidadAccionesModal,LOCAL
frontend,frontend/src/components/fase2_operativo/ResponsabilidadPendientesPanel.jsx,lucide-react,DECLARED
frontend,frontend/src/components/fase2_operativo/ResponsabilidadPendientesPanel.jsx,react,DECLARED
frontend,frontend/src/components/fase2_operativo/ResponsabilidadCard.jsx,../../services/operativoApi,LOCAL
frontend,frontend/src/components/fase2_operativo/ResponsabilidadCard.jsx,lucide-react,DECLARED
frontend,frontend/src/components/fase2_operativo/ResponsabilidadCard.jsx,react,DECLARED
frontend,frontend/src/components/fase2_operativo/ResponsabilidadAccionesModal.jsx,../../services/operativoApi,LOCAL
frontend,frontend/src/components/fase2_operativo/ResponsabilidadAccionesModal.jsx,lucide-react,DECLARED
frontend,frontend/src/components/fase2_operativo/ResponsabilidadAccionesModal.jsx,react,DECLARED
frontend,frontend/src/components/fase2_operativo/SLACard.jsx,../../services/operativoApi,LOCAL
frontend,frontend/src/components/fase2_operativo/SLACard.jsx,lucide-react,DECLARED
frontend,frontend/src/components/fase2_operativo/SLACard.jsx,react,DECLARED
frontend,frontend/src/components/fase2_operativo/TareaList.jsx,lucide-react,DECLARED
frontend,frontend/src/components/fase2_operativo/WorkflowList.jsx,../../services/logger,LOCAL
frontend,frontend/src/components/fase2_operativo/WorkflowList.jsx,../../services/operativoApi,LOCAL
frontend,frontend/src/components/fase2_operativo/WorkflowList.jsx,lucide-react,DECLARED
frontend,frontend/src/components/fase2_operativo/WorkflowList.jsx,react,DECLARED
frontend,frontend/src/components/fase2_operativo/OperativoDashboard.jsx,./AlertasBanner,LOCAL
frontend,frontend/src/components/fase2_operativo/OperativoDashboard.jsx,./KPICards,LOCAL
frontend,frontend/src/components/fase2_operativo/OperativoDashboard.jsx,./ResponsabilidadCard,LOCAL
frontend,frontend/src/components/fase2_operativo/OperativoDashboard.jsx,./ResponsabilidadPendientesPanel,LOCAL
frontend,frontend/src/components/fase2_operativo/OperativoDashboard.jsx,./SLACard,LOCAL
frontend,frontend/src/components/fase2_operativo/OperativoDashboard.jsx,./TareaList,LOCAL
frontend,frontend/src/components/fase2_operativo/OperativoDashboard.jsx,./WorkflowList,LOCAL
frontend,frontend/src/components/fase2_operativo/OperativoDashboard.jsx,@/components,NOT_DECLARED
frontend,frontend/src/components/fase2_operativo/OperativoDashboard.jsx,@/components,NOT_DECLARED
frontend,frontend/src/components/fase2_operativo/OperativoDashboard.jsx,@/services,NOT_DECLARED
frontend,frontend/src/components/fase2_operativo/OperativoDashboard.jsx,@/services,NOT_DECLARED
frontend,frontend/src/components/fase2_operativo/OperativoDashboard.jsx,lucide-react,DECLARED
frontend,frontend/src/components/fase2_operativo/OperativoDashboard.jsx,react,DECLARED
frontend,frontend/src/components/fase2_operativo/KPICards.jsx,lucide-react,DECLARED
frontend,frontend/src/components/fase2_operativo/AlertasBanner.jsx,lucide-react,DECLARED
frontend,frontend/src/components/fase2_operativo/AlertasBanner.jsx,react,DECLARED
frontend,frontend/src/components/auditorias/AuditoriasComponents.jsx,../ui/badge,LOCAL
frontend,frontend/src/components/auditorias/AuditoriasComponents.jsx,../ui/button,LOCAL
frontend,frontend/src/components/auditorias/AuditoriasComponents.jsx,../ui/card,LOCAL
frontend,frontend/src/components/auditorias/AuditoriasComponents.jsx,lucide-react,DECLARED
frontend,frontend/src/components/auditorias/AuditoriasComponents.jsx,react,DECLARED
frontend,frontend/src/components/catalogos/ConfiguracionOperativaUnidad.jsx,lucide-react,DECLARED
frontend,frontend/src/components/catalogos/ConfiguracionOperativaUnidad.jsx,react,DECLARED
frontend,frontend/src/components/auth/PasswordControls.jsx,@/components,NOT_DECLARED
frontend,frontend/src/components/auth/PasswordControls.jsx,@/lib,NOT_DECLARED
frontend,frontend/src/components/auth/PasswordControls.jsx,lucide-react,DECLARED
frontend,frontend/src/components/auth/PasswordControls.jsx,react,DECLARED
frontend,frontend/src/components/crm/KPIDashboardIA.jsx,react,DECLARED
frontend,frontend/src/components/crm/CuentasPanel.jsx,react,DECLARED
frontend,frontend/src/components/crm/PipelineKanban.jsx,react,DECLARED
frontend,frontend/src/components/crm/SolicitudesAltaPanel.jsx,react,DECLARED
frontend,frontend/src/components/crm/ActividadesPanel.jsx,react,DECLARED
frontend,frontend/src/components/crm/OperacionesFlujoPanel.jsx,react,DECLARED
frontend,frontend/src/components/admin/RolesList.jsx,@/components,NOT_DECLARED
frontend,frontend/src/components/admin/RolesList.jsx,@/components,NOT_DECLARED
frontend,frontend/src/components/admin/RolesList.jsx,@/components,NOT_DECLARED
frontend,frontend/src/components/admin/RolesList.jsx,@/lib,NOT_DECLARED
frontend,frontend/src/components/admin/RolesList.jsx,lucide-react,DECLARED
frontend,frontend/src/components/admin/RolesList.jsx,react,DECLARED
frontend,frontend/src/components/admin/ResyncPanel.jsx,../../lib/api,LOCAL
frontend,frontend/src/components/admin/ResyncPanel.jsx,@/components,NOT_DECLARED
frontend,frontend/src/components/admin/ResyncPanel.jsx,@/components,NOT_DECLARED
frontend,frontend/src/components/admin/ResyncPanel.jsx,@/components,NOT_DECLARED
frontend,frontend/src/components/admin/ResyncPanel.jsx,@/components,NOT_DECLARED
frontend,frontend/src/components/admin/ResyncPanel.jsx,@/components,NOT_DECLARED
frontend,frontend/src/components/admin/ResyncPanel.jsx,@/components,NOT_DECLARED
frontend,frontend/src/components/admin/ResyncPanel.jsx,@/components,NOT_DECLARED
frontend,frontend/src/components/admin/ResyncPanel.jsx,@/components,NOT_DECLARED
frontend,frontend/src/components/admin/ResyncPanel.jsx,@/components,NOT_DECLARED
frontend,frontend/src/components/admin/ResyncPanel.jsx,@/components,NOT_DECLARED
frontend,frontend/src/components/admin/ResyncPanel.jsx,@/components,NOT_DECLARED
frontend,frontend/src/components/admin/ResyncPanel.jsx,lucide-react,DECLARED
frontend,frontend/src/components/admin/ResyncPanel.jsx,react,DECLARED
frontend,frontend/src/components/admin/BitacoraRBAC.jsx,./bitacora,LOCAL
frontend,frontend/src/components/admin/BitacoraRBAC.jsx,@/components,NOT_DECLARED
frontend,frontend/src/components/admin/BitacoraRBAC.jsx,@/components,NOT_DECLARED
frontend,frontend/src/components/admin/BitacoraRBAC.jsx,lucide-react,DECLARED
frontend,frontend/src/components/admin/bitacora/BitacoraComponents.jsx,@/components,NOT_DECLARED
frontend,frontend/src/components/admin/bitacora/BitacoraComponents.jsx,@/components,NOT_DECLARED
frontend,frontend/src/components/admin/bitacora/BitacoraComponents.jsx,@/components,NOT_DECLARED
frontend,frontend/src/components/admin/bitacora/BitacoraComponents.jsx,@/components,NOT_DECLARED
frontend,frontend/src/components/admin/bitacora/BitacoraComponents.jsx,@/components,NOT_DECLARED
frontend,frontend/src/components/admin/bitacora/BitacoraComponents.jsx,@/components,NOT_DECLARED
frontend,frontend/src/components/admin/bitacora/BitacoraComponents.jsx,lucide-react,DECLARED
frontend,frontend/src/components/finanzas/FinanzasControlIngresos.jsx,../ui/button,LOCAL
frontend,frontend/src/components/finanzas/FinanzasControlIngresos.jsx,../ui/card,LOCAL
frontend,frontend/src/components/finanzas/FinanzasControlIngresos.jsx,../ui/input,LOCAL
frontend,frontend/src/components/finanzas/FinanzasControlIngresos.jsx,../ui/label,LOCAL
frontend,frontend/src/components/finanzas/FinanzasControlIngresos.jsx,lucide-react,DECLARED
frontend,frontend/src/components/finanzas/FinanzasControlIngresos.jsx,react,DECLARED
frontend,frontend/src/components/finanzas/FinanzasCuentasPorPagar.jsx,../ui/button,LOCAL
frontend,frontend/src/components/finanzas/FinanzasCuentasPorPagar.jsx,../ui/card,LOCAL
frontend,frontend/src/components/finanzas/FinanzasCuentasPorPagar.jsx,../ui/input,LOCAL
frontend,frontend/src/components/finanzas/FinanzasCuentasPorPagar.jsx,../ui/label,LOCAL
frontend,frontend/src/components/finanzas/FinanzasCuentasPorPagar.jsx,lucide-react,DECLARED
frontend,frontend/src/components/finanzas/FinanzasCuentasPorPagar.jsx,react,DECLARED
frontend,frontend/src/components/finanzas/FinanzasPresupuestos.jsx,../ui/button,LOCAL
frontend,frontend/src/components/finanzas/FinanzasPresupuestos.jsx,../ui/card,LOCAL
frontend,frontend/src/components/finanzas/FinanzasPresupuestos.jsx,lucide-react,DECLARED
frontend,frontend/src/components/finanzas/FinanzasPresupuestos.jsx,react,DECLARED
frontend,frontend/src/components/finanzas/FinanzasDashboard.jsx,../ui/button,LOCAL
frontend,frontend/src/components/finanzas/FinanzasDashboard.jsx,../ui/card,LOCAL
frontend,frontend/src/components/finanzas/FinanzasDashboard.jsx,lucide-react,DECLARED
frontend,frontend/src/components/finanzas/FinanzasDashboard.jsx,react,DECLARED
frontend,frontend/src/components/finanzas/FinanzasDashboard.jsx,recharts,DECLARED
frontend,frontend/src/components/finanzas/cuentas-bancarias/ModalDesactivarCuenta.jsx,../../ui/alert,LOCAL
frontend,frontend/src/components/finanzas/cuentas-bancarias/ModalDesactivarCuenta.jsx,../../ui/button,LOCAL
frontend,frontend/src/components/finanzas/cuentas-bancarias/ModalDesactivarCuenta.jsx,../../ui/dialog,LOCAL
frontend,frontend/src/components/finanzas/cuentas-bancarias/ModalDesactivarCuenta.jsx,../../ui/label,LOCAL
frontend,frontend/src/components/finanzas/cuentas-bancarias/ModalDesactivarCuenta.jsx,../../ui/textarea,LOCAL
frontend,frontend/src/components/finanzas/cuentas-bancarias/ModalDesactivarCuenta.jsx,lucide-react,DECLARED
frontend,frontend/src/components/finanzas/cuentas-bancarias/ModalDesactivarCuenta.jsx,react,DECLARED
frontend,frontend/src/components/finanzas/cuentas-bancarias/DetalleCuentaBancaria.jsx,../../ui/alert,LOCAL
frontend,frontend/src/components/finanzas/cuentas-bancarias/DetalleCuentaBancaria.jsx,../../ui/badge,LOCAL
frontend,frontend/src/components/finanzas/cuentas-bancarias/DetalleCuentaBancaria.jsx,../../ui/button,LOCAL
frontend,frontend/src/components/finanzas/cuentas-bancarias/DetalleCuentaBancaria.jsx,../../ui/card,LOCAL
frontend,frontend/src/components/finanzas/cuentas-bancarias/DetalleCuentaBancaria.jsx,./hooks/useSaldosBancarios,LOCAL
frontend,frontend/src/components/finanzas/cuentas-bancarias/DetalleCuentaBancaria.jsx,./saldos/FormularioCapturaSaldo,LOCAL
frontend,frontend/src/components/finanzas/cuentas-bancarias/DetalleCuentaBancaria.jsx,./saldos/FormularioCorreccionSaldo,LOCAL
frontend,frontend/src/components/finanzas/cuentas-bancarias/DetalleCuentaBancaria.jsx,./saldos/HistorialSaldos,LOCAL
frontend,frontend/src/components/finanzas/cuentas-bancarias/DetalleCuentaBancaria.jsx,./saldos/ModalCancelarSaldo,LOCAL
frontend,frontend/src/components/finanzas/cuentas-bancarias/DetalleCuentaBancaria.jsx,lucide-react,DECLARED
frontend,frontend/src/components/finanzas/cuentas-bancarias/DetalleCuentaBancaria.jsx,react,DECLARED
frontend,frontend/src/components/finanzas/cuentas-bancarias/DetalleCuentaBancaria.jsx,sonner,DECLARED
frontend,frontend/src/components/finanzas/cuentas-bancarias/CuentasBancariasPage.jsx,../../../services/unidadesNegocioService,LOCAL
frontend,frontend/src/components/finanzas/cuentas-bancarias/CuentasBancariasPage.jsx,../../ui/alert,LOCAL
frontend,frontend/src/components/finanzas/cuentas-bancarias/CuentasBancariasPage.jsx,../../ui/badge,LOCAL
frontend,frontend/src/components/finanzas/cuentas-bancarias/CuentasBancariasPage.jsx,../../ui/button,LOCAL
frontend,frontend/src/components/finanzas/cuentas-bancarias/CuentasBancariasPage.jsx,../../ui/card,LOCAL
frontend,frontend/src/components/finanzas/cuentas-bancarias/CuentasBancariasPage.jsx,./DetalleCuentaBancaria,LOCAL
frontend,frontend/src/components/finanzas/cuentas-bancarias/CuentasBancariasPage.jsx,./FormularioCuentaBancaria,LOCAL
frontend,frontend/src/components/finanzas/cuentas-bancarias/CuentasBancariasPage.jsx,./ModalDesactivarCuenta,LOCAL
frontend,frontend/src/components/finanzas/cuentas-bancarias/CuentasBancariasPage.jsx,./TablaCuentasBancarias,LOCAL
frontend,frontend/src/components/finanzas/cuentas-bancarias/CuentasBancariasPage.jsx,./hooks/useBancos,LOCAL
frontend,frontend/src/components/finanzas/cuentas-bancarias/CuentasBancariasPage.jsx,./hooks/useCuentasBancarias,LOCAL
frontend,frontend/src/components/finanzas/cuentas-bancarias/CuentasBancariasPage.jsx,./hooks/useSaldosBancarios,LOCAL
frontend,frontend/src/components/finanzas/cuentas-bancarias/CuentasBancariasPage.jsx,./saldos/TarjetaSaldoTotal,LOCAL
frontend,frontend/src/components/finanzas/cuentas-bancarias/CuentasBancariasPage.jsx,lucide-react,DECLARED
frontend,frontend/src/components/finanzas/cuentas-bancarias/CuentasBancariasPage.jsx,react,DECLARED
frontend,frontend/src/components/finanzas/cuentas-bancarias/CuentasBancariasPage.jsx,sonner,DECLARED
frontend,frontend/src/components/finanzas/cuentas-bancarias/FormularioCuentaBancaria.jsx,../../ui/alert,LOCAL
frontend,frontend/src/components/finanzas/cuentas-bancarias/FormularioCuentaBancaria.jsx,../../ui/button,LOCAL
frontend,frontend/src/components/finanzas/cuentas-bancarias/FormularioCuentaBancaria.jsx,../../ui/checkbox,LOCAL
frontend,frontend/src/components/finanzas/cuentas-bancarias/FormularioCuentaBancaria.jsx,../../ui/dialog,LOCAL
frontend,frontend/src/components/finanzas/cuentas-bancarias/FormularioCuentaBancaria.jsx,../../ui/input,LOCAL
frontend,frontend/src/components/finanzas/cuentas-bancarias/FormularioCuentaBancaria.jsx,../../ui/label,LOCAL
frontend,frontend/src/components/finanzas/cuentas-bancarias/FormularioCuentaBancaria.jsx,../../ui/select,LOCAL
frontend,frontend/src/components/finanzas/cuentas-bancarias/FormularioCuentaBancaria.jsx,lucide-react,DECLARED
frontend,frontend/src/components/finanzas/cuentas-bancarias/FormularioCuentaBancaria.jsx,react,DECLARED
frontend,frontend/src/components/finanzas/cuentas-bancarias/TablaCuentasBancarias.jsx,../../ui/badge,LOCAL
frontend,frontend/src/components/finanzas/cuentas-bancarias/TablaCuentasBancarias.jsx,../../ui/button,LOCAL
frontend,frontend/src/components/finanzas/cuentas-bancarias/TablaCuentasBancarias.jsx,../../ui/skeleton,LOCAL
frontend,frontend/src/components/finanzas/cuentas-bancarias/TablaCuentasBancarias.jsx,../../ui/table,LOCAL
frontend,frontend/src/components/finanzas/cuentas-bancarias/TablaCuentasBancarias.jsx,lucide-react,DECLARED
frontend,frontend/src/components/finanzas/cuentas-bancarias/TablaCuentasBancarias.jsx,react,DECLARED
frontend,frontend/src/components/finanzas/cuentas-bancarias/saldos/ModalCancelarSaldo.jsx,../../../ui/alert,LOCAL
frontend,frontend/src/components/finanzas/cuentas-bancarias/saldos/ModalCancelarSaldo.jsx,../../../ui/button,LOCAL
frontend,frontend/src/components/finanzas/cuentas-bancarias/saldos/ModalCancelarSaldo.jsx,../../../ui/dialog,LOCAL
frontend,frontend/src/components/finanzas/cuentas-bancarias/saldos/ModalCancelarSaldo.jsx,../../../ui/label,LOCAL
frontend,frontend/src/components/finanzas/cuentas-bancarias/saldos/ModalCancelarSaldo.jsx,../../../ui/textarea,LOCAL
frontend,frontend/src/components/finanzas/cuentas-bancarias/saldos/ModalCancelarSaldo.jsx,lucide-react,DECLARED
frontend,frontend/src/components/finanzas/cuentas-bancarias/saldos/ModalCancelarSaldo.jsx,react,DECLARED
frontend,frontend/src/components/finanzas/cuentas-bancarias/saldos/FormularioCapturaSaldo.jsx,../../../ui/button,LOCAL
frontend,frontend/src/components/finanzas/cuentas-bancarias/saldos/FormularioCapturaSaldo.jsx,../../../ui/calendar,LOCAL
frontend,frontend/src/components/finanzas/cuentas-bancarias/saldos/FormularioCapturaSaldo.jsx,../../../ui/dialog,LOCAL
frontend,frontend/src/components/finanzas/cuentas-bancarias/saldos/FormularioCapturaSaldo.jsx,../../../ui/input,LOCAL
frontend,frontend/src/components/finanzas/cuentas-bancarias/saldos/FormularioCapturaSaldo.jsx,../../../ui/label,LOCAL
frontend,frontend/src/components/finanzas/cuentas-bancarias/saldos/FormularioCapturaSaldo.jsx,../../../ui/popover,LOCAL
frontend,frontend/src/components/finanzas/cuentas-bancarias/saldos/FormularioCapturaSaldo.jsx,date-fns,DECLARED
frontend,frontend/src/components/finanzas/cuentas-bancarias/saldos/FormularioCapturaSaldo.jsx,date-fns,DECLARED
frontend,frontend/src/components/finanzas/cuentas-bancarias/saldos/FormularioCapturaSaldo.jsx,lucide-react,DECLARED
frontend,frontend/src/components/finanzas/cuentas-bancarias/saldos/FormularioCapturaSaldo.jsx,react,DECLARED
frontend,frontend/src/components/finanzas/cuentas-bancarias/saldos/FormularioCorreccionSaldo.jsx,../../../ui/alert,LOCAL
frontend,frontend/src/components/finanzas/cuentas-bancarias/saldos/FormularioCorreccionSaldo.jsx,../../../ui/button,LOCAL
frontend,frontend/src/components/finanzas/cuentas-bancarias/saldos/FormularioCorreccionSaldo.jsx,../../../ui/dialog,LOCAL
frontend,frontend/src/components/finanzas/cuentas-bancarias/saldos/FormularioCorreccionSaldo.jsx,../../../ui/input,LOCAL
frontend,frontend/src/components/finanzas/cuentas-bancarias/saldos/FormularioCorreccionSaldo.jsx,../../../ui/label,LOCAL
frontend,frontend/src/components/finanzas/cuentas-bancarias/saldos/FormularioCorreccionSaldo.jsx,../../../ui/textarea,LOCAL
frontend,frontend/src/components/finanzas/cuentas-bancarias/saldos/FormularioCorreccionSaldo.jsx,lucide-react,DECLARED
frontend,frontend/src/components/finanzas/cuentas-bancarias/saldos/FormularioCorreccionSaldo.jsx,react,DECLARED
frontend,frontend/src/components/finanzas/cuentas-bancarias/saldos/HistorialSaldos.jsx,../../../ui/badge,LOCAL
frontend,frontend/src/components/finanzas/cuentas-bancarias/saldos/HistorialSaldos.jsx,../../../ui/button,LOCAL
frontend,frontend/src/components/finanzas/cuentas-bancarias/saldos/HistorialSaldos.jsx,../../../ui/skeleton,LOCAL
frontend,frontend/src/components/finanzas/cuentas-bancarias/saldos/HistorialSaldos.jsx,../../../ui/table,LOCAL
frontend,frontend/src/components/finanzas/cuentas-bancarias/saldos/HistorialSaldos.jsx,lucide-react,DECLARED
frontend,frontend/src/components/finanzas/cuentas-bancarias/saldos/HistorialSaldos.jsx,react,DECLARED
frontend,frontend/src/components/finanzas/cuentas-bancarias/saldos/TarjetaSaldoTotal.jsx,../../../ui/card,LOCAL
frontend,frontend/src/components/finanzas/cuentas-bancarias/saldos/TarjetaSaldoTotal.jsx,../../../ui/skeleton,LOCAL
frontend,frontend/src/components/finanzas/cuentas-bancarias/saldos/TarjetaSaldoTotal.jsx,lucide-react,DECLARED
frontend,frontend/src/components/finanzas/cuentas-bancarias/saldos/TarjetaSaldoTotal.jsx,react,DECLARED
frontend,frontend/src/components/finanzas/propinas/PropinasKPICards.jsx,./utils,LOCAL
frontend,frontend/src/components/finanzas/propinas/PropinasKPICards.jsx,@/components,NOT_DECLARED
frontend,frontend/src/components/finanzas/propinas/PropinasTable.jsx,./utils,LOCAL
frontend,frontend/src/components/finanzas/propinas/PropinasTable.jsx,@/components,NOT_DECLARED
frontend,frontend/src/components/finanzas/propinas/PropinasTable.jsx,lucide-react,DECLARED
frontend,frontend/src/components/finanzas/propinas/PropinasConfigList.jsx,./utils,LOCAL
frontend,frontend/src/components/finanzas/propinas/PropinasConfigList.jsx,@/components,NOT_DECLARED
frontend,frontend/src/components/finanzas/propinas/PropinasConfigList.jsx,@/components,NOT_DECLARED
frontend,frontend/src/components/finanzas/propinas/PropinasConfigList.jsx,lucide-react,DECLARED
frontend,frontend/src/components/finanzas/propinas/PropinasConfigForm.jsx,@/components,NOT_DECLARED
frontend,frontend/src/components/finanzas/propinas/PropinasConfigForm.jsx,@/components,NOT_DECLARED
frontend,frontend/src/components/finanzas/propinas/PropinasConfigForm.jsx,@/components,NOT_DECLARED
frontend,frontend/src/components/finanzas/propinas/PropinasConfigForm.jsx,@/components,NOT_DECLARED
frontend,frontend/src/components/finanzas/propinas/PropinasConfigForm.jsx,lucide-react,DECLARED
frontend,frontend/src/components/ui/hover-card.jsx,@/lib,NOT_DECLARED
frontend,frontend/src/components/ui/hover-card.jsx,@radix-ui/react-hover-card,DECLARED
frontend,frontend/src/components/ui/hover-card.jsx,react,DECLARED
frontend,frontend/src/components/ui/sonner.jsx,next-themes,DECLARED
frontend,frontend/src/components/ui/sonner.jsx,sonner,DECLARED
frontend,frontend/src/components/ui/tooltip.jsx,@/lib,NOT_DECLARED
frontend,frontend/src/components/ui/tooltip.jsx,@radix-ui/react-tooltip,DECLARED
frontend,frontend/src/components/ui/tooltip.jsx,react,DECLARED
frontend,frontend/src/components/ui/scroll-area.jsx,@/lib,NOT_DECLARED
frontend,frontend/src/components/ui/scroll-area.jsx,@radix-ui/react-scroll-area,DECLARED
frontend,frontend/src/components/ui/scroll-area.jsx,react,DECLARED
frontend,frontend/src/components/ui/textarea.jsx,@/lib,NOT_DECLARED
frontend,frontend/src/components/ui/textarea.jsx,react,DECLARED
frontend,frontend/src/components/ui/badge.jsx,@/lib,NOT_DECLARED
frontend,frontend/src/components/ui/badge.jsx,class-variance-authority,DECLARED
frontend,frontend/src/components/ui/badge.jsx,react,DECLARED
frontend,frontend/src/components/ui/command.jsx,@/components,NOT_DECLARED
frontend,frontend/src/components/ui/command.jsx,@/lib,NOT_DECLARED
frontend,frontend/src/components/ui/command.jsx,cmdk,DECLARED
frontend,frontend/src/components/ui/command.jsx,lucide-react,DECLARED
frontend,frontend/src/components/ui/command.jsx,react,DECLARED
frontend,frontend/src/components/ui/alert.jsx,@/lib,NOT_DECLARED
frontend,frontend/src/components/ui/alert.jsx,class-variance-authority,DECLARED
frontend,frontend/src/components/ui/alert.jsx,react,DECLARED
frontend,frontend/src/components/ui/carousel.jsx,@/components,NOT_DECLARED
frontend,frontend/src/components/ui/carousel.jsx,@/lib,NOT_DECLARED
frontend,frontend/src/components/ui/carousel.jsx,embla-carousel-react,DECLARED
frontend,frontend/src/components/ui/carousel.jsx,lucide-react,DECLARED
frontend,frontend/src/components/ui/carousel.jsx,react,DECLARED
frontend,frontend/src/components/ui/label.jsx,@/lib,NOT_DECLARED
frontend,frontend/src/components/ui/label.jsx,@radix-ui/react-label,DECLARED
frontend,frontend/src/components/ui/label.jsx,class-variance-authority,DECLARED
frontend,frontend/src/components/ui/label.jsx,react,DECLARED
frontend,frontend/src/components/ui/toast.jsx,@/lib,NOT_DECLARED
frontend,frontend/src/components/ui/toast.jsx,@radix-ui/react-toast,DECLARED
frontend,frontend/src/components/ui/toast.jsx,class-variance-authority,DECLARED
frontend,frontend/src/components/ui/toast.jsx,lucide-react,DECLARED
frontend,frontend/src/components/ui/toast.jsx,react,DECLARED
frontend,frontend/src/components/ui/switch.jsx,@/lib,NOT_DECLARED
frontend,frontend/src/components/ui/switch.jsx,@radix-ui/react-switch,DECLARED
frontend,frontend/src/components/ui/switch.jsx,react,DECLARED
frontend,frontend/src/components/ui/tabs.jsx,@/lib,NOT_DECLARED
frontend,frontend/src/components/ui/tabs.jsx,@radix-ui/react-tabs,DECLARED
frontend,frontend/src/components/ui/tabs.jsx,react,DECLARED
frontend,frontend/src/components/ui/separator.jsx,@/lib,NOT_DECLARED
frontend,frontend/src/components/ui/separator.jsx,@radix-ui/react-separator,DECLARED
frontend,frontend/src/components/ui/separator.jsx,react,DECLARED
frontend,frontend/src/components/ui/card.jsx,@/lib,NOT_DECLARED
frontend,frontend/src/components/ui/card.jsx,react,DECLARED
frontend,frontend/src/components/ui/toaster.jsx,@/components,NOT_DECLARED
frontend,frontend/src/components/ui/toaster.jsx,@/hooks,NOT_DECLARED
frontend,frontend/src/components/ui/slider.jsx,@/lib,NOT_DECLARED
frontend,frontend/src/components/ui/slider.jsx,@radix-ui/react-slider,DECLARED
frontend,frontend/src/components/ui/slider.jsx,react,DECLARED
frontend,frontend/src/components/ui/toggle.jsx,@/lib,NOT_DECLARED
frontend,frontend/src/components/ui/toggle.jsx,@radix-ui/react-toggle,DECLARED
frontend,frontend/src/components/ui/toggle.jsx,class-variance-authority,DECLARED
frontend,frontend/src/components/ui/toggle.jsx,react,DECLARED
frontend,frontend/src/components/ui/dialog.jsx,@/lib,NOT_DECLARED
frontend,frontend/src/components/ui/dialog.jsx,@radix-ui/react-dialog,DECLARED
frontend,frontend/src/components/ui/dialog.jsx,lucide-react,DECLARED
frontend,frontend/src/components/ui/dialog.jsx,react,DECLARED
frontend,frontend/src/components/ui/alert-dialog.jsx,@/components,NOT_DECLARED
frontend,frontend/src/components/ui/alert-dialog.jsx,@/lib,NOT_DECLARED
frontend,frontend/src/components/ui/alert-dialog.jsx,@radix-ui/react-alert-dialog,DECLARED
frontend,frontend/src/components/ui/alert-dialog.jsx,react,DECLARED
frontend,frontend/src/components/ui/form.jsx,@/components,NOT_DECLARED
frontend,frontend/src/components/ui/form.jsx,@/lib,NOT_DECLARED
frontend,frontend/src/components/ui/form.jsx,@radix-ui/react-slot,DECLARED
frontend,frontend/src/components/ui/form.jsx,react,DECLARED
frontend,frontend/src/components/ui/form.jsx,react-hook-form,DECLARED
frontend,frontend/src/components/ui/resizable.jsx,@/lib,NOT_DECLARED
frontend,frontend/src/components/ui/resizable.jsx,lucide-react,DECLARED
frontend,frontend/src/components/ui/resizable.jsx,react-resizable-panels,DECLARED
frontend,frontend/src/components/ui/button.jsx,@/lib,NOT_DECLARED
frontend,frontend/src/components/ui/button.jsx,@radix-ui/react-slot,DECLARED
frontend,frontend/src/components/ui/button.jsx,class-variance-authority,DECLARED
frontend,frontend/src/components/ui/button.jsx,react,DECLARED
frontend,frontend/src/components/ui/aspect-ratio.jsx,@radix-ui/react-aspect-ratio,DECLARED
frontend,frontend/src/components/ui/navigation-menu.jsx,@/lib,NOT_DECLARED
frontend,frontend/src/components/ui/navigation-menu.jsx,@radix-ui/react-navigation-menu,DECLARED
frontend,frontend/src/components/ui/navigation-menu.jsx,class-variance-authority,DECLARED
frontend,frontend/src/components/ui/navigation-menu.jsx,lucide-react,DECLARED
frontend,frontend/src/components/ui/navigation-menu.jsx,react,DECLARED
frontend,frontend/src/components/ui/toggle-group.jsx,@/components,NOT_DECLARED
frontend,frontend/src/components/ui/toggle-group.jsx,@/lib,NOT_DECLARED
frontend,frontend/src/components/ui/toggle-group.jsx,@radix-ui/react-toggle-group,DECLARED
frontend,frontend/src/components/ui/toggle-group.jsx,react,DECLARED
frontend,frontend/src/components/ui/accordion.jsx,@/lib,NOT_DECLARED
frontend,frontend/src/components/ui/accordion.jsx,@radix-ui/react-accordion,DECLARED
frontend,frontend/src/components/ui/accordion.jsx,lucide-react,DECLARED
frontend,frontend/src/components/ui/accordion.jsx,react,DECLARED
frontend,frontend/src/components/ui/checkbox.jsx,@/lib,NOT_DECLARED
frontend,frontend/src/components/ui/checkbox.jsx,@radix-ui/react-checkbox,DECLARED
frontend,frontend/src/components/ui/checkbox.jsx,lucide-react,DECLARED
frontend,frontend/src/components/ui/checkbox.jsx,react,DECLARED
frontend,frontend/src/components/ui/breadcrumb.jsx,@/lib,NOT_DECLARED
frontend,frontend/src/components/ui/breadcrumb.jsx,@radix-ui/react-slot,DECLARED
frontend,frontend/src/components/ui/breadcrumb.jsx,lucide-react,DECLARED
frontend,frontend/src/components/ui/breadcrumb.jsx,react,DECLARED
frontend,frontend/src/components/ui/collapsible.jsx,@radix-ui/react-collapsible,DECLARED
frontend,frontend/src/components/ui/avatar.jsx,@/lib,NOT_DECLARED
frontend,frontend/src/components/ui/avatar.jsx,@radix-ui/react-avatar,DECLARED
frontend,frontend/src/components/ui/avatar.jsx,react,DECLARED
frontend,frontend/src/components/ui/radio-group.jsx,@/lib,NOT_DECLARED
frontend,frontend/src/components/ui/radio-group.jsx,@radix-ui/react-radio-group,DECLARED
frontend,frontend/src/components/ui/radio-group.jsx,lucide-react,DECLARED
frontend,frontend/src/components/ui/radio-group.jsx,react,DECLARED
frontend,frontend/src/components/ui/skeleton.jsx,@/lib,NOT_DECLARED
frontend,frontend/src/components/ui/menubar.jsx,@/lib,NOT_DECLARED
frontend,frontend/src/components/ui/menubar.jsx,@radix-ui/react-menubar,DECLARED
frontend,frontend/src/components/ui/menubar.jsx,lucide-react,DECLARED
frontend,frontend/src/components/ui/menubar.jsx,react,DECLARED
frontend,frontend/src/components/ui/sheet.jsx,@/lib,NOT_DECLARED
frontend,frontend/src/components/ui/sheet.jsx,@radix-ui/react-dialog,DECLARED
frontend,frontend/src/components/ui/sheet.jsx,class-variance-authority,DECLARED
frontend,frontend/src/components/ui/sheet.jsx,lucide-react,DECLARED
frontend,frontend/src/components/ui/sheet.jsx,react,DECLARED
frontend,frontend/src/components/ui/calendar.jsx,@/components,NOT_DECLARED
frontend,frontend/src/components/ui/calendar.jsx,@/lib,NOT_DECLARED
frontend,frontend/src/components/ui/calendar.jsx,lucide-react,DECLARED
frontend,frontend/src/components/ui/calendar.jsx,react,DECLARED
frontend,frontend/src/components/ui/calendar.jsx,react-day-picker,DECLARED
frontend,frontend/src/components/ui/pagination.jsx,@/components,NOT_DECLARED
frontend,frontend/src/components/ui/pagination.jsx,@/lib,NOT_DECLARED
frontend,frontend/src/components/ui/pagination.jsx,lucide-react,DECLARED
frontend,frontend/src/components/ui/pagination.jsx,react,DECLARED
frontend,frontend/src/components/ui/progress.jsx,@/lib,NOT_DECLARED
frontend,frontend/src/components/ui/progress.jsx,@radix-ui/react-progress,DECLARED
frontend,frontend/src/components/ui/progress.jsx,react,DECLARED
frontend,frontend/src/components/ui/context-menu.jsx,@/lib,NOT_DECLARED
frontend,frontend/src/components/ui/context-menu.jsx,@radix-ui/react-context-menu,DECLARED
frontend,frontend/src/components/ui/context-menu.jsx,lucide-react,DECLARED
frontend,frontend/src/components/ui/context-menu.jsx,react,DECLARED
frontend,frontend/src/components/ui/table.jsx,@/lib,NOT_DECLARED
frontend,frontend/src/components/ui/table.jsx,react,DECLARED
frontend,frontend/src/components/ui/input.jsx,@/lib,NOT_DECLARED
frontend,frontend/src/components/ui/input.jsx,react,DECLARED
frontend,frontend/src/components/ui/drawer.jsx,@/lib,NOT_DECLARED
frontend,frontend/src/components/ui/drawer.jsx,react,DECLARED
frontend,frontend/src/components/ui/drawer.jsx,vaul,DECLARED
frontend,frontend/src/components/ui/select.jsx,@/lib,NOT_DECLARED
frontend,frontend/src/components/ui/select.jsx,@radix-ui/react-select,DECLARED
frontend,frontend/src/components/ui/select.jsx,lucide-react,DECLARED
frontend,frontend/src/components/ui/select.jsx,react,DECLARED
frontend,frontend/src/components/ui/input-otp.jsx,@/lib,NOT_DECLARED
frontend,frontend/src/components/ui/input-otp.jsx,input-otp,DECLARED
frontend,frontend/src/components/ui/input-otp.jsx,lucide-react,DECLARED
frontend,frontend/src/components/ui/input-otp.jsx,react,DECLARED
frontend,frontend/src/components/ui/popover.jsx,@/lib,NOT_DECLARED
frontend,frontend/src/components/ui/popover.jsx,@radix-ui/react-popover,DECLARED
frontend,frontend/src/components/ui/popover.jsx,react,DECLARED
frontend,frontend/src/components/ui/dropdown-menu.jsx,@/lib,NOT_DECLARED
frontend,frontend/src/components/ui/dropdown-menu.jsx,@radix-ui/react-dropdown-menu,DECLARED
frontend,frontend/src/components/ui/dropdown-menu.jsx,lucide-react,DECLARED
frontend,frontend/src/components/ui/dropdown-menu.jsx,react,DECLARED
frontend,frontend/src/components/catalogo-consultas/ConsultasComponents.jsx,../ui/badge,LOCAL
frontend,frontend/src/components/catalogo-consultas/ConsultasComponents.jsx,../ui/button,LOCAL
frontend,frontend/src/components/catalogo-consultas/ConsultasComponents.jsx,../ui/card,LOCAL
frontend,frontend/src/components/catalogo-consultas/ConsultasComponents.jsx,lucide-react,DECLARED
frontend,frontend/src/components/centro-control/DestinatariosManager.jsx,../../services/logger,LOCAL
frontend,frontend/src/components/centro-control/DestinatariosManager.jsx,../ui/badge,LOCAL
frontend,frontend/src/components/centro-control/DestinatariosManager.jsx,../ui/button,LOCAL
frontend,frontend/src/components/centro-control/DestinatariosManager.jsx,../ui/card,LOCAL
frontend,frontend/src/components/centro-control/DestinatariosManager.jsx,lucide-react,DECLARED
frontend,frontend/src/components/centro-control/DestinatariosManager.jsx,react,DECLARED
frontend,frontend/src/components/centro-control/DestinatariosManager.jsx,sonner,DECLARED
frontend,frontend/src/components/centro-control/CentroControlComponents.jsx,../ui/badge,LOCAL
frontend,frontend/src/components/centro-control/CentroControlComponents.jsx,../ui/button,LOCAL
frontend,frontend/src/components/centro-control/CentroControlComponents.jsx,../ui/card,LOCAL
frontend,frontend/src/components/centro-control/CentroControlComponents.jsx,lucide-react,DECLARED
frontend,frontend/src/components/compras/ComprasBadges.jsx,@/components,NOT_DECLARED
frontend,frontend/src/components/compras/ComprasBadges.jsx,lucide-react,DECLARED
frontend,frontend/src/components/compras/ComprasBadges.jsx,react,DECLARED
frontend,frontend/src/components/compras/AutorizacionComprasComponents.jsx,../ui/badge,LOCAL
frontend,frontend/src/components/compras/AutorizacionComprasComponents.jsx,../ui/button,LOCAL
frontend,frontend/src/components/compras/AutorizacionComprasComponents.jsx,../ui/card,LOCAL
frontend,frontend/src/components/compras/AutorizacionComprasComponents.jsx,../ui/checkbox,LOCAL
frontend,frontend/src/components/compras/AutorizacionComprasComponents.jsx,../ui/label,LOCAL
frontend,frontend/src/components/compras/AutorizacionComprasComponents.jsx,lucide-react,DECLARED
frontend,frontend/src/components/compras/AutorizacionComprasComponents.jsx,react,DECLARED
frontend,frontend/src/components/compras/DetalleProductoModal.jsx,@/components,NOT_DECLARED
frontend,frontend/src/components/compras/DetalleProductoModal.jsx,lucide-react,DECLARED
frontend,frontend/src/components/compras/DetalleProductoModal.jsx,react,DECLARED
frontend,frontend/src/components/compras/operativas/BitacoraList.jsx,@/components,NOT_DECLARED
frontend,frontend/src/components/compras/operativas/BitacoraList.jsx,lucide-react,DECLARED
frontend,frontend/src/components/compras/operativas/PeriodoEstadisticoCard.jsx,@/components,NOT_DECLARED
frontend,frontend/src/components/compras/operativas/PeriodoEstadisticoCard.jsx,@/components,NOT_DECLARED
frontend,frontend/src/components/compras/operativas/PeriodoEstadisticoCard.jsx,@/components,NOT_DECLARED
frontend,frontend/src/components/compras/operativas/PeriodoEstadisticoCard.jsx,@/components,NOT_DECLARED
frontend,frontend/src/components/compras/operativas/PeriodoEstadisticoCard.jsx,@/components,NOT_DECLARED
frontend,frontend/src/components/compras/operativas/PeriodoEstadisticoCard.jsx,lucide-react,DECLARED
frontend,frontend/src/components/compras/operativas/AccionesGerenciaCard.jsx,@/components,NOT_DECLARED
frontend,frontend/src/components/compras/operativas/AccionesGerenciaCard.jsx,@/components,NOT_DECLARED
frontend,frontend/src/components/compras/operativas/AccionesGerenciaCard.jsx,@/components,NOT_DECLARED
frontend,frontend/src/components/compras/operativas/AccionesGerenciaCard.jsx,@/components,NOT_DECLARED
frontend,frontend/src/components/compras/operativas/AccionesGerenciaCard.jsx,lucide-react,DECLARED
frontend,frontend/src/components/compras/operativas/OperativasKPICards.jsx,@/components,NOT_DECLARED
frontend,frontend/src/components/compras/operativas/AutomatizacionesTable.jsx,@/components,NOT_DECLARED
frontend,frontend/src/components/compras/operativas/AutomatizacionesTable.jsx,@/components,NOT_DECLARED
frontend,frontend/src/components/compras/operativas/AutomatizacionesTable.jsx,@/components,NOT_DECLARED
frontend,frontend/src/components/compras/operativas/AutomatizacionesTable.jsx,@/components,NOT_DECLARED
frontend,frontend/src/components/compras/operativas/AutomatizacionesTable.jsx,lucide-react,DECLARED
frontend,frontend/src/components/compras/operativas/AccionesTesoreriaCard.jsx,@/components,NOT_DECLARED
frontend,frontend/src/components/compras/operativas/AccionesTesoreriaCard.jsx,@/components,NOT_DECLARED
frontend,frontend/src/components/compras/operativas/AccionesTesoreriaCard.jsx,@/components,NOT_DECLARED
frontend,frontend/src/components/compras/operativas/AccionesTesoreriaCard.jsx,@/components,NOT_DECLARED
frontend,frontend/src/components/compras/operativas/AccionesTesoreriaCard.jsx,lucide-react,DECLARED
frontend,frontend/src/components/compras/operativas/EstadoFinalCard.jsx,@/components,NOT_DECLARED
frontend,frontend/src/components/compras/operativas/EstadoFinalCard.jsx,lucide-react,DECLARED
frontend,frontend/src/components/tesoreria/TesoreriaCorteZComponents.jsx,../ui/button,LOCAL
frontend,frontend/src/components/tesoreria/TesoreriaCorteZComponents.jsx,../ui/card,LOCAL
frontend,frontend/src/components/tesoreria/TesoreriaCorteZComponents.jsx,../ui/input,LOCAL
frontend,frontend/src/components/tesoreria/TesoreriaCorteZComponents.jsx,lucide-react,DECLARED
frontend,frontend/src/components/tesoreria/TesoreriaCorteZComponents.jsx,react,DECLARED
frontend,frontend/src/modules/hospitality/pages/HospitalityDashboard.jsx,react,DECLARED
frontend,frontend/src/filters/CorporateFilterBar.jsx,./CorporateFilterSelect,LOCAL
frontend,frontend/src/filters/CorporateFilterBar.jsx,./CorporateFiltersProvider,LOCAL
frontend,frontend/src/filters/CorporateFilterBar.jsx,react,DECLARED
frontend,frontend/src/filters/CorporateFiltersProvider.jsx,./corporateFiltersApi,LOCAL
frontend,frontend/src/filters/CorporateFiltersProvider.jsx,./previewCacheReset,LOCAL
frontend,frontend/src/filters/CorporateFiltersProvider.jsx,react,DECLARED
frontend,frontend/src/filters/CorporateFilterSelect.jsx,./CorporateFiltersProvider,LOCAL
frontend,frontend/src/filters/CorporateFilterSelect.jsx,react,DECLARED
frontend,frontend/src/portal/App.jsx,../services/logger,LOCAL
frontend,frontend/src/portal/App.jsx,./pages/BatchUploadPage,LOCAL
frontend,frontend/src/portal/App.jsx,./pages/DashboardPage,LOCAL
frontend,frontend/src/portal/App.jsx,./pages/InvoicesPage,LOCAL
frontend,frontend/src/portal/App.jsx,./pages/LoginPage,LOCAL
frontend,frontend/src/portal/App.jsx,./pages/PaymentsPage,LOCAL
frontend,frontend/src/portal/App.jsx,./pages/RegisterPage,LOCAL
frontend,frontend/src/portal/App.jsx,./pages/UploadInvoicePage,LOCAL
frontend,frontend/src/portal/App.jsx,lucide-react,DECLARED
frontend,frontend/src/portal/App.jsx,react,DECLARED
frontend,frontend/src/portal/pages/RegisterPage.jsx,lucide-react,DECLARED
frontend,frontend/src/portal/pages/RegisterPage.jsx,react,DECLARED
frontend,frontend/src/portal/pages/RegisterPage.jsx,sonner,DECLARED
frontend,frontend/src/portal/pages/BatchUploadPage.jsx,lucide-react,DECLARED
frontend,frontend/src/portal/pages/BatchUploadPage.jsx,react,DECLARED
frontend,frontend/src/portal/pages/UploadInvoicePage.jsx,lucide-react,DECLARED
frontend,frontend/src/portal/pages/UploadInvoicePage.jsx,react,DECLARED
frontend,frontend/src/portal/pages/UploadInvoicePage.jsx,sonner,DECLARED
frontend,frontend/src/portal/pages/DashboardPage.jsx,../../services/logger,LOCAL
frontend,frontend/src/portal/pages/DashboardPage.jsx,lucide-react,DECLARED
frontend,frontend/src/portal/pages/DashboardPage.jsx,react,DECLARED
frontend,frontend/src/portal/pages/DashboardPage.jsx,sonner,DECLARED
frontend,frontend/src/portal/pages/InvoicesPage.jsx,../../services/logger,LOCAL
frontend,frontend/src/portal/pages/InvoicesPage.jsx,lucide-react,DECLARED
frontend,frontend/src/portal/pages/InvoicesPage.jsx,react,DECLARED
frontend,frontend/src/portal/pages/InvoicesPage.jsx,sonner,DECLARED
frontend,frontend/src/portal/pages/PaymentsPage.jsx,../../services/logger,LOCAL
frontend,frontend/src/portal/pages/PaymentsPage.jsx,lucide-react,DECLARED
frontend,frontend/src/portal/pages/PaymentsPage.jsx,react,DECLARED
frontend,frontend/src/portal/pages/PaymentsPage.jsx,sonner,DECLARED
frontend,frontend/src/portal/pages/LoginPage.jsx,@/components,NOT_DECLARED
frontend,frontend/src/portal/pages/LoginPage.jsx,lucide-react,DECLARED
frontend,frontend/src/portal/pages/LoginPage.jsx,react,DECLARED
frontend,frontend/src/portal/pages/LoginPage.jsx,sonner,DECLARED
frontend,frontend/src/portal/pages/AccountStatusPage.jsx,../../services/logger,LOCAL
frontend,frontend/src/portal/pages/AccountStatusPage.jsx,lucide-react,DECLARED
frontend,frontend/src/portal/pages/AccountStatusPage.jsx,react,DECLARED
frontend,frontend/src/portal/pages/AccountStatusPage.jsx,sonner,DECLARED
frontend,frontend/src/components/edge/mapa_mesas_live3d.ts,../../backend/modules/edge/comandero_terminal_ui,LOCAL
frontend,frontend/src/components/edge/mapa_mesas_live3d.ts,../../backend/modules/edge/motor_inventario_parametrico,LOCAL
