file,line,module,classification,optional
fix_roles_permisos_sql.py,1,pathlib,STDLIB,False
fix_roles_permisos_sql.py,2,datetime,STDLIB,False
fix_roles_permisos_sql.py,3,re,STDLIB,False
netpay_robot_edarsahub/netpay_robot_edarsahub/netpay_robot/portal.py,1,__future__,STDLIB,False
netpay_robot_edarsahub/netpay_robot_edarsahub/netpay_robot/portal.py,3,asyncio,STDLIB,False
netpay_robot_edarsahub/netpay_robot_edarsahub/netpay_robot/portal.py,4,re,STDLIB,False
netpay_robot_edarsahub/netpay_robot_edarsahub/netpay_robot/portal.py,5,shutil,STDLIB,False
netpay_robot_edarsahub/netpay_robot_edarsahub/netpay_robot/portal.py,6,datetime,STDLIB,False
netpay_robot_edarsahub/netpay_robot_edarsahub/netpay_robot/portal.py,7,pathlib,STDLIB,False
netpay_robot_edarsahub/netpay_robot_edarsahub/netpay_robot/portal.py,8,playwright,EXTERNAL_INSTALLED,False
netpay_robot_edarsahub/netpay_robot_edarsahub/netpay_robot/portal.py,10,settings,UNRESOLVED,False
netpay_robot_edarsahub/netpay_robot_edarsahub/netpay_robot/portal.py,11,models,LOCAL_PROJECT,False
netpay_robot_edarsahub/netpay_robot_edarsahub/netpay_robot/portal.py,12,hash_utils,UNRESOLVED,False
netpay_robot_edarsahub/netpay_robot_edarsahub/netpay_robot/portal.py,394,openpyxl,EXTERNAL_DECLARED_NOT_INSTALLED,False
netpay_robot_edarsahub/netpay_robot_edarsahub/netpay_robot/cli.py,1,__future__,STDLIB,False
netpay_robot_edarsahub/netpay_robot_edarsahub/netpay_robot/cli.py,3,asyncio,STDLIB,False
netpay_robot_edarsahub/netpay_robot_edarsahub/netpay_robot/cli.py,4,datetime,STDLIB,False
netpay_robot_edarsahub/netpay_robot_edarsahub/netpay_robot/cli.py,5,pathlib,STDLIB,False
netpay_robot_edarsahub/netpay_robot_edarsahub/netpay_robot/cli.py,6,click,EXTERNAL_DECLARED_NOT_INSTALLED,False
netpay_robot_edarsahub/netpay_robot_edarsahub/netpay_robot/cli.py,8,settings,UNRESOLVED,False
netpay_robot_edarsahub/netpay_robot_edarsahub/netpay_robot/cli.py,9,models,LOCAL_PROJECT,False
netpay_robot_edarsahub/netpay_robot_edarsahub/netpay_robot/cli.py,10,pipeline,UNRESOLVED,False
netpay_robot_edarsahub/netpay_robot_edarsahub/netpay_robot/cli.py,11,crypto,UNRESOLVED,False
netpay_robot_edarsahub/netpay_robot_edarsahub/netpay_robot/hash_utils.py,1,__future__,STDLIB,False
netpay_robot_edarsahub/netpay_robot_edarsahub/netpay_robot/hash_utils.py,3,hashlib,STDLIB,False
netpay_robot_edarsahub/netpay_robot_edarsahub/netpay_robot/hash_utils.py,4,pathlib,STDLIB,False
netpay_robot_edarsahub/netpay_robot_edarsahub/netpay_robot/settings.py,1,__future__,STDLIB,False
netpay_robot_edarsahub/netpay_robot_edarsahub/netpay_robot/settings.py,3,pathlib,STDLIB,False
netpay_robot_edarsahub/netpay_robot_edarsahub/netpay_robot/settings.py,4,pydantic,EXTERNAL_DECLARED_NOT_INSTALLED,False
netpay_robot_edarsahub/netpay_robot_edarsahub/netpay_robot/settings.py,5,pydantic_settings,EXTERNAL_DECLARED_NOT_INSTALLED,False
netpay_robot_edarsahub/netpay_robot_edarsahub/netpay_robot/crypto.py,1,__future__,STDLIB,False
netpay_robot_edarsahub/netpay_robot_edarsahub/netpay_robot/crypto.py,3,base64,STDLIB,False
netpay_robot_edarsahub/netpay_robot_edarsahub/netpay_robot/crypto.py,4,hashlib,STDLIB,False
netpay_robot_edarsahub/netpay_robot_edarsahub/netpay_robot/crypto.py,5,cryptography,EXTERNAL_DECLARED_NOT_INSTALLED,False
netpay_robot_edarsahub/netpay_robot_edarsahub/netpay_robot/pipeline.py,1,__future__,STDLIB,False
netpay_robot_edarsahub/netpay_robot_edarsahub/netpay_robot/pipeline.py,3,datetime,STDLIB,False
netpay_robot_edarsahub/netpay_robot_edarsahub/netpay_robot/pipeline.py,4,pathlib,STDLIB,False
netpay_robot_edarsahub/netpay_robot_edarsahub/netpay_robot/pipeline.py,5,decimal,STDLIB,False
netpay_robot_edarsahub/netpay_robot_edarsahub/netpay_robot/pipeline.py,7,settings,UNRESOLVED,False
netpay_robot_edarsahub/netpay_robot_edarsahub/netpay_robot/pipeline.py,8,crypto,UNRESOLVED,False
netpay_robot_edarsahub/netpay_robot_edarsahub/netpay_robot/pipeline.py,9,date_ranges,UNRESOLVED,False
netpay_robot_edarsahub/netpay_robot_edarsahub/netpay_robot/pipeline.py,10,models,LOCAL_PROJECT,False
netpay_robot_edarsahub/netpay_robot_edarsahub/netpay_robot/pipeline.py,11,portal,UNRESOLVED,False
netpay_robot_edarsahub/netpay_robot_edarsahub/netpay_robot/pipeline.py,12,layouts,UNRESOLVED,False
netpay_robot_edarsahub/netpay_robot_edarsahub/netpay_robot/pipeline.py,13,importer,UNRESOLVED,False
netpay_robot_edarsahub/netpay_robot_edarsahub/netpay_robot/pipeline.py,14,db,LOCAL_PROJECT,False
netpay_robot_edarsahub/netpay_robot_edarsahub/netpay_robot/pipeline.py,59,datetime,STDLIB,False
netpay_robot_edarsahub/netpay_robot_edarsahub/netpay_robot/pipeline.py,152,datetime,STDLIB,False
netpay_robot_edarsahub/netpay_robot_edarsahub/netpay_robot/layouts.py,1,__future__,STDLIB,False
netpay_robot_edarsahub/netpay_robot_edarsahub/netpay_robot/layouts.py,3,dataclasses,STDLIB,False
netpay_robot_edarsahub/netpay_robot_edarsahub/netpay_robot/layouts.py,4,pathlib,STDLIB,False
netpay_robot_edarsahub/netpay_robot_edarsahub/netpay_robot/layouts.py,5,typing,STDLIB,False
netpay_robot_edarsahub/netpay_robot_edarsahub/netpay_robot/layouts.py,6,openpyxl,EXTERNAL_DECLARED_NOT_INSTALLED,False
netpay_robot_edarsahub/netpay_robot_edarsahub/netpay_robot/date_ranges.py,1,__future__,STDLIB,False
netpay_robot_edarsahub/netpay_robot_edarsahub/netpay_robot/date_ranges.py,3,datetime,STDLIB,False
netpay_robot_edarsahub/netpay_robot_edarsahub/netpay_robot/date_ranges.py,4,dataclasses,STDLIB,False
netpay_robot_edarsahub/netpay_robot_edarsahub/netpay_robot/importer.py,1,__future__,STDLIB,False
netpay_robot_edarsahub/netpay_robot_edarsahub/netpay_robot/importer.py,3,dataclasses,STDLIB,False
netpay_robot_edarsahub/netpay_robot_edarsahub/netpay_robot/importer.py,4,pathlib,STDLIB,False
netpay_robot_edarsahub/netpay_robot_edarsahub/netpay_robot/importer.py,5,decimal,STDLIB,False
netpay_robot_edarsahub/netpay_robot_edarsahub/netpay_robot/importer.py,6,typing,STDLIB,False
netpay_robot_edarsahub/netpay_robot_edarsahub/netpay_robot/importer.py,8,openpyxl,EXTERNAL_DECLARED_NOT_INSTALLED,False
netpay_robot_edarsahub/netpay_robot_edarsahub/netpay_robot/importer.py,10,hash_utils,UNRESOLVED,False
netpay_robot_edarsahub/netpay_robot_edarsahub/netpay_robot/importer.py,11,layouts,UNRESOLVED,False
netpay_robot_edarsahub/netpay_robot_edarsahub/netpay_robot/manual_import.py,1,__future__,STDLIB,False
netpay_robot_edarsahub/netpay_robot_edarsahub/netpay_robot/manual_import.py,3,pathlib,STDLIB,False
netpay_robot_edarsahub/netpay_robot_edarsahub/netpay_robot/manual_import.py,4,layouts,UNRESOLVED,False
netpay_robot_edarsahub/netpay_robot_edarsahub/netpay_robot/manual_import.py,5,importer,UNRESOLVED,False
netpay_robot_edarsahub/netpay_robot_edarsahub/netpay_robot/manual_import.py,6,hash_utils,UNRESOLVED,False
netpay_robot_edarsahub/netpay_robot_edarsahub/netpay_robot/models.py,1,__future__,STDLIB,False
netpay_robot_edarsahub/netpay_robot_edarsahub/netpay_robot/models.py,3,enum,STDLIB,False
netpay_robot_edarsahub/netpay_robot_edarsahub/netpay_robot/models.py,4,dataclasses,STDLIB,False
netpay_robot_edarsahub/netpay_robot_edarsahub/netpay_robot/models.py,5,datetime,STDLIB,False
netpay_robot_edarsahub/netpay_robot_edarsahub/netpay_robot/models.py,6,pathlib,STDLIB,False
netpay_robot_edarsahub/netpay_robot_edarsahub/netpay_robot/api_future.py,1,__future__,STDLIB,False
netpay_robot_edarsahub/netpay_robot_edarsahub/netpay_robot/api_future.py,3,datetime,STDLIB,False
netpay_robot_edarsahub/netpay_robot_edarsahub/netpay_robot/api_future.py,4,abc,STDLIB,False
netpay_robot_edarsahub/netpay_robot_edarsahub/netpay_robot/db.py,1,__future__,STDLIB,False
netpay_robot_edarsahub/netpay_robot_edarsahub/netpay_robot/db.py,3,contextlib,STDLIB,False
netpay_robot_edarsahub/netpay_robot_edarsahub/netpay_robot/db.py,4,typing,STDLIB,False
netpay_robot_edarsahub/netpay_robot_edarsahub/netpay_robot/db.py,6,pymssql,EXTERNAL_DECLARED_NOT_INSTALLED,False
netpay_robot_edarsahub/netpay_robot_edarsahub/netpay_robot/db.py,10,settings,UNRESOLVED,False
netpay_robot_edarsahub/netpay_robot_edarsahub/netpay_robot/db.py,207,decimal,STDLIB,False
netpay_robot_edarsahub/netpay_robot_edarsahub/netpay_robot/db.py,233,datetime,STDLIB,False
netpay_robot_edarsahub/netpay_robot_edarsahub/netpay_robot/db.py,251,datetime,STDLIB,False
netpay_robot_edarsahub/netpay_robot_edarsahub/netpay_robot/db.py,285,json,STDLIB,False
netpay_robot_edarsahub/netpay_robot_edarsahub/netpay_robot/db.py,286,decimal,STDLIB,False
netpay_robot_edarsahub/netpay_robot_edarsahub/netpay_robot/db.py,287,datetime,STDLIB,False
scripts/export_edarsahub_full.py,8,os,STDLIB,False
scripts/export_edarsahub_full.py,8,re,STDLIB,False
scripts/export_edarsahub_full.py,8,json,STDLIB,False
scripts/export_edarsahub_full.py,8,shutil,STDLIB,False
scripts/export_edarsahub_full.py,8,zipfile,STDLIB,False
scripts/export_edarsahub_full.py,8,decimal,STDLIB,False
scripts/export_edarsahub_full.py,8,datetime,STDLIB,False
scripts/export_edarsahub_full.py,8,uuid,STDLIB,False
scripts/export_edarsahub_full.py,9,core,LOCAL_PROJECT,False
scripts/06_apply_inteligencia_fase1_patch.py,7,pathlib,STDLIB,False
scripts/06_apply_inteligencia_fase1_patch.py,8,shutil,STDLIB,False
scripts/export_edarsahub_audit.py,8,os,STDLIB,False
scripts/export_edarsahub_audit.py,8,re,STDLIB,False
scripts/export_edarsahub_audit.py,8,json,STDLIB,False
scripts/export_edarsahub_audit.py,8,shutil,STDLIB,False
scripts/export_edarsahub_audit.py,8,zipfile,STDLIB,False
scripts/export_edarsahub_audit.py,8,decimal,STDLIB,False
scripts/export_edarsahub_audit.py,8,datetime,STDLIB,False
scripts/export_edarsahub_audit.py,8,uuid,STDLIB,False
scripts/export_edarsahub_audit.py,9,core,LOCAL_PROJECT,False
scripts/fix_tablero_kpis_cero_AUDITADO.py,16,re,STDLIB,False
scripts/fix_tablero_kpis_cero_AUDITADO.py,17,pathlib,STDLIB,False
scripts/fix_tablero_kpis_cero_AUDITADO.py,18,datetime,STDLIB,False
scripts/agent_guardrails/check_sql_readonly.py,2,re,STDLIB,False
scripts/agent_guardrails/check_sql_readonly.py,3,sys,STDLIB,False
scripts/agent_guardrails/check_sql_readonly.py,4,pathlib,STDLIB,False
docs/snippets/SQLALCHEMY_CONNECTION_POOL_CONFIG.py,7,sqlalchemy,EXTERNAL_DECLARED_NOT_INSTALLED,False
docs/snippets/SQLALCHEMY_CONNECTION_POOL_CONFIG.py,8,sqlalchemy,EXTERNAL_DECLARED_NOT_INSTALLED,False
docs/snippets/SQLALCHEMY_CONNECTION_POOL_CONFIG.py,9,os,STDLIB,False
docs/snippets/endpoint_ventas_tiempo_referencia.py,5,math,STDLIB,False
docs/snippets/endpoint_ventas_tiempo_referencia.py,6,random,STDLIB,False
docs/snippets/endpoint_ventas_tiempo_referencia.py,7,datetime,STDLIB,False
docs/snippets/endpoint_ventas_tiempo_referencia.py,8,fastapi,EXTERNAL_DECLARED_NOT_INSTALLED,False
docs/snippets/endpoint_ventas_tiempo_referencia.py,9,typing,STDLIB,False
docs/snippets/endpoint_ventas_tiempo_referencia.py,10,pyodbc,EXTERNAL_DECLARED_NOT_INSTALLED,False
backend/limpiar_tests_dns.py,1,os,STDLIB,False
backend/server.py,2,sys,STDLIB,False
backend/server.py,3,os,STDLIB,False
backend/server.py,17,pathlib,STDLIB,False
backend/server.py,18,dotenv,UNRESOLVED,False
backend/server.py,36,hashlib,STDLIB,False
backend/server.py,69,fastapi,EXTERNAL_DECLARED_NOT_INSTALLED,False
backend/server.py,70,fastapi,EXTERNAL_DECLARED_NOT_INSTALLED,False
backend/server.py,71,fastapi,EXTERNAL_DECLARED_NOT_INSTALLED,False
backend/server.py,72,fastapi,EXTERNAL_DECLARED_NOT_INSTALLED,False
backend/server.py,73,starlette,EXTERNAL_DECLARED_NOT_INSTALLED,False
backend/server.py,75,logging,STDLIB,False
backend/server.py,76,pydantic,EXTERNAL_DECLARED_NOT_INSTALLED,False
backend/server.py,77,typing,STDLIB,False
backend/server.py,78,uuid,STDLIB,False
backend/server.py,79,datetime,STDLIB,False
backend/server.py,80,bcrypt,EXTERNAL_DECLARED_NOT_INSTALLED,False
backend/server.py,81,jwt,UNRESOLVED,False
backend/server.py,82,pymssql,EXTERNAL_DECLARED_NOT_INSTALLED,False
backend/server.py,83,pytds,UNRESOLVED,False
backend/server.py,84,io,STDLIB,False
backend/server.py,85,openpyxl,EXTERNAL_DECLARED_NOT_INSTALLED,False
backend/server.py,86,openpyxl,EXTERNAL_DECLARED_NOT_INSTALLED,False
backend/server.py,87,reportlab,EXTERNAL_DECLARED_NOT_INSTALLED,False
backend/server.py,88,reportlab,EXTERNAL_DECLARED_NOT_INSTALLED,False
backend/server.py,89,reportlab,EXTERNAL_DECLARED_NOT_INSTALLED,False
backend/server.py,90,reportlab,EXTERNAL_DECLARED_NOT_INSTALLED,False
backend/server.py,91,sendgrid,EXTERNAL_DECLARED_NOT_INSTALLED,False
backend/server.py,92,sendgrid,EXTERNAL_DECLARED_NOT_INSTALLED,False
backend/server.py,93,base64,STDLIB,False
backend/server.py,96,catalogo,LOCAL_PROJECT,False
backend/server.py,97,catalogo,LOCAL_PROJECT,False
backend/server.py,98,catalogo,LOCAL_PROJECT,False
backend/server.py,116,core,LOCAL_PROJECT,False
backend/server.py,137,fastapi,EXTERNAL_DECLARED_NOT_INSTALLED,False
backend/server.py,138,fastapi,EXTERNAL_DECLARED_NOT_INSTALLED,False
backend/server.py,250,core,LOCAL_PROJECT,False
backend/server.py,278,core,LOCAL_PROJECT,False
backend/server.py,341,modules,LOCAL_PROJECT,False
backend/server.py,353,core,LOCAL_PROJECT,False
backend/server.py,365,core,LOCAL_PROJECT,False
backend/server.py,395,core,LOCAL_PROJECT,False
backend/server.py,428,modules,LOCAL_PROJECT,False
backend/server.py,430,modules,LOCAL_PROJECT,False
backend/server.py,435,core,LOCAL_PROJECT,False
backend/server.py,445,modules,LOCAL_PROJECT,False
backend/server.py,460,modules,LOCAL_PROJECT,False
backend/server.py,461,modules,LOCAL_PROJECT,False
backend/server.py,469,modules,LOCAL_PROJECT,False
backend/server.py,476,modules,LOCAL_PROJECT,False
backend/server.py,486,modules,LOCAL_PROJECT,False
backend/server.py,490,modules,LOCAL_PROJECT,False
backend/server.py,494,modules,LOCAL_PROJECT,False
backend/server.py,498,modules,LOCAL_PROJECT,False
backend/server.py,503,modules,LOCAL_PROJECT,False
backend/server.py,508,modules,LOCAL_PROJECT,False
backend/server.py,513,modules,LOCAL_PROJECT,False
backend/server.py,518,modules,LOCAL_PROJECT,False
backend/server.py,523,modules,LOCAL_PROJECT,False
backend/server.py,528,modules,LOCAL_PROJECT,False
backend/server.py,533,modules,LOCAL_PROJECT,False
backend/server.py,538,modules,LOCAL_PROJECT,False
backend/server.py,543,modules,LOCAL_PROJECT,False
backend/server.py,552,modules,LOCAL_PROJECT,False
backend/server.py,554,routes,LOCAL_PROJECT,False
backend/server.py,555,modules,LOCAL_PROJECT,False
backend/server.py,556,fastapi,EXTERNAL_DECLARED_NOT_INSTALLED,False
backend/server.py,568,modules,LOCAL_PROJECT,False
backend/server.py,576,modules,LOCAL_PROJECT,False
backend/server.py,585,modules,LOCAL_PROJECT,False
backend/server.py,586,modules,LOCAL_PROJECT,False
backend/server.py,587,modules,LOCAL_PROJECT,False
backend/server.py,588,modules,LOCAL_PROJECT,False
backend/server.py,589,modules,LOCAL_PROJECT,False
backend/server.py,590,modules,LOCAL_PROJECT,False
backend/server.py,591,modules,LOCAL_PROJECT,False
backend/server.py,597,modules,LOCAL_PROJECT,False
backend/server.py,598,modules,LOCAL_PROJECT,False
backend/server.py,608,modules,LOCAL_PROJECT,False
backend/server.py,613,modules,LOCAL_PROJECT,False
backend/server.py,614,modules,LOCAL_PROJECT,False
backend/server.py,618,modules,LOCAL_PROJECT,False
backend/server.py,619,modules,LOCAL_PROJECT,False
backend/server.py,620,modules,LOCAL_PROJECT,False
backend/server.py,621,modules,LOCAL_PROJECT,False
backend/server.py,622,modules,LOCAL_PROJECT,False
backend/server.py,624,modules,LOCAL_PROJECT,False
backend/server.py,626,modules,LOCAL_PROJECT,False
backend/server.py,627,modules,LOCAL_PROJECT,False
backend/server.py,689,api,LOCAL_PROJECT,False
backend/server.py,701,modules,LOCAL_PROJECT,False
backend/server.py,713,api,LOCAL_PROJECT,False
backend/server.py,714,modules,LOCAL_PROJECT,False
backend/server.py,722,modules,LOCAL_PROJECT,False
backend/server.py,723,modules,LOCAL_PROJECT,False
backend/server.py,724,modules,LOCAL_PROJECT,False
backend/server.py,735,modules,LOCAL_PROJECT,False
backend/server.py,744,modules,LOCAL_PROJECT,False
backend/server.py,761,modules,LOCAL_PROJECT,False
backend/server.py,769,modules,LOCAL_PROJECT,False
backend/server.py,776,modules,LOCAL_PROJECT,False
backend/server.py,777,modules,LOCAL_PROJECT,False
backend/server.py,778,core,LOCAL_PROJECT,False
backend/server.py,780,modules,LOCAL_PROJECT,False
backend/server.py,786,modules,LOCAL_PROJECT,False
backend/server.py,843,asyncio,STDLIB,False
backend/server.py,844,core,LOCAL_PROJECT,False
backend/server.py,867,pymssql,EXTERNAL_DECLARED_NOT_INSTALLED,False
backend/server.py,868,datetime,STDLIB,False
backend/server.py,869,zoneinfo,STDLIB,False
backend/server.py,926,pymssql,EXTERNAL_DECLARED_NOT_INSTALLED,False
backend/server.py,980,pymssql,EXTERNAL_DECLARED_NOT_INSTALLED,False
backend/server.py,1082,pymssql,EXTERNAL_DECLARED_NOT_INSTALLED,False
backend/server.py,1147,asyncio,STDLIB,False
backend/server.py,1148,core,LOCAL_PROJECT,False
backend/server.py,1170,modules,LOCAL_PROJECT,False
backend/server.py,1194,modules,LOCAL_PROJECT,False
backend/server.py,1217,modules,LOCAL_PROJECT,False
backend/server.py,1227,requests,EXTERNAL_DECLARED_NOT_INSTALLED,False
backend/server.py,1250,requests,EXTERNAL_DECLARED_NOT_INSTALLED,False
backend/server.py,1607,core,LOCAL_PROJECT,False
backend/server.py,1629,openpyxl,EXTERNAL_DECLARED_NOT_INSTALLED,False
backend/server.py,1630,openpyxl,EXTERNAL_DECLARED_NOT_INSTALLED,False
backend/server.py,1631,openpyxl,EXTERNAL_DECLARED_NOT_INSTALLED,False
backend/server.py,1632,datetime,STDLIB,False
backend/server.py,1918,core,LOCAL_PROJECT,False
backend/server.py,1972,core,LOCAL_PROJECT,False
backend/server.py,1996,core,LOCAL_PROJECT,False
backend/server.py,2031,core,LOCAL_PROJECT,False
backend/server.py,2089,core,LOCAL_PROJECT,False
backend/server.py,2138,modules,LOCAL_PROJECT,False
backend/server.py,2161,json,STDLIB,False
backend/server.py,2162,modules,LOCAL_PROJECT,False
backend/server.py,2189,json,STDLIB,False
backend/server.py,2190,modules,LOCAL_PROJECT,False
backend/server.py,2218,json,STDLIB,False
backend/server.py,2219,modules,LOCAL_PROJECT,False
backend/server.py,2248,modules,LOCAL_PROJECT,False
backend/server.py,2263,modules,LOCAL_PROJECT,False
backend/server.py,2275,modules,LOCAL_PROJECT,False
backend/server.py,2287,json,STDLIB,False
backend/server.py,2288,modules,LOCAL_PROJECT,False
backend/server.py,2313,hashlib,STDLIB,False
backend/server.py,2328,modules,LOCAL_PROJECT,False
backend/server.py,2379,modules,LOCAL_PROJECT,False
backend/server.py,2433,core,LOCAL_PROJECT,False
backend/server.py,2447,time,STDLIB,False
backend/server.py,2523,core,LOCAL_PROJECT,False
backend/server.py,2524,core,LOCAL_PROJECT,False
backend/server.py,2628,core,LOCAL_PROJECT,False
backend/server.py,2705,core,LOCAL_PROJECT,False
backend/server.py,2764,core,LOCAL_PROJECT,False
backend/server.py,2814,core,LOCAL_PROJECT,False
backend/server.py,2938,core,LOCAL_PROJECT,False
backend/server.py,2975,core,LOCAL_PROJECT,False
backend/server.py,3045,modules,LOCAL_PROJECT,False
backend/server.py,3105,modules,LOCAL_PROJECT,False
backend/server.py,3200,modules,LOCAL_PROJECT,False
backend/server.py,3290,core,LOCAL_PROJECT,False
backend/server.py,3300,modules,LOCAL_PROJECT,False
backend/server.py,3328,modules,LOCAL_PROJECT,False
backend/server.py,3329,core,LOCAL_PROJECT,False
backend/server.py,3369,core,LOCAL_PROJECT,False
backend/server.py,3485,core,LOCAL_PROJECT,False
backend/server.py,3524,core,LOCAL_PROJECT,False
backend/server.py,3605,core,LOCAL_PROJECT,False
backend/server.py,3639,core,LOCAL_PROJECT,False
backend/server.py,3788,core,LOCAL_PROJECT,False
backend/server.py,3835,core,LOCAL_PROJECT,False
backend/server.py,3836,core,LOCAL_PROJECT,False
backend/server.py,3974,core,LOCAL_PROJECT,False
backend/server.py,4048,core,LOCAL_PROJECT,False
backend/server.py,4165,core,LOCAL_PROJECT,False
backend/server.py,4166,core,LOCAL_PROJECT,False
backend/server.py,4203,core,LOCAL_PROJECT,False
backend/server.py,4433,core,LOCAL_PROJECT,False
backend/server.py,4519,core,LOCAL_PROJECT,False
backend/server.py,4593,time,STDLIB,False
backend/server.py,4611,datetime,STDLIB,False
backend/server.py,4676,core,LOCAL_PROJECT,False
backend/server.py,5495,datetime,STDLIB,False
backend/server.py,6068,traceback,STDLIB,False
backend/server.py,6074,modules,LOCAL_PROJECT,False
backend/server.py,6105,traceback,STDLIB,False
backend/server.py,6162,datetime,STDLIB,False
backend/server.py,6478,datetime,STDLIB,False
backend/server.py,6717,modules,LOCAL_PROJECT,False
backend/server.py,6748,traceback,STDLIB,False
backend/server.py,6776,core,LOCAL_PROJECT,False
backend/server.py,6794,datetime,STDLIB,False
backend/server.py,7032,core,LOCAL_PROJECT,False
backend/server.py,7415,openpyxl,EXTERNAL_DECLARED_NOT_INSTALLED,False
backend/server.py,7416,openpyxl,EXTERNAL_DECLARED_NOT_INSTALLED,False
backend/server.py,7417,openpyxl,EXTERNAL_DECLARED_NOT_INSTALLED,False
backend/server.py,7418,datetime,STDLIB,False
backend/server.py,7603,core,LOCAL_PROJECT,False
backend/server.py,7875,core,LOCAL_PROJECT,False
backend/server.py,7959,core,LOCAL_PROJECT,False
backend/server.py,8038,core,LOCAL_PROJECT,False
backend/server.py,8107,core,LOCAL_PROJECT,False
backend/server.py,8417,core,LOCAL_PROJECT,False
backend/server.py,8418,core,LOCAL_PROJECT,False
backend/server.py,8468,core,LOCAL_PROJECT,False
backend/server.py,8539,pandas,EXTERNAL_DECLARED_NOT_INSTALLED,False
backend/server.py,8540,decimal,STDLIB,False
backend/server.py,8655,core,LOCAL_PROJECT,False
backend/server.py,8681,core,LOCAL_PROJECT,False
backend/server.py,8783,core,LOCAL_PROJECT,False
backend/server.py,8793,core,LOCAL_PROJECT,False
backend/server.py,8852,core,LOCAL_PROJECT,False
backend/server.py,8947,os,STDLIB,False
backend/server.py,8948,pymssql,EXTERNAL_DECLARED_NOT_INSTALLED,False
backend/server.py,9055,core,LOCAL_PROJECT,False
backend/server.py,9243,os,STDLIB,False
backend/server.py,9244,pymssql,EXTERNAL_DECLARED_NOT_INSTALLED,False
backend/server.py,9481,datetime,STDLIB,False
backend/server.py,9894,core,LOCAL_PROJECT,False
backend/server.py,9898,modules,LOCAL_PROJECT,False
backend/server.py,9919,core,LOCAL_PROJECT,False
backend/server.py,9925,modules,LOCAL_PROJECT,False
backend/server.py,9970,core,LOCAL_PROJECT,False
backend/server.py,9974,core,LOCAL_PROJECT,False
backend/server.py,10181,os,STDLIB,False
backend/server.py,10182,pymssql,EXTERNAL_DECLARED_NOT_INSTALLED,False
backend/server.py,10285,core,LOCAL_PROJECT,False
backend/server.py,10290,core,LOCAL_PROJECT,False
backend/server.py,10302,time,STDLIB,False
backend/server.py,10787,datetime,STDLIB,False
backend/server.py,11065,core,LOCAL_PROJECT,False
backend/server.py,11201,core,LOCAL_PROJECT,False
backend/server.py,11202,core,LOCAL_PROJECT,False
backend/server.py,11509,modules,LOCAL_PROJECT,False
backend/server.py,11571,modules,LOCAL_PROJECT,False
backend/server.py,11623,modules,LOCAL_PROJECT,False
backend/server.py,11661,modules,LOCAL_PROJECT,False
backend/server.py,11710,core,LOCAL_PROJECT,False
backend/server.py,11714,core,LOCAL_PROJECT,False
backend/server.py,11843,os,STDLIB,False
backend/server.py,11844,pymssql,EXTERNAL_DECLARED_NOT_INSTALLED,False
backend/server.py,11956,core,LOCAL_PROJECT,False
backend/server.py,11959,core,LOCAL_PROJECT,False
backend/server.py,12052,datetime,STDLIB,False
backend/server.py,12289,datetime,STDLIB,False
backend/server.py,12358,core,LOCAL_PROJECT,False
backend/server.py,12362,core,LOCAL_PROJECT,False
backend/server.py,12514,core,LOCAL_PROJECT,False
backend/server.py,12518,core,LOCAL_PROJECT,False
backend/server.py,12585,core,LOCAL_PROJECT,False
backend/server.py,12589,core,LOCAL_PROJECT,False
backend/server.py,12655,os,STDLIB,False
backend/server.py,12656,pymssql,EXTERNAL_DECLARED_NOT_INSTALLED,False
backend/server.py,12729,os,STDLIB,False
backend/server.py,12730,pymssql,EXTERNAL_DECLARED_NOT_INSTALLED,False
backend/server.py,12788,os,STDLIB,False
backend/server.py,12789,pymssql,EXTERNAL_DECLARED_NOT_INSTALLED,False
backend/server.py,12866,os,STDLIB,False
backend/server.py,12867,pymssql,EXTERNAL_DECLARED_NOT_INSTALLED,False
backend/server.py,12868,datetime,STDLIB,False
backend/server.py,13005,modules,LOCAL_PROJECT,False
backend/server.py,13010,modules,LOCAL_PROJECT,False
backend/server.py,13042,modules,LOCAL_PROJECT,False
backend/server.py,13047,modules,LOCAL_PROJECT,False
backend/server.py,13116,modules,LOCAL_PROJECT,False
backend/server.py,13117,core,LOCAL_PROJECT,False
backend/server.py,13249,core,LOCAL_PROJECT,False
backend/server.py,13291,core,LOCAL_PROJECT,False
backend/server.py,13292,modules,LOCAL_PROJECT,False
backend/server.py,13340,modules,LOCAL_PROJECT,False
backend/server.py,13454,core,LOCAL_PROJECT,False
backend/server.py,13512,re,STDLIB,False
backend/server.py,13540,core,LOCAL_PROJECT,False
backend/server.py,13541,core,LOCAL_PROJECT,False
backend/server.py,13542,modules,LOCAL_PROJECT,False
backend/server.py,13661,core,LOCAL_PROJECT,False
backend/server.py,13662,core,LOCAL_PROJECT,False
backend/server.py,13726,core,LOCAL_PROJECT,False
backend/server.py,13727,modules,LOCAL_PROJECT,False
backend/server.py,13838,core,LOCAL_PROJECT,False
backend/server.py,13839,core,LOCAL_PROJECT,False
backend/server.py,13898,core,LOCAL_PROJECT,False
backend/server.py,13917,re,STDLIB,False
backend/server.py,13962,pytds,UNRESOLVED,False
backend/server.py,14070,os,STDLIB,False
backend/server.py,14071,uuid,STDLIB,False
backend/server.py,14072,datetime,STDLIB,False
backend/server.py,14940,core,LOCAL_PROJECT,False
backend/server.py,14969,re,STDLIB,False
backend/server.py,15007,pytds,UNRESOLVED,False
backend/server.py,15118,modules,LOCAL_PROJECT,False
backend/server.py,15935,core,LOCAL_PROJECT,False
backend/server.py,16145,core,LOCAL_PROJECT,False
backend/server.py,16182,core,LOCAL_PROJECT,False
backend/server.py,16332,core,LOCAL_PROJECT,False
backend/server.py,16333,core,LOCAL_PROJECT,False
backend/server.py,16360,core,LOCAL_PROJECT,False
backend/server.py,16361,core,LOCAL_PROJECT,False
backend/server.py,16414,core,LOCAL_PROJECT,False
backend/server.py,16415,core,LOCAL_PROJECT,False
backend/server.py,16473,core,LOCAL_PROJECT,False
backend/server.py,16474,core,LOCAL_PROJECT,False
backend/server.py,16490,time,STDLIB,False
backend/server.py,17352,modules,LOCAL_PROJECT,False
backend/server.py,17594,core,LOCAL_PROJECT,False
backend/server.py,17776,routes,LOCAL_PROJECT,False
backend/server.py,17810,modules,LOCAL_PROJECT,False
backend/server.py,17815,core,LOCAL_PROJECT,False
backend/server.py,17821,core,LOCAL_PROJECT,False
backend/server.py,17828,api,LOCAL_PROJECT,False
backend/server.py,17834,api,LOCAL_PROJECT,False
backend/server.py,17840,api,LOCAL_PROJECT,False
backend/server.py,17847,core,LOCAL_PROJECT,False
backend/server.py,17853,modules,LOCAL_PROJECT,False
backend/server.py,17859,core,LOCAL_PROJECT,False
backend/server.py,17860,core,LOCAL_PROJECT,False
backend/server.py,17861,modules,LOCAL_PROJECT,False
backend/server.py,17862,modules,LOCAL_PROJECT,False
backend/server.py,17863,modules,LOCAL_PROJECT,False
backend/server.py,17864,modules,LOCAL_PROJECT,False
backend/server.py,17865,core,LOCAL_PROJECT,False
backend/server.py,17866,core,LOCAL_PROJECT,False
backend/server.py,17881,modules,LOCAL_PROJECT,False
backend/server.py,17892,api,LOCAL_PROJECT,False
backend/server.py,17893,core,LOCAL_PROJECT,False
backend/server.py,17896,fastapi,EXTERNAL_DECLARED_NOT_INSTALLED,False
backend/server.py,17907,fastapi,EXTERNAL_DECLARED_NOT_INSTALLED,False
backend/server.py,17919,fastapi,EXTERNAL_DECLARED_NOT_INSTALLED,False
backend/server.py,17934,fastapi,EXTERNAL_DECLARED_NOT_INSTALLED,False
backend/server.py,17945,fastapi,EXTERNAL_DECLARED_NOT_INSTALLED,False
backend/server.py,17962,api,LOCAL_PROJECT,False
backend/server.py,17972,api,LOCAL_PROJECT,False
backend/server.py,17982,modules,LOCAL_PROJECT,False
backend/server.py,17992,modules,LOCAL_PROJECT,False
backend/server.py,18002,modules,LOCAL_PROJECT,False
backend/server.py,18012,modules,LOCAL_PROJECT,False
backend/server.py,18022,modules,LOCAL_PROJECT,False
backend/server.py,18030,modules,LOCAL_PROJECT,False
backend/server.py,18037,modules,LOCAL_PROJECT,False
backend/server.py,18044,modules,LOCAL_PROJECT,False
backend/server.py,18054,modules,LOCAL_PROJECT,False
backend/server.py,18064,modules,LOCAL_PROJECT,False
backend/server.py,18074,modules,LOCAL_PROJECT,False
backend/server.py,18084,modules,LOCAL_PROJECT,False
backend/server.py,18127,modules,LOCAL_PROJECT,False
backend/server.py,18134,modules,LOCAL_PROJECT,False
backend/server.py,18141,modules,LOCAL_PROJECT,False
backend/server.py,18148,modules,LOCAL_PROJECT,False
backend/server.py,18155,modules,LOCAL_PROJECT,False
backend/server.py,18162,modules,LOCAL_PROJECT,False
backend/server.py,18169,modules,LOCAL_PROJECT,False
backend/server.py,18176,modules,LOCAL_PROJECT,False
backend/server.py,18183,modules,LOCAL_PROJECT,False
backend/server.py,18195,core,LOCAL_PROJECT,False
backend/server.py,18207,core,LOCAL_PROJECT,False
backend/server.py,18220,os,STDLIB,False
backend/server.py,18233,os,STDLIB,False
backend/server.py,18246,os,STDLIB,False
backend/server.py,18259,os,STDLIB,False
backend/server.py,18273,os,STDLIB,False
backend/server.py,18286,os,STDLIB,False
backend/server.py,18301,fastapi,EXTERNAL_DECLARED_NOT_INSTALLED,False
backend/server.py,18302,os,STDLIB,False
backend/tests_guardrails/test_p5_auth_no_mongo_fallback.py,1,pathlib,STDLIB,False
backend/tests_guardrails/test_p5_auth_no_mongo_fallback.py,2,sys,STDLIB,False
backend/tests_guardrails/test_p4_no_credenciales_hardcodeadas.py,1,pathlib,STDLIB,False
backend/tests_guardrails/test_p4_no_credenciales_hardcodeadas.py,2,re,STDLIB,False
backend/tests_guardrails/test_p4_no_credenciales_hardcodeadas.py,3,sys,STDLIB,False
backend/tests_guardrails/test_no_hardcode_unidades.py,1,pathlib,STDLIB,False
backend/tests_guardrails/test_no_hardcode_unidades.py,2,sys,STDLIB,False
backend/tests_guardrails/test_p4_runtime_critico_sin_conexiones_directas.py,1,pathlib,STDLIB,False
backend/tests_guardrails/test_p4_runtime_critico_sin_conexiones_directas.py,2,sys,STDLIB,False
backend/tests_guardrails/test_p4_rbac_sql_runtime_ready.py,1,sys,STDLIB,False
backend/tests_guardrails/test_p4_rbac_sql_runtime_ready.py,4,core,LOCAL_PROJECT,False
backend/tests_guardrails/test_p4_rbac_sql_runtime_ready.py,5,core,LOCAL_PROJECT,False
backend/tests_guardrails/test_api_connections_mongo_degrades_safe.py,1,asyncio,STDLIB,False
backend/tests_guardrails/test_api_connections_mongo_degrades_safe.py,2,inspect,STDLIB,False
backend/tests_guardrails/test_api_connections_mongo_degrades_safe.py,3,modules,LOCAL_PROJECT,False
backend/tests_guardrails/test_p0_no_credenciales_hardcodeadas.py,1,pathlib,STDLIB,False
backend/tests_guardrails/test_p0_no_credenciales_hardcodeadas.py,2,sys,STDLIB,False
backend/tests_guardrails/test_p0_no_secret_dump_commands.py,1,pathlib,STDLIB,False
backend/tests_guardrails/test_p0_no_secret_dump_commands.py,2,re,STDLIB,False
backend/tests_guardrails/test_p0_no_secret_dump_commands.py,3,sys,STDLIB,False
backend/tests_guardrails/test_p2_runtime_critico_no_hardcodes.py,4,pathlib,STDLIB,False
backend/tests_guardrails/test_p2_runtime_critico_no_hardcodes.py,5,sys,STDLIB,False
backend/tests_guardrails/test_p1_no_live_visual_modulos_activos.py,5,pathlib,STDLIB,False
backend/tests_guardrails/test_p1_no_live_visual_modulos_activos.py,6,sys,STDLIB,False
backend/tests_guardrails/test_p4_roles_canonicos_usuario_roles.py,1,pathlib,STDLIB,False
backend/tests_guardrails/test_p4_roles_canonicos_usuario_roles.py,2,sys,STDLIB,False
backend/tests_guardrails/test_p4_tablas_canonicas_migracion_mongo.py,1,sys,STDLIB,False
backend/tests_guardrails/test_p4_tablas_canonicas_migracion_mongo.py,2,os,STDLIB,False
backend/tests_guardrails/test_p4_tablas_canonicas_migracion_mongo.py,3,pymssql,EXTERNAL_DECLARED_NOT_INSTALLED,False
backend/tests_guardrails/test_p1_corporate_filters.py,4,pathlib,STDLIB,False
backend/tests_guardrails/test_p1_corporate_filters.py,5,sys,STDLIB,False
backend/tests_guardrails/test_p4_rbac_usa_usuario_canonico.py,1,pathlib,STDLIB,False
backend/tests_guardrails/test_p4_rbac_usa_usuario_canonico.py,2,sys,STDLIB,False
backend/tests_guardrails/test_admin_core_contract_and_imports.py,1,pathlib,STDLIB,False
backend/tests_guardrails/test_admin_core_contract_and_imports.py,2,importlib,STDLIB,False
backend/tests_guardrails/test_p4_conexiones_sql_centralizadas.py,1,pathlib,STDLIB,False
backend/tests_guardrails/test_p4_conexiones_sql_centralizadas.py,2,sys,STDLIB,False
backend/tests_guardrails/test_p4_runtime_sql_directas_sin_scripts.py,1,pathlib,STDLIB,False
backend/tests_guardrails/test_p4_runtime_sql_directas_sin_scripts.py,2,sys,STDLIB,False
backend/tests_guardrails/test_p1_kpis_unidad_pk_real.py,4,os,STDLIB,False
backend/tests_guardrails/test_p1_kpis_unidad_pk_real.py,5,sys,STDLIB,False
backend/tests_guardrails/test_p1_kpis_unidad_pk_real.py,6,pymssql,EXTERNAL_DECLARED_NOT_INSTALLED,False
backend/tests_guardrails/conftest.py,7,sys,STDLIB,False
backend/tests_guardrails/conftest.py,8,pathlib,STDLIB,False
backend/tests_guardrails/conftest.py,10,dotenv,UNRESOLVED,False
backend/tests_guardrails/test_p4_rbac_empresa_unidad_sucursal_sql.py,1,sys,STDLIB,False
backend/tests_guardrails/test_p4_rbac_empresa_unidad_sucursal_sql.py,4,core,LOCAL_PROJECT,False
backend/tests_guardrails/test_p4_no_sql_direct_runtime.py,1,pathlib,STDLIB,False
backend/tests_guardrails/test_p4_no_sql_direct_runtime.py,2,sys,STDLIB,False
backend/tests_guardrails/test_p4_no_sql_direct_runtime.py,3,re,STDLIB,False
backend/tests_guardrails/test_no_mongo_compat.py,5,re,STDLIB,False
backend/tests_guardrails/test_no_mongo_compat.py,6,pathlib,STDLIB,False
backend/tests_guardrails/test_p4_auth_context_usa_rbac_sql.py,1,sys,STDLIB,False
backend/tests_guardrails/test_p4_auth_context_usa_rbac_sql.py,4,pathlib,STDLIB,False
backend/tests_guardrails/test_p4_auth_context_usa_rbac_sql.py,17,core,LOCAL_PROJECT,False
backend/tests_guardrails/test_p4_auth_context_usa_rbac_sql.py,18,core,LOCAL_PROJECT,False
backend/tests_guardrails/test_p2_10_repository_layer.py,1,pathlib,STDLIB,False
backend/tests_guardrails/test_p2_10_repository_layer.py,2,sys,STDLIB,False
backend/tests_guardrails/test_p0_no_admin123.py,1,pathlib,STDLIB,False
backend/tests_guardrails/test_p0_no_admin123.py,2,sys,STDLIB,False
backend/tests_guardrails/test_p1_kpis_pk_completo.py,2,pymssql,EXTERNAL_DECLARED_NOT_INSTALLED,False
backend/tests_guardrails/test_p1_kpis_pk_completo.py,3,os,STDLIB,False
backend/tests_guardrails/test_p1_kpis_pk_completo.py,4,sys,STDLIB,False
backend/tests_guardrails/test_p2_unidad_negocio_pk_obligatoria.py,4,sys,STDLIB,False
backend/tests_guardrails/test_p2_unidad_negocio_pk_obligatoria.py,5,core,LOCAL_PROJECT,False
backend/tests_guardrails/test_p5_1_no_mongo_residual_modules.py,13,pathlib,STDLIB,False
backend/tests_guardrails/test_p5_1_no_mongo_residual_modules.py,14,re,STDLIB,False
backend/tests_guardrails/test_p2_07_runtime.py,1,pathlib,STDLIB,False
backend/tests_guardrails/test_p1_vistas_runtime_existen.py,2,pymssql,EXTERNAL_DECLARED_NOT_INSTALLED,False
backend/tests_guardrails/test_p1_vistas_runtime_existen.py,3,os,STDLIB,False
backend/tests_guardrails/test_p1_vistas_runtime_existen.py,4,sys,STDLIB,False
backend/tests_guardrails/test_p2_sql_first_runtime_activo.py,2,pathlib,STDLIB,False
backend/tests_guardrails/test_p2_sql_first_runtime_activo.py,3,sys,STDLIB,False
backend/modules/__init__.py,1,core,LOCAL_PROJECT,False
backend/modules/__init__.py,2,core,LOCAL_PROJECT,False
backend/modules/dashboard_ejecutivo/__init__.py,1,core,LOCAL_PROJECT,False
backend/modules/dashboard_ejecutivo/__init__.py,2,core,LOCAL_PROJECT,False
backend/modules/dashboard_ejecutivo/routes.py,1,core,LOCAL_PROJECT,False
backend/modules/dashboard_ejecutivo/routes.py,2,core,LOCAL_PROJECT,False
backend/modules/dashboard_ejecutivo/routes.py,3,fastapi,EXTERNAL_DECLARED_NOT_INSTALLED,False
backend/modules/dashboard_ejecutivo/routes.py,4,core,LOCAL_PROJECT,False
backend/modules/dashboard_ejecutivo/routes.py,5,core,LOCAL_PROJECT,False
backend/modules/dashboard_ejecutivo/routes.py,6,core,LOCAL_PROJECT,False
backend/modules/dashboard_ejecutivo/routes.py,7,core,LOCAL_PROJECT,False
backend/modules/dashboard_ejecutivo/routes.py,8,datetime,STDLIB,False
backend/modules/catalogos_workflow_compat/routes.py,1,core,LOCAL_PROJECT,False
backend/modules/catalogos_workflow_compat/routes.py,2,fastapi,EXTERNAL_DECLARED_NOT_INSTALLED,False
backend/modules/catalogos_workflow_compat/routes.py,3,typing,STDLIB,False
backend/modules/catalogos_workflow_compat/routes.py,4,core,LOCAL_PROJECT,False
backend/modules/catalogos_workflow_compat/routes.py,5,modules,LOCAL_PROJECT,False
backend/modules/sync_monitor/service.py,15,logging,STDLIB,False
backend/modules/sync_monitor/service.py,16,datetime,STDLIB,False
backend/modules/sync_monitor/service.py,17,typing,STDLIB,False
backend/modules/sync_monitor/service.py,18,decimal,STDLIB,False
backend/modules/sync_monitor/service.py,137,core,LOCAL_PROJECT,False
backend/modules/sync_monitor/__init__.py,6,routes,LOCAL_PROJECT,False
backend/modules/sync_monitor/__init__.py,7,service,UNRESOLVED,False
backend/modules/sync_monitor/routes.py,6,fastapi,EXTERNAL_DECLARED_NOT_INSTALLED,False
backend/modules/sync_monitor/routes.py,7,typing,STDLIB,False
backend/modules/sync_monitor/routes.py,8,logging,STDLIB,False
backend/modules/sync_monitor/routes.py,10,service,UNRESOLVED,False
backend/modules/comercial/service.py,1,core,LOCAL_PROJECT,False
backend/modules/comercial/service.py,2,core,LOCAL_PROJECT,False
backend/modules/comercial/service.py,32,os,STDLIB,False
backend/modules/comercial/service.py,33,typing,STDLIB,False
backend/modules/comercial/service.py,34,logging,STDLIB,False
backend/modules/comercial/service.py,35,calendar,STDLIB,False
backend/modules/comercial/service.py,36,datetime,STDLIB,False
backend/modules/comercial/service.py,37,fastapi,EXTERNAL_DECLARED_NOT_INSTALLED,False
backend/modules/comercial/service.py,39,core,LOCAL_PROJECT,False
backend/modules/comercial/service.py,40,core,LOCAL_PROJECT,False
backend/modules/comercial/service.py,41,core,LOCAL_PROJECT,False
backend/modules/comercial/service.py,46,modules,LOCAL_PROJECT,False
backend/modules/comercial/service.py,47,modules,LOCAL_PROJECT,False
backend/modules/comercial/service.py,48,core,LOCAL_PROJECT,False
backend/modules/comercial/service.py,49,core,LOCAL_PROJECT,False
backend/modules/comercial/service.py,52,modules,LOCAL_PROJECT,False
backend/modules/comercial/service.py,53,modules,LOCAL_PROJECT,False
backend/modules/comercial/service.py,54,core,LOCAL_PROJECT,False
backend/modules/comercial/service.py,55,core,LOCAL_PROJECT,False
backend/modules/comercial/service.py,62,core,LOCAL_PROJECT,True
backend/modules/comercial/service.py,86,core,LOCAL_PROJECT,False
backend/modules/comercial/service.py,254,core,LOCAL_PROJECT,False
backend/modules/comercial/service.py,263,core,LOCAL_PROJECT,False
backend/modules/comercial/service.py,399,core,LOCAL_PROJECT,False
backend/modules/comercial/service.py,621,pytz,EXTERNAL_DECLARED_NOT_INSTALLED,False
backend/modules/comercial/service.py,622,datetime,STDLIB,False
backend/modules/comercial/service.py,633,core,LOCAL_PROJECT,False
backend/modules/comercial/service.py,1614,zoneinfo,STDLIB,True
backend/modules/comercial/service.py,1617,pytz,EXTERNAL_DECLARED_NOT_INSTALLED,False
backend/modules/comercial/service.py,2296,time,STDLIB,False
backend/modules/comercial/service.py,2633,pymssql,EXTERNAL_DECLARED_NOT_INSTALLED,False
backend/modules/comercial/service.py,2634,logging,STDLIB,False
backend/modules/comercial/routes_pricing_ai.py,1,os,STDLIB,False
backend/modules/comercial/routes_pricing_ai.py,2,core,LOCAL_PROJECT,False
backend/modules/comercial/routes_pricing_ai.py,3,core,LOCAL_PROJECT,False
backend/modules/comercial/routes_pricing_ai.py,22,fastapi,EXTERNAL_DECLARED_NOT_INSTALLED,False
backend/modules/comercial/routes_pricing_ai.py,23,pydantic,EXTERNAL_DECLARED_NOT_INSTALLED,False
backend/modules/comercial/routes_pricing_ai.py,24,typing,STDLIB,False
backend/modules/comercial/routes_pricing_ai.py,25,logging,STDLIB,False
backend/modules/comercial/routes_pricing_ai.py,27,core,LOCAL_PROJECT,False
backend/modules/comercial/routes_pricing_ai.py,28,core,LOCAL_PROJECT,False
backend/modules/comercial/routes_pricing_ai.py,30,modules,LOCAL_PROJECT,False
backend/modules/comercial/routes_pricing_ai.py,41,modules,LOCAL_PROJECT,False
backend/modules/comercial/routes_pricing_ai.py,46,modules,LOCAL_PROJECT,False
backend/modules/comercial/routes_pricing_ai.py,389,os,STDLIB,False
backend/modules/comercial/cache_service.py,1,core,LOCAL_PROJECT,False
backend/modules/comercial/cache_service.py,2,core,LOCAL_PROJECT,False
backend/modules/comercial/cache_service.py,23,logging,STDLIB,False
backend/modules/comercial/cache_service.py,24,datetime,STDLIB,False
backend/modules/comercial/cache_service.py,25,typing,STDLIB,False
backend/modules/comercial/cache_service.py,28,sys,STDLIB,False
backend/modules/comercial/cache_service.py,29,os,STDLIB,False
backend/modules/comercial/cache_service.py,33,core,LOCAL_PROJECT,False
backend/modules/comercial/cache_service.py,45,logging,STDLIB,False
backend/modules/comercial/cache_service.py,55,logging,STDLIB,False
backend/modules/comercial/cache_service.py,77,hashlib,STDLIB,False
backend/modules/comercial/cache_service.py,82,modules,LOCAL_PROJECT,False
backend/modules/comercial/cache_service.py,93,json,STDLIB,False
backend/modules/comercial/cache_service.py,98,json,STDLIB,False
backend/modules/comercial/routes_benchmark_sectorial.py,8,fastapi,EXTERNAL_DECLARED_NOT_INSTALLED,False
backend/modules/comercial/routes_benchmark_sectorial.py,9,typing,STDLIB,False
backend/modules/comercial/routes_benchmark_sectorial.py,11,core,LOCAL_PROJECT,False
backend/modules/comercial/routes_benchmark_sectorial.py,12,core,LOCAL_PROJECT,False
backend/modules/comercial/routes_benchmark_sectorial.py,13,modules,LOCAL_PROJECT,False
backend/modules/comercial/routes_ingesta_competencia.py,8,fastapi,EXTERNAL_DECLARED_NOT_INSTALLED,False
backend/modules/comercial/routes_ingesta_competencia.py,9,fastapi,EXTERNAL_DECLARED_NOT_INSTALLED,False
backend/modules/comercial/routes_ingesta_competencia.py,10,pydantic,EXTERNAL_DECLARED_NOT_INSTALLED,False
backend/modules/comercial/routes_ingesta_competencia.py,11,typing,STDLIB,False
backend/modules/comercial/routes_ingesta_competencia.py,13,core,LOCAL_PROJECT,False
backend/modules/comercial/routes_ingesta_competencia.py,14,core,LOCAL_PROJECT,False
backend/modules/comercial/routes_ingesta_competencia.py,15,core,LOCAL_PROJECT,False
backend/modules/comercial/routes_ingesta_competencia.py,16,modules,LOCAL_PROJECT,False
backend/modules/comercial/__init__.py,8,fastapi,EXTERNAL_DECLARED_NOT_INSTALLED,False
backend/modules/comercial/__init__.py,10,modules,LOCAL_PROJECT,False
backend/modules/comercial/__init__.py,11,modules,LOCAL_PROJECT,False
backend/modules/comercial/__init__.py,19,modules,LOCAL_PROJECT,False
backend/modules/comercial/__init__.py,25,modules,LOCAL_PROJECT,False
backend/modules/comercial/__init__.py,31,modules,LOCAL_PROJECT,False
backend/modules/comercial/__init__.py,34,modules,LOCAL_PROJECT,False
backend/modules/comercial/adapters.py,1,core,LOCAL_PROJECT,False
backend/modules/comercial/adapters.py,2,core,LOCAL_PROJECT,False
backend/modules/comercial/adapters.py,35,os,STDLIB,False
backend/modules/comercial/adapters.py,36,logging,STDLIB,False
backend/modules/comercial/adapters.py,37,requests,EXTERNAL_DECLARED_NOT_INSTALLED,False
backend/modules/comercial/adapters.py,38,datetime,STDLIB,False
backend/modules/comercial/adapters.py,39,typing,STDLIB,False
backend/modules/comercial/adapters.py,45,core,LOCAL_PROJECT,True
backend/modules/comercial/router_filter.py,3,__future__,STDLIB,False
backend/modules/comercial/router_filter.py,5,typing,STDLIB,False
backend/modules/comercial/routes_precios_sugeridos.py,1,core,LOCAL_PROJECT,False
backend/modules/comercial/routes_precios_sugeridos.py,2,core,LOCAL_PROJECT,False
backend/modules/comercial/routes_precios_sugeridos.py,16,fastapi,EXTERNAL_DECLARED_NOT_INSTALLED,False
backend/modules/comercial/routes_precios_sugeridos.py,17,typing,STDLIB,False
backend/modules/comercial/routes_precios_sugeridos.py,18,pydantic,EXTERNAL_DECLARED_NOT_INSTALLED,False
backend/modules/comercial/routes_precios_sugeridos.py,20,modules,LOCAL_PROJECT,False
backend/modules/comercial/crm_router.py,1,core,LOCAL_PROJECT,False
backend/modules/comercial/crm_router.py,2,core,LOCAL_PROJECT,False
backend/modules/comercial/crm_router.py,3,fastapi,EXTERNAL_DECLARED_NOT_INSTALLED,False
backend/modules/comercial/crm_router.py,4,pydantic,EXTERNAL_DECLARED_NOT_INSTALLED,False
backend/modules/comercial/crm_router.py,5,typing,STDLIB,False
backend/modules/comercial/crm_router.py,6,typing,STDLIB,False
backend/modules/comercial/crm_router.py,7,core,LOCAL_PROJECT,False
backend/modules/comercial/crm_router.py,85,pydantic,EXTERNAL_DECLARED_NOT_INSTALLED,False
backend/modules/comercial/crm_router.py,86,uuid,STDLIB,False
backend/modules/comercial/crm_router.py,205,uuid,STDLIB,False
backend/modules/comercial/inteligencia_comercial_routes.py,15,__future__,STDLIB,False
backend/modules/comercial/inteligencia_comercial_routes.py,17,datetime,STDLIB,False
backend/modules/comercial/inteligencia_comercial_routes.py,18,decimal,STDLIB,False
backend/modules/comercial/inteligencia_comercial_routes.py,19,typing,STDLIB,False
backend/modules/comercial/inteligencia_comercial_routes.py,20,logging,STDLIB,False
backend/modules/comercial/inteligencia_comercial_routes.py,21,os,STDLIB,False
backend/modules/comercial/inteligencia_comercial_routes.py,23,pytds,UNRESOLVED,False
backend/modules/comercial/inteligencia_comercial_routes.py,24,fastapi,EXTERNAL_DECLARED_NOT_INSTALLED,False
backend/modules/comercial/inteligencia_comercial_routes.py,26,core,LOCAL_PROJECT,False
backend/modules/comercial/inteligencia_comercial_routes.py,27,core,LOCAL_PROJECT,False
backend/modules/comercial/inteligencia_comercial_routes.py,28,core,LOCAL_PROJECT,False
backend/modules/comercial/alertas_margen_service.py,1,core,LOCAL_PROJECT,False
backend/modules/comercial/alertas_margen_service.py,2,core,LOCAL_PROJECT,False
backend/modules/comercial/alertas_margen_service.py,14,datetime,STDLIB,False
backend/modules/comercial/alertas_margen_service.py,15,typing,STDLIB,False
backend/modules/comercial/alertas_margen_service.py,16,decimal,STDLIB,False
backend/modules/comercial/alertas_margen_service.py,17,logging,STDLIB,False
backend/modules/comercial/alertas_margen_service.py,19,modules,LOCAL_PROJECT,False
backend/modules/comercial/inteligencia_repository.py,1,core,LOCAL_PROJECT,False
backend/modules/comercial/inteligencia_repository.py,2,core,LOCAL_PROJECT,False
backend/modules/comercial/inteligencia_repository.py,9,typing,STDLIB,False
backend/modules/comercial/inteligencia_repository.py,10,datetime,STDLIB,False
backend/modules/comercial/inteligencia_repository.py,11,sqlalchemy,EXTERNAL_DECLARED_NOT_INSTALLED,False
backend/modules/comercial/inteligencia_repository.py,12,sqlalchemy,EXTERNAL_DECLARED_NOT_INSTALLED,False
backend/modules/comercial/alertas_margen_repository.py,1,core,LOCAL_PROJECT,False
backend/modules/comercial/alertas_margen_repository.py,2,core,LOCAL_PROJECT,False
backend/modules/comercial/alertas_margen_repository.py,16,uuid,STDLIB,False
backend/modules/comercial/alertas_margen_repository.py,17,datetime,STDLIB,False
backend/modules/comercial/alertas_margen_repository.py,18,decimal,STDLIB,False
backend/modules/comercial/alertas_margen_repository.py,19,typing,STDLIB,False
backend/modules/comercial/alertas_margen_repository.py,20,logging,STDLIB,False
backend/modules/comercial/alertas_margen_repository.py,22,core,LOCAL_PROJECT,False
backend/modules/comercial/alertas_margen_repository.py,23,core,LOCAL_PROJECT,False
backend/modules/comercial/routes_pricing_ia.py,1,core,LOCAL_PROJECT,False
backend/modules/comercial/routes_pricing_ia.py,2,core,LOCAL_PROJECT,False
backend/modules/comercial/routes_pricing_ia.py,20,fastapi,EXTERNAL_DECLARED_NOT_INSTALLED,False
backend/modules/comercial/routes_pricing_ia.py,21,typing,STDLIB,False
backend/modules/comercial/routes_pricing_ia.py,22,logging,STDLIB,False
backend/modules/comercial/routes_pricing_ia.py,23,math,STDLIB,False
backend/modules/comercial/routes_pricing_ia.py,25,core,LOCAL_PROJECT,False
backend/modules/comercial/routes_pricing_ia.py,26,core,LOCAL_PROJECT,False
backend/modules/comercial/routes_pricing_ia.py,29,modules,LOCAL_PROJECT,False
backend/modules/comercial/routes_pricing_ia.py,58,modules,LOCAL_PROJECT,False
backend/modules/comercial/routes_pricing_ia.py,67,modules,LOCAL_PROJECT,False
backend/modules/comercial/routes_pricing_ia.py,80,modules,LOCAL_PROJECT,False
backend/modules/comercial/routes_pricing_ia.py,91,modules,LOCAL_PROJECT,False
backend/modules/comercial/routes_competidores_enterprise.py,1,core,LOCAL_PROJECT,False
backend/modules/comercial/routes_competidores_enterprise.py,2,core,LOCAL_PROJECT,False
backend/modules/comercial/routes_competidores_enterprise.py,17,fastapi,EXTERNAL_DECLARED_NOT_INSTALLED,False
backend/modules/comercial/routes_competidores_enterprise.py,18,typing,STDLIB,False
backend/modules/comercial/routes_competidores_enterprise.py,19,pydantic,EXTERNAL_DECLARED_NOT_INSTALLED,False
backend/modules/comercial/routes_competidores_enterprise.py,21,core,LOCAL_PROJECT,False
backend/modules/comercial/routes_competidores_enterprise.py,22,core,LOCAL_PROJECT,False
backend/modules/comercial/routes_competidores_enterprise.py,23,services,UNRESOLVED,False
backend/modules/comercial/rentabilidad.py,1,core,LOCAL_PROJECT,False
backend/modules/comercial/rentabilidad.py,2,core,LOCAL_PROJECT,False
backend/modules/comercial/rentabilidad.py,3,typing,STDLIB,False
backend/modules/comercial/rentabilidad.py,4,fastapi,EXTERNAL_DECLARED_NOT_INSTALLED,False
backend/modules/comercial/rentabilidad.py,5,core,LOCAL_PROJECT,False
backend/modules/comercial/routes_listas_competidores.py,1,core,LOCAL_PROJECT,False
backend/modules/comercial/routes_listas_competidores.py,2,core,LOCAL_PROJECT,False
backend/modules/comercial/routes_listas_competidores.py,14,typing,STDLIB,False
backend/modules/comercial/routes_listas_competidores.py,15,fastapi,EXTERNAL_DECLARED_NOT_INSTALLED,False
backend/modules/comercial/routes_listas_competidores.py,16,pydantic,EXTERNAL_DECLARED_NOT_INSTALLED,False
backend/modules/comercial/routes_listas_competidores.py,17,logging,STDLIB,False
backend/modules/comercial/routes_listas_competidores.py,19,core,LOCAL_PROJECT,False
backend/modules/comercial/routes_listas_competidores.py,20,core,LOCAL_PROJECT,False
backend/modules/comercial/routes_listas_competidores.py,21,modules,LOCAL_PROJECT,False
backend/modules/comercial/canonical_detail.py,8,__future__,STDLIB,False
backend/modules/comercial/canonical_detail.py,10,dataclasses,STDLIB,False
backend/modules/comercial/canonical_detail.py,11,datetime,STDLIB,False
backend/modules/comercial/canonical_detail.py,12,typing,STDLIB,False
backend/modules/comercial/routes_alertas_margen.py,1,core,LOCAL_PROJECT,False
backend/modules/comercial/routes_alertas_margen.py,2,core,LOCAL_PROJECT,False
backend/modules/comercial/routes_alertas_margen.py,20,datetime,STDLIB,False
backend/modules/comercial/routes_alertas_margen.py,21,typing,STDLIB,False
backend/modules/comercial/routes_alertas_margen.py,22,fastapi,EXTERNAL_DECLARED_NOT_INSTALLED,False
backend/modules/comercial/routes_alertas_margen.py,23,pydantic,EXTERNAL_DECLARED_NOT_INSTALLED,False
backend/modules/comercial/routes_alertas_margen.py,24,logging,STDLIB,False
backend/modules/comercial/routes_alertas_margen.py,26,core,LOCAL_PROJECT,False
backend/modules/comercial/routes_alertas_margen.py,27,modules,LOCAL_PROJECT,False
backend/modules/comercial/canonical_detail_routes.py,8,__future__,STDLIB,False
backend/modules/comercial/canonical_detail_routes.py,10,calendar,STDLIB,False
backend/modules/comercial/canonical_detail_routes.py,11,logging,STDLIB,False
backend/modules/comercial/canonical_detail_routes.py,12,datetime,STDLIB,False
backend/modules/comercial/canonical_detail_routes.py,13,typing,STDLIB,False
backend/modules/comercial/canonical_detail_routes.py,15,fastapi,EXTERNAL_DECLARED_NOT_INSTALLED,False
backend/modules/comercial/canonical_detail_routes.py,17,core,LOCAL_PROJECT,False
backend/modules/comercial/canonical_detail_routes.py,18,core,LOCAL_PROJECT,False
backend/modules/comercial/canonical_detail_routes.py,19,core,LOCAL_PROJECT,False
backend/modules/comercial/canonical_detail_routes.py,20,core,LOCAL_PROJECT,False
backend/modules/comercial/canonical_detail_routes.py,21,modules,LOCAL_PROJECT,False
backend/modules/comercial/canonical_detail_routes.py,30,modules,LOCAL_PROJECT,False
backend/modules/comercial/repository.py,1,core,LOCAL_PROJECT,False
backend/modules/comercial/repository.py,2,core,LOCAL_PROJECT,False
backend/modules/comercial/repository.py,20,typing,STDLIB,False
backend/modules/comercial/repository.py,21,logging,STDLIB,False
backend/modules/comercial/repository.py,22,json,STDLIB,False
backend/modules/comercial/repository.py,23,os,STDLIB,False
backend/modules/comercial/repository.py,24,datetime,STDLIB,False
backend/modules/comercial/repository.py,26,core,LOCAL_PROJECT,False
backend/modules/comercial/repository.py,27,core,LOCAL_PROJECT,False
backend/modules/comercial/repository.py,28,core,LOCAL_PROJECT,False
backend/modules/comercial/repository.py,76,core,LOCAL_PROJECT,False
backend/modules/comercial/repository.py,113,core,LOCAL_PROJECT,False
backend/modules/comercial/historical_kpis_repository.py,20,os,STDLIB,False
backend/modules/comercial/historical_kpis_repository.py,21,logging,STDLIB,False
backend/modules/comercial/historical_kpis_repository.py,22,hashlib,STDLIB,False
backend/modules/comercial/historical_kpis_repository.py,23,json,STDLIB,False
backend/modules/comercial/historical_kpis_repository.py,24,typing,STDLIB,False
backend/modules/comercial/historical_kpis_repository.py,25,datetime,STDLIB,False
backend/modules/comercial/historical_kpis_repository.py,26,dotenv,UNRESOLVED,False
backend/modules/comercial/historical_kpis_repository.py,31,core,LOCAL_PROJECT,False
backend/modules/comercial/kpis_repository.py,1,core,LOCAL_PROJECT,False
backend/modules/comercial/kpis_repository.py,2,core,LOCAL_PROJECT,False
backend/modules/comercial/kpis_repository.py,20,typing,STDLIB,False
backend/modules/comercial/kpis_repository.py,21,datetime,STDLIB,False
backend/modules/comercial/kpis_repository.py,22,logging,STDLIB,False
backend/modules/comercial/kpis_repository.py,23,hashlib,STDLIB,False
backend/modules/comercial/kpis_repository.py,24,json,STDLIB,False
backend/modules/comercial/kpis_repository.py,40,logging,STDLIB,False
backend/modules/comercial/kpis_repository.py,50,logging,STDLIB,False
backend/modules/comercial/kpis_repository.py,169,datetime,STDLIB,False
backend/modules/comercial/kpis_repository.py,174,decimal,STDLIB,False
backend/modules/comercial/kpis_repository.py,186,hashlib,STDLIB,False
backend/modules/comercial/kpis_repository.py,211,modules,LOCAL_PROJECT,False
backend/modules/comercial/kpis_repository.py,234,modules,LOCAL_PROJECT,False
backend/modules/comercial/kpis_repository.py,235,modules,LOCAL_PROJECT,False
backend/modules/comercial/kpis_repository.py,322,modules,LOCAL_PROJECT,False
backend/modules/comercial/kpis_repository.py,361,modules,LOCAL_PROJECT,False
backend/modules/comercial/kpis_repository.py,383,modules,LOCAL_PROJECT,False
backend/modules/comercial/routes.py,1,core,LOCAL_PROJECT,False
backend/modules/comercial/routes.py,2,core,LOCAL_PROJECT,False
backend/modules/comercial/routes.py,68,fastapi,EXTERNAL_DECLARED_NOT_INSTALLED,False
backend/modules/comercial/routes.py,69,typing,STDLIB,False
backend/modules/comercial/routes.py,70,logging,STDLIB,False
backend/modules/comercial/routes.py,71,calendar,STDLIB,False
backend/modules/comercial/routes.py,72,datetime,STDLIB,False
backend/modules/comercial/routes.py,74,core,LOCAL_PROJECT,False
backend/modules/comercial/routes.py,75,core,LOCAL_PROJECT,False
backend/modules/comercial/routes.py,81,core,LOCAL_PROJECT,False
backend/modules/comercial/routes.py,88,core,LOCAL_PROJECT,False
backend/modules/comercial/routes.py,89,core,LOCAL_PROJECT,False
backend/modules/comercial/routes.py,95,core,LOCAL_PROJECT,False
backend/modules/comercial/routes.py,101,modules,LOCAL_PROJECT,False
backend/modules/comercial/routes.py,114,modules,LOCAL_PROJECT,False
backend/modules/comercial/routes.py,116,modules,LOCAL_PROJECT,False
backend/modules/comercial/routes.py,117,modules,LOCAL_PROJECT,False
backend/modules/comercial/routes.py,121,modules,LOCAL_PROJECT,False
backend/modules/comercial/routes.py,142,modules,LOCAL_PROJECT,False
backend/modules/comercial/routes.py,149,modules,LOCAL_PROJECT,False
backend/modules/comercial/routes.py,155,core,LOCAL_PROJECT,False
backend/modules/comercial/routes.py,157,core,LOCAL_PROJECT,False
backend/modules/comercial/routes.py,158,core,LOCAL_PROJECT,False
backend/modules/comercial/routes.py,397,datetime,STDLIB,False
backend/modules/comercial/routes.py,398,pytz,EXTERNAL_DECLARED_NOT_INSTALLED,False
backend/modules/comercial/routes.py,419,datetime,STDLIB,False
backend/modules/comercial/routes.py,556,calendar,STDLIB,False
backend/modules/comercial/routes.py,700,zoneinfo,STDLIB,True
backend/modules/comercial/routes.py,703,pytz,EXTERNAL_DECLARED_NOT_INSTALLED,False
backend/modules/comercial/routes.py,904,core,LOCAL_PROJECT,False
backend/modules/comercial/routes.py,905,datetime,STDLIB,False
backend/modules/comercial/routes.py,914,core,LOCAL_PROJECT,False
backend/modules/comercial/routes.py,925,pytz,EXTERNAL_DECLARED_NOT_INSTALLED,False
backend/modules/comercial/routes.py,1406,core,LOCAL_PROJECT,False
backend/modules/comercial/routes.py,1421,pytz,EXTERNAL_DECLARED_NOT_INSTALLED,False
backend/modules/comercial/routes.py,1809,pytz,EXTERNAL_DECLARED_NOT_INSTALLED,False
backend/modules/comercial/routes.py,1978,core,LOCAL_PROJECT,False
backend/modules/comercial/routes.py,2069,modules,LOCAL_PROJECT,False
backend/modules/comercial/routes.py,2086,pymssql,EXTERNAL_DECLARED_NOT_INSTALLED,False
backend/modules/comercial/routes.py,2403,modules,LOCAL_PROJECT,False
backend/modules/comercial/routes.py,2420,pymssql,EXTERNAL_DECLARED_NOT_INSTALLED,False
backend/modules/comercial/routes.py,2709,pymssql,EXTERNAL_DECLARED_NOT_INSTALLED,False
backend/modules/comercial/routes.py,2710,datetime,STDLIB,False
backend/modules/comercial/routes.py,2788,datetime,STDLIB,False
backend/modules/comercial/routes.py,3194,service,UNRESOLVED,False
backend/modules/comercial/routes.py,3368,service,UNRESOLVED,False
backend/modules/comercial/routes.py,3497,modules,LOCAL_PROJECT,False
backend/modules/comercial/routes.py,3514,pymssql,EXTERNAL_DECLARED_NOT_INSTALLED,False
backend/modules/comercial/routes.py,3856,service,UNRESOLVED,False
backend/modules/comercial/routes.py,3914,service,UNRESOLVED,False
backend/modules/comercial/routes.py,3967,service,UNRESOLVED,False
backend/modules/comercial/routes.py,4025,service,UNRESOLVED,False
backend/modules/comercial/schemas.py,1,core,LOCAL_PROJECT,False
backend/modules/comercial/schemas.py,2,core,LOCAL_PROJECT,False
backend/modules/comercial/schemas.py,14,typing,STDLIB,False
backend/modules/comercial/schemas.py,15,pydantic,EXTERNAL_DECLARED_NOT_INSTALLED,False
backend/modules/comercial/schemas.py,16,datetime,STDLIB,False
backend/modules/comercial/queries/__init__.py,1,core,LOCAL_PROJECT,False
backend/modules/comercial/queries/__init__.py,2,core,LOCAL_PROJECT,False
backend/modules/comercial/queries/__init__.py,47,softrestaurant,UNRESOLVED,False
backend/modules/comercial/queries/__init__.py,53,mpro,UNRESOLVED,False
backend/modules/comercial/queries/hub.py,1,core,LOCAL_PROJECT,False
backend/modules/comercial/queries/hub.py,2,core,LOCAL_PROJECT,False
backend/modules/comercial/queries/hub.py,59,typing,STDLIB,False
backend/modules/comercial/queries/hub.py,60,datetime,STDLIB,False
backend/modules/comercial/queries/mpro.py,1,core,LOCAL_PROJECT,False
backend/modules/comercial/queries/mpro.py,2,core,LOCAL_PROJECT,False
backend/modules/comercial/queries/mpro.py,50,typing,STDLIB,False
backend/modules/comercial/queries/mpro.py,51,dataclasses,STDLIB,False
backend/modules/comercial/queries/mpro.py,52,logging,STDLIB,False
backend/modules/comercial/queries/mpro.py,55,core,LOCAL_PROJECT,False
backend/modules/comercial/queries/mpro.py,58,core,LOCAL_PROJECT,False
backend/modules/comercial/queries/mpro.py,65,core,LOCAL_PROJECT,True
backend/modules/comercial/queries/softrestaurant.py,1,core,LOCAL_PROJECT,False
backend/modules/comercial/queries/softrestaurant.py,2,core,LOCAL_PROJECT,False
backend/modules/comercial/queries/softrestaurant.py,44,typing,STDLIB,False
backend/modules/comercial/queries/softrestaurant.py,45,dataclasses,STDLIB,False
backend/modules/comercial/queries/softrestaurant.py,46,logging,STDLIB,False
backend/modules/comercial/queries/softrestaurant.py,49,core,LOCAL_PROJECT,False
backend/modules/comercial/queries/softrestaurant.py,52,core,LOCAL_PROJECT,False
backend/modules/comercial/services/impuestos_service.py,1,core,LOCAL_PROJECT,False
backend/modules/comercial/services/impuestos_service.py,2,core,LOCAL_PROJECT,False
backend/modules/comercial/services/impuestos_service.py,20,typing,STDLIB,False
backend/modules/comercial/services/impuestos_service.py,21,decimal,STDLIB,False
backend/modules/comercial/services/impuestos_service.py,22,enum,STDLIB,False
backend/modules/comercial/services/impuestos_service.py,24,core,LOCAL_PROJECT,False
backend/modules/comercial/services/impuestos_service.py,25,core,LOCAL_PROJECT,False
backend/modules/comercial/services/ingesta_competencia_service.py,12,os,STDLIB,False
backend/modules/comercial/services/ingesta_competencia_service.py,13,io,STDLIB,False
backend/modules/comercial/services/ingesta_competencia_service.py,14,re,STDLIB,False
backend/modules/comercial/services/ingesta_competencia_service.py,15,csv,STDLIB,False
backend/modules/comercial/services/ingesta_competencia_service.py,16,json,STDLIB,False
backend/modules/comercial/services/ingesta_competencia_service.py,17,uuid,STDLIB,False
backend/modules/comercial/services/ingesta_competencia_service.py,18,logging,STDLIB,False
backend/modules/comercial/services/ingesta_competencia_service.py,19,tempfile,STDLIB,False
backend/modules/comercial/services/ingesta_competencia_service.py,20,typing,STDLIB,False
backend/modules/comercial/services/ingesta_competencia_service.py,22,requests,EXTERNAL_DECLARED_NOT_INSTALLED,False
backend/modules/comercial/services/ingesta_competencia_service.py,24,core,LOCAL_PROJECT,False
backend/modules/comercial/services/ingesta_competencia_service.py,25,core,LOCAL_PROJECT,False
backend/modules/comercial/services/ingesta_competencia_service.py,26,core,LOCAL_PROJECT,False
backend/modules/comercial/services/ingesta_competencia_service.py,131,openpyxl,EXTERNAL_DECLARED_NOT_INSTALLED,False
backend/modules/comercial/services/ingesta_competencia_service.py,160,emergentintegrations,EXTERNAL_DECLARED_NOT_INSTALLED,False
backend/modules/comercial/services/ingesta_competencia_service.py,179,docx,UNRESOLVED,False
backend/modules/comercial/services/ingesta_competencia_service.py,189,bs4,UNRESOLVED,False
backend/modules/comercial/services/ingesta_competencia_service.py,450,openpyxl,EXTERNAL_DECLARED_NOT_INSTALLED,False
backend/modules/comercial/services/__init__.py,1,core,LOCAL_PROJECT,False
backend/modules/comercial/services/__init__.py,2,core,LOCAL_PROJECT,False
backend/modules/comercial/services/__init__.py,17,pricing_schemas,UNRESOLVED,False
backend/modules/comercial/services/__init__.py,18,impuestos_service,UNRESOLVED,False
backend/modules/comercial/services/__init__.py,19,precios_vinos_service,UNRESOLVED,False
backend/modules/comercial/services/__init__.py,22,perfil_unidad_service,UNRESOLVED,False
backend/modules/comercial/services/__init__.py,23,competidores_service,UNRESOLVED,False
backend/modules/comercial/services/__init__.py,24,benchmark_service,UNRESOLVED,False
backend/modules/comercial/services/__init__.py,25,pricing_sugerido_service,UNRESOLVED,False
backend/modules/comercial/services/__init__.py,28,pricing_ai_service,UNRESOLVED,False
backend/modules/comercial/services/listas_competidores_service.py,1,core,LOCAL_PROJECT,False
backend/modules/comercial/services/listas_competidores_service.py,2,core,LOCAL_PROJECT,False
backend/modules/comercial/services/listas_competidores_service.py,17,typing,STDLIB,False
backend/modules/comercial/services/listas_competidores_service.py,18,datetime,STDLIB,False
backend/modules/comercial/services/listas_competidores_service.py,19,logging,STDLIB,False
backend/modules/comercial/services/listas_competidores_service.py,20,uuid,STDLIB,False
backend/modules/comercial/services/listas_competidores_service.py,22,core,LOCAL_PROJECT,False
backend/modules/comercial/services/listas_competidores_service.py,23,core,LOCAL_PROJECT,False
backend/modules/comercial/services/competidores_service.py,1,core,LOCAL_PROJECT,False
backend/modules/comercial/services/competidores_service.py,2,core,LOCAL_PROJECT,False
backend/modules/comercial/services/competidores_service.py,21,typing,STDLIB,False
backend/modules/comercial/services/competidores_service.py,22,datetime,STDLIB,False
backend/modules/comercial/services/competidores_service.py,23,logging,STDLIB,False
backend/modules/comercial/services/competidores_service.py,24,uuid,STDLIB,False
backend/modules/comercial/services/competidores_service.py,25,json,STDLIB,False
backend/modules/comercial/services/competidores_service.py,27,core,LOCAL_PROJECT,False
backend/modules/comercial/services/competidores_service.py,28,core,LOCAL_PROJECT,False
backend/modules/comercial/services/competidores_service.py,30,pricing_schemas,UNRESOLVED,False
backend/modules/comercial/services/competidores_enterprise_service.py,1,core,LOCAL_PROJECT,False
backend/modules/comercial/services/competidores_enterprise_service.py,2,core,LOCAL_PROJECT,False
backend/modules/comercial/services/competidores_enterprise_service.py,19,typing,STDLIB,False
backend/modules/comercial/services/competidores_enterprise_service.py,20,datetime,STDLIB,False
backend/modules/comercial/services/competidores_enterprise_service.py,21,logging,STDLIB,False
backend/modules/comercial/services/competidores_enterprise_service.py,22,uuid,STDLIB,False
backend/modules/comercial/services/competidores_enterprise_service.py,24,core,LOCAL_PROJECT,False
backend/modules/comercial/services/competidores_enterprise_service.py,25,core,LOCAL_PROJECT,False
backend/modules/comercial/services/benchmark_service.py,1,core,LOCAL_PROJECT,False
backend/modules/comercial/services/benchmark_service.py,2,core,LOCAL_PROJECT,False
backend/modules/comercial/services/benchmark_service.py,21,typing,STDLIB,False
backend/modules/comercial/services/benchmark_service.py,22,datetime,STDLIB,False
backend/modules/comercial/services/benchmark_service.py,23,logging,STDLIB,False
backend/modules/comercial/services/benchmark_service.py,24,uuid,STDLIB,False
backend/modules/comercial/services/benchmark_service.py,26,core,LOCAL_PROJECT,False
backend/modules/comercial/services/benchmark_service.py,27,core,LOCAL_PROJECT,False
backend/modules/comercial/services/benchmark_service.py,29,pricing_schemas,UNRESOLVED,False
backend/modules/comercial/services/benchmark_service.py,36,perfil_unidad_service,UNRESOLVED,False
backend/modules/comercial/services/benchmark_service.py,37,competidores_service,UNRESOLVED,False
backend/modules/comercial/services/precios_sugeridos_consolidado_service.py,1,core,LOCAL_PROJECT,False
backend/modules/comercial/services/precios_sugeridos_consolidado_service.py,2,core,LOCAL_PROJECT,False
backend/modules/comercial/services/precios_sugeridos_consolidado_service.py,18,logging,STDLIB,False
backend/modules/comercial/services/precios_sugeridos_consolidado_service.py,19,typing,STDLIB,False
backend/modules/comercial/services/precios_sugeridos_consolidado_service.py,20,datetime,STDLIB,False
backend/modules/comercial/services/precios_sugeridos_consolidado_service.py,21,enum,STDLIB,False
backend/modules/comercial/services/precios_sugeridos_consolidado_service.py,23,core,LOCAL_PROJECT,False
backend/modules/comercial/services/precios_sugeridos_consolidado_service.py,24,core,LOCAL_PROJECT,False
backend/modules/comercial/services/precios_sugeridos_consolidado_service.py,458,uuid,STDLIB,False
backend/modules/comercial/services/pricing_ai_service.py,1,core,LOCAL_PROJECT,False
backend/modules/comercial/services/pricing_ai_service.py,2,core,LOCAL_PROJECT,False
backend/modules/comercial/services/pricing_ai_service.py,24,typing,STDLIB,False
backend/modules/comercial/services/pricing_ai_service.py,25,datetime,STDLIB,False
backend/modules/comercial/services/pricing_ai_service.py,26,enum,STDLIB,False
backend/modules/comercial/services/pricing_ai_service.py,27,logging,STDLIB,False
backend/modules/comercial/services/pricing_ai_service.py,28,uuid,STDLIB,False
backend/modules/comercial/services/pricing_ai_service.py,29,json,STDLIB,False
backend/modules/comercial/services/pricing_ai_service.py,30,os,STDLIB,False
backend/modules/comercial/services/pricing_ai_service.py,32,dotenv,UNRESOLVED,False
backend/modules/comercial/services/pricing_ai_service.py,35,core,LOCAL_PROJECT,False
backend/modules/comercial/services/pricing_ai_service.py,36,core,LOCAL_PROJECT,False
backend/modules/comercial/services/pricing_ai_service.py,39,perfil_unidad_service,UNRESOLVED,False
backend/modules/comercial/services/pricing_ai_service.py,40,competidores_service,UNRESOLVED,False
backend/modules/comercial/services/pricing_ai_service.py,46,benchmark_service,UNRESOLVED,False
backend/modules/comercial/services/pricing_ai_service.py,50,pricing_sugerido_service,UNRESOLVED,False
backend/modules/comercial/services/pricing_ai_service.py,51,pricing_schemas,UNRESOLVED,False
backend/modules/comercial/services/pricing_ai_service.py,258,modules,LOCAL_PROJECT,False
backend/modules/comercial/services/pricing_ai_service.py,618,emergentintegrations,EXTERNAL_DECLARED_NOT_INSTALLED,False
backend/modules/comercial/services/pricing_ai_service.py,619,modules,LOCAL_PROJECT,False
backend/modules/comercial/services/pricing_ai_service.py,926,emergentintegrations,EXTERNAL_DECLARED_NOT_INSTALLED,False
backend/modules/comercial/services/pricing_ai_service.py,1098,emergentintegrations,EXTERNAL_DECLARED_NOT_INSTALLED,False
backend/modules/comercial/services/pricing_ai_service.py,1257,emergentintegrations,EXTERNAL_DECLARED_NOT_INSTALLED,False
backend/modules/comercial/services/pricing_ai_service.py,1258,modules,LOCAL_PROJECT,False
backend/modules/comercial/services/perfil_unidad_service.py,1,core,LOCAL_PROJECT,False
backend/modules/comercial/services/perfil_unidad_service.py,2,core,LOCAL_PROJECT,False
backend/modules/comercial/services/perfil_unidad_service.py,17,typing,STDLIB,False
backend/modules/comercial/services/perfil_unidad_service.py,18,datetime,STDLIB,False
backend/modules/comercial/services/perfil_unidad_service.py,19,logging,STDLIB,False
backend/modules/comercial/services/perfil_unidad_service.py,20,uuid,STDLIB,False
backend/modules/comercial/services/perfil_unidad_service.py,22,core,LOCAL_PROJECT,False
backend/modules/comercial/services/perfil_unidad_service.py,23,core,LOCAL_PROJECT,False
backend/modules/comercial/services/perfil_unidad_service.py,25,pricing_schemas,UNRESOLVED,False
backend/modules/comercial/services/pricing_sugerido_service.py,1,core,LOCAL_PROJECT,False
backend/modules/comercial/services/pricing_sugerido_service.py,2,core,LOCAL_PROJECT,False
backend/modules/comercial/services/pricing_sugerido_service.py,24,typing,STDLIB,False
backend/modules/comercial/services/pricing_sugerido_service.py,25,datetime,STDLIB,False
backend/modules/comercial/services/pricing_sugerido_service.py,26,logging,STDLIB,False
backend/modules/comercial/services/pricing_sugerido_service.py,27,math,STDLIB,False
backend/modules/comercial/services/pricing_sugerido_service.py,29,core,LOCAL_PROJECT,False
backend/modules/comercial/services/pricing_sugerido_service.py,30,core,LOCAL_PROJECT,False
backend/modules/comercial/services/pricing_sugerido_service.py,32,pricing_schemas,UNRESOLVED,False
backend/modules/comercial/services/pricing_sugerido_service.py,39,impuestos_service,UNRESOLVED,False
backend/modules/comercial/services/pricing_sugerido_service.py,40,precios_vinos_service,UNRESOLVED,False
backend/modules/comercial/services/pricing_sugerido_service.py,41,benchmark_service,UNRESOLVED,False
backend/modules/comercial/services/benchmark_sectorial_service.py,24,typing,STDLIB,False
backend/modules/comercial/services/benchmark_sectorial_service.py,25,logging,STDLIB,False
backend/modules/comercial/services/benchmark_sectorial_service.py,27,core,LOCAL_PROJECT,False
backend/modules/comercial/services/benchmark_sectorial_service.py,28,core,LOCAL_PROJECT,False
backend/modules/comercial/services/metricas_ia_service.py,1,core,LOCAL_PROJECT,False
backend/modules/comercial/services/metricas_ia_service.py,2,core,LOCAL_PROJECT,False
backend/modules/comercial/services/metricas_ia_service.py,22,typing,STDLIB,False
backend/modules/comercial/services/metricas_ia_service.py,23,datetime,STDLIB,False
backend/modules/comercial/services/metricas_ia_service.py,24,logging,STDLIB,False
backend/modules/comercial/services/metricas_ia_service.py,25,json,STDLIB,False
backend/modules/comercial/services/metricas_ia_service.py,27,core,LOCAL_PROJECT,False
backend/modules/comercial/services/metricas_ia_service.py,28,core,LOCAL_PROJECT,False
backend/modules/comercial/services/precios_vinos_service.py,1,core,LOCAL_PROJECT,False
backend/modules/comercial/services/precios_vinos_service.py,2,core,LOCAL_PROJECT,False
backend/modules/comercial/services/precios_vinos_service.py,46,typing,STDLIB,False
backend/modules/comercial/services/precios_vinos_service.py,47,decimal,STDLIB,False
backend/modules/comercial/services/precios_vinos_service.py,48,enum,STDLIB,False
backend/modules/comercial/services/precios_vinos_service.py,49,dataclasses,STDLIB,False
backend/modules/comercial/services/precios_vinos_service.py,50,math,STDLIB,False
backend/modules/comercial/services/precios_vinos_service.py,52,core,LOCAL_PROJECT,False
backend/modules/comercial/services/precios_vinos_service.py,53,core,LOCAL_PROJECT,False
backend/modules/comercial/services/unidad_resolver.py,13,typing,STDLIB,False
backend/modules/comercial/services/unidad_resolver.py,14,logging,STDLIB,False
backend/modules/comercial/services/unidad_resolver.py,16,core,LOCAL_PROJECT,False
backend/modules/comercial/services/unidad_resolver.py,17,core,LOCAL_PROJECT,False
backend/modules/comercial/services/pricing_schemas.py,1,core,LOCAL_PROJECT,False
backend/modules/comercial/services/pricing_schemas.py,2,core,LOCAL_PROJECT,False
backend/modules/comercial/services/pricing_schemas.py,19,pydantic,EXTERNAL_DECLARED_NOT_INSTALLED,False
backend/modules/comercial/services/pricing_schemas.py,20,typing,STDLIB,False
backend/modules/comercial/services/pricing_schemas.py,21,datetime,STDLIB,False
backend/modules/comercial/services/pricing_schemas.py,22,decimal,STDLIB,False
backend/modules/comercial/services/pricing_schemas.py,23,enum,STDLIB,False
backend/modules/comercial_enriquecido/__init__.py,2,modules,LOCAL_PROJECT,False
backend/modules/comercial_enriquecido/repository.py,10,logging,STDLIB,False
backend/modules/comercial_enriquecido/repository.py,11,typing,STDLIB,False
backend/modules/comercial_enriquecido/repository.py,13,core,LOCAL_PROJECT,False
backend/modules/comercial_enriquecido/repository.py,14,core,LOCAL_PROJECT,False
backend/modules/comercial_enriquecido/repository.py,15,core,LOCAL_PROJECT,False
backend/modules/comercial_enriquecido/routes.py,11,logging,STDLIB,False
backend/modules/comercial_enriquecido/routes.py,12,typing,STDLIB,False
backend/modules/comercial_enriquecido/routes.py,13,fastapi,EXTERNAL_DECLARED_NOT_INSTALLED,False
backend/modules/comercial_enriquecido/routes.py,14,pydantic,EXTERNAL_DECLARED_NOT_INSTALLED,False
backend/modules/comercial_enriquecido/routes.py,16,core,LOCAL_PROJECT,False
backend/modules/comercial_enriquecido/routes.py,17,core,LOCAL_PROJECT,False
backend/modules/comercial_enriquecido/routes.py,18,core,LOCAL_PROJECT,False
backend/modules/comercial_enriquecido/routes.py,19,modules,LOCAL_PROJECT,False
backend/modules/health_v1/routes.py,1,time,STDLIB,False
backend/modules/health_v1/routes.py,2,importlib,STDLIB,False
backend/modules/health_v1/routes.py,3,typing,STDLIB,False
backend/modules/health_v1/routes.py,4,fastapi,EXTERNAL_DECLARED_NOT_INSTALLED,False
backend/modules/health_v1/routes.py,6,core,LOCAL_PROJECT,False
backend/modules/health_v1/routes.py,7,core,LOCAL_PROJECT,False
backend/modules/health_v1/routes.py,8,modules,LOCAL_PROJECT,False
backend/modules/hub/bus_abstraccion_universal.py,1,core,LOCAL_PROJECT,False
backend/modules/hub/bus_abstraccion_universal.py,2,core,LOCAL_PROJECT,False
backend/modules/hub/bus_abstraccion_universal.py,5,json,STDLIB,False
backend/modules/hub/bus_abstraccion_universal.py,6,time,STDLIB,False
backend/modules/hub/bus_abstraccion_universal.py,7,typing,STDLIB,False
backend/modules/hub/modulo_financiero_proyectos.py,1,core,LOCAL_PROJECT,False
backend/modules/hub/modulo_financiero_proyectos.py,2,core,LOCAL_PROJECT,False
backend/modules/hub/modulo_financiero_proyectos.py,5,sqlite3,STDLIB,False
backend/modules/hub/modulo_financiero_proyectos.py,6,json,STDLIB,False
backend/modules/hub/modulo_financiero_proyectos.py,7,time,STDLIB,False
backend/modules/hub/modulo_financiero_proyectos.py,8,typing,STDLIB,False
backend/modules/backfill_corporativo/service.py,1,core,LOCAL_PROJECT,False
backend/modules/backfill_corporativo/service.py,8,datetime,STDLIB,False
backend/modules/backfill_corporativo/service.py,9,typing,STDLIB,False
backend/modules/backfill_corporativo/service.py,10,core,LOCAL_PROJECT,False
backend/modules/backfill_corporativo/service.py,11,logging,STDLIB,False
backend/modules/backfill_corporativo/service.py,740,traceback,STDLIB,False
backend/modules/backfill_corporativo/service.py,855,pymssql,EXTERNAL_DECLARED_NOT_INSTALLED,False
backend/modules/backfill_corporativo/service.py,856,datetime,STDLIB,False
backend/modules/backfill_corporativo/__init__.py,1,routes,LOCAL_PROJECT,False
backend/modules/backfill_corporativo/__init__.py,2,service,UNRESOLVED,False
backend/modules/backfill_corporativo/routes.py,1,fastapi,EXTERNAL_DECLARED_NOT_INSTALLED,False
backend/modules/backfill_corporativo/routes.py,2,pydantic,EXTERNAL_DECLARED_NOT_INSTALLED,False
backend/modules/backfill_corporativo/routes.py,3,typing,STDLIB,False
backend/modules/backfill_corporativo/routes.py,4,core,LOCAL_PROJECT,False
backend/modules/backfill_corporativo/routes.py,5,service,UNRESOLVED,False
backend/modules/fase2_operativo/__init__.py,1,core,LOCAL_PROJECT,False
backend/modules/fase2_operativo/__init__.py,2,core,LOCAL_PROJECT,False
backend/modules/fase2_operativo/sql_repository.py,1,os,STDLIB,False
backend/modules/fase2_operativo/sql_repository.py,2,core,LOCAL_PROJECT,False
backend/modules/fase2_operativo/sql_repository.py,3,core,LOCAL_PROJECT,False
backend/modules/fase2_operativo/sql_repository.py,22,logging,STDLIB,False
backend/modules/fase2_operativo/sql_repository.py,23,json,STDLIB,False
backend/modules/fase2_operativo/sql_repository.py,24,typing,STDLIB,False
backend/modules/fase2_operativo/sql_repository.py,25,datetime,STDLIB,False
backend/modules/fase2_operativo/sql_repository.py,26,asyncio,STDLIB,False
backend/modules/fase2_operativo/sql_repository.py,27,concurrent,STDLIB,False
backend/modules/fase2_operativo/sql_repository.py,28,core,LOCAL_PROJECT,False
backend/modules/fase2_operativo/sql_repository.py,44,pymssql,EXTERNAL_DECLARED_NOT_INSTALLED,False
backend/modules/fase2_operativo/sql_repository.py,343,uuid,STDLIB,False
backend/modules/fase2_operativo/sql_repository.py,403,uuid,STDLIB,False
backend/modules/fase2_operativo/sql_repository.py,444,uuid,STDLIB,False
backend/modules/fase2_operativo/db_utils.py,1,core,LOCAL_PROJECT,False
backend/modules/fase2_operativo/db_utils.py,2,core,LOCAL_PROJECT,False
backend/modules/fase2_operativo/db_utils.py,9,os,STDLIB,False
backend/modules/fase2_operativo/router.py,1,core,LOCAL_PROJECT,False
backend/modules/fase2_operativo/router.py,2,core,LOCAL_PROJECT,False
backend/modules/fase2_operativo/router.py,10,fastapi,EXTERNAL_DECLARED_NOT_INSTALLED,False
backend/modules/fase2_operativo/router.py,11,routes,LOCAL_PROJECT,False
backend/modules/fase2_operativo/router.py,12,routes,LOCAL_PROJECT,False
backend/modules/fase2_operativo/router.py,13,routes,LOCAL_PROJECT,False
backend/modules/fase2_operativo/router.py,14,routes,LOCAL_PROJECT,False
backend/modules/fase2_operativo/router.py,15,routes,LOCAL_PROJECT,False
backend/modules/fase2_operativo/router.py,16,routes,LOCAL_PROJECT,False
backend/modules/fase2_operativo/router.py,17,routes,LOCAL_PROJECT,False
backend/modules/fase2_operativo/router.py,18,routes,LOCAL_PROJECT,False
backend/modules/fase2_operativo/router.py,19,routes,LOCAL_PROJECT,False
backend/modules/fase2_operativo/router.py,20,routes,LOCAL_PROJECT,False
backend/modules/fase2_operativo/router.py,21,routes,LOCAL_PROJECT,False
backend/modules/fase2_operativo/router.py,22,routes,LOCAL_PROJECT,False
backend/modules/fase2_operativo/router.py,23,routes,LOCAL_PROJECT,False
backend/modules/fase2_operativo/api_schemas.py,1,core,LOCAL_PROJECT,False
backend/modules/fase2_operativo/api_schemas.py,2,core,LOCAL_PROJECT,False
backend/modules/fase2_operativo/api_schemas.py,9,pydantic,EXTERNAL_DECLARED_NOT_INSTALLED,False
backend/modules/fase2_operativo/api_schemas.py,10,typing,STDLIB,False
backend/modules/fase2_operativo/api_schemas.py,11,datetime,STDLIB,False
backend/modules/fase2_operativo/api_schemas.py,12,schemas,UNRESOLVED,False
backend/modules/fase2_operativo/repositories/__init__.py,1,core,LOCAL_PROJECT,False
backend/modules/fase2_operativo/repositories/__init__.py,2,core,LOCAL_PROJECT,False
backend/modules/fase2_operativo/repositories/__init__.py,15,base_repository,UNRESOLVED,False
backend/modules/fase2_operativo/repositories/__init__.py,22,workflow_repository,UNRESOLVED,False
backend/modules/fase2_operativo/repositories/__init__.py,23,detalle_diferencias_repository,UNRESOLVED,False
backend/modules/fase2_operativo/repositories/__init__.py,24,tarea_repository,UNRESOLVED,False
backend/modules/fase2_operativo/repositories/__init__.py,25,historial_repository,UNRESOLVED,False
backend/modules/fase2_operativo/repositories/__init__.py,26,justificacion_repository,UNRESOLVED,False
backend/modules/fase2_operativo/repositories/__init__.py,27,auditoria_repository,UNRESOLVED,False
backend/modules/fase2_operativo/repositories/__init__.py,28,configuracion_repository,UNRESOLVED,False
backend/modules/fase2_operativo/repositories/__init__.py,29,responsabilidad_repository,UNRESOLVED,False
backend/modules/fase2_operativo/repositories/__init__.py,30,historial_responsabilidad_repository,UNRESOLVED,False
backend/modules/fase2_operativo/repositories/__init__.py,31,cargos_repository,UNRESOLVED,False
backend/modules/fase2_operativo/repositories/__init__.py,32,asignacion_repository,UNRESOLVED,False
backend/modules/fase2_operativo/repositories/__init__.py,33,auditoria_programada_repository,UNRESOLVED,False
backend/modules/fase2_operativo/repositories/base_repository.py,1,core,LOCAL_PROJECT,False
backend/modules/fase2_operativo/repositories/base_repository.py,2,core,LOCAL_PROJECT,False
backend/modules/fase2_operativo/repositories/base_repository.py,19,sql_base_repository,UNRESOLVED,False
backend/modules/fase2_operativo/repositories/cargos_repository.py,1,core,LOCAL_PROJECT,False
backend/modules/fase2_operativo/repositories/cargos_repository.py,2,core,LOCAL_PROJECT,False
backend/modules/fase2_operativo/repositories/cargos_repository.py,14,typing,STDLIB,False
backend/modules/fase2_operativo/repositories/cargos_repository.py,15,datetime,STDLIB,False
backend/modules/fase2_operativo/repositories/cargos_repository.py,16,uuid,STDLIB,False
backend/modules/fase2_operativo/repositories/cargos_repository.py,17,logging,STDLIB,False
backend/modules/fase2_operativo/repositories/cargos_repository.py,19,sql_base_repository,UNRESOLVED,False
backend/modules/fase2_operativo/repositories/cargos_repository.py,471,json,STDLIB,False
backend/modules/fase2_operativo/repositories/cargos_repository.py,582,json,STDLIB,False
backend/modules/fase2_operativo/repositories/configuracion_repository.py,1,core,LOCAL_PROJECT,False
backend/modules/fase2_operativo/repositories/configuracion_repository.py,2,core,LOCAL_PROJECT,False
backend/modules/fase2_operativo/repositories/configuracion_repository.py,11,typing,STDLIB,False
backend/modules/fase2_operativo/repositories/configuracion_repository.py,13,sql_base_repository,UNRESOLVED,False
backend/modules/fase2_operativo/repositories/auditoria_programada_repository.py,1,core,LOCAL_PROJECT,False
backend/modules/fase2_operativo/repositories/auditoria_programada_repository.py,2,core,LOCAL_PROJECT,False
backend/modules/fase2_operativo/repositories/auditoria_programada_repository.py,15,typing,STDLIB,False
backend/modules/fase2_operativo/repositories/auditoria_programada_repository.py,16,datetime,STDLIB,False
backend/modules/fase2_operativo/repositories/auditoria_programada_repository.py,17,uuid,STDLIB,False
backend/modules/fase2_operativo/repositories/auditoria_programada_repository.py,18,json,STDLIB,False
backend/modules/fase2_operativo/repositories/auditoria_programada_repository.py,19,logging,STDLIB,False
backend/modules/fase2_operativo/repositories/auditoria_programada_repository.py,21,sql_base_repository,UNRESOLVED,False
backend/modules/fase2_operativo/repositories/auditoria_repository.py,1,core,LOCAL_PROJECT,False
backend/modules/fase2_operativo/repositories/auditoria_repository.py,2,core,LOCAL_PROJECT,False
backend/modules/fase2_operativo/repositories/auditoria_repository.py,11,typing,STDLIB,False
backend/modules/fase2_operativo/repositories/auditoria_repository.py,13,sql_base_repository,UNRESOLVED,False
backend/modules/fase2_operativo/repositories/workflow_repository.py,1,core,LOCAL_PROJECT,False
backend/modules/fase2_operativo/repositories/workflow_repository.py,2,core,LOCAL_PROJECT,False
backend/modules/fase2_operativo/repositories/workflow_repository.py,14,typing,STDLIB,False
backend/modules/fase2_operativo/repositories/workflow_repository.py,15,datetime,STDLIB,False
backend/modules/fase2_operativo/repositories/workflow_repository.py,16,logging,STDLIB,False
backend/modules/fase2_operativo/repositories/workflow_repository.py,18,base_repository,UNRESOLVED,False
backend/modules/fase2_operativo/repositories/asignacion_repository.py,1,core,LOCAL_PROJECT,False
backend/modules/fase2_operativo/repositories/asignacion_repository.py,2,core,LOCAL_PROJECT,False
backend/modules/fase2_operativo/repositories/asignacion_repository.py,11,typing,STDLIB,False
backend/modules/fase2_operativo/repositories/asignacion_repository.py,12,datetime,STDLIB,False
backend/modules/fase2_operativo/repositories/asignacion_repository.py,13,logging,STDLIB,False
backend/modules/fase2_operativo/repositories/asignacion_repository.py,15,sql_base_repository,UNRESOLVED,False
backend/modules/fase2_operativo/repositories/justificacion_repository.py,1,core,LOCAL_PROJECT,False
backend/modules/fase2_operativo/repositories/justificacion_repository.py,2,core,LOCAL_PROJECT,False
backend/modules/fase2_operativo/repositories/justificacion_repository.py,11,typing,STDLIB,False
backend/modules/fase2_operativo/repositories/justificacion_repository.py,13,sql_base_repository,UNRESOLVED,False
backend/modules/fase2_operativo/repositories/tarea_repository.py,1,core,LOCAL_PROJECT,False
backend/modules/fase2_operativo/repositories/tarea_repository.py,2,core,LOCAL_PROJECT,False
backend/modules/fase2_operativo/repositories/tarea_repository.py,14,typing,STDLIB,False
backend/modules/fase2_operativo/repositories/tarea_repository.py,15,datetime,STDLIB,False
backend/modules/fase2_operativo/repositories/tarea_repository.py,16,logging,STDLIB,False
backend/modules/fase2_operativo/repositories/tarea_repository.py,18,base_repository,UNRESOLVED,False
backend/modules/fase2_operativo/repositories/tarea_repository.py,355,pymssql,EXTERNAL_DECLARED_NOT_INSTALLED,False
backend/modules/fase2_operativo/repositories/detalle_diferencias_repository.py,1,core,LOCAL_PROJECT,False
backend/modules/fase2_operativo/repositories/detalle_diferencias_repository.py,2,core,LOCAL_PROJECT,False
backend/modules/fase2_operativo/repositories/detalle_diferencias_repository.py,11,typing,STDLIB,False
backend/modules/fase2_operativo/repositories/detalle_diferencias_repository.py,13,sql_base_repository,UNRESOLVED,False
backend/modules/fase2_operativo/repositories/responsabilidad_repository.py,1,core,LOCAL_PROJECT,False
backend/modules/fase2_operativo/repositories/responsabilidad_repository.py,2,core,LOCAL_PROJECT,False
backend/modules/fase2_operativo/repositories/responsabilidad_repository.py,15,typing,STDLIB,False
backend/modules/fase2_operativo/repositories/responsabilidad_repository.py,16,datetime,STDLIB,False
backend/modules/fase2_operativo/repositories/responsabilidad_repository.py,17,logging,STDLIB,False
backend/modules/fase2_operativo/repositories/responsabilidad_repository.py,19,base_repository,UNRESOLVED,False
backend/modules/fase2_operativo/repositories/historial_responsabilidad_repository.py,1,core,LOCAL_PROJECT,False
backend/modules/fase2_operativo/repositories/historial_responsabilidad_repository.py,2,core,LOCAL_PROJECT,False
backend/modules/fase2_operativo/repositories/historial_responsabilidad_repository.py,11,typing,STDLIB,False
backend/modules/fase2_operativo/repositories/historial_responsabilidad_repository.py,12,datetime,STDLIB,False
backend/modules/fase2_operativo/repositories/historial_responsabilidad_repository.py,13,uuid,STDLIB,False
backend/modules/fase2_operativo/repositories/historial_responsabilidad_repository.py,14,json,STDLIB,False
backend/modules/fase2_operativo/repositories/historial_responsabilidad_repository.py,15,logging,STDLIB,False
backend/modules/fase2_operativo/repositories/historial_responsabilidad_repository.py,17,sql_base_repository,UNRESOLVED,False
backend/modules/fase2_operativo/repositories/historial_repository.py,1,core,LOCAL_PROJECT,False
backend/modules/fase2_operativo/repositories/historial_repository.py,2,core,LOCAL_PROJECT,False
backend/modules/fase2_operativo/repositories/historial_repository.py,11,typing,STDLIB,False
backend/modules/fase2_operativo/repositories/historial_repository.py,13,sql_base_repository,UNRESOLVED,False
backend/modules/fase2_operativo/repositories/sql_base_repository.py,1,core,LOCAL_PROJECT,False
backend/modules/fase2_operativo/repositories/sql_base_repository.py,2,core,LOCAL_PROJECT,False
backend/modules/fase2_operativo/repositories/sql_base_repository.py,16,typing,STDLIB,False
backend/modules/fase2_operativo/repositories/sql_base_repository.py,17,datetime,STDLIB,False
backend/modules/fase2_operativo/repositories/sql_base_repository.py,18,logging,STDLIB,False
backend/modules/fase2_operativo/repositories/sql_base_repository.py,19,uuid,STDLIB,False
backend/modules/fase2_operativo/repositories/sql_base_repository.py,20,json,STDLIB,False
backend/modules/fase2_operativo/repositories/sql_base_repository.py,21,pymssql,EXTERNAL_DECLARED_NOT_INSTALLED,False
backend/modules/fase2_operativo/repositories/sql_base_repository.py,22,os,STDLIB,False
backend/modules/fase2_operativo/repositories/sql_base_repository.py,23,core,LOCAL_PROJECT,False
backend/modules/fase2_operativo/repositories/sql_base_repository.py,24,core,LOCAL_PROJECT,False
backend/modules/fase2_operativo/repositories/sql_base_repository.py,399,re,STDLIB,False
backend/modules/fase2_operativo/repositories/sql_base_repository.py,851,asyncio,STDLIB,False
backend/modules/fase2_operativo/repositories/sql_base_repository.py,863,concurrent,STDLIB,False
backend/modules/fase2_operativo/scripts/__init__.py,1,core,LOCAL_PROJECT,False
backend/modules/fase2_operativo/scripts/__init__.py,2,core,LOCAL_PROJECT,False
backend/modules/fase2_operativo/schemas/tarea_schemas.py,1,core,LOCAL_PROJECT,False
backend/modules/fase2_operativo/schemas/tarea_schemas.py,2,core,LOCAL_PROJECT,False
backend/modules/fase2_operativo/schemas/tarea_schemas.py,9,pydantic,EXTERNAL_DECLARED_NOT_INSTALLED,False
backend/modules/fase2_operativo/schemas/tarea_schemas.py,10,typing,STDLIB,False
backend/modules/fase2_operativo/schemas/tarea_schemas.py,11,datetime,STDLIB,False
backend/modules/fase2_operativo/schemas/tarea_schemas.py,12,enums,UNRESOLVED,False
backend/modules/fase2_operativo/schemas/cargos_schemas.py,1,core,LOCAL_PROJECT,False
backend/modules/fase2_operativo/schemas/cargos_schemas.py,2,core,LOCAL_PROJECT,False
backend/modules/fase2_operativo/schemas/cargos_schemas.py,10,pydantic,EXTERNAL_DECLARED_NOT_INSTALLED,False
backend/modules/fase2_operativo/schemas/cargos_schemas.py,11,typing,STDLIB,False
backend/modules/fase2_operativo/schemas/cargos_schemas.py,12,datetime,STDLIB,False
backend/modules/fase2_operativo/schemas/cargos_schemas.py,13,enum,STDLIB,False
backend/modules/fase2_operativo/schemas/__init__.py,1,core,LOCAL_PROJECT,False
backend/modules/fase2_operativo/schemas/__init__.py,2,core,LOCAL_PROJECT,False
backend/modules/fase2_operativo/schemas/__init__.py,11,enums,UNRESOLVED,False
backend/modules/fase2_operativo/schemas/__init__.py,20,workflow_schemas,UNRESOLVED,False
backend/modules/fase2_operativo/schemas/__init__.py,30,tarea_schemas,UNRESOLVED,False
backend/modules/fase2_operativo/schemas/__init__.py,45,justificacion_schemas,UNRESOLVED,False
backend/modules/fase2_operativo/schemas/__init__.py,58,auditoria_schemas,UNRESOLVED,False
backend/modules/fase2_operativo/schemas/__init__.py,67,configuracion_schemas,UNRESOLVED,False
backend/modules/fase2_operativo/schemas/__init__.py,77,responsabilidad_schemas,UNRESOLVED,False
backend/modules/fase2_operativo/schemas/__init__.py,104,cargos_schemas,UNRESOLVED,False
backend/modules/fase2_operativo/schemas/auditoria_schemas.py,1,core,LOCAL_PROJECT,False
backend/modules/fase2_operativo/schemas/auditoria_schemas.py,2,core,LOCAL_PROJECT,False
backend/modules/fase2_operativo/schemas/auditoria_schemas.py,9,pydantic,EXTERNAL_DECLARED_NOT_INSTALLED,False
backend/modules/fase2_operativo/schemas/auditoria_schemas.py,10,typing,STDLIB,False
backend/modules/fase2_operativo/schemas/auditoria_schemas.py,11,datetime,STDLIB,False
backend/modules/fase2_operativo/schemas/auditoria_schemas.py,12,enums,UNRESOLVED,False
backend/modules/fase2_operativo/schemas/responsabilidad_schemas.py,1,core,LOCAL_PROJECT,False
backend/modules/fase2_operativo/schemas/responsabilidad_schemas.py,2,core,LOCAL_PROJECT,False
backend/modules/fase2_operativo/schemas/responsabilidad_schemas.py,10,pydantic,EXTERNAL_DECLARED_NOT_INSTALLED,False
backend/modules/fase2_operativo/schemas/responsabilidad_schemas.py,11,typing,STDLIB,False
backend/modules/fase2_operativo/schemas/responsabilidad_schemas.py,12,datetime,STDLIB,False
backend/modules/fase2_operativo/schemas/responsabilidad_schemas.py,13,enum,STDLIB,False
backend/modules/fase2_operativo/schemas/configuracion_schemas.py,1,core,LOCAL_PROJECT,False
backend/modules/fase2_operativo/schemas/configuracion_schemas.py,2,core,LOCAL_PROJECT,False
backend/modules/fase2_operativo/schemas/configuracion_schemas.py,9,pydantic,EXTERNAL_DECLARED_NOT_INSTALLED,False
backend/modules/fase2_operativo/schemas/configuracion_schemas.py,10,typing,STDLIB,False
backend/modules/fase2_operativo/schemas/configuracion_schemas.py,11,datetime,STDLIB,False
backend/modules/fase2_operativo/schemas/workflow_schemas.py,1,core,LOCAL_PROJECT,False
backend/modules/fase2_operativo/schemas/workflow_schemas.py,2,core,LOCAL_PROJECT,False
backend/modules/fase2_operativo/schemas/workflow_schemas.py,9,pydantic,EXTERNAL_DECLARED_NOT_INSTALLED,False
backend/modules/fase2_operativo/schemas/workflow_schemas.py,10,typing,STDLIB,False
backend/modules/fase2_operativo/schemas/workflow_schemas.py,11,datetime,STDLIB,False
backend/modules/fase2_operativo/schemas/workflow_schemas.py,12,enums,UNRESOLVED,False
backend/modules/fase2_operativo/schemas/justificacion_schemas.py,1,core,LOCAL_PROJECT,False
backend/modules/fase2_operativo/schemas/justificacion_schemas.py,2,core,LOCAL_PROJECT,False
backend/modules/fase2_operativo/schemas/justificacion_schemas.py,9,pydantic,EXTERNAL_DECLARED_NOT_INSTALLED,False
backend/modules/fase2_operativo/schemas/justificacion_schemas.py,10,typing,STDLIB,False
backend/modules/fase2_operativo/schemas/justificacion_schemas.py,11,datetime,STDLIB,False
backend/modules/fase2_operativo/schemas/justificacion_schemas.py,12,enums,UNRESOLVED,False
backend/modules/fase2_operativo/schemas/auditoria_programada_schemas.py,1,core,LOCAL_PROJECT,False
backend/modules/fase2_operativo/schemas/auditoria_programada_schemas.py,2,core,LOCAL_PROJECT,False
backend/modules/fase2_operativo/schemas/auditoria_programada_schemas.py,11,typing,STDLIB,False
backend/modules/fase2_operativo/schemas/auditoria_programada_schemas.py,12,datetime,STDLIB,False
backend/modules/fase2_operativo/schemas/auditoria_programada_schemas.py,13,enum,STDLIB,False
backend/modules/fase2_operativo/schemas/auditoria_programada_schemas.py,14,pydantic,EXTERNAL_DECLARED_NOT_INSTALLED,False
backend/modules/fase2_operativo/schemas/auditoria_programada_schemas.py,15,uuid,STDLIB,False
backend/modules/fase2_operativo/schemas/enums.py,1,core,LOCAL_PROJECT,False
backend/modules/fase2_operativo/schemas/enums.py,2,core,LOCAL_PROJECT,False
backend/modules/fase2_operativo/schemas/enums.py,10,enum,STDLIB,False
backend/modules/fase2_operativo/utils/__init__.py,1,core,LOCAL_PROJECT,False
backend/modules/fase2_operativo/utils/__init__.py,2,core,LOCAL_PROJECT,False
backend/modules/fase2_operativo/services/document_data_service.py,1,core,LOCAL_PROJECT,False
backend/modules/fase2_operativo/services/document_data_service.py,2,core,LOCAL_PROJECT,False
backend/modules/fase2_operativo/services/document_data_service.py,10,typing,STDLIB,False
backend/modules/fase2_operativo/services/document_data_service.py,11,datetime,STDLIB,False
backend/modules/fase2_operativo/services/document_data_service.py,12,logging,STDLIB,False
backend/modules/fase2_operativo/services/document_data_service.py,14,repositories,UNRESOLVED,False
backend/modules/fase2_operativo/services/document_data_service.py,15,repositories,UNRESOLVED,False
backend/modules/fase2_operativo/services/document_data_service.py,16,repositories,UNRESOLVED,False
backend/modules/fase2_operativo/services/document_data_service.py,17,repositories,UNRESOLVED,False
backend/modules/fase2_operativo/services/document_data_service.py,18,repositories,UNRESOLVED,False
backend/modules/fase2_operativo/services/document_data_service.py,64,core,LOCAL_PROJECT,True
backend/modules/fase2_operativo/services/document_data_service.py,76,repositories,UNRESOLVED,False
backend/modules/fase2_operativo/services/cargos_service.py,1,core,LOCAL_PROJECT,False
backend/modules/fase2_operativo/services/cargos_service.py,2,core,LOCAL_PROJECT,False
backend/modules/fase2_operativo/services/cargos_service.py,17,typing,STDLIB,False
backend/modules/fase2_operativo/services/cargos_service.py,18,datetime,STDLIB,False
backend/modules/fase2_operativo/services/cargos_service.py,19,uuid,STDLIB,False
backend/modules/fase2_operativo/services/cargos_service.py,20,logging,STDLIB,False
backend/modules/fase2_operativo/services/cargos_service.py,22,repositories,UNRESOLVED,False
backend/modules/fase2_operativo/services/cargos_service.py,23,repositories,UNRESOLVED,False
backend/modules/fase2_operativo/services/cargos_service.py,24,repositories,UNRESOLVED,False
backend/modules/fase2_operativo/services/cargos_service.py,25,schemas,UNRESOLVED,False
backend/modules/fase2_operativo/services/cargos_service.py,39,schemas,UNRESOLVED,False
backend/modules/fase2_operativo/services/cargos_service.py,119,core,LOCAL_PROJECT,True
backend/modules/fase2_operativo/services/cargos_service.py,780,notification_service,UNRESOLVED,False
backend/modules/fase2_operativo/services/__init__.py,1,core,LOCAL_PROJECT,False
backend/modules/fase2_operativo/services/__init__.py,2,core,LOCAL_PROJECT,False
backend/modules/fase2_operativo/services/__init__.py,10,workflow_service,UNRESOLVED,False
backend/modules/fase2_operativo/services/__init__.py,18,tarea_service,UNRESOLVED,False
backend/modules/fase2_operativo/services/__init__.py,25,justificacion_service,UNRESOLVED,False
backend/modules/fase2_operativo/services/__init__.py,33,auditoria_service,UNRESOLVED,False
backend/modules/fase2_operativo/services/__init__.py,40,configuracion_service,UNRESOLVED,False
backend/modules/fase2_operativo/services/__init__.py,47,operativo_service,UNRESOLVED,False
backend/modules/fase2_operativo/services/__init__.py,53,orquestador_service,UNRESOLVED,False
backend/modules/fase2_operativo/services/__init__.py,58,email_service,UNRESOLVED,False
backend/modules/fase2_operativo/services/__init__.py,64,notification_service,UNRESOLVED,False
backend/modules/fase2_operativo/services/__init__.py,72,responsabilidad_service,UNRESOLVED,False
backend/modules/fase2_operativo/services/__init__.py,81,cargos_service,UNRESOLVED,False
backend/modules/fase2_operativo/services/orquestador_service.py,1,core,LOCAL_PROJECT,False
backend/modules/fase2_operativo/services/orquestador_service.py,2,core,LOCAL_PROJECT,False
backend/modules/fase2_operativo/services/orquestador_service.py,20,typing,STDLIB,False
backend/modules/fase2_operativo/services/orquestador_service.py,21,datetime,STDLIB,False
backend/modules/fase2_operativo/services/orquestador_service.py,22,logging,STDLIB,False
backend/modules/fase2_operativo/services/orquestador_service.py,23,uuid,STDLIB,False
backend/modules/fase2_operativo/services/orquestador_service.py,26,sql_repository,UNRESOLVED,False
backend/modules/fase2_operativo/services/orquestador_service.py,267,traceback,STDLIB,False
backend/modules/fase2_operativo/services/orquestador_service.py,369,notification_service,UNRESOLVED,False
backend/modules/fase2_operativo/services/notification_service.py,1,core,LOCAL_PROJECT,False
backend/modules/fase2_operativo/services/notification_service.py,2,core,LOCAL_PROJECT,False
backend/modules/fase2_operativo/services/notification_service.py,10,logging,STDLIB,False
backend/modules/fase2_operativo/services/notification_service.py,11,typing,STDLIB,False
backend/modules/fase2_operativo/services/notification_service.py,12,datetime,STDLIB,False
backend/modules/fase2_operativo/services/notification_service.py,13,uuid,STDLIB,False
backend/modules/fase2_operativo/services/notification_service.py,15,email_service,UNRESOLVED,False
backend/modules/fase2_operativo/services/notification_service.py,41,repositories,UNRESOLVED,False
backend/modules/fase2_operativo/services/notification_service.py,509,datetime,STDLIB,False
backend/modules/fase2_operativo/services/pdf_service.py,1,core,LOCAL_PROJECT,False
backend/modules/fase2_operativo/services/pdf_service.py,2,core,LOCAL_PROJECT,False
backend/modules/fase2_operativo/services/pdf_service.py,10,typing,STDLIB,False
backend/modules/fase2_operativo/services/pdf_service.py,11,datetime,STDLIB,False
backend/modules/fase2_operativo/services/pdf_service.py,12,io,STDLIB,False
backend/modules/fase2_operativo/services/pdf_service.py,13,logging,STDLIB,False
backend/modules/fase2_operativo/services/pdf_service.py,15,reportlab,EXTERNAL_DECLARED_NOT_INSTALLED,False
backend/modules/fase2_operativo/services/pdf_service.py,16,reportlab,EXTERNAL_DECLARED_NOT_INSTALLED,False
backend/modules/fase2_operativo/services/pdf_service.py,17,reportlab,EXTERNAL_DECLARED_NOT_INSTALLED,False
backend/modules/fase2_operativo/services/pdf_service.py,18,reportlab,EXTERNAL_DECLARED_NOT_INSTALLED,False
backend/modules/fase2_operativo/services/pdf_service.py,19,reportlab,EXTERNAL_DECLARED_NOT_INSTALLED,False
backend/modules/fase2_operativo/services/pdf_service.py,20,reportlab,EXTERNAL_DECLARED_NOT_INSTALLED,False
backend/modules/fase2_operativo/services/pdf_service.py,24,reportlab,EXTERNAL_DECLARED_NOT_INSTALLED,False
backend/modules/fase2_operativo/services/pdf_service.py,26,document_data_service,UNRESOLVED,False
backend/modules/fase2_operativo/services/auditoria_programada_service.py,1,core,LOCAL_PROJECT,False
backend/modules/fase2_operativo/services/auditoria_programada_service.py,2,core,LOCAL_PROJECT,False
backend/modules/fase2_operativo/services/auditoria_programada_service.py,9,typing,STDLIB,False
backend/modules/fase2_operativo/services/auditoria_programada_service.py,10,datetime,STDLIB,False
backend/modules/fase2_operativo/services/auditoria_programada_service.py,11,dateutil,UNRESOLVED,False
backend/modules/fase2_operativo/services/auditoria_programada_service.py,12,pytz,EXTERNAL_DECLARED_NOT_INSTALLED,False
backend/modules/fase2_operativo/services/auditoria_programada_service.py,13,logging,STDLIB,False
backend/modules/fase2_operativo/services/auditoria_programada_service.py,15,repositories,UNRESOLVED,False
backend/modules/fase2_operativo/services/auditoria_programada_service.py,16,schemas,UNRESOLVED,False
backend/modules/fase2_operativo/services/auditoria_programada_service.py,60,core,LOCAL_PROJECT,True
backend/modules/fase2_operativo/services/auditoria_programada_service.py,239,schemas,UNRESOLVED,False
backend/modules/fase2_operativo/services/auditoria_programada_service.py,240,uuid,STDLIB,False
backend/modules/fase2_operativo/services/auditoria_programada_service.py,259,repositories,UNRESOLVED,False
backend/modules/fase2_operativo/services/excel_service.py,1,core,LOCAL_PROJECT,False
backend/modules/fase2_operativo/services/excel_service.py,2,core,LOCAL_PROJECT,False
backend/modules/fase2_operativo/services/excel_service.py,10,typing,STDLIB,False
backend/modules/fase2_operativo/services/excel_service.py,11,datetime,STDLIB,False
backend/modules/fase2_operativo/services/excel_service.py,12,io,STDLIB,False
backend/modules/fase2_operativo/services/excel_service.py,13,logging,STDLIB,False
backend/modules/fase2_operativo/services/excel_service.py,15,openpyxl,EXTERNAL_DECLARED_NOT_INSTALLED,False
backend/modules/fase2_operativo/services/excel_service.py,16,openpyxl,EXTERNAL_DECLARED_NOT_INSTALLED,False
backend/modules/fase2_operativo/services/excel_service.py,17,openpyxl,EXTERNAL_DECLARED_NOT_INSTALLED,False
backend/modules/fase2_operativo/services/excel_service.py,19,document_data_service,UNRESOLVED,False
backend/modules/fase2_operativo/services/sla_service.py,2,core,LOCAL_PROJECT,False
backend/modules/fase2_operativo/services/sla_service.py,3,core,LOCAL_PROJECT,False
backend/modules/fase2_operativo/services/sla_service.py,16,typing,STDLIB,False
backend/modules/fase2_operativo/services/sla_service.py,17,datetime,STDLIB,False
backend/modules/fase2_operativo/services/sla_service.py,18,enum,STDLIB,False
backend/modules/fase2_operativo/services/sla_service.py,19,logging,STDLIB,False
backend/modules/fase2_operativo/services/sla_service.py,22,sql_repository,UNRESOLVED,False
backend/modules/fase2_operativo/services/sla_service.py,100,core,LOCAL_PROJECT,True
backend/modules/fase2_operativo/services/auditoria_service.py,1,core,LOCAL_PROJECT,False
backend/modules/fase2_operativo/services/auditoria_service.py,2,core,LOCAL_PROJECT,False
backend/modules/fase2_operativo/services/auditoria_service.py,9,typing,STDLIB,False
backend/modules/fase2_operativo/services/auditoria_service.py,10,datetime,STDLIB,False
backend/modules/fase2_operativo/services/auditoria_service.py,11,repositories,UNRESOLVED,False
backend/modules/fase2_operativo/services/auditoria_service.py,12,repositories,UNRESOLVED,False
backend/modules/fase2_operativo/services/auditoria_service.py,13,schemas,UNRESOLVED,False
backend/modules/fase2_operativo/services/automatizacion_compras_service.py,1,core,LOCAL_PROJECT,False
backend/modules/fase2_operativo/services/automatizacion_compras_service.py,2,core,LOCAL_PROJECT,False
backend/modules/fase2_operativo/services/automatizacion_compras_service.py,22,logging,STDLIB,False
backend/modules/fase2_operativo/services/automatizacion_compras_service.py,23,json,STDLIB,False
backend/modules/fase2_operativo/services/automatizacion_compras_service.py,24,datetime,STDLIB,False
backend/modules/fase2_operativo/services/automatizacion_compras_service.py,25,typing,STDLIB,False
backend/modules/fase2_operativo/services/automatizacion_compras_service.py,26,enum,STDLIB,False
backend/modules/fase2_operativo/services/automatizacion_compras_service.py,27,uuid,STDLIB,False
backend/modules/fase2_operativo/services/automatizacion_compras_service.py,31,modules,LOCAL_PROJECT,True
backend/modules/fase2_operativo/services/automatizacion_compras_service.py,85,repositories,UNRESOLVED,False
backend/modules/fase2_operativo/services/configuracion_service.py,1,core,LOCAL_PROJECT,False
backend/modules/fase2_operativo/services/configuracion_service.py,2,core,LOCAL_PROJECT,False
backend/modules/fase2_operativo/services/configuracion_service.py,9,typing,STDLIB,False
backend/modules/fase2_operativo/services/configuracion_service.py,12,repositories,UNRESOLVED,False
backend/modules/fase2_operativo/services/responsabilidad_service.py,1,core,LOCAL_PROJECT,False
backend/modules/fase2_operativo/services/responsabilidad_service.py,2,core,LOCAL_PROJECT,False
backend/modules/fase2_operativo/services/responsabilidad_service.py,10,typing,STDLIB,False
backend/modules/fase2_operativo/services/responsabilidad_service.py,11,datetime,STDLIB,False
backend/modules/fase2_operativo/services/responsabilidad_service.py,12,uuid,STDLIB,False
backend/modules/fase2_operativo/services/responsabilidad_service.py,13,logging,STDLIB,False
backend/modules/fase2_operativo/services/responsabilidad_service.py,15,repositories,UNRESOLVED,False
backend/modules/fase2_operativo/services/responsabilidad_service.py,16,repositories,UNRESOLVED,False
backend/modules/fase2_operativo/services/responsabilidad_service.py,17,repositories,UNRESOLVED,False
backend/modules/fase2_operativo/services/responsabilidad_service.py,18,repositories,UNRESOLVED,False
backend/modules/fase2_operativo/services/responsabilidad_service.py,19,repositories,UNRESOLVED,False
backend/modules/fase2_operativo/services/responsabilidad_service.py,20,schemas,UNRESOLVED,False
backend/modules/fase2_operativo/services/responsabilidad_service.py,38,schemas,UNRESOLVED,False
backend/modules/fase2_operativo/services/responsabilidad_service.py,469,datetime,STDLIB,False
backend/modules/fase2_operativo/services/operativo_service.py,1,core,LOCAL_PROJECT,False
backend/modules/fase2_operativo/services/operativo_service.py,2,core,LOCAL_PROJECT,False
backend/modules/fase2_operativo/services/operativo_service.py,11,typing,STDLIB,False
backend/modules/fase2_operativo/services/operativo_service.py,12,workflow_service,UNRESOLVED,False
backend/modules/fase2_operativo/services/operativo_service.py,17,tarea_service,UNRESOLVED,False
backend/modules/fase2_operativo/services/operativo_service.py,18,justificacion_service,UNRESOLVED,False
backend/modules/fase2_operativo/services/operativo_service.py,19,auditoria_service,UNRESOLVED,False
backend/modules/fase2_operativo/services/operativo_service.py,20,configuracion_service,UNRESOLVED,False
backend/modules/fase2_operativo/services/operativo_service.py,21,schemas,UNRESOLVED,False
backend/modules/fase2_operativo/services/tarea_service.py,1,core,LOCAL_PROJECT,False
backend/modules/fase2_operativo/services/tarea_service.py,2,core,LOCAL_PROJECT,False
backend/modules/fase2_operativo/services/tarea_service.py,9,typing,STDLIB,False
backend/modules/fase2_operativo/services/tarea_service.py,10,datetime,STDLIB,False
backend/modules/fase2_operativo/services/tarea_service.py,11,repositories,UNRESOLVED,False
backend/modules/fase2_operativo/services/tarea_service.py,12,repositories,UNRESOLVED,False
backend/modules/fase2_operativo/services/tarea_service.py,13,repositories,UNRESOLVED,False
backend/modules/fase2_operativo/services/tarea_service.py,14,schemas,UNRESOLVED,False
backend/modules/fase2_operativo/services/workflow_service.py,1,core,LOCAL_PROJECT,False
backend/modules/fase2_operativo/services/workflow_service.py,2,core,LOCAL_PROJECT,False
backend/modules/fase2_operativo/services/workflow_service.py,9,typing,STDLIB,False
backend/modules/fase2_operativo/services/workflow_service.py,10,repositories,UNRESOLVED,False
backend/modules/fase2_operativo/services/workflow_service.py,11,repositories,UNRESOLVED,False
backend/modules/fase2_operativo/services/workflow_service.py,12,schemas,UNRESOLVED,False
backend/modules/fase2_operativo/services/email_service.py,1,core,LOCAL_PROJECT,False
backend/modules/fase2_operativo/services/email_service.py,2,core,LOCAL_PROJECT,False
backend/modules/fase2_operativo/services/email_service.py,11,os,STDLIB,False
backend/modules/fase2_operativo/services/email_service.py,12,logging,STDLIB,False
backend/modules/fase2_operativo/services/email_service.py,13,typing,STDLIB,False
backend/modules/fase2_operativo/services/email_service.py,14,datetime,STDLIB,False
backend/modules/fase2_operativo/services/email_service.py,53,core,LOCAL_PROJECT,False
backend/modules/fase2_operativo/services/email_service.py,68,asyncio,STDLIB,False
backend/modules/fase2_operativo/services/justificacion_service.py,1,core,LOCAL_PROJECT,False
backend/modules/fase2_operativo/services/justificacion_service.py,2,core,LOCAL_PROJECT,False
backend/modules/fase2_operativo/services/justificacion_service.py,10,typing,STDLIB,False
backend/modules/fase2_operativo/services/justificacion_service.py,11,datetime,STDLIB,False
backend/modules/fase2_operativo/services/justificacion_service.py,12,repositories,UNRESOLVED,False
backend/modules/fase2_operativo/services/justificacion_service.py,13,repositories,UNRESOLVED,False
backend/modules/fase2_operativo/services/justificacion_service.py,14,repositories,UNRESOLVED,False
backend/modules/fase2_operativo/services/justificacion_service.py,15,schemas,UNRESOLVED,False
backend/modules/fase2_operativo/routes/sla_routes.py,1,core,LOCAL_PROJECT,False
backend/modules/fase2_operativo/routes/sla_routes.py,2,core,LOCAL_PROJECT,False
backend/modules/fase2_operativo/routes/sla_routes.py,18,fastapi,EXTERNAL_DECLARED_NOT_INSTALLED,False
backend/modules/fase2_operativo/routes/sla_routes.py,19,typing,STDLIB,False
backend/modules/fase2_operativo/routes/sla_routes.py,20,logging,STDLIB,False
backend/modules/fase2_operativo/routes/sla_routes.py,22,db_utils,UNRESOLVED,False
backend/modules/fase2_operativo/routes/sla_routes.py,23,services,UNRESOLVED,False
backend/modules/fase2_operativo/routes/sla_routes.py,26,core,LOCAL_PROJECT,False
backend/modules/fase2_operativo/routes/sla_routes.py,250,modules,LOCAL_PROJECT,False
backend/modules/fase2_operativo/routes/automatizacion_compras_routes.py,1,core,LOCAL_PROJECT,False
backend/modules/fase2_operativo/routes/automatizacion_compras_routes.py,2,core,LOCAL_PROJECT,False
backend/modules/fase2_operativo/routes/automatizacion_compras_routes.py,14,typing,STDLIB,False
backend/modules/fase2_operativo/routes/automatizacion_compras_routes.py,15,fastapi,EXTERNAL_DECLARED_NOT_INSTALLED,False
backend/modules/fase2_operativo/routes/automatizacion_compras_routes.py,16,pydantic,EXTERNAL_DECLARED_NOT_INSTALLED,False
backend/modules/fase2_operativo/routes/automatizacion_compras_routes.py,18,core,LOCAL_PROJECT,False
backend/modules/fase2_operativo/routes/automatizacion_compras_routes.py,19,core,LOCAL_PROJECT,False
backend/modules/fase2_operativo/routes/automatizacion_compras_routes.py,20,db_utils,UNRESOLVED,False
backend/modules/fase2_operativo/routes/automatizacion_compras_routes.py,21,modules,LOCAL_PROJECT,False
backend/modules/fase2_operativo/routes/automatizacion_compras_routes.py,113,modules,LOCAL_PROJECT,False
backend/modules/fase2_operativo/routes/automatizacion_compras_routes.py,143,json,STDLIB,False
backend/modules/fase2_operativo/routes/automatizacion_compras_routes.py,286,core,LOCAL_PROJECT,False
backend/modules/fase2_operativo/routes/automatizacion_compras_routes.py,287,core,LOCAL_PROJECT,False
backend/modules/fase2_operativo/routes/automatizacion_compras_routes.py,314,core,LOCAL_PROJECT,False
backend/modules/fase2_operativo/routes/automatizacion_compras_routes.py,315,db_utils,UNRESOLVED,False
backend/modules/fase2_operativo/routes/automatizacion_compras_routes.py,399,datetime,STDLIB,False
backend/modules/fase2_operativo/routes/automatizacion_compras_routes.py,425,datetime,STDLIB,False
backend/modules/fase2_operativo/routes/__init__.py,1,core,LOCAL_PROJECT,False
backend/modules/fase2_operativo/routes/__init__.py,2,core,LOCAL_PROJECT,False
backend/modules/fase2_operativo/routes/__init__.py,9,workflow_routes,UNRESOLVED,False
backend/modules/fase2_operativo/routes/__init__.py,10,tarea_routes,UNRESOLVED,False
backend/modules/fase2_operativo/routes/__init__.py,11,justificacion_routes,UNRESOLVED,False
backend/modules/fase2_operativo/routes/__init__.py,12,auditoria_routes,UNRESOLVED,False
backend/modules/fase2_operativo/routes/__init__.py,13,configuracion_routes,UNRESOLVED,False
backend/modules/fase2_operativo/routes/__init__.py,14,dashboard_routes,UNRESOLVED,False
backend/modules/fase2_operativo/routes/tarea_routes.py,1,core,LOCAL_PROJECT,False
backend/modules/fase2_operativo/routes/tarea_routes.py,2,core,LOCAL_PROJECT,False
backend/modules/fase2_operativo/routes/tarea_routes.py,13,fastapi,EXTERNAL_DECLARED_NOT_INSTALLED,False
backend/modules/fase2_operativo/routes/tarea_routes.py,14,typing,STDLIB,False
backend/modules/fase2_operativo/routes/tarea_routes.py,15,services,UNRESOLVED,False
backend/modules/fase2_operativo/routes/tarea_routes.py,20,api_schemas,UNRESOLVED,False
backend/modules/fase2_operativo/routes/tarea_routes.py,26,schemas,UNRESOLVED,False
backend/modules/fase2_operativo/routes/tarea_routes.py,27,db_utils,UNRESOLVED,False
backend/modules/fase2_operativo/routes/tarea_routes.py,30,core,LOCAL_PROJECT,False
backend/modules/fase2_operativo/routes/tarea_routes.py,120,core,LOCAL_PROJECT,False
backend/modules/fase2_operativo/routes/tarea_routes.py,121,services,UNRESOLVED,False
backend/modules/fase2_operativo/routes/configuracion_routes.py,1,core,LOCAL_PROJECT,False
backend/modules/fase2_operativo/routes/configuracion_routes.py,2,core,LOCAL_PROJECT,False
backend/modules/fase2_operativo/routes/configuracion_routes.py,10,fastapi,EXTERNAL_DECLARED_NOT_INSTALLED,False
backend/modules/fase2_operativo/routes/configuracion_routes.py,11,typing,STDLIB,False
backend/modules/fase2_operativo/routes/configuracion_routes.py,12,services,UNRESOLVED,False
backend/modules/fase2_operativo/routes/configuracion_routes.py,17,api_schemas,UNRESOLVED,False
backend/modules/fase2_operativo/routes/configuracion_routes.py,18,db_utils,UNRESOLVED,False
backend/modules/fase2_operativo/routes/configuracion_routes.py,21,core,LOCAL_PROJECT,False
backend/modules/fase2_operativo/routes/cargos_routes.py,1,core,LOCAL_PROJECT,False
backend/modules/fase2_operativo/routes/cargos_routes.py,2,core,LOCAL_PROJECT,False
backend/modules/fase2_operativo/routes/cargos_routes.py,25,fastapi,EXTERNAL_DECLARED_NOT_INSTALLED,False
backend/modules/fase2_operativo/routes/cargos_routes.py,26,typing,STDLIB,False
backend/modules/fase2_operativo/routes/cargos_routes.py,27,logging,STDLIB,False
backend/modules/fase2_operativo/routes/cargos_routes.py,29,services,UNRESOLVED,False
backend/modules/fase2_operativo/routes/cargos_routes.py,39,schemas,UNRESOLVED,False
backend/modules/fase2_operativo/routes/cargos_routes.py,52,db_utils,UNRESOLVED,False
backend/modules/fase2_operativo/routes/cargos_routes.py,55,core,LOCAL_PROJECT,False
backend/modules/fase2_operativo/routes/cargos_routes.py,56,core,LOCAL_PROJECT,False
backend/modules/fase2_operativo/routes/responsabilidad_routes.py,1,core,LOCAL_PROJECT,False
backend/modules/fase2_operativo/routes/responsabilidad_routes.py,2,core,LOCAL_PROJECT,False
backend/modules/fase2_operativo/routes/responsabilidad_routes.py,22,fastapi,EXTERNAL_DECLARED_NOT_INSTALLED,False
backend/modules/fase2_operativo/routes/responsabilidad_routes.py,23,typing,STDLIB,False
backend/modules/fase2_operativo/routes/responsabilidad_routes.py,25,services,UNRESOLVED,False
backend/modules/fase2_operativo/routes/responsabilidad_routes.py,36,schemas,UNRESOLVED,False
backend/modules/fase2_operativo/routes/responsabilidad_routes.py,48,api_schemas,UNRESOLVED,False
backend/modules/fase2_operativo/routes/responsabilidad_routes.py,49,db_utils,UNRESOLVED,False
backend/modules/fase2_operativo/routes/responsabilidad_routes.py,52,core,LOCAL_PROJECT,False
backend/modules/fase2_operativo/routes/responsabilidad_routes.py,53,core,LOCAL_PROJECT,False
backend/modules/fase2_operativo/routes/notificaciones_routes.py,1,core,LOCAL_PROJECT,False
backend/modules/fase2_operativo/routes/notificaciones_routes.py,2,core,LOCAL_PROJECT,False
backend/modules/fase2_operativo/routes/notificaciones_routes.py,9,fastapi,EXTERNAL_DECLARED_NOT_INSTALLED,False
backend/modules/fase2_operativo/routes/notificaciones_routes.py,10,typing,STDLIB,False
backend/modules/fase2_operativo/routes/notificaciones_routes.py,11,datetime,STDLIB,False
backend/modules/fase2_operativo/routes/notificaciones_routes.py,12,logging,STDLIB,False
backend/modules/fase2_operativo/routes/notificaciones_routes.py,14,services,UNRESOLVED,False
backend/modules/fase2_operativo/routes/notificaciones_routes.py,15,services,UNRESOLVED,False
backend/modules/fase2_operativo/routes/notificaciones_routes.py,18,core,LOCAL_PROJECT,False
backend/modules/fase2_operativo/routes/notificaciones_routes.py,56,asyncio,STDLIB,False
backend/modules/fase2_operativo/routes/notificaciones_routes.py,57,core,LOCAL_PROJECT,False
backend/modules/fase2_operativo/routes/notificaciones_routes.py,109,db_utils,UNRESOLVED,False
backend/modules/fase2_operativo/routes/notificaciones_routes.py,134,modules,LOCAL_PROJECT,False
backend/modules/fase2_operativo/routes/notificaciones_routes.py,215,modules,LOCAL_PROJECT,False
backend/modules/fase2_operativo/routes/justificacion_routes.py,1,core,LOCAL_PROJECT,False
backend/modules/fase2_operativo/routes/justificacion_routes.py,2,core,LOCAL_PROJECT,False
backend/modules/fase2_operativo/routes/justificacion_routes.py,10,fastapi,EXTERNAL_DECLARED_NOT_INSTALLED,False
backend/modules/fase2_operativo/routes/justificacion_routes.py,11,typing,STDLIB,False
backend/modules/fase2_operativo/routes/justificacion_routes.py,12,services,UNRESOLVED,False
backend/modules/fase2_operativo/routes/justificacion_routes.py,18,services,UNRESOLVED,False
backend/modules/fase2_operativo/routes/justificacion_routes.py,19,api_schemas,UNRESOLVED,False
backend/modules/fase2_operativo/routes/justificacion_routes.py,20,schemas,UNRESOLVED,False
backend/modules/fase2_operativo/routes/justificacion_routes.py,21,db_utils,UNRESOLVED,False
backend/modules/fase2_operativo/routes/justificacion_routes.py,24,core,LOCAL_PROJECT,False
backend/modules/fase2_operativo/routes/workflow_routes.py,1,core,LOCAL_PROJECT,False
backend/modules/fase2_operativo/routes/workflow_routes.py,2,core,LOCAL_PROJECT,False
backend/modules/fase2_operativo/routes/workflow_routes.py,14,fastapi,EXTERNAL_DECLARED_NOT_INSTALLED,False
backend/modules/fase2_operativo/routes/workflow_routes.py,15,typing,STDLIB,False
backend/modules/fase2_operativo/routes/workflow_routes.py,16,services,UNRESOLVED,False
backend/modules/fase2_operativo/routes/workflow_routes.py,22,services,UNRESOLVED,False
backend/modules/fase2_operativo/routes/workflow_routes.py,23,api_schemas,UNRESOLVED,False
backend/modules/fase2_operativo/routes/workflow_routes.py,29,schemas,UNRESOLVED,False
backend/modules/fase2_operativo/routes/workflow_routes.py,30,db_utils,UNRESOLVED,False
backend/modules/fase2_operativo/routes/workflow_routes.py,33,core,LOCAL_PROJECT,False
backend/modules/fase2_operativo/routes/workflow_routes.py,34,core,LOCAL_PROJECT,False
backend/modules/fase2_operativo/routes/workflow_routes.py,152,core,LOCAL_PROJECT,False
backend/modules/fase2_operativo/routes/workflow_routes.py,273,services,UNRESOLVED,False
backend/modules/fase2_operativo/routes/auditoria_programada_routes.py,1,core,LOCAL_PROJECT,False
backend/modules/fase2_operativo/routes/auditoria_programada_routes.py,2,core,LOCAL_PROJECT,False
backend/modules/fase2_operativo/routes/auditoria_programada_routes.py,13,fastapi,EXTERNAL_DECLARED_NOT_INSTALLED,False
backend/modules/fase2_operativo/routes/auditoria_programada_routes.py,14,typing,STDLIB,False
backend/modules/fase2_operativo/routes/auditoria_programada_routes.py,15,datetime,STDLIB,False
backend/modules/fase2_operativo/routes/auditoria_programada_routes.py,17,services,UNRESOLVED,False
backend/modules/fase2_operativo/routes/auditoria_programada_routes.py,23,schemas,UNRESOLVED,False
backend/modules/fase2_operativo/routes/auditoria_programada_routes.py,27,api_schemas,UNRESOLVED,False
backend/modules/fase2_operativo/routes/auditoria_programada_routes.py,28,db_utils,UNRESOLVED,False
backend/modules/fase2_operativo/routes/auditoria_programada_routes.py,31,core,LOCAL_PROJECT,False
backend/modules/fase2_operativo/routes/documentos_routes.py,1,core,LOCAL_PROJECT,False
backend/modules/fase2_operativo/routes/documentos_routes.py,2,core,LOCAL_PROJECT,False
backend/modules/fase2_operativo/routes/documentos_routes.py,11,fastapi,EXTERNAL_DECLARED_NOT_INSTALLED,False
backend/modules/fase2_operativo/routes/documentos_routes.py,12,fastapi,EXTERNAL_DECLARED_NOT_INSTALLED,False
backend/modules/fase2_operativo/routes/documentos_routes.py,13,datetime,STDLIB,False
backend/modules/fase2_operativo/routes/documentos_routes.py,14,typing,STDLIB,False
backend/modules/fase2_operativo/routes/documentos_routes.py,15,logging,STDLIB,False
backend/modules/fase2_operativo/routes/documentos_routes.py,17,db_utils,UNRESOLVED,False
backend/modules/fase2_operativo/routes/documentos_routes.py,18,services,UNRESOLVED,False
backend/modules/fase2_operativo/routes/documentos_routes.py,19,services,UNRESOLVED,False
backend/modules/fase2_operativo/routes/documentos_routes.py,20,services,UNRESOLVED,False
backend/modules/fase2_operativo/routes/documentos_routes.py,26,core,LOCAL_PROJECT,False
backend/modules/fase2_operativo/routes/documentos_routes.py,72,modules,LOCAL_PROJECT,False
backend/modules/fase2_operativo/routes/documentos_routes.py,73,uuid,STDLIB,False
backend/modules/fase2_operativo/routes/documentos_routes.py,164,modules,LOCAL_PROJECT,False
backend/modules/fase2_operativo/routes/documentos_routes.py,165,uuid,STDLIB,False
backend/modules/fase2_operativo/routes/documentos_routes.py,311,asyncio,STDLIB,False
backend/modules/fase2_operativo/routes/documentos_routes.py,312,core,LOCAL_PROJECT,False
backend/modules/fase2_operativo/routes/auditoria_routes.py,1,core,LOCAL_PROJECT,False
backend/modules/fase2_operativo/routes/auditoria_routes.py,2,core,LOCAL_PROJECT,False
backend/modules/fase2_operativo/routes/auditoria_routes.py,10,fastapi,EXTERNAL_DECLARED_NOT_INSTALLED,False
backend/modules/fase2_operativo/routes/auditoria_routes.py,11,typing,STDLIB,False
backend/modules/fase2_operativo/routes/auditoria_routes.py,12,services,UNRESOLVED,False
backend/modules/fase2_operativo/routes/auditoria_routes.py,17,services,UNRESOLVED,False
backend/modules/fase2_operativo/routes/auditoria_routes.py,18,api_schemas,UNRESOLVED,False
backend/modules/fase2_operativo/routes/auditoria_routes.py,19,schemas,UNRESOLVED,False
backend/modules/fase2_operativo/routes/auditoria_routes.py,20,db_utils,UNRESOLVED,False
backend/modules/fase2_operativo/routes/auditoria_routes.py,23,core,LOCAL_PROJECT,False
backend/modules/fase2_operativo/routes/dashboard_routes.py,1,core,LOCAL_PROJECT,False
backend/modules/fase2_operativo/routes/dashboard_routes.py,2,core,LOCAL_PROJECT,False
backend/modules/fase2_operativo/routes/dashboard_routes.py,14,fastapi,EXTERNAL_DECLARED_NOT_INSTALLED,False
backend/modules/fase2_operativo/routes/dashboard_routes.py,15,typing,STDLIB,False
backend/modules/fase2_operativo/routes/dashboard_routes.py,16,services,UNRESOLVED,False
backend/modules/fase2_operativo/routes/dashboard_routes.py,17,services,UNRESOLVED,False
backend/modules/fase2_operativo/routes/dashboard_routes.py,18,services,UNRESOLVED,False
backend/modules/fase2_operativo/routes/dashboard_routes.py,19,services,UNRESOLVED,False
backend/modules/fase2_operativo/routes/dashboard_routes.py,20,db_utils,UNRESOLVED,False
backend/modules/fase2_operativo/routes/dashboard_routes.py,23,core,LOCAL_PROJECT,False
backend/modules/fase2_operativo/routes/dashboard_routes.py,25,core,LOCAL_PROJECT,False
backend/modules/api_connections/__init__.py,1,core,LOCAL_PROJECT,False
backend/modules/api_connections/__init__.py,2,core,LOCAL_PROJECT,False
backend/modules/api_connections/__init__.py,20,repository,UNRESOLVED,False
backend/modules/api_connections/__init__.py,31,routes,LOCAL_PROJECT,False
backend/modules/api_connections/__init__.py,32,universal_test_routes,UNRESOLVED,False
backend/modules/api_connections/__init__.py,33,universal_test_routes,UNRESOLVED,False
backend/modules/api_connections/repository.py,1,core,LOCAL_PROJECT,False
backend/modules/api_connections/repository.py,2,core,LOCAL_PROJECT,False
backend/modules/api_connections/repository.py,19,logging,STDLIB,False
backend/modules/api_connections/repository.py,20,os,STDLIB,False
backend/modules/api_connections/repository.py,21,json,STDLIB,False
backend/modules/api_connections/repository.py,22,uuid,STDLIB,False
backend/modules/api_connections/repository.py,23,typing,STDLIB,False
backend/modules/api_connections/repository.py,24,datetime,STDLIB,False
backend/modules/api_connections/repository.py,25,core,LOCAL_PROJECT,False
backend/modules/api_connections/repository.py,97,core,LOCAL_PROJECT,False
backend/modules/api_connections/repository.py,267,core,LOCAL_PROJECT,False
backend/modules/api_connections/repository.py,362,core,LOCAL_PROJECT,False
backend/modules/api_connections/repository.py,507,requests,EXTERNAL_DECLARED_NOT_INSTALLED,False
backend/modules/api_connections/repository.py,584,core,LOCAL_PROJECT,False
backend/modules/api_connections/repository.py,658,core,LOCAL_PROJECT,False
backend/modules/api_connections/repository.py,693,time,STDLIB,False
backend/modules/api_connections/repository.py,694,requests,EXTERNAL_DECLARED_NOT_INSTALLED,False
backend/modules/api_connections/repository.py,695,modules,LOCAL_PROJECT,False
backend/modules/api_connections/routes.py,1,core,LOCAL_PROJECT,False
backend/modules/api_connections/routes.py,2,core,LOCAL_PROJECT,False
backend/modules/api_connections/routes.py,15,logging,STDLIB,False
backend/modules/api_connections/routes.py,16,typing,STDLIB,False
backend/modules/api_connections/routes.py,17,fastapi,EXTERNAL_DECLARED_NOT_INSTALLED,False
backend/modules/api_connections/routes.py,18,fastapi,EXTERNAL_DECLARED_NOT_INSTALLED,False
backend/modules/api_connections/routes.py,19,pydantic,EXTERNAL_DECLARED_NOT_INSTALLED,False
backend/modules/api_connections/routes.py,20,typing,STDLIB,False
backend/modules/api_connections/routes.py,22,repository,UNRESOLVED,False
backend/modules/api_connections/routes.py,346,repository,UNRESOLVED,False
backend/modules/api_connections/routes.py,383,time,STDLIB,False
backend/modules/api_connections/routes.py,384,requests,EXTERNAL_DECLARED_NOT_INSTALLED,False
backend/modules/api_connections/routes.py,385,modules,LOCAL_PROJECT,False
backend/modules/api_connections/universal_test_routes.py,1,core,LOCAL_PROJECT,False
backend/modules/api_connections/universal_test_routes.py,2,core,LOCAL_PROJECT,False
backend/modules/api_connections/universal_test_routes.py,32,fastapi,EXTERNAL_DECLARED_NOT_INSTALLED,False
backend/modules/api_connections/universal_test_routes.py,33,fastapi,EXTERNAL_DECLARED_NOT_INSTALLED,False
backend/modules/api_connections/universal_test_routes.py,34,pydantic,EXTERNAL_DECLARED_NOT_INSTALLED,False
backend/modules/api_connections/universal_test_routes.py,35,typing,STDLIB,False
backend/modules/api_connections/universal_test_routes.py,36,urllib,STDLIB,False
backend/modules/api_connections/universal_test_routes.py,37,httpx,EXTERNAL_DECLARED_NOT_INSTALLED,False
backend/modules/api_connections/universal_test_routes.py,38,time,STDLIB,False
backend/modules/api_connections/universal_test_routes.py,39,logging,STDLIB,False
backend/modules/api_connections/universal_test_routes.py,40,re,STDLIB,False
backend/modules/api_connections/universal_test_routes.py,41,core,LOCAL_PROJECT,False
backend/modules/api_connections/universal_test_routes.py,42,core,LOCAL_PROJECT,False
backend/modules/api_connections/universal_test_routes.py,144,pymssql,EXTERNAL_DECLARED_NOT_INSTALLED,False
backend/modules/api_connections/universal_test_routes.py,145,os,STDLIB,False
backend/modules/api_connections/universal_test_routes.py,176,pymssql,EXTERNAL_DECLARED_NOT_INSTALLED,False
backend/modules/api_connections/universal_test_routes.py,177,os,STDLIB,False
backend/modules/api_connections/universal_test_routes.py,203,core,LOCAL_PROJECT,False
backend/modules/corporate_filters/__init__.py,1,core,LOCAL_PROJECT,False
backend/modules/corporate_filters/__init__.py,2,core,LOCAL_PROJECT,False
backend/modules/corporate_filters/router.py,1,core,LOCAL_PROJECT,False
backend/modules/corporate_filters/router.py,2,core,LOCAL_PROJECT,False
backend/modules/corporate_filters/router.py,3,fastapi,EXTERNAL_DECLARED_NOT_INSTALLED,False
backend/modules/corporate_filters/router.py,4,typing,STDLIB,False
backend/modules/corporate_filters/router.py,5,os,STDLIB,False
backend/modules/corporate_filters/router.py,6,logging,STDLIB,False
backend/modules/corporate_filters/router.py,8,core,LOCAL_PROJECT,False
backend/modules/corporate_filters/router.py,9,core,LOCAL_PROJECT,False
backend/modules/activos/service.py,1,core,LOCAL_PROJECT,False
backend/modules/activos/service.py,2,core,LOCAL_PROJECT,False
backend/modules/activos/__init__.py,1,core,LOCAL_PROJECT,False
backend/modules/activos/__init__.py,2,core,LOCAL_PROJECT,False
backend/modules/activos/repository.py,1,core,LOCAL_PROJECT,False
backend/modules/activos/repository.py,2,core,LOCAL_PROJECT,False
backend/modules/activos/routes.py,1,core,LOCAL_PROJECT,False
backend/modules/activos/routes.py,2,core,LOCAL_PROJECT,False
backend/modules/activos/routes.py,9,fastapi,EXTERNAL_DECLARED_NOT_INSTALLED,False
backend/modules/activos/schemas.py,1,core,LOCAL_PROJECT,False
backend/modules/activos/schemas.py,2,core,LOCAL_PROJECT,False
backend/modules/activos/schemas.py,9,pydantic,EXTERNAL_DECLARED_NOT_INSTALLED,False
backend/modules/activos/schemas.py,10,typing,STDLIB,False
backend/modules/activos/schemas.py,11,datetime,STDLIB,False
backend/modules/scripts_pendientes/__init__.py,1,repository,UNRESOLVED,False
backend/modules/scripts_pendientes/__init__.py,2,routes,LOCAL_PROJECT,False
backend/modules/scripts_pendientes/repository.py,5,logging,STDLIB,False
backend/modules/scripts_pendientes/repository.py,6,typing,STDLIB,False
backend/modules/scripts_pendientes/repository.py,7,core,LOCAL_PROJECT,False
backend/modules/scripts_pendientes/routes.py,5,fastapi,EXTERNAL_DECLARED_NOT_INSTALLED,False
backend/modules/scripts_pendientes/routes.py,6,typing,STDLIB,False
backend/modules/scripts_pendientes/routes.py,7,core,LOCAL_PROJECT,False
backend/modules/scripts_pendientes/routes.py,8,repository,UNRESOLVED,False
backend/modules/sistema/sync_catalogo_service.py,15,json,STDLIB,False
backend/modules/sistema/sync_catalogo_service.py,16,logging,STDLIB,False
backend/modules/sistema/sync_catalogo_service.py,17,datetime,STDLIB,False
backend/modules/sistema/sync_catalogo_service.py,18,typing,STDLIB,False
backend/modules/sistema/sync_catalogo_service.py,20,core,LOCAL_PROJECT,False
backend/modules/sistema/__init__.py,1,core,LOCAL_PROJECT,False
backend/modules/sistema/__init__.py,2,core,LOCAL_PROJECT,False
backend/modules/sistema/__init__.py,6,estructura_service,UNRESOLVED,False
backend/modules/sistema/estructura_service.py,1,core,LOCAL_PROJECT,False
backend/modules/sistema/estructura_service.py,2,core,LOCAL_PROJECT,False
backend/modules/sistema/estructura_service.py,17,typing,STDLIB,False
backend/modules/sistema/estructura_service.py,18,datetime,STDLIB,False
backend/modules/sistema/estructura_service.py,19,logging,STDLIB,False
backend/modules/sistema/estructura_service.py,36,modules,LOCAL_PROJECT,False
backend/modules/sistema/estructura_service.py,50,modules,LOCAL_PROJECT,False
backend/modules/sistema/estructura_service.py,276,json,STDLIB,False
backend/modules/sistema/menu_service.py,1,logging,STDLIB,False
backend/modules/sistema/menu_service.py,2,fastapi,EXTERNAL_DECLARED_NOT_INSTALLED,False
backend/modules/sistema/menu_service.py,3,typing,STDLIB,False
backend/modules/sistema/menu_service.py,4,core,LOCAL_PROJECT,False
backend/modules/sistema/menu_routes.py,8,fastapi,EXTERNAL_DECLARED_NOT_INSTALLED,False
backend/modules/sistema/menu_routes.py,9,typing,STDLIB,False
backend/modules/sistema/menu_routes.py,10,logging,STDLIB,False
backend/modules/sistema/menu_routes.py,12,core,LOCAL_PROJECT,False
backend/modules/sistema/menu_routes.py,13,menu_service,UNRESOLVED,False
backend/modules/costos_margenes/__init__.py,1,core,LOCAL_PROJECT,False
backend/modules/costos_margenes/__init__.py,2,core,LOCAL_PROJECT,False
backend/modules/costos_margenes/__init__.py,23,modules,LOCAL_PROJECT,False
backend/modules/costos_margenes/schemas_precios.py,1,core,LOCAL_PROJECT,False
backend/modules/costos_margenes/schemas_precios.py,2,core,LOCAL_PROJECT,False
backend/modules/costos_margenes/schemas_precios.py,8,pydantic,EXTERNAL_DECLARED_NOT_INSTALLED,False
backend/modules/costos_margenes/schemas_precios.py,9,typing,STDLIB,False
backend/modules/costos_margenes/schemas_precios.py,10,datetime,STDLIB,False
backend/modules/costos_margenes/schemas_precios.py,11,decimal,STDLIB,False
backend/modules/costos_margenes/schemas_precios.py,12,enum,STDLIB,False
backend/modules/costos_margenes/repository.py,1,core,LOCAL_PROJECT,False
backend/modules/costos_margenes/repository.py,2,core,LOCAL_PROJECT,False
backend/modules/costos_margenes/repository.py,8,typing,STDLIB,False
backend/modules/costos_margenes/repository.py,9,datetime,STDLIB,False
backend/modules/costos_margenes/repository.py,10,decimal,STDLIB,False
backend/modules/costos_margenes/repository.py,12,core,LOCAL_PROJECT,False
backend/modules/costos_margenes/repository.py,13,core,LOCAL_PROJECT,False
backend/modules/costos_margenes/repository.py,785,datetime,STDLIB,False
backend/modules/costos_margenes/routes_precios.py,1,core,LOCAL_PROJECT,False
backend/modules/costos_margenes/routes_precios.py,2,core,LOCAL_PROJECT,False
backend/modules/costos_margenes/routes_precios.py,3,core,LOCAL_PROJECT,False
backend/modules/costos_margenes/routes_precios.py,17,fastapi,EXTERNAL_DECLARED_NOT_INSTALLED,False
backend/modules/costos_margenes/routes_precios.py,18,typing,STDLIB,False
backend/modules/costos_margenes/routes_precios.py,19,math,STDLIB,False
backend/modules/costos_margenes/routes_precios.py,21,modules,LOCAL_PROJECT,False
backend/modules/costos_margenes/routes_precios.py,37,modules,LOCAL_PROJECT,False
backend/modules/costos_margenes/routes_precios.py,47,core,LOCAL_PROJECT,False
backend/modules/costos_margenes/routes.py,1,core,LOCAL_PROJECT,False
backend/modules/costos_margenes/routes.py,2,core,LOCAL_PROJECT,False
backend/modules/costos_margenes/routes.py,3,core,LOCAL_PROJECT,False
backend/modules/costos_margenes/routes.py,18,fastapi,EXTERNAL_DECLARED_NOT_INSTALLED,False
backend/modules/costos_margenes/routes.py,19,fastapi,EXTERNAL_DECLARED_NOT_INSTALLED,False
backend/modules/costos_margenes/routes.py,20,typing,STDLIB,False
backend/modules/costos_margenes/routes.py,21,math,STDLIB,False
backend/modules/costos_margenes/routes.py,22,io,STDLIB,False
backend/modules/costos_margenes/routes.py,23,csv,STDLIB,False
backend/modules/costos_margenes/routes.py,24,datetime,STDLIB,False
backend/modules/costos_margenes/routes.py,25,logging,STDLIB,False
backend/modules/costos_margenes/routes.py,26,unicodedata,STDLIB,False
backend/modules/costos_margenes/routes.py,28,modules,LOCAL_PROJECT,False
backend/modules/costos_margenes/routes.py,42,modules,LOCAL_PROJECT,False
backend/modules/costos_margenes/routes.py,53,core,LOCAL_PROJECT,False
backend/modules/costos_margenes/routes.py,54,core,LOCAL_PROJECT,False
backend/modules/costos_margenes/routes.py,55,core,LOCAL_PROJECT,False
backend/modules/costos_margenes/routes.py,56,core,LOCAL_PROJECT,False
backend/modules/costos_margenes/routes.py,809,logging,STDLIB,False
backend/modules/costos_margenes/repository_precios.py,1,core,LOCAL_PROJECT,False
backend/modules/costos_margenes/repository_precios.py,2,core,LOCAL_PROJECT,False
backend/modules/costos_margenes/repository_precios.py,13,uuid,STDLIB,False
backend/modules/costos_margenes/repository_precios.py,14,datetime,STDLIB,False
backend/modules/costos_margenes/repository_precios.py,15,typing,STDLIB,False
backend/modules/costos_margenes/repository_precios.py,16,decimal,STDLIB,False
backend/modules/costos_margenes/repository_precios.py,18,core,LOCAL_PROJECT,False
backend/modules/costos_margenes/repository_precios.py,19,core,LOCAL_PROJECT,False
backend/modules/costos_margenes/schemas.py,1,core,LOCAL_PROJECT,False
backend/modules/costos_margenes/schemas.py,2,core,LOCAL_PROJECT,False
backend/modules/costos_margenes/schemas.py,8,pydantic,EXTERNAL_DECLARED_NOT_INSTALLED,False
backend/modules/costos_margenes/schemas.py,9,typing,STDLIB,False
backend/modules/costos_margenes/schemas.py,10,datetime,STDLIB,False
backend/modules/costos_margenes/schemas.py,11,decimal,STDLIB,False
backend/modules/costos_margenes/schemas.py,12,enum,STDLIB,False
backend/modules/rentabilidad/__init__.py,1,core,LOCAL_PROJECT,False
backend/modules/rentabilidad/__init__.py,2,core,LOCAL_PROJECT,False
backend/modules/rentabilidad/routes.py,1,core,LOCAL_PROJECT,False
backend/modules/rentabilidad/routes.py,2,core,LOCAL_PROJECT,False
backend/modules/rentabilidad/routes.py,3,fastapi,EXTERNAL_DECLARED_NOT_INSTALLED,False
backend/modules/rentabilidad/routes.py,4,core,LOCAL_PROJECT,False
backend/modules/rentabilidad/routes.py,5,core,LOCAL_PROJECT,False
backend/modules/proveedores/service.py,1,core,LOCAL_PROJECT,False
backend/modules/proveedores/service.py,2,core,LOCAL_PROJECT,False
backend/modules/proveedores/__init__.py,1,core,LOCAL_PROJECT,False
backend/modules/proveedores/__init__.py,2,core,LOCAL_PROJECT,False
backend/modules/proveedores/repository.py,1,core,LOCAL_PROJECT,False
backend/modules/proveedores/repository.py,2,core,LOCAL_PROJECT,False
backend/modules/proveedores/routes.py,1,core,LOCAL_PROJECT,False
backend/modules/proveedores/routes.py,2,core,LOCAL_PROJECT,False
backend/modules/proveedores/routes.py,12,fastapi,EXTERNAL_DECLARED_NOT_INSTALLED,False
backend/modules/proveedores/schemas.py,1,core,LOCAL_PROJECT,False
backend/modules/proveedores/schemas.py,2,core,LOCAL_PROJECT,False
backend/modules/proveedores/schemas.py,11,pydantic,EXTERNAL_DECLARED_NOT_INSTALLED,False
backend/modules/proveedores/schemas.py,12,typing,STDLIB,False
backend/modules/proveedores/schemas.py,13,datetime,STDLIB,False
backend/modules/hospitality/routes/health.py,6,fastapi,EXTERNAL_DECLARED_NOT_INSTALLED,False
backend/modules/rh/service.py,1,core,LOCAL_PROJECT,False
backend/modules/rh/service.py,2,core,LOCAL_PROJECT,False
backend/modules/rh/service.py,19,typing,STDLIB,False
backend/modules/rh/service.py,20,fastapi,EXTERNAL_DECLARED_NOT_INSTALLED,False
backend/modules/rh/service.py,21,logging,STDLIB,False
backend/modules/rh/service.py,23,modules,LOCAL_PROJECT,False
backend/modules/rh/service.py,36,modules,LOCAL_PROJECT,False
backend/modules/rh/service.py,411,modules,LOCAL_PROJECT,False
backend/modules/rh/service.py,421,modules,LOCAL_PROJECT,False
backend/modules/rh/service.py,564,modules,LOCAL_PROJECT,False
backend/modules/rh/service.py,571,modules,LOCAL_PROJECT,False
backend/modules/rh/service.py,691,openpyxl,EXTERNAL_DECLARED_NOT_INSTALLED,False
backend/modules/rh/service.py,692,io,STDLIB,False
backend/modules/rh/service.py,693,datetime,STDLIB,False
backend/modules/rh/service.py,790,openpyxl,EXTERNAL_DECLARED_NOT_INSTALLED,False
backend/modules/rh/service.py,791,openpyxl,EXTERNAL_DECLARED_NOT_INSTALLED,False
backend/modules/rh/service.py,792,io,STDLIB,False
backend/modules/rh/service.py,852,modules,LOCAL_PROJECT,False
backend/modules/rh/service.py,857,modules,LOCAL_PROJECT,False
backend/modules/rh/service.py,977,modules,LOCAL_PROJECT,False
backend/modules/rh/service.py,984,modules,LOCAL_PROJECT,False
backend/modules/rh/service.py,1230,modules,LOCAL_PROJECT,False
backend/modules/rh/service.py,1289,modules,LOCAL_PROJECT,False
backend/modules/rh/service.py,1301,modules,LOCAL_PROJECT,False
backend/modules/rh/__init__.py,1,core,LOCAL_PROJECT,False
backend/modules/rh/__init__.py,2,core,LOCAL_PROJECT,False
backend/modules/rh/__init__.py,56,modules,LOCAL_PROJECT,False
backend/modules/rh/__init__.py,57,modules,LOCAL_PROJECT,False
backend/modules/rh/__init__.py,58,modules,LOCAL_PROJECT,False
backend/modules/rh/__init__.py,85,modules,LOCAL_PROJECT,False
backend/modules/rh/__init__.py,90,modules,LOCAL_PROJECT,False
backend/modules/rh/__init__.py,96,modules,LOCAL_PROJECT,False
backend/modules/rh/solicitudes_catalogo.py,1,core,LOCAL_PROJECT,False
backend/modules/rh/solicitudes_catalogo.py,2,core,LOCAL_PROJECT,False
backend/modules/rh/solicitudes_catalogo.py,20,logging,STDLIB,False
backend/modules/rh/solicitudes_catalogo.py,21,datetime,STDLIB,False
backend/modules/rh/solicitudes_catalogo.py,22,typing,STDLIB,False
backend/modules/rh/solicitudes_catalogo.py,23,fastapi,EXTERNAL_DECLARED_NOT_INSTALLED,False
backend/modules/rh/solicitudes_catalogo.py,24,pydantic,EXTERNAL_DECLARED_NOT_INSTALLED,False
backend/modules/rh/solicitudes_catalogo.py,25,core,LOCAL_PROJECT,False
backend/modules/rh/solicitudes_catalogo.py,26,core,LOCAL_PROJECT,False
backend/modules/rh/repository.py,1,core,LOCAL_PROJECT,False
backend/modules/rh/repository.py,2,core,LOCAL_PROJECT,False
backend/modules/rh/repository.py,26,typing,STDLIB,False
backend/modules/rh/repository.py,27,logging,STDLIB,False
backend/modules/rh/repository.py,28,re,STDLIB,False
backend/modules/rh/repository.py,29,os,STDLIB,False
backend/modules/rh/repository.py,31,core,LOCAL_PROJECT,False
backend/modules/rh/repository.py,32,core,LOCAL_PROJECT,False
backend/modules/rh/repository.py,563,core,LOCAL_PROJECT,False
backend/modules/rh/repository.py,564,core,LOCAL_PROJECT,False
backend/modules/rh/routes.py,1,core,LOCAL_PROJECT,False
backend/modules/rh/routes.py,2,core,LOCAL_PROJECT,False
backend/modules/rh/routes.py,82,fastapi,EXTERNAL_DECLARED_NOT_INSTALLED,False
backend/modules/rh/routes.py,83,fastapi,EXTERNAL_DECLARED_NOT_INSTALLED,False
backend/modules/rh/routes.py,84,typing,STDLIB,False
backend/modules/rh/routes.py,85,io,STDLIB,False
backend/modules/rh/routes.py,87,core,LOCAL_PROJECT,False
backend/modules/rh/routes.py,88,core,LOCAL_PROJECT,False
backend/modules/rh/routes.py,89,modules,LOCAL_PROJECT,False
backend/modules/rh/routes.py,90,modules,LOCAL_PROJECT,False
backend/modules/rh/routes.py,124,core,LOCAL_PROJECT,False
backend/modules/rh/routes.py,575,modules,LOCAL_PROJECT,False
backend/modules/rh/routes.py,576,modules,LOCAL_PROJECT,False
backend/modules/rh/routes.py,679,modules,LOCAL_PROJECT,False
backend/modules/rh/routes.py,680,modules,LOCAL_PROJECT,False
backend/modules/rh/routes.py,835,modules,LOCAL_PROJECT,False
backend/modules/rh/routes.py,913,modules,LOCAL_PROJECT,False
backend/modules/rh/routes.py,914,modules,LOCAL_PROJECT,False
backend/modules/rh/schemas.py,1,core,LOCAL_PROJECT,False
backend/modules/rh/schemas.py,2,core,LOCAL_PROJECT,False
backend/modules/rh/schemas.py,18,pydantic,EXTERNAL_DECLARED_NOT_INSTALLED,False
backend/modules/rh/schemas.py,19,typing,STDLIB,False
backend/modules/rh/schemas.py,20,decimal,STDLIB,False
backend/modules/rh/schemas.py,251,re,STDLIB,False
backend/modules/rh/schemas.py,266,re,STDLIB,False
backend/modules/rh/schemas.py,322,re,STDLIB,False
backend/modules/rh/schemas.py,336,re,STDLIB,False
backend/modules/rh/schemas.py,447,re,STDLIB,False
backend/modules/rh/schemas.py,451,datetime,STDLIB,False
backend/modules/rh/schemas.py,521,re,STDLIB,False
backend/modules/rh/schemas.py,616,re,STDLIB,False
backend/modules/rh/schemas.py,936,re,STDLIB,False
backend/modules/rh/schemas.py,968,re,STDLIB,False
backend/modules/rh/importador/service.py,1,core,LOCAL_PROJECT,False
backend/modules/rh/importador/service.py,2,core,LOCAL_PROJECT,False
backend/modules/rh/importador/service.py,25,logging,STDLIB,False
backend/modules/rh/importador/service.py,26,re,STDLIB,False
backend/modules/rh/importador/service.py,27,typing,STDLIB,False
backend/modules/rh/importador/service.py,28,datetime,STDLIB,False
backend/modules/rh/importador/service.py,29,io,STDLIB,False
backend/modules/rh/importador/service.py,33,openpyxl,EXTERNAL_DECLARED_NOT_INSTALLED,True
backend/modules/rh/importador/service.py,39,pandas,EXTERNAL_DECLARED_NOT_INSTALLED,True
backend/modules/rh/importador/service.py,44,schemas,UNRESOLVED,False
backend/modules/rh/importador/service.py,64,repository,UNRESOLVED,False
backend/modules/rh/importador/__init__.py,1,core,LOCAL_PROJECT,False
backend/modules/rh/importador/__init__.py,2,core,LOCAL_PROJECT,False
backend/modules/rh/importador/__init__.py,25,schemas,UNRESOLVED,False
backend/modules/rh/importador/__init__.py,39,repository,UNRESOLVED,False
backend/modules/rh/importador/__init__.py,49,service,UNRESOLVED,False
backend/modules/rh/importador/homologacion_service.py,1,core,LOCAL_PROJECT,False
backend/modules/rh/importador/homologacion_service.py,2,core,LOCAL_PROJECT,False
backend/modules/rh/importador/homologacion_service.py,17,logging,STDLIB,False
backend/modules/rh/importador/homologacion_service.py,18,typing,STDLIB,False
backend/modules/rh/importador/homologacion_service.py,19,datetime,STDLIB,False
backend/modules/rh/importador/homologacion_service.py,20,pymssql,EXTERNAL_DECLARED_NOT_INSTALLED,False
backend/modules/rh/importador/homologacion_service.py,21,unicodedata,STDLIB,False
backend/modules/rh/importador/homologacion_service.py,22,re,STDLIB,False
backend/modules/rh/importador/homologacion_service.py,23,core,LOCAL_PROJECT,False
backend/modules/rh/importador/aprobacion_service.py,1,core,LOCAL_PROJECT,False
backend/modules/rh/importador/aprobacion_service.py,2,core,LOCAL_PROJECT,False
backend/modules/rh/importador/aprobacion_service.py,16,logging,STDLIB,False
backend/modules/rh/importador/aprobacion_service.py,17,typing,STDLIB,False
backend/modules/rh/importador/aprobacion_service.py,18,datetime,STDLIB,False
backend/modules/rh/importador/aprobacion_service.py,19,pymssql,EXTERNAL_DECLARED_NOT_INSTALLED,False
backend/modules/rh/importador/aprobacion_service.py,20,core,LOCAL_PROJECT,False
backend/modules/rh/importador/repository.py,1,core,LOCAL_PROJECT,False
backend/modules/rh/importador/repository.py,2,core,LOCAL_PROJECT,False
backend/modules/rh/importador/repository.py,17,typing,STDLIB,False
backend/modules/rh/importador/repository.py,18,logging,STDLIB,False
backend/modules/rh/importador/repository.py,19,json,STDLIB,False
backend/modules/rh/importador/repository.py,20,datetime,STDLIB,False
backend/modules/rh/importador/repository.py,22,core,LOCAL_PROJECT,False
backend/modules/rh/importador/routes.py,1,core,LOCAL_PROJECT,False
backend/modules/rh/importador/routes.py,2,core,LOCAL_PROJECT,False
backend/modules/rh/importador/routes.py,24,fastapi,EXTERNAL_DECLARED_NOT_INSTALLED,False
backend/modules/rh/importador/routes.py,25,typing,STDLIB,False
backend/modules/rh/importador/routes.py,26,logging,STDLIB,False
backend/modules/rh/importador/routes.py,27,datetime,STDLIB,False
backend/modules/rh/importador/routes.py,28,time,STDLIB,False
backend/modules/rh/importador/routes.py,30,core,LOCAL_PROJECT,False
backend/modules/rh/importador/routes.py,32,schemas,UNRESOLVED,False
backend/modules/rh/importador/routes.py,50,repository,UNRESOLVED,False
backend/modules/rh/importador/routes.py,62,service,UNRESOLVED,False
backend/modules/rh/importador/routes.py,63,aprobacion_service,UNRESOLVED,False
backend/modules/rh/importador/routes.py,74,homologacion_service,UNRESOLVED,False
backend/modules/rh/importador/routes.py,125,repository,UNRESOLVED,False
backend/modules/rh/importador/schemas.py,1,core,LOCAL_PROJECT,False
backend/modules/rh/importador/schemas.py,2,core,LOCAL_PROJECT,False
backend/modules/rh/importador/schemas.py,15,pydantic,EXTERNAL_DECLARED_NOT_INSTALLED,False
backend/modules/rh/importador/schemas.py,16,typing,STDLIB,False
backend/modules/rh/importador/schemas.py,17,datetime,STDLIB,False
backend/modules/rh/importador/schemas.py,18,enum,STDLIB,False
backend/modules/configuracion/__init__.py,1,core,LOCAL_PROJECT,False
backend/modules/configuracion/__init__.py,2,core,LOCAL_PROJECT,False
backend/modules/configuracion/__init__.py,11,routes,LOCAL_PROJECT,False
backend/modules/configuracion/repositories/__init__.py,1,core,LOCAL_PROJECT,False
backend/modules/configuracion/repositories/__init__.py,2,core,LOCAL_PROJECT,False
backend/modules/configuracion/repositories/__init__.py,4,config_asignaciones_repository,UNRESOLVED,False
backend/modules/configuracion/repositories/config_asignaciones_repository.py,1,os,STDLIB,False
backend/modules/configuracion/repositories/config_asignaciones_repository.py,2,core,LOCAL_PROJECT,False
backend/modules/configuracion/repositories/config_asignaciones_repository.py,3,core,LOCAL_PROJECT,False
backend/modules/configuracion/repositories/config_asignaciones_repository.py,18,typing,STDLIB,False
backend/modules/configuracion/repositories/config_asignaciones_repository.py,19,datetime,STDLIB,False
backend/modules/configuracion/repositories/config_asignaciones_repository.py,20,logging,STDLIB,False
backend/modules/configuracion/repositories/config_asignaciones_repository.py,21,uuid,STDLIB,False
backend/modules/configuracion/repositories/config_asignaciones_repository.py,22,asyncio,STDLIB,False
backend/modules/configuracion/repositories/config_asignaciones_repository.py,23,concurrent,STDLIB,False
backend/modules/configuracion/repositories/config_asignaciones_repository.py,24,core,LOCAL_PROJECT,False
backend/modules/configuracion/repositories/config_asignaciones_repository.py,40,pymssql,EXTERNAL_DECLARED_NOT_INSTALLED,False
backend/modules/configuracion/services/__init__.py,1,core,LOCAL_PROJECT,False
backend/modules/configuracion/services/__init__.py,2,core,LOCAL_PROJECT,False
backend/modules/configuracion/services/almacenes_sync_service.py,19,logging,STDLIB,False
backend/modules/configuracion/services/almacenes_sync_service.py,20,typing,STDLIB,False
backend/modules/configuracion/services/almacenes_sync_service.py,21,dataclasses,STDLIB,False
backend/modules/configuracion/services/almacenes_sync_service.py,22,datetime,STDLIB,False
backend/modules/configuracion/services/almacenes_sync_service.py,24,core,LOCAL_PROJECT,False
backend/modules/configuracion/services/almacenes_sync_service.py,25,core,LOCAL_PROJECT,False
backend/modules/configuracion/services/almacenes_sync_service.py,26,core,LOCAL_PROJECT,False
backend/modules/configuracion/services/almacenes_sync_service.py,29,modules,LOCAL_PROJECT,False
backend/modules/configuracion/services/almacenes_sync_service.py,30,modules,LOCAL_PROJECT,False
backend/modules/configuracion/services/almacenes_sync_service.py,140,core,LOCAL_PROJECT,False
backend/modules/configuracion/routes/__init__.py,1,core,LOCAL_PROJECT,False
backend/modules/configuracion/routes/__init__.py,2,core,LOCAL_PROJECT,False
backend/modules/configuracion/routes/__init__.py,4,config_asignaciones_routes,UNRESOLVED,False
backend/modules/configuracion/routes/config_asignaciones_routes.py,1,core,LOCAL_PROJECT,False
backend/modules/configuracion/routes/config_asignaciones_routes.py,2,core,LOCAL_PROJECT,False
backend/modules/configuracion/routes/config_asignaciones_routes.py,19,fastapi,EXTERNAL_DECLARED_NOT_INSTALLED,False
backend/modules/configuracion/routes/config_asignaciones_routes.py,20,typing,STDLIB,False
backend/modules/configuracion/routes/config_asignaciones_routes.py,21,pydantic,EXTERNAL_DECLARED_NOT_INSTALLED,False
backend/modules/configuracion/routes/config_asignaciones_routes.py,22,datetime,STDLIB,False
backend/modules/configuracion/routes/config_asignaciones_routes.py,23,logging,STDLIB,False
backend/modules/configuracion/routes/config_asignaciones_routes.py,24,os,STDLIB,False
backend/modules/configuracion/routes/config_asignaciones_routes.py,28,core,LOCAL_PROJECT,False
backend/modules/configuracion/routes/config_asignaciones_routes.py,29,core,LOCAL_PROJECT,False
backend/modules/configuracion/routes/config_asignaciones_routes.py,30,core,LOCAL_PROJECT,False
backend/modules/configuracion/routes/config_asignaciones_routes.py,31,core,LOCAL_PROJECT,False
backend/modules/configuracion/routes/config_asignaciones_routes.py,32,repositories,UNRESOLVED,False
backend/modules/configuracion/routes/config_asignaciones_routes.py,88,core,LOCAL_PROJECT,False
backend/modules/configuracion/routes/config_asignaciones_routes.py,101,core,LOCAL_PROJECT,False
backend/modules/configuracion/routes/config_asignaciones_routes.py,209,core,LOCAL_PROJECT,False
backend/modules/configuracion/routes/config_asignaciones_routes.py,548,core,LOCAL_PROJECT,False
backend/modules/configuracion/routes/config_asignaciones_routes.py,626,services,UNRESOLVED,False
backend/modules/inventarios/service.py,1,core,LOCAL_PROJECT,False
backend/modules/inventarios/service.py,2,core,LOCAL_PROJECT,False
backend/modules/inventarios/__init__.py,1,core,LOCAL_PROJECT,False
backend/modules/inventarios/__init__.py,2,core,LOCAL_PROJECT,False
backend/modules/inventarios/repository.py,1,core,LOCAL_PROJECT,False
backend/modules/inventarios/repository.py,2,core,LOCAL_PROJECT,False
backend/modules/inventarios/repository.py,14,typing,STDLIB,False
backend/modules/inventarios/repository.py,15,logging,STDLIB,False
backend/modules/inventarios/repository.py,16,core,LOCAL_PROJECT,False
backend/modules/inventarios/routes.py,1,core,LOCAL_PROJECT,False
backend/modules/inventarios/routes.py,2,core,LOCAL_PROJECT,False
backend/modules/inventarios/routes.py,9,fastapi,EXTERNAL_DECLARED_NOT_INSTALLED,False
backend/modules/inventarios/schemas.py,1,core,LOCAL_PROJECT,False
backend/modules/inventarios/schemas.py,2,core,LOCAL_PROJECT,False
backend/modules/inventarios/schemas.py,9,pydantic,EXTERNAL_DECLARED_NOT_INSTALLED,False
backend/modules/inventarios/schemas.py,10,typing,STDLIB,False
backend/modules/inventarios/schemas.py,11,datetime,STDLIB,False
backend/modules/consultas_sql/service.py,1,core,LOCAL_PROJECT,False
backend/modules/consultas_sql/service.py,2,core,LOCAL_PROJECT,False
backend/modules/consultas_sql/service.py,19,logging,STDLIB,False
backend/modules/consultas_sql/service.py,20,typing,STDLIB,False
backend/modules/consultas_sql/service.py,21,datetime,STDLIB,False
backend/modules/consultas_sql/service.py,23,models,LOCAL_PROJECT,False
backend/modules/consultas_sql/service.py,31,repository,UNRESOLVED,False
backend/modules/consultas_sql/service.py,32,validator,UNRESOLVED,False
backend/modules/consultas_sql/__init__.py,1,repository,UNRESOLVED,False
backend/modules/consultas_sql/__init__.py,2,routes,LOCAL_PROJECT,False
backend/modules/consultas_sql/validator.py,1,core,LOCAL_PROJECT,False
backend/modules/consultas_sql/validator.py,2,core,LOCAL_PROJECT,False
backend/modules/consultas_sql/validator.py,23,re,STDLIB,False
backend/modules/consultas_sql/validator.py,24,logging,STDLIB,False
backend/modules/consultas_sql/validator.py,25,typing,STDLIB,False
backend/modules/consultas_sql/validator.py,26,datetime,STDLIB,False
backend/modules/consultas_sql/validator.py,28,models,LOCAL_PROJECT,False
backend/modules/consultas_sql/repository.py,5,logging,STDLIB,False
backend/modules/consultas_sql/repository.py,6,typing,STDLIB,False
backend/modules/consultas_sql/repository.py,7,core,LOCAL_PROJECT,False
backend/modules/consultas_sql/routes.py,5,fastapi,EXTERNAL_DECLARED_NOT_INSTALLED,False
backend/modules/consultas_sql/routes.py,6,typing,STDLIB,False
backend/modules/consultas_sql/routes.py,7,core,LOCAL_PROJECT,False
backend/modules/consultas_sql/routes.py,8,repository,UNRESOLVED,False
backend/modules/consultas_sql/models.py,1,core,LOCAL_PROJECT,False
backend/modules/consultas_sql/models.py,2,core,LOCAL_PROJECT,False
backend/modules/consultas_sql/models.py,21,dataclasses,STDLIB,False
backend/modules/consultas_sql/models.py,22,typing,STDLIB,False
backend/modules/consultas_sql/models.py,23,datetime,STDLIB,False
backend/modules/consultas_sql/models.py,24,enum,STDLIB,False
backend/modules/consultas_sql/models.py,77,json,STDLIB,False
backend/modules/consultas_sql/schemas.py,1,core,LOCAL_PROJECT,False
backend/modules/consultas_sql/schemas.py,2,core,LOCAL_PROJECT,False
backend/modules/consultas_sql/schemas.py,14,pydantic,EXTERNAL_DECLARED_NOT_INSTALLED,False
backend/modules/consultas_sql/schemas.py,15,typing,STDLIB,False
backend/modules/consultas_sql/schemas.py,16,datetime,STDLIB,False
backend/modules/inteligencia_comercial/__init__.py,1,core,LOCAL_PROJECT,False
backend/modules/inteligencia_comercial/__init__.py,2,core,LOCAL_PROJECT,False
backend/modules/inteligencia_comercial/iscam_routes.py,15,logging,STDLIB,False
backend/modules/inteligencia_comercial/iscam_routes.py,16,typing,STDLIB,False
backend/modules/inteligencia_comercial/iscam_routes.py,17,datetime,STDLIB,False
backend/modules/inteligencia_comercial/iscam_routes.py,19,fastapi,EXTERNAL_DECLARED_NOT_INSTALLED,False
backend/modules/inteligencia_comercial/iscam_routes.py,21,core,LOCAL_PROJECT,False
backend/modules/inteligencia_comercial/iscam_routes.py,22,core,LOCAL_PROJECT,False
backend/modules/inteligencia_comercial/routes.py,20,logging,STDLIB,False
backend/modules/inteligencia_comercial/routes.py,21,datetime,STDLIB,False
backend/modules/inteligencia_comercial/routes.py,22,typing,STDLIB,False
backend/modules/inteligencia_comercial/routes.py,23,fastapi,EXTERNAL_DECLARED_NOT_INSTALLED,False
backend/modules/inteligencia_comercial/routes.py,24,pydantic,EXTERNAL_DECLARED_NOT_INSTALLED,False
backend/modules/inteligencia_comercial/routes.py,25,pymssql,EXTERNAL_DECLARED_NOT_INSTALLED,False
backend/modules/inteligencia_comercial/routes.py,26,os,STDLIB,False
backend/modules/inteligencia_comercial/routes.py,27,core,LOCAL_PROJECT,False
backend/modules/inteligencia_comercial/routes.py,28,core,LOCAL_PROJECT,False
backend/modules/inteligencia_comercial/routes.py,29,core,LOCAL_PROJECT,False
backend/modules/inteligencia_comercial/routes.py,30,core,LOCAL_PROJECT,False
backend/modules/inteligencia_comercial/routes.py,31,core,LOCAL_PROJECT,False
backend/modules/inteligencia_comercial/routes.py,68,core,LOCAL_PROJECT,False
backend/modules/inteligencia_comercial/routes.py,72,core,LOCAL_PROJECT,False
backend/modules/inteligencia_comercial/routes.py,80,core,LOCAL_PROJECT,False
backend/modules/inteligencia_comercial/routes.py,84,core,LOCAL_PROJECT,False
backend/modules/inteligencia_comercial/routes.py,185,core,LOCAL_PROJECT,False
backend/modules/inteligencia_comercial/routes.py,492,calendar,STDLIB,False
backend/modules/inteligencia_comercial/routes.py,1624,core,LOCAL_PROJECT,False
backend/modules/catalogos/service.py,1,core,LOCAL_PROJECT,False
backend/modules/catalogos/service.py,2,core,LOCAL_PROJECT,False
backend/modules/catalogos/service.py,9,logging,STDLIB,False
backend/modules/catalogos/service.py,10,typing,STDLIB,False
backend/modules/catalogos/service.py,11,fastapi,EXTERNAL_DECLARED_NOT_INSTALLED,False
backend/modules/catalogos/service.py,13,modules,LOCAL_PROJECT,False
backend/modules/catalogos/service.py,19,modules,LOCAL_PROJECT,False
backend/modules/catalogos/__init__.py,1,core,LOCAL_PROJECT,False
backend/modules/catalogos/__init__.py,2,core,LOCAL_PROJECT,False
backend/modules/catalogos/__init__.py,3,typing,STDLIB,False
backend/modules/catalogos/__init__.py,49,modules,LOCAL_PROJECT,False
backend/modules/catalogos/repository.py,1,core,LOCAL_PROJECT,False
backend/modules/catalogos/repository.py,2,core,LOCAL_PROJECT,False
backend/modules/catalogos/repository.py,12,logging,STDLIB,False
backend/modules/catalogos/repository.py,13,typing,STDLIB,False
backend/modules/catalogos/repository.py,14,datetime,STDLIB,False
backend/modules/catalogos/repository.py,16,core,LOCAL_PROJECT,False
backend/modules/catalogos/repository.py,17,core,LOCAL_PROJECT,False
backend/modules/catalogos/repository.py,18,modules,LOCAL_PROJECT,False
backend/modules/catalogos/routes.py,1,os,STDLIB,False
backend/modules/catalogos/routes.py,2,core,LOCAL_PROJECT,False
backend/modules/catalogos/routes.py,3,core,LOCAL_PROJECT,False
backend/modules/catalogos/routes.py,25,fastapi,EXTERNAL_DECLARED_NOT_INSTALLED,False
backend/modules/catalogos/routes.py,26,typing,STDLIB,False
backend/modules/catalogos/routes.py,28,core,LOCAL_PROJECT,False
backend/modules/catalogos/routes.py,29,core,LOCAL_PROJECT,False
backend/modules/catalogos/routes.py,30,modules,LOCAL_PROJECT,False
backend/modules/catalogos/routes.py,31,modules,LOCAL_PROJECT,False
backend/modules/catalogos/routes.py,74,core,LOCAL_PROJECT,False
backend/modules/catalogos/routes.py,112,core,LOCAL_PROJECT,False
backend/modules/catalogos/routes.py,154,fastapi,EXTERNAL_DECLARED_NOT_INSTALLED,False
backend/modules/catalogos/routes.py,155,core,LOCAL_PROJECT,False
backend/modules/catalogos/routes.py,217,fastapi,EXTERNAL_DECLARED_NOT_INSTALLED,False
backend/modules/catalogos/routes.py,218,core,LOCAL_PROJECT,False
backend/modules/catalogos/routes.py,289,fastapi,EXTERNAL_DECLARED_NOT_INSTALLED,False
backend/modules/catalogos/routes.py,290,core,LOCAL_PROJECT,False
backend/modules/catalogos/routes.py,341,fastapi,EXTERNAL_DECLARED_NOT_INSTALLED,False
backend/modules/catalogos/routes.py,342,core,LOCAL_PROJECT,False
backend/modules/catalogos/routes.py,392,fastapi,EXTERNAL_DECLARED_NOT_INSTALLED,False
backend/modules/catalogos/routes.py,393,core,LOCAL_PROJECT,False
backend/modules/catalogos/routes.py,451,fastapi,EXTERNAL_DECLARED_NOT_INSTALLED,False
backend/modules/catalogos/routes.py,452,core,LOCAL_PROJECT,False
backend/modules/catalogos/routes.py,590,fastapi,EXTERNAL_DECLARED_NOT_INSTALLED,False
backend/modules/catalogos/routes.py,619,fastapi,EXTERNAL_DECLARED_NOT_INSTALLED,False
backend/modules/catalogos/routes.py,645,fastapi,EXTERNAL_DECLARED_NOT_INSTALLED,False
backend/modules/catalogos/routes.py,664,fastapi,EXTERNAL_DECLARED_NOT_INSTALLED,False
backend/modules/catalogos/routes.py,696,fastapi,EXTERNAL_DECLARED_NOT_INSTALLED,False
backend/modules/catalogos/routes.py,723,fastapi,EXTERNAL_DECLARED_NOT_INSTALLED,False
backend/modules/catalogos/schemas.py,1,core,LOCAL_PROJECT,False
backend/modules/catalogos/schemas.py,2,core,LOCAL_PROJECT,False
backend/modules/catalogos/schemas.py,9,pydantic,EXTERNAL_DECLARED_NOT_INSTALLED,False
backend/modules/catalogos/schemas.py,10,typing,STDLIB,False
backend/modules/catalogos/schemas.py,11,datetime,STDLIB,False
backend/modules/sync_historicos/service.py,17,logging,STDLIB,False
backend/modules/sync_historicos/service.py,18,uuid,STDLIB,False
backend/modules/sync_historicos/service.py,19,datetime,STDLIB,False
backend/modules/sync_historicos/service.py,20,typing,STDLIB,False
backend/modules/sync_historicos/service.py,21,decimal,STDLIB,False
backend/modules/sync_historicos/service.py,23,core,LOCAL_PROJECT,False
backend/modules/sync_historicos/service.py,24,core,LOCAL_PROJECT,False
backend/modules/sync_historicos/service.py,30,core,LOCAL_PROJECT,False
backend/modules/sync_historicos/service.py,38,models,LOCAL_PROJECT,False
backend/modules/sync_historicos/service.py,48,repository,UNRESOLVED,False
backend/modules/sync_historicos/service.py,51,core,LOCAL_PROJECT,False
backend/modules/sync_historicos/service.py,994,hashlib,STDLIB,False
backend/modules/sync_historicos/service.py,994,json,STDLIB,False
backend/modules/sync_historicos/__init__.py,26,models,LOCAL_PROJECT,False
backend/modules/sync_historicos/__init__.py,34,repository,UNRESOLVED,False
backend/modules/sync_historicos/__init__.py,35,service,UNRESOLVED,False
backend/modules/sync_historicos/repository.py,19,logging,STDLIB,False
backend/modules/sync_historicos/repository.py,20,uuid,STDLIB,False
backend/modules/sync_historicos/repository.py,21,datetime,STDLIB,False
backend/modules/sync_historicos/repository.py,22,typing,STDLIB,False
backend/modules/sync_historicos/repository.py,23,decimal,STDLIB,False
backend/modules/sync_historicos/repository.py,25,core,LOCAL_PROJECT,False
backend/modules/sync_historicos/repository.py,26,core,LOCAL_PROJECT,False
backend/modules/sync_historicos/repository.py,27,core,LOCAL_PROJECT,False
backend/modules/sync_historicos/repository.py,35,models,LOCAL_PROJECT,False
backend/modules/sync_historicos/models.py,22,dataclasses,STDLIB,False
backend/modules/sync_historicos/models.py,23,datetime,STDLIB,False
backend/modules/sync_historicos/models.py,24,typing,STDLIB,False
backend/modules/sync_historicos/models.py,25,decimal,STDLIB,False
backend/modules/sync_historicos/models.py,26,enum,STDLIB,False
backend/modules/sync_historicos/models.py,27,hashlib,STDLIB,False
backend/modules/sync_historicos/models.py,28,json,STDLIB,False
backend/modules/sync_historicos/sync_ventas.py,10,logging,STDLIB,False
backend/modules/sync_historicos/sync_ventas.py,11,datetime,STDLIB,False
backend/modules/sync_historicos/sync_ventas.py,12,typing,STDLIB,False
backend/modules/sync_historicos/sync_ventas.py,13,decimal,STDLIB,False
backend/modules/sync_historicos/sync_ventas.py,15,core,LOCAL_PROJECT,False
backend/modules/sync_historicos/sync_ventas.py,22,models,LOCAL_PROJECT,False
backend/modules/sync_historicos/sync_ventas.py,23,service,UNRESOLVED,False
backend/modules/sync_historicos/sync_ventas.py,127,core,LOCAL_PROJECT,False
backend/modules/sync_historicos/sync_ventas.py,128,core,LOCAL_PROJECT,False
backend/modules/automatizacion/__init__.py,1,core,LOCAL_PROJECT,False
backend/modules/automatizacion/__init__.py,2,core,LOCAL_PROJECT,False
backend/modules/automatizacion/feature_flags.py,1,core,LOCAL_PROJECT,False
backend/modules/automatizacion/feature_flags.py,2,core,LOCAL_PROJECT,False
backend/modules/automatizacion/queries_mpro.py,1,core,LOCAL_PROJECT,False
backend/modules/automatizacion/queries_mpro.py,2,core,LOCAL_PROJECT,False
backend/modules/automatizacion/queries_soft.py,1,core,LOCAL_PROJECT,False
backend/modules/automatizacion/queries_soft.py,2,core,LOCAL_PROJECT,False
backend/modules/automatizacion/repository.py,1,core,LOCAL_PROJECT,False
backend/modules/automatizacion/repository.py,2,core,LOCAL_PROJECT,False
backend/modules/automatizacion/repository.py,3,core,LOCAL_PROJECT,False
backend/modules/automatizacion/repository.py,20,logging,STDLIB,False
backend/modules/automatizacion/repository.py,21,hashlib,STDLIB,False
backend/modules/automatizacion/repository.py,22,uuid,STDLIB,False
backend/modules/automatizacion/repository.py,23,typing,STDLIB,False
backend/modules/automatizacion/repository.py,24,datetime,STDLIB,False
backend/modules/automatizacion/repository.py,26,core,LOCAL_PROJECT,False
backend/modules/automatizacion/repository.py,336,pymssql,EXTERNAL_DECLARED_NOT_INSTALLED,False
backend/modules/automatizacion/repository.py,615,time,STDLIB,False
backend/modules/automatizacion/repository.py,679,time,STDLIB,False
backend/modules/automatizacion/schemas.py,1,core,LOCAL_PROJECT,False
backend/modules/automatizacion/schemas.py,2,core,LOCAL_PROJECT,False
backend/modules/automatizacion/schemas.py,16,datetime,STDLIB,False
backend/modules/automatizacion/schemas.py,17,typing,STDLIB,False
backend/modules/automatizacion/schemas.py,18,pydantic,EXTERNAL_DECLARED_NOT_INSTALLED,False
backend/modules/automatizacion/schemas.py,19,uuid,STDLIB,False
backend/modules/pricing_ai/service.py,1,core,LOCAL_PROJECT,False
backend/modules/pricing_ai/service.py,2,core,LOCAL_PROJECT,False
backend/modules/pricing_ai/service.py,3,typing,STDLIB,False
backend/modules/pricing_ai/service.py,4,core,LOCAL_PROJECT,False
backend/modules/pricing_ai/__init__.py,1,core,LOCAL_PROJECT,False
backend/modules/pricing_ai/__init__.py,2,core,LOCAL_PROJECT,False
backend/modules/pricing_ai/routes.py,1,core,LOCAL_PROJECT,False
backend/modules/pricing_ai/routes.py,2,core,LOCAL_PROJECT,False
backend/modules/pricing_ai/routes.py,3,fastapi,EXTERNAL_DECLARED_NOT_INSTALLED,False
backend/modules/pricing_ai/routes.py,4,core,LOCAL_PROJECT,False
backend/modules/pricing_ai/routes.py,5,service,UNRESOLVED,False
backend/modules/edge/sincronizador_catalogos_edge.py,1,core,LOCAL_PROJECT,False
backend/modules/edge/sincronizador_catalogos_edge.py,2,core,LOCAL_PROJECT,False
backend/modules/edge/sincronizador_catalogos_edge.py,5,sqlite3,STDLIB,False
backend/modules/edge/sincronizador_catalogos_edge.py,6,httpx,EXTERNAL_DECLARED_NOT_INSTALLED,False
backend/modules/edge/sincronizador_catalogos_edge.py,7,json,STDLIB,False
backend/modules/edge/sincronizador_catalogos_edge.py,8,typing,STDLIB,False
backend/modules/edge/coordinador_lan_mesh.py,1,core,LOCAL_PROJECT,False
backend/modules/edge/coordinador_lan_mesh.py,2,core,LOCAL_PROJECT,False
backend/modules/edge/coordinador_lan_mesh.py,5,os,STDLIB,False
backend/modules/edge/coordinador_lan_mesh.py,6,sys,STDLIB,False
backend/modules/edge/coordinador_lan_mesh.py,7,time,STDLIB,False
backend/modules/edge/coordinador_lan_mesh.py,8,subprocess,STDLIB,False
backend/modules/edge/coordinador_lan_mesh.py,9,socket,STDLIB,False
backend/modules/edge/coordinador_lan_mesh.py,10,typing,STDLIB,False
backend/modules/edge/motor_reglas_comerciales.py,1,core,LOCAL_PROJECT,False
backend/modules/edge/motor_reglas_comerciales.py,2,core,LOCAL_PROJECT,False
backend/modules/edge/motor_reglas_comerciales.py,3,sqlite3,STDLIB,False
backend/modules/edge/motor_reglas_comerciales.py,4,json,STDLIB,False
backend/modules/edge/motor_reglas_comerciales.py,5,time,STDLIB,False
backend/modules/edge/motor_reglas_comerciales.py,6,typing,STDLIB,False
backend/modules/edge/gestor_sincronizacion_rafagas.py,1,core,LOCAL_PROJECT,False
backend/modules/edge/gestor_sincronizacion_rafagas.py,2,core,LOCAL_PROJECT,False
backend/modules/edge/gestor_sincronizacion_rafagas.py,5,sqlite3,STDLIB,False
backend/modules/edge/gestor_sincronizacion_rafagas.py,6,json,STDLIB,False
backend/modules/edge/gestor_sincronizacion_rafagas.py,7,time,STDLIB,False
backend/modules/edge/gestor_sincronizacion_rafagas.py,8,http,STDLIB,False
backend/modules/edge/gestor_sincronizacion_rafagas.py,9,typing,STDLIB,False
backend/modules/edge/servidor_local_contingencia.py,1,core,LOCAL_PROJECT,False
backend/modules/edge/servidor_local_contingencia.py,2,core,LOCAL_PROJECT,False
backend/modules/edge/servidor_local_contingencia.py,5,json,STDLIB,False
backend/modules/edge/servidor_local_contingencia.py,6,sqlite3,STDLIB,False
backend/modules/edge/servidor_local_contingencia.py,7,time,STDLIB,False
backend/modules/edge/servidor_local_contingencia.py,8,http,STDLIB,False
backend/modules/edge/servidor_local_contingencia.py,9,typing,STDLIB,False
backend/modules/edge/comandero_local_core.py,1,core,LOCAL_PROJECT,False
backend/modules/edge/comandero_local_core.py,2,core,LOCAL_PROJECT,False
backend/modules/edge/comandero_local_core.py,3,sqlite3,STDLIB,False
backend/modules/edge/comandero_local_core.py,4,json,STDLIB,False
backend/modules/edge/comandero_local_core.py,5,uuid,STDLIB,False
backend/modules/edge/comandero_local_core.py,6,time,STDLIB,False
backend/modules/edge/comandero_local_core.py,7,typing,STDLIB,False
backend/modules/edge/orquestador_kds_core.py,1,core,LOCAL_PROJECT,False
backend/modules/edge/orquestador_kds_core.py,2,core,LOCAL_PROJECT,False
backend/modules/edge/orquestador_kds_core.py,5,sqlite3,STDLIB,False
backend/modules/edge/orquestador_kds_core.py,6,json,STDLIB,False
backend/modules/edge/orquestador_kds_core.py,7,time,STDLIB,False
backend/modules/edge/orquestador_kds_core.py,8,typing,STDLIB,False
backend/modules/edge/super_caja_arquero.py,1,core,LOCAL_PROJECT,False
backend/modules/edge/super_caja_arquero.py,2,core,LOCAL_PROJECT,False
backend/modules/edge/super_caja_arquero.py,3,sqlite3,STDLIB,False
backend/modules/edge/super_caja_arquero.py,4,json,STDLIB,False
backend/modules/edge/super_caja_arquero.py,5,time,STDLIB,False
backend/modules/edge/super_caja_arquero.py,6,typing,STDLIB,False
backend/modules/edge/auditoria_inteligencia_operativa.py,1,core,LOCAL_PROJECT,False
backend/modules/edge/auditoria_inteligencia_operativa.py,2,core,LOCAL_PROJECT,False
backend/modules/edge/auditoria_inteligencia_operativa.py,5,sqlite3,STDLIB,False
backend/modules/edge/auditoria_inteligencia_operativa.py,6,json,STDLIB,False
backend/modules/edge/auditoria_inteligencia_operativa.py,7,time,STDLIB,False
backend/modules/edge/auditoria_inteligencia_operativa.py,8,typing,STDLIB,False
backend/modules/edge/motor_inventario_parametrico.py,1,core,LOCAL_PROJECT,False
backend/modules/edge/motor_inventario_parametrico.py,2,core,LOCAL_PROJECT,False
backend/modules/edge/motor_inventario_parametrico.py,5,sqlite3,STDLIB,False
backend/modules/edge/motor_inventario_parametrico.py,6,json,STDLIB,False
backend/modules/edge/motor_inventario_parametrico.py,7,typing,STDLIB,False
backend/modules/auth/service.py,14,core,LOCAL_PROJECT,False
backend/modules/auth/service.py,15,core,LOCAL_PROJECT,False
backend/modules/auth/service.py,16,core,LOCAL_PROJECT,False
backend/modules/auth/service.py,32,typing,STDLIB,False
backend/modules/auth/service.py,33,datetime,STDLIB,False
backend/modules/auth/service.py,34,uuid,STDLIB,False
backend/modules/auth/service.py,35,logging,STDLIB,False
backend/modules/auth/service.py,36,fastapi,EXTERNAL_DECLARED_NOT_INSTALLED,False
backend/modules/auth/service.py,38,core,LOCAL_PROJECT,False
backend/modules/auth/service.py,39,core,LOCAL_PROJECT,False
backend/modules/auth/service.py,40,core,LOCAL_PROJECT,False
backend/modules/auth/service.py,41,modules,LOCAL_PROJECT,False
backend/modules/auth/service.py,42,modules,LOCAL_PROJECT,False
backend/modules/auth/service.py,43,modules,LOCAL_PROJECT,False
backend/modules/auth/service.py,103,logging,STDLIB,False
backend/modules/auth/service.py,398,pymssql,EXTERNAL_DECLARED_NOT_INSTALLED,False
backend/modules/auth/service.py,399,logging,STDLIB,False
backend/modules/auth/__init__.py,1,core,LOCAL_PROJECT,False
backend/modules/auth/__init__.py,2,core,LOCAL_PROJECT,False
backend/modules/auth/__init__.py,21,modules,LOCAL_PROJECT,False
backend/modules/auth/__init__.py,22,modules,LOCAL_PROJECT,False
backend/modules/auth/__init__.py,31,modules,LOCAL_PROJECT,False
backend/modules/auth/password_reset.py,29,secrets,STDLIB,False
backend/modules/auth/password_reset.py,30,hashlib,STDLIB,False
backend/modules/auth/password_reset.py,31,re,STDLIB,False
backend/modules/auth/password_reset.py,32,json,STDLIB,False
backend/modules/auth/password_reset.py,33,datetime,STDLIB,False
backend/modules/auth/password_reset.py,34,typing,STDLIB,False
backend/modules/auth/password_reset.py,35,pymssql,EXTERNAL_DECLARED_NOT_INSTALLED,False
backend/modules/auth/password_reset.py,36,bcrypt,EXTERNAL_DECLARED_NOT_INSTALLED,False
backend/modules/auth/password_reset.py,37,os,STDLIB,False
backend/modules/auth/password_reset.py,38,logging,STDLIB,False
backend/modules/auth/password_reset.py,39,core,LOCAL_PROJECT,False
backend/modules/auth/password_reset.py,680,smtplib,STDLIB,False
backend/modules/auth/password_reset.py,681,email,STDLIB,False
backend/modules/auth/password_reset.py,682,email,STDLIB,False
backend/modules/auth/repository.py,7,logging,STDLIB,False
backend/modules/auth/repository.py,8,typing,STDLIB,False
backend/modules/auth/repository.py,9,core,LOCAL_PROJECT,False
backend/modules/auth/context_service.py,1,core,LOCAL_PROJECT,False
backend/modules/auth/context_service.py,2,core,LOCAL_PROJECT,False
backend/modules/auth/context_service.py,35,typing,STDLIB,False
backend/modules/auth/context_service.py,36,datetime,STDLIB,False
backend/modules/auth/context_service.py,37,logging,STDLIB,False
backend/modules/auth/context_service.py,38,pymssql,EXTERNAL_DECLARED_NOT_INSTALLED,False
backend/modules/auth/routes.py,14,os,STDLIB,False
backend/modules/auth/routes.py,15,core,LOCAL_PROJECT,False
backend/modules/auth/routes.py,16,core,LOCAL_PROJECT,False
backend/modules/auth/routes.py,50,typing,STDLIB,False
backend/modules/auth/routes.py,51,fastapi,EXTERNAL_DECLARED_NOT_INSTALLED,False
backend/modules/auth/routes.py,53,core,LOCAL_PROJECT,False
backend/modules/auth/routes.py,62,core,LOCAL_PROJECT,False
backend/modules/auth/routes.py,75,modules,LOCAL_PROJECT,False
backend/modules/auth/routes.py,76,modules,LOCAL_PROJECT,False
backend/modules/auth/routes.py,77,modules,LOCAL_PROJECT,False
backend/modules/auth/routes.py,78,core,LOCAL_PROJECT,False
backend/modules/auth/routes.py,79,core,LOCAL_PROJECT,False
backend/modules/auth/routes.py,147,asyncio,STDLIB,False
backend/modules/auth/routes.py,159,logging,STDLIB,False
backend/modules/auth/routes.py,163,logging,STDLIB,False
backend/modules/auth/routes.py,221,logging,STDLIB,False
backend/modules/auth/routes.py,286,modules,LOCAL_PROJECT,False
backend/modules/auth/routes.py,313,logging,STDLIB,False
backend/modules/auth/routes.py,370,logging,STDLIB,False
backend/modules/auth/routes.py,404,core,LOCAL_PROJECT,False
backend/modules/auth/routes.py,771,fastapi,EXTERNAL_DECLARED_NOT_INSTALLED,False
backend/modules/auth/routes.py,813,pydantic,EXTERNAL_DECLARED_NOT_INSTALLED,False
backend/modules/auth/routes.py,835,modules,LOCAL_PROJECT,False
backend/modules/auth/routes.py,845,os,STDLIB,False
backend/modules/auth/routes.py,868,modules,LOCAL_PROJECT,False
backend/modules/auth/routes.py,882,fastapi,EXTERNAL_DECLARED_NOT_INSTALLED,False
backend/modules/auth/schemas.py,1,core,LOCAL_PROJECT,False
backend/modules/auth/schemas.py,2,core,LOCAL_PROJECT,False
backend/modules/auth/schemas.py,13,typing,STDLIB,False
backend/modules/auth/schemas.py,14,datetime,STDLIB,False
backend/modules/auth/schemas.py,15,uuid,STDLIB,False
backend/modules/auth/schemas.py,16,pydantic,EXTERNAL_DECLARED_NOT_INSTALLED,False
backend/modules/comercial_v2/sync_comercial_edarsahub.py,19,uuid,STDLIB,False
backend/modules/comercial_v2/sync_comercial_edarsahub.py,20,time,STDLIB,False
backend/modules/comercial_v2/sync_comercial_edarsahub.py,21,logging,STDLIB,False
backend/modules/comercial_v2/sync_comercial_edarsahub.py,22,datetime,STDLIB,False
backend/modules/comercial_v2/sync_comercial_edarsahub.py,23,decimal,STDLIB,False
backend/modules/comercial_v2/sync_comercial_edarsahub.py,24,typing,STDLIB,False
backend/modules/comercial_v2/sync_comercial_edarsahub.py,26,core,LOCAL_PROJECT,False
backend/modules/comercial_v2/sync_comercial_edarsahub.py,28,schemas,UNRESOLVED,False
backend/modules/comercial_v2/sync_comercial_edarsahub.py,39,mappers,UNRESOLVED,False
backend/modules/comercial_v2/sync_comercial_edarsahub.py,45,core,LOCAL_PROJECT,False
backend/modules/comercial_v2/sync_comercial_edarsahub.py,46,repository_comercial_edarsahub,UNRESOLVED,False
backend/modules/comercial_v2/sync_comercial_edarsahub.py,69,core,LOCAL_PROJECT,True
backend/modules/comercial_v2/sync_comercial_edarsahub.py,74,core,LOCAL_PROJECT,True
backend/modules/comercial_v2/sync_comercial_edarsahub.py,160,core,LOCAL_PROJECT,False
backend/modules/comercial_v2/sync_comercial_edarsahub.py,221,datetime,STDLIB,False
backend/modules/comercial_v2/sync_comercial_edarsahub.py,246,datetime,STDLIB,False
backend/modules/comercial_v2/sync_comercial_edarsahub.py,339,decimal,STDLIB,False
backend/modules/comercial_v2/sync_comercial_edarsahub.py,453,collections,STDLIB,False
backend/modules/comercial_v2/sync_comercial_edarsahub.py,454,core,LOCAL_PROJECT,False
backend/modules/comercial_v2/sync_comercial_edarsahub.py,1002,sys,STDLIB,False
backend/modules/comercial_v2/__init__.py,1,core,LOCAL_PROJECT,False
backend/modules/comercial_v2/__init__.py,2,core,LOCAL_PROJECT,False
backend/modules/comercial_v2/__init__.py,34,routes,LOCAL_PROJECT,False
backend/modules/comercial_v2/__init__.py,35,feature_flag,UNRESOLVED,False
backend/modules/comercial_v2/carga_historica_abril_2026.py,26,uuid,STDLIB,False
backend/modules/comercial_v2/carga_historica_abril_2026.py,27,time,STDLIB,False
backend/modules/comercial_v2/carga_historica_abril_2026.py,28,logging,STDLIB,False
backend/modules/comercial_v2/carga_historica_abril_2026.py,29,os,STDLIB,False
backend/modules/comercial_v2/carga_historica_abril_2026.py,30,pathlib,STDLIB,False
backend/modules/comercial_v2/carga_historica_abril_2026.py,31,datetime,STDLIB,False
backend/modules/comercial_v2/carga_historica_abril_2026.py,32,decimal,STDLIB,False
backend/modules/comercial_v2/carga_historica_abril_2026.py,33,typing,STDLIB,False
backend/modules/comercial_v2/carga_historica_abril_2026.py,34,dataclasses,STDLIB,False
backend/modules/comercial_v2/carga_historica_abril_2026.py,37,dotenv,UNRESOLVED,False
backend/modules/comercial_v2/carga_historica_abril_2026.py,42,core,LOCAL_PROJECT,False
backend/modules/comercial_v2/carga_historica_abril_2026.py,43,core,LOCAL_PROJECT,False
backend/modules/comercial_v2/carga_historica_abril_2026.py,48,schemas,UNRESOLVED,False
backend/modules/comercial_v2/carga_historica_abril_2026.py,59,mappers,UNRESOLVED,False
backend/modules/comercial_v2/carga_historica_abril_2026.py,60,repository_comercial_edarsahub,UNRESOLVED,False
backend/modules/comercial_v2/carga_historica_abril_2026.py,953,sys,STDLIB,False
backend/modules/comercial_v2/repository_readonly.py,1,os,STDLIB,False
backend/modules/comercial_v2/repository_readonly.py,2,core,LOCAL_PROJECT,False
backend/modules/comercial_v2/repository_readonly.py,3,core,LOCAL_PROJECT,False
backend/modules/comercial_v2/repository_readonly.py,23,datetime,STDLIB,False
backend/modules/comercial_v2/repository_readonly.py,24,decimal,STDLIB,False
backend/modules/comercial_v2/repository_readonly.py,25,typing,STDLIB,False
backend/modules/comercial_v2/repository_readonly.py,26,logging,STDLIB,False
backend/modules/comercial_v2/repository_readonly.py,28,core,LOCAL_PROJECT,False
backend/modules/comercial_v2/repository_readonly.py,29,core,LOCAL_PROJECT,False
backend/modules/comercial_v2/repository_readonly.py,114,uuid,STDLIB,False
backend/modules/comercial_v2/repository_readonly.py,750,datetime,STDLIB,False
backend/modules/comercial_v2/feature_flag.py,1,core,LOCAL_PROJECT,False
backend/modules/comercial_v2/feature_flag.py,2,core,LOCAL_PROJECT,False
backend/modules/comercial_v2/feature_flag.py,16,os,STDLIB,False
backend/modules/comercial_v2/feature_flag.py,17,typing,STDLIB,False
backend/modules/comercial_v2/feature_flag.py,18,logging,STDLIB,False
backend/modules/comercial_v2/repository_comercial_edarsahub.py,1,core,LOCAL_PROJECT,False
backend/modules/comercial_v2/repository_comercial_edarsahub.py,2,core,LOCAL_PROJECT,False
backend/modules/comercial_v2/repository_comercial_edarsahub.py,19,os,STDLIB,False
backend/modules/comercial_v2/repository_comercial_edarsahub.py,20,uuid,STDLIB,False
backend/modules/comercial_v2/repository_comercial_edarsahub.py,21,datetime,STDLIB,False
backend/modules/comercial_v2/repository_comercial_edarsahub.py,22,decimal,STDLIB,False
backend/modules/comercial_v2/repository_comercial_edarsahub.py,23,typing,STDLIB,False
backend/modules/comercial_v2/repository_comercial_edarsahub.py,24,logging,STDLIB,False
backend/modules/comercial_v2/repository_comercial_edarsahub.py,26,core,LOCAL_PROJECT,False
backend/modules/comercial_v2/repository_comercial_edarsahub.py,27,core,LOCAL_PROJECT,False
backend/modules/comercial_v2/repository_comercial_edarsahub.py,28,schemas,UNRESOLVED,False
backend/modules/comercial_v2/repository_comercial_edarsahub.py,46,core,LOCAL_PROJECT,False
backend/modules/comercial_v2/repository_comercial_edarsahub.py,292,logging,STDLIB,False
backend/modules/comercial_v2/repository_comercial_edarsahub.py,293,traceback,STDLIB,False
backend/modules/comercial_v2/repository_comercial_edarsahub.py,318,core,LOCAL_PROJECT,False
backend/modules/comercial_v2/repository_comercial_edarsahub.py,362,datetime,STDLIB,False
backend/modules/comercial_v2/repository_comercial_edarsahub.py,363,pytz,EXTERNAL_DECLARED_NOT_INSTALLED,False
backend/modules/comercial_v2/schemas_api.py,1,core,LOCAL_PROJECT,False
backend/modules/comercial_v2/schemas_api.py,2,core,LOCAL_PROJECT,False
backend/modules/comercial_v2/schemas_api.py,11,datetime,STDLIB,False
backend/modules/comercial_v2/schemas_api.py,12,decimal,STDLIB,False
backend/modules/comercial_v2/schemas_api.py,13,typing,STDLIB,False
backend/modules/comercial_v2/schemas_api.py,14,pydantic,EXTERNAL_DECLARED_NOT_INSTALLED,False
backend/modules/comercial_v2/mappers.py,1,core,LOCAL_PROJECT,False
backend/modules/comercial_v2/mappers.py,2,core,LOCAL_PROJECT,False
backend/modules/comercial_v2/mappers.py,16,hashlib,STDLIB,False
backend/modules/comercial_v2/mappers.py,17,datetime,STDLIB,False
backend/modules/comercial_v2/mappers.py,18,decimal,STDLIB,False
backend/modules/comercial_v2/mappers.py,19,typing,STDLIB,False
backend/modules/comercial_v2/mappers.py,21,schemas,UNRESOLVED,False
backend/modules/comercial_v2/carga_historica_24_meses.py,29,uuid,STDLIB,False
backend/modules/comercial_v2/carga_historica_24_meses.py,30,time,STDLIB,False
backend/modules/comercial_v2/carga_historica_24_meses.py,31,logging,STDLIB,False
backend/modules/comercial_v2/carga_historica_24_meses.py,32,os,STDLIB,False
backend/modules/comercial_v2/carga_historica_24_meses.py,33,pathlib,STDLIB,False
backend/modules/comercial_v2/carga_historica_24_meses.py,34,datetime,STDLIB,False
backend/modules/comercial_v2/carga_historica_24_meses.py,35,decimal,STDLIB,False
backend/modules/comercial_v2/carga_historica_24_meses.py,36,typing,STDLIB,False
backend/modules/comercial_v2/carga_historica_24_meses.py,37,dataclasses,STDLIB,False
backend/modules/comercial_v2/carga_historica_24_meses.py,38,dateutil,UNRESOLVED,False
backend/modules/comercial_v2/carga_historica_24_meses.py,41,dotenv,UNRESOLVED,False
backend/modules/comercial_v2/carga_historica_24_meses.py,46,core,LOCAL_PROJECT,False
backend/modules/comercial_v2/carga_historica_24_meses.py,47,core,LOCAL_PROJECT,False
backend/modules/comercial_v2/carga_historica_24_meses.py,48,core,LOCAL_PROJECT,False
backend/modules/comercial_v2/carga_historica_24_meses.py,50,schemas,UNRESOLVED,False
backend/modules/comercial_v2/carga_historica_24_meses.py,59,mappers,UNRESOLVED,False
backend/modules/comercial_v2/carga_historica_24_meses.py,60,repository_comercial_edarsahub,UNRESOLVED,False
backend/modules/comercial_v2/routes.py,22,datetime,STDLIB,False
backend/modules/comercial_v2/routes.py,23,typing,STDLIB,False
backend/modules/comercial_v2/routes.py,24,fastapi,EXTERNAL_DECLARED_NOT_INSTALLED,False
backend/modules/comercial_v2/routes.py,25,logging,STDLIB,False
backend/modules/comercial_v2/routes.py,28,core,LOCAL_PROJECT,False
backend/modules/comercial_v2/routes.py,29,core,LOCAL_PROJECT,False
backend/modules/comercial_v2/routes.py,31,feature_flag,UNRESOLVED,False
backend/modules/comercial_v2/routes.py,32,repository_readonly,UNRESOLVED,False
backend/modules/comercial_v2/routes.py,46,schemas_api,UNRESOLVED,False
backend/modules/comercial_v2/routes.py,96,core,LOCAL_PROJECT,False
backend/modules/comercial_v2/routes.py,100,core,LOCAL_PROJECT,False
backend/modules/comercial_v2/routes.py,108,core,LOCAL_PROJECT,False
backend/modules/comercial_v2/routes.py,112,core,LOCAL_PROJECT,False
backend/modules/comercial_v2/routes.py,128,core,LOCAL_PROJECT,False
backend/modules/comercial_v2/routes.py,129,core,LOCAL_PROJECT,False
backend/modules/comercial_v2/routes.py,130,core,LOCAL_PROJECT,False
backend/modules/comercial_v2/routes.py,296,dateutil,UNRESOLVED,False
backend/modules/comercial_v2/routes.py,487,dateutil,UNRESOLVED,False
backend/modules/comercial_v2/routes.py,614,core,LOCAL_PROJECT,False
backend/modules/comercial_v2/routes.py,615,core,LOCAL_PROJECT,False
backend/modules/comercial_v2/routes.py,753,collections,STDLIB,False
backend/modules/comercial_v2/routes.py,757,core,LOCAL_PROJECT,False
backend/modules/comercial_v2/routes.py,785,pytz,EXTERNAL_DECLARED_NOT_INSTALLED,False
backend/modules/comercial_v2/routes.py,1248,datetime,STDLIB,False
backend/modules/comercial_v2/routes.py,1259,modules,LOCAL_PROJECT,False
backend/modules/comercial_v2/routes.py,1399,collections,STDLIB,False
backend/modules/comercial_v2/routes.py,1400,core,LOCAL_PROJECT,False
backend/modules/comercial_v2/schemas.py,1,core,LOCAL_PROJECT,False
backend/modules/comercial_v2/schemas.py,2,core,LOCAL_PROJECT,False
backend/modules/comercial_v2/schemas.py,11,pydantic,EXTERNAL_DECLARED_NOT_INSTALLED,False
backend/modules/comercial_v2/schemas.py,12,typing,STDLIB,False
backend/modules/comercial_v2/schemas.py,13,datetime,STDLIB,False
backend/modules/comercial_v2/schemas.py,14,decimal,STDLIB,False
backend/modules/comercial_v2/schemas.py,15,enum,STDLIB,False
backend/modules/sql_compat_bridge/__init__.py,1,repository,UNRESOLVED,False
backend/modules/sql_compat_bridge/__init__.py,2,routes,LOCAL_PROJECT,False
backend/modules/sql_compat_bridge/repository.py,5,logging,STDLIB,False
backend/modules/sql_compat_bridge/repository.py,6,typing,STDLIB,False
backend/modules/sql_compat_bridge/repository.py,7,core,LOCAL_PROJECT,False
backend/modules/sql_compat_bridge/routes.py,5,fastapi,EXTERNAL_DECLARED_NOT_INSTALLED,False
backend/modules/sql_compat_bridge/routes.py,6,typing,STDLIB,False
backend/modules/sql_compat_bridge/routes.py,7,core,LOCAL_PROJECT,False
backend/modules/sql_compat_bridge/routes.py,8,repository,UNRESOLVED,False
backend/modules/tablajeria/__init__.py,1,core,LOCAL_PROJECT,False
backend/modules/tablajeria/__init__.py,2,core,LOCAL_PROJECT,False
backend/modules/tablajeria/__init__.py,8,routes,LOCAL_PROJECT,False
backend/modules/tablajeria/__init__.py,9,schemas,UNRESOLVED,False
backend/modules/tablajeria/__init__.py,10,sync_service,UNRESOLVED,False
backend/modules/tablajeria/ordenes_service.py,1,core,LOCAL_PROJECT,False
backend/modules/tablajeria/ordenes_service.py,2,core,LOCAL_PROJECT,False
backend/modules/tablajeria/ordenes_service.py,3,core,LOCAL_PROJECT,False
backend/modules/tablajeria/ordenes_service.py,13,logging,STDLIB,False
backend/modules/tablajeria/ordenes_service.py,14,pymssql,EXTERNAL_DECLARED_NOT_INSTALLED,False
backend/modules/tablajeria/ordenes_service.py,15,uuid,STDLIB,False
backend/modules/tablajeria/ordenes_service.py,16,json,STDLIB,False
backend/modules/tablajeria/ordenes_service.py,17,typing,STDLIB,False
backend/modules/tablajeria/ordenes_service.py,18,datetime,STDLIB,False
backend/modules/tablajeria/ordenes_service.py,19,decimal,STDLIB,False
backend/modules/tablajeria/ordenes_service.py,20,zoneinfo,STDLIB,False
backend/modules/tablajeria/ordenes_service.py,22,schemas,UNRESOLVED,False
backend/modules/tablajeria/ordenes_service.py,258,schemas,UNRESOLVED,False
backend/modules/tablajeria/dashboard_service.py,1,core,LOCAL_PROJECT,False
backend/modules/tablajeria/dashboard_service.py,2,core,LOCAL_PROJECT,False
backend/modules/tablajeria/dashboard_service.py,3,core,LOCAL_PROJECT,False
backend/modules/tablajeria/dashboard_service.py,13,pymssql,EXTERNAL_DECLARED_NOT_INSTALLED,False
backend/modules/tablajeria/dashboard_service.py,14,os,STDLIB,False
backend/modules/tablajeria/dashboard_service.py,15,logging,STDLIB,False
backend/modules/tablajeria/dashboard_service.py,16,datetime,STDLIB,False
backend/modules/tablajeria/dashboard_service.py,17,decimal,STDLIB,False
backend/modules/tablajeria/dashboard_service.py,18,typing,STDLIB,False
backend/modules/tablajeria/dashboard_service.py,19,core,LOCAL_PROJECT,False
backend/modules/tablajeria/fase6_service.py,1,core,LOCAL_PROJECT,False
backend/modules/tablajeria/fase6_service.py,2,core,LOCAL_PROJECT,False
backend/modules/tablajeria/fase6_service.py,12,logging,STDLIB,False
backend/modules/tablajeria/fase6_service.py,13,pymssql,EXTERNAL_DECLARED_NOT_INSTALLED,False
backend/modules/tablajeria/fase6_service.py,14,uuid,STDLIB,False
backend/modules/tablajeria/fase6_service.py,15,os,STDLIB,False
backend/modules/tablajeria/fase6_service.py,16,typing,STDLIB,False
backend/modules/tablajeria/fase6_service.py,17,datetime,STDLIB,False
backend/modules/tablajeria/fase6_service.py,18,decimal,STDLIB,False
backend/modules/tablajeria/fase6_service.py,19,dataclasses,STDLIB,False
backend/modules/tablajeria/fase6_service.py,20,enum,STDLIB,False
backend/modules/tablajeria/fase6_service.py,21,core,LOCAL_PROJECT,False
backend/modules/tablajeria/fase6_service.py,22,core,LOCAL_PROJECT,False
backend/modules/tablajeria/sync_service.py,9,logging,STDLIB,False
backend/modules/tablajeria/sync_service.py,10,hashlib,STDLIB,False
backend/modules/tablajeria/sync_service.py,11,json,STDLIB,False
backend/modules/tablajeria/sync_service.py,12,os,STDLIB,False
backend/modules/tablajeria/sync_service.py,13,typing,STDLIB,False
backend/modules/tablajeria/sync_service.py,14,datetime,STDLIB,False
backend/modules/tablajeria/sync_service.py,15,decimal,STDLIB,False
backend/modules/tablajeria/sync_service.py,16,zoneinfo,STDLIB,False
backend/modules/tablajeria/sync_service.py,18,schemas,UNRESOLVED,False
backend/modules/tablajeria/sync_service.py,28,core,LOCAL_PROJECT,False
backend/modules/tablajeria/sync_service.py,29,core,LOCAL_PROJECT,False
backend/modules/tablajeria/sync_service.py,330,uuid,STDLIB,False
backend/modules/tablajeria/sync_service.py,486,uuid,STDLIB,False
backend/modules/tablajeria/routes.py,1,core,LOCAL_PROJECT,False
backend/modules/tablajeria/routes.py,2,core,LOCAL_PROJECT,False
backend/modules/tablajeria/routes.py,13,fastapi,EXTERNAL_DECLARED_NOT_INSTALLED,False
backend/modules/tablajeria/routes.py,14,pydantic,EXTERNAL_DECLARED_NOT_INSTALLED,False
backend/modules/tablajeria/routes.py,15,typing,STDLIB,False
backend/modules/tablajeria/routes.py,16,datetime,STDLIB,False
backend/modules/tablajeria/routes.py,17,decimal,STDLIB,False
backend/modules/tablajeria/routes.py,18,logging,STDLIB,False
backend/modules/tablajeria/routes.py,19,os,STDLIB,False
backend/modules/tablajeria/routes.py,20,pymssql,EXTERNAL_DECLARED_NOT_INSTALLED,False
backend/modules/tablajeria/routes.py,21,json,STDLIB,False
backend/modules/tablajeria/routes.py,23,schemas,UNRESOLVED,False
backend/modules/tablajeria/routes.py,29,sync_service,UNRESOLVED,False
backend/modules/tablajeria/routes.py,30,ordenes_service,UNRESOLVED,False
backend/modules/tablajeria/routes.py,31,core,LOCAL_PROJECT,False
backend/modules/tablajeria/routes.py,32,core,LOCAL_PROJECT,False
backend/modules/tablajeria/routes.py,884,fase6_service,UNRESOLVED,False
backend/modules/tablajeria/routes.py,885,decimal,STDLIB,False
backend/modules/tablajeria/routes.py,1076,dashboard_service,UNRESOLVED,False
backend/modules/tablajeria/routes.py,1077,core,LOCAL_PROJECT,False
backend/modules/tablajeria/routes.py,1282,csv,STDLIB,False
backend/modules/tablajeria/routes.py,1283,io,STDLIB,False
backend/modules/tablajeria/routes.py,1284,fastapi,EXTERNAL_DECLARED_NOT_INSTALLED,False
backend/modules/tablajeria/schemas.py,1,core,LOCAL_PROJECT,False
backend/modules/tablajeria/schemas.py,2,core,LOCAL_PROJECT,False
backend/modules/tablajeria/schemas.py,9,pydantic,EXTERNAL_DECLARED_NOT_INSTALLED,False
backend/modules/tablajeria/schemas.py,10,typing,STDLIB,False
backend/modules/tablajeria/schemas.py,11,datetime,STDLIB,False
backend/modules/tablajeria/schemas.py,12,decimal,STDLIB,False
backend/modules/tablajeria/schemas.py,13,enum,STDLIB,False
backend/modules/catalogo/__init__.py,1,routes,LOCAL_PROJECT,False
backend/modules/catalogo/routes.py,15,typing,STDLIB,False
backend/modules/catalogo/routes.py,16,fastapi,EXTERNAL_DECLARED_NOT_INSTALLED,False
backend/modules/catalogo/routes.py,18,core,LOCAL_PROJECT,False
backend/modules/catalogo/routes.py,19,core,LOCAL_PROJECT,False
backend/modules/catalogo/routes.py,20,modules,LOCAL_PROJECT,False
backend/modules/catalogo/routes.py,21,modules,LOCAL_PROJECT,False
backend/modules/catalogo/routes.py,22,core,LOCAL_PROJECT,False
backend/modules/universal_query/__init__.py,1,core,LOCAL_PROJECT,False
backend/modules/universal_query/__init__.py,2,core,LOCAL_PROJECT,False
backend/modules/universal_query/__init__.py,10,routes,LOCAL_PROJECT,False
backend/modules/universal_query/routes.py,1,core,LOCAL_PROJECT,False
backend/modules/universal_query/routes.py,2,core,LOCAL_PROJECT,False
backend/modules/universal_query/routes.py,3,core,LOCAL_PROJECT,False
backend/modules/universal_query/routes.py,19,fastapi,EXTERNAL_DECLARED_NOT_INSTALLED,False
backend/modules/universal_query/routes.py,20,typing,STDLIB,False
backend/modules/universal_query/routes.py,21,pydantic,EXTERNAL_DECLARED_NOT_INSTALLED,False
backend/modules/universal_query/routes.py,22,time,STDLIB,False
backend/modules/universal_query/routes.py,23,re,STDLIB,False
backend/modules/universal_query/routes.py,24,logging,STDLIB,False
backend/modules/universal_query/routes.py,25,pymssql,EXTERNAL_DECLARED_NOT_INSTALLED,False
backend/modules/universal_query/routes.py,26,httpx,EXTERNAL_DECLARED_NOT_INSTALLED,False
backend/modules/universal_query/routes.py,27,datetime,STDLIB,False
backend/modules/universal_query/routes.py,28,decimal,STDLIB,False
backend/modules/universal_query/routes.py,173,server,LOCAL_PROJECT,False
backend/modules/universal_query/routes.py,174,core,LOCAL_PROJECT,False
backend/modules/universal_query/routes.py,245,server,LOCAL_PROJECT,False
backend/modules/universal_query/routes.py,246,core,LOCAL_PROJECT,False
backend/modules/sync_recetas/models.py,6,dataclasses,STDLIB,False
backend/modules/sync_recetas/models.py,7,typing,STDLIB,False
backend/modules/sync_recetas/models.py,8,datetime,STDLIB,False
backend/modules/sync_recetas/models.py,9,decimal,STDLIB,False
backend/modules/sync_recetas/sync_recetas.py,13,uuid,STDLIB,False
backend/modules/sync_recetas/sync_recetas.py,14,hashlib,STDLIB,False
backend/modules/sync_recetas/sync_recetas.py,15,datetime,STDLIB,False
backend/modules/sync_recetas/sync_recetas.py,16,decimal,STDLIB,False
backend/modules/sync_recetas/sync_recetas.py,17,typing,STDLIB,False
backend/modules/sync_recetas/sync_recetas.py,18,zoneinfo,STDLIB,False
backend/modules/sync_recetas/sync_recetas.py,20,core,LOCAL_PROJECT,False
backend/modules/sync_recetas/sync_recetas.py,21,core,LOCAL_PROJECT,False
backend/modules/sync_recetas/sync_recetas.py,28,models,LOCAL_PROJECT,False
backend/modules/rbac_context_sql/context_routes.py,1,fastapi,EXTERNAL_DECLARED_NOT_INSTALLED,False
backend/modules/rbac_context_sql/context_routes.py,2,typing,STDLIB,False
backend/modules/rbac_context_sql/context_routes.py,3,core,LOCAL_PROJECT,False
backend/modules/rbac_context_sql/context_routes.py,4,core,LOCAL_PROJECT,False
backend/modules/rbac_context_sql/context_routes.py,5,modules,LOCAL_PROJECT,False
backend/modules/rbac_context_sql/context_service.py,1,typing,STDLIB,False
backend/modules/rbac_context_sql/context_service.py,2,core,LOCAL_PROJECT,False
backend/modules/rbac_context_sql/context_service.py,3,core,LOCAL_PROJECT,False
backend/modules/rbac_context_sql/routes.py,1,fastapi,EXTERNAL_DECLARED_NOT_INSTALLED,False
backend/modules/rbac_context_sql/routes.py,2,typing,STDLIB,False
backend/modules/rbac_context_sql/routes.py,3,core,LOCAL_PROJECT,False
backend/modules/rbac_context_sql/routes.py,4,core,LOCAL_PROJECT,False
backend/modules/rbac_context_sql/routes.py,5,core,LOCAL_PROJECT,False
backend/modules/comercial_benchmark/__init__.py,2,modules,LOCAL_PROJECT,False
backend/modules/comercial_benchmark/stats.py,5,__future__,STDLIB,False
backend/modules/comercial_benchmark/stats.py,7,statistics,STDLIB,False
backend/modules/comercial_benchmark/stats.py,8,typing,STDLIB,False
backend/modules/comercial_benchmark/repository.py,18,logging,STDLIB,False
backend/modules/comercial_benchmark/repository.py,19,typing,STDLIB,False
backend/modules/comercial_benchmark/repository.py,21,core,LOCAL_PROJECT,False
backend/modules/comercial_benchmark/repository.py,22,core,LOCAL_PROJECT,False
backend/modules/comercial_benchmark/repository.py,23,core,LOCAL_PROJECT,False
backend/modules/comercial_benchmark/repository.py,24,core,LOCAL_PROJECT,False
backend/modules/comercial_benchmark/routes.py,13,logging,STDLIB,False
backend/modules/comercial_benchmark/routes.py,14,datetime,STDLIB,False
backend/modules/comercial_benchmark/routes.py,15,typing,STDLIB,False
backend/modules/comercial_benchmark/routes.py,16,fastapi,EXTERNAL_DECLARED_NOT_INSTALLED,False
backend/modules/comercial_benchmark/routes.py,18,core,LOCAL_PROJECT,False
backend/modules/comercial_benchmark/routes.py,19,core,LOCAL_PROJECT,False
backend/modules/comercial_benchmark/routes.py,20,core,LOCAL_PROJECT,False
backend/modules/comercial_benchmark/routes.py,21,core,LOCAL_PROJECT,False
backend/modules/comercial_benchmark/routes.py,22,core,LOCAL_PROJECT,False
backend/modules/comercial_benchmark/routes.py,23,modules,LOCAL_PROJECT,False
backend/modules/comercial_benchmark/routes.py,24,modules,LOCAL_PROJECT,False
backend/modules/comercial_benchmark/routes.py,46,core,LOCAL_PROJECT,False
backend/modules/comercial_benchmark/routes.py,137,core,LOCAL_PROJECT,False
backend/modules/comercial_benchmark/routes.py,174,core,LOCAL_PROJECT,False
backend/modules/informes_auditoria/__init__.py,1,repository,UNRESOLVED,False
backend/modules/informes_auditoria/__init__.py,2,routes,LOCAL_PROJECT,False
backend/modules/informes_auditoria/repository.py,5,logging,STDLIB,False
backend/modules/informes_auditoria/repository.py,6,typing,STDLIB,False
backend/modules/informes_auditoria/repository.py,7,core,LOCAL_PROJECT,False
backend/modules/informes_auditoria/routes.py,5,fastapi,EXTERNAL_DECLARED_NOT_INSTALLED,False
backend/modules/informes_auditoria/routes.py,6,typing,STDLIB,False
backend/modules/informes_auditoria/routes.py,7,core,LOCAL_PROJECT,False
backend/modules/informes_auditoria/routes.py,8,repository,UNRESOLVED,False
backend/modules/crm/automation_service.py,1,core,LOCAL_PROJECT,False
backend/modules/crm/automation_service.py,2,core,LOCAL_PROJECT,False
backend/modules/crm/automation_service.py,3,core,LOCAL_PROJECT,False
backend/modules/crm/automation_service.py,16,logging,STDLIB,False
backend/modules/crm/automation_service.py,17,typing,STDLIB,False
backend/modules/crm/automation_service.py,18,datetime,STDLIB,False
backend/modules/crm/automation_service.py,19,pymssql,EXTERNAL_DECLARED_NOT_INSTALLED,False
backend/modules/crm/automation_service.py,20,os,STDLIB,False
backend/modules/crm/automation_service.py,21,uuid,STDLIB,False
backend/modules/crm/automation_service.py,22,core,LOCAL_PROJECT,False
backend/modules/crm/automation_service.py,158,json,STDLIB,False
backend/modules/crm/automation_service.py,189,json,STDLIB,False
backend/modules/crm/service.py,1,core,LOCAL_PROJECT,False
backend/modules/crm/service.py,2,core,LOCAL_PROJECT,False
backend/modules/crm/service.py,8,logging,STDLIB,False
backend/modules/crm/service.py,9,typing,STDLIB,False
backend/modules/crm/service.py,10,datetime,STDLIB,False
backend/modules/crm/__init__.py,1,core,LOCAL_PROJECT,False
backend/modules/crm/__init__.py,2,core,LOCAL_PROJECT,False
backend/modules/crm/__init__.py,6,service,UNRESOLVED,False
backend/modules/crm/comercial_routes.py,1,core,LOCAL_PROJECT,False
backend/modules/crm/comercial_routes.py,2,core,LOCAL_PROJECT,False
backend/modules/crm/comercial_routes.py,15,fastapi,EXTERNAL_DECLARED_NOT_INSTALLED,False
backend/modules/crm/comercial_routes.py,16,pydantic,EXTERNAL_DECLARED_NOT_INSTALLED,False
backend/modules/crm/comercial_routes.py,17,typing,STDLIB,False
backend/modules/crm/comercial_routes.py,18,datetime,STDLIB,False
backend/modules/crm/comercial_routes.py,19,decimal,STDLIB,False
backend/modules/crm/comercial_routes.py,20,logging,STDLIB,False
backend/modules/crm/comercial_routes.py,21,os,STDLIB,False
backend/modules/crm/comercial_routes.py,23,comercial_service,UNRESOLVED,False
backend/modules/crm/comercial_routes.py,24,core,LOCAL_PROJECT,False
backend/modules/crm/comercial_routes.py,25,core,LOCAL_PROJECT,False
backend/modules/crm/comercial_routes.py,26,core,LOCAL_PROJECT,False
backend/modules/crm/comercial_routes.py,184,pymssql,EXTERNAL_DECLARED_NOT_INSTALLED,False
backend/modules/crm/comercial_routes.py,185,os,STDLIB,False
backend/modules/crm/native_service.py,1,core,LOCAL_PROJECT,False
backend/modules/crm/native_service.py,2,core,LOCAL_PROJECT,False
backend/modules/crm/native_service.py,9,logging,STDLIB,False
backend/modules/crm/native_service.py,10,typing,STDLIB,False
backend/modules/crm/native_service.py,11,uuid,STDLIB,False
backend/modules/crm/native_service.py,12,datetime,STDLIB,False
backend/modules/crm/native_service.py,14,repository,UNRESOLVED,False
backend/modules/crm/trigger_service.py,1,core,LOCAL_PROJECT,False
backend/modules/crm/trigger_service.py,2,core,LOCAL_PROJECT,False
backend/modules/crm/trigger_service.py,3,core,LOCAL_PROJECT,False
backend/modules/crm/trigger_service.py,19,logging,STDLIB,False
backend/modules/crm/trigger_service.py,20,json,STDLIB,False
backend/modules/crm/trigger_service.py,21,typing,STDLIB,False
backend/modules/crm/trigger_service.py,22,datetime,STDLIB,False
backend/modules/crm/trigger_service.py,23,enum,STDLIB,False
backend/modules/crm/trigger_service.py,24,pymssql,EXTERNAL_DECLARED_NOT_INSTALLED,False
backend/modules/crm/trigger_service.py,25,os,STDLIB,False
backend/modules/crm/trigger_service.py,26,uuid,STDLIB,False
backend/modules/crm/trigger_service.py,27,core,LOCAL_PROJECT,False
backend/modules/crm/trigger_service.py,86,modules,LOCAL_PROJECT,True
backend/modules/crm/trigger_service.py,436,requests,EXTERNAL_DECLARED_NOT_INSTALLED,False
backend/modules/crm/vtiger_routes.py,1,core,LOCAL_PROJECT,False
backend/modules/crm/vtiger_routes.py,2,core,LOCAL_PROJECT,False
backend/modules/crm/vtiger_routes.py,9,fastapi,EXTERNAL_DECLARED_NOT_INSTALLED,False
backend/modules/crm/vtiger_routes.py,10,fastapi,EXTERNAL_DECLARED_NOT_INSTALLED,False
backend/modules/crm/vtiger_routes.py,11,pydantic,EXTERNAL_DECLARED_NOT_INSTALLED,False
backend/modules/crm/vtiger_routes.py,12,typing,STDLIB,False
backend/modules/crm/vtiger_routes.py,13,logging,STDLIB,False
backend/modules/crm/vtiger_routes.py,14,os,STDLIB,False
backend/modules/crm/vtiger_routes.py,15,datetime,STDLIB,False
backend/modules/crm/vtiger_routes.py,17,vtiger_client,UNRESOLVED,False
backend/modules/crm/vtiger_routes.py,120,uuid,STDLIB,False
backend/modules/crm/vtiger_routes.py,202,time,STDLIB,False
backend/modules/crm/vtiger_routes.py,241,time,STDLIB,False
backend/modules/crm/vtiger_routes.py,398,core,LOCAL_PROJECT,False
backend/modules/crm/vtiger_routes.py,412,core,LOCAL_PROJECT,False
backend/modules/crm/automation_routes.py,1,core,LOCAL_PROJECT,False
backend/modules/crm/automation_routes.py,2,core,LOCAL_PROJECT,False
backend/modules/crm/automation_routes.py,9,fastapi,EXTERNAL_DECLARED_NOT_INSTALLED,False
backend/modules/crm/automation_routes.py,10,pydantic,EXTERNAL_DECLARED_NOT_INSTALLED,False
backend/modules/crm/automation_routes.py,11,typing,STDLIB,False
backend/modules/crm/automation_routes.py,12,datetime,STDLIB,False
backend/modules/crm/automation_routes.py,13,logging,STDLIB,False
backend/modules/crm/automation_routes.py,15,core,LOCAL_PROJECT,False
backend/modules/crm/automation_routes.py,16,automation_service,UNRESOLVED,False
backend/modules/crm/comercial_service.py,1,core,LOCAL_PROJECT,False
backend/modules/crm/comercial_service.py,2,core,LOCAL_PROJECT,False
backend/modules/crm/comercial_service.py,18,logging,STDLIB,False
backend/modules/crm/comercial_service.py,19,pymssql,EXTERNAL_DECLARED_NOT_INSTALLED,False
backend/modules/crm/comercial_service.py,20,uuid,STDLIB,False
backend/modules/crm/comercial_service.py,21,typing,STDLIB,False
backend/modules/crm/comercial_service.py,22,datetime,STDLIB,False
backend/modules/crm/comercial_service.py,23,decimal,STDLIB,False
backend/modules/crm/comercial_service.py,24,core,LOCAL_PROJECT,False
backend/modules/crm/vtiger_client.py,1,core,LOCAL_PROJECT,False
backend/modules/crm/vtiger_client.py,2,core,LOCAL_PROJECT,False
backend/modules/crm/vtiger_client.py,17,httpx,EXTERNAL_DECLARED_NOT_INSTALLED,False
backend/modules/crm/vtiger_client.py,18,hashlib,STDLIB,False
backend/modules/crm/vtiger_client.py,19,logging,STDLIB,False
backend/modules/crm/vtiger_client.py,20,typing,STDLIB,False
backend/modules/crm/vtiger_client.py,21,datetime,STDLIB,False
backend/modules/crm/vtiger_client.py,22,dataclasses,STDLIB,False
backend/modules/crm/vtiger_client.py,23,enum,STDLIB,False
backend/modules/crm/vtiger_client.py,24,json,STDLIB,False
backend/modules/crm/repository.py,1,core,LOCAL_PROJECT,False
backend/modules/crm/repository.py,2,core,LOCAL_PROJECT,False
backend/modules/crm/repository.py,10,logging,STDLIB,False
backend/modules/crm/repository.py,11,pymssql,EXTERNAL_DECLARED_NOT_INSTALLED,False
backend/modules/crm/repository.py,12,os,STDLIB,False
backend/modules/crm/repository.py,13,typing,STDLIB,False
backend/modules/crm/repository.py,14,datetime,STDLIB,False
backend/modules/crm/repository.py,15,uuid,STDLIB,False
backend/modules/crm/repository.py,16,zoneinfo,STDLIB,False
backend/modules/crm/repository.py,17,core,LOCAL_PROJECT,False
backend/modules/crm/repository.py,18,core,LOCAL_PROJECT,False
backend/modules/crm/native_routes.py,1,core,LOCAL_PROJECT,False
backend/modules/crm/native_routes.py,2,core,LOCAL_PROJECT,False
backend/modules/crm/native_routes.py,12,fastapi,EXTERNAL_DECLARED_NOT_INSTALLED,False
backend/modules/crm/native_routes.py,13,typing,STDLIB,False
backend/modules/crm/native_routes.py,14,uuid,STDLIB,False
backend/modules/crm/native_routes.py,15,logging,STDLIB,False
backend/modules/crm/native_routes.py,17,core,LOCAL_PROJECT,False
backend/modules/crm/native_routes.py,18,schemas,UNRESOLVED,False
backend/modules/crm/native_routes.py,25,native_service,UNRESOLVED,False
backend/modules/crm/native_routes.py,26,core,LOCAL_PROJECT,False
backend/modules/crm/native_routes.py,27,core,LOCAL_PROJECT,False
backend/modules/crm/native_routes.py,83,pymssql,EXTERNAL_DECLARED_NOT_INSTALLED,False
backend/modules/crm/native_routes.py,84,os,STDLIB,False
backend/modules/crm/native_routes.py,307,pymssql,EXTERNAL_DECLARED_NOT_INSTALLED,False
backend/modules/crm/native_routes.py,308,os,STDLIB,False
backend/modules/crm/native_routes.py,412,pymssql,EXTERNAL_DECLARED_NOT_INSTALLED,False
backend/modules/crm/native_routes.py,413,os,STDLIB,False
backend/modules/crm/trigger_routes.py,1,core,LOCAL_PROJECT,False
backend/modules/crm/trigger_routes.py,2,core,LOCAL_PROJECT,False
backend/modules/crm/trigger_routes.py,9,fastapi,EXTERNAL_DECLARED_NOT_INSTALLED,False
backend/modules/crm/trigger_routes.py,10,pydantic,EXTERNAL_DECLARED_NOT_INSTALLED,False
backend/modules/crm/trigger_routes.py,11,typing,STDLIB,False
backend/modules/crm/trigger_routes.py,12,logging,STDLIB,False
backend/modules/crm/trigger_routes.py,14,core,LOCAL_PROJECT,False
backend/modules/crm/trigger_routes.py,15,trigger_service,UNRESOLVED,False
backend/modules/crm/integration_routes.py,1,core,LOCAL_PROJECT,False
backend/modules/crm/integration_routes.py,2,core,LOCAL_PROJECT,False
backend/modules/crm/integration_routes.py,9,fastapi,EXTERNAL_DECLARED_NOT_INSTALLED,False
backend/modules/crm/integration_routes.py,10,typing,STDLIB,False
backend/modules/crm/integration_routes.py,11,pydantic,EXTERNAL_DECLARED_NOT_INSTALLED,False
backend/modules/crm/integration_routes.py,12,datetime,STDLIB,False
backend/modules/crm/integration_routes.py,13,logging,STDLIB,False
backend/modules/crm/integration_routes.py,14,json,STDLIB,False
backend/modules/crm/integration_routes.py,15,os,STDLIB,False
backend/modules/crm/integration_routes.py,16,pymssql,EXTERNAL_DECLARED_NOT_INSTALLED,False
backend/modules/crm/integration_routes.py,18,integration,UNRESOLVED,False
backend/modules/crm/integration_routes.py,27,core,LOCAL_PROJECT,False
backend/modules/crm/integration_routes.py,28,core,LOCAL_PROJECT,False
backend/modules/crm/routes.py,1,core,LOCAL_PROJECT,False
backend/modules/crm/routes.py,2,core,LOCAL_PROJECT,False
backend/modules/crm/routes.py,9,fastapi,EXTERNAL_DECLARED_NOT_INSTALLED,False
backend/modules/crm/routes.py,10,fastapi,EXTERNAL_DECLARED_NOT_INSTALLED,False
backend/modules/crm/routes.py,11,logging,STDLIB,False
backend/modules/crm/routes.py,13,service,UNRESOLVED,False
backend/modules/crm/schemas.py,1,core,LOCAL_PROJECT,False
backend/modules/crm/schemas.py,2,core,LOCAL_PROJECT,False
backend/modules/crm/schemas.py,10,pydantic,EXTERNAL_DECLARED_NOT_INSTALLED,False
backend/modules/crm/schemas.py,11,typing,STDLIB,False
backend/modules/crm/schemas.py,12,datetime,STDLIB,False
backend/modules/crm/schemas.py,13,uuid,STDLIB,False
backend/modules/crm/schemas.py,14,enum,STDLIB,False
backend/modules/crm/sql/execute_crm_migration.py,1,core,LOCAL_PROJECT,False
backend/modules/crm/sql/execute_crm_migration.py,2,core,LOCAL_PROJECT,False
backend/modules/crm/sql/execute_crm_migration.py,8,os,STDLIB,False
backend/modules/crm/sql/execute_crm_migration.py,9,sys,STDLIB,False
backend/modules/crm/sql/execute_crm_migration.py,10,pymssql,EXTERNAL_DECLARED_NOT_INSTALLED,False
backend/modules/crm/sql/execute_crm_migration.py,11,datetime,STDLIB,False
backend/modules/crm/sql/execute_crm_migration.py,12,core,LOCAL_PROJECT,False
backend/modules/crm/sql/execute_crm_migration.py,13,core,LOCAL_PROJECT,False
backend/modules/crm/integration/__init__.py,1,core,LOCAL_PROJECT,False
backend/modules/crm/integration/__init__.py,2,core,LOCAL_PROJECT,False
backend/modules/crm/integration/__init__.py,10,base_connector,UNRESOLVED,False
backend/modules/crm/integration/__init__.py,20,staging_service,UNRESOLVED,False
backend/modules/crm/integration/__init__.py,21,sync_engine,UNRESOLVED,False
backend/modules/crm/integration/__init__.py,22,staging_processor,UNRESOLVED,False
backend/modules/crm/integration/staging_processor.py,1,core,LOCAL_PROJECT,False
backend/modules/crm/integration/staging_processor.py,2,core,LOCAL_PROJECT,False
backend/modules/crm/integration/staging_processor.py,10,logging,STDLIB,False
backend/modules/crm/integration/staging_processor.py,11,pymssql,EXTERNAL_DECLARED_NOT_INSTALLED,False
backend/modules/crm/integration/staging_processor.py,12,json,STDLIB,False
backend/modules/crm/integration/staging_processor.py,13,uuid,STDLIB,False
backend/modules/crm/integration/staging_processor.py,14,typing,STDLIB,False
backend/modules/crm/integration/staging_processor.py,15,datetime,STDLIB,False
backend/modules/crm/integration/staging_processor.py,16,dataclasses,STDLIB,False
backend/modules/crm/integration/staging_processor.py,17,enum,STDLIB,False
backend/modules/crm/integration/staging_processor.py,18,zoneinfo,STDLIB,False
backend/modules/crm/integration/staging_processor.py,20,base_connector,UNRESOLVED,False
backend/modules/crm/integration/staging_processor.py,21,core,LOCAL_PROJECT,False
backend/modules/crm/integration/staging_processor.py,488,random,STDLIB,False
backend/modules/crm/integration/staging_service.py,1,core,LOCAL_PROJECT,False
backend/modules/crm/integration/staging_service.py,2,core,LOCAL_PROJECT,False
backend/modules/crm/integration/staging_service.py,3,core,LOCAL_PROJECT,False
backend/modules/crm/integration/staging_service.py,11,logging,STDLIB,False
backend/modules/crm/integration/staging_service.py,12,pymssql,EXTERNAL_DECLARED_NOT_INSTALLED,False
backend/modules/crm/integration/staging_service.py,13,json,STDLIB,False
backend/modules/crm/integration/staging_service.py,14,typing,STDLIB,False
backend/modules/crm/integration/staging_service.py,15,datetime,STDLIB,False
backend/modules/crm/integration/staging_service.py,16,zoneinfo,STDLIB,False
backend/modules/crm/integration/staging_service.py,18,base_connector,UNRESOLVED,False
backend/modules/crm/integration/sync_engine.py,8,logging,STDLIB,False
backend/modules/crm/integration/sync_engine.py,9,typing,STDLIB,False
backend/modules/crm/integration/sync_engine.py,10,datetime,STDLIB,False
backend/modules/crm/integration/sync_engine.py,11,dataclasses,STDLIB,False
backend/modules/crm/integration/sync_engine.py,12,json,STDLIB,False
backend/modules/crm/integration/sync_engine.py,14,base_connector,UNRESOLVED,False
backend/modules/crm/integration/sync_engine.py,15,staging_service,UNRESOLVED,False
backend/modules/crm/integration/base_connector.py,1,core,LOCAL_PROJECT,False
backend/modules/crm/integration/base_connector.py,2,core,LOCAL_PROJECT,False
backend/modules/crm/integration/base_connector.py,10,abc,STDLIB,False
backend/modules/crm/integration/base_connector.py,11,typing,STDLIB,False
backend/modules/crm/integration/base_connector.py,12,dataclasses,STDLIB,False
backend/modules/crm/integration/base_connector.py,13,datetime,STDLIB,False
backend/modules/crm/integration/base_connector.py,14,enum,STDLIB,False
backend/modules/crm/integration/base_connector.py,15,logging,STDLIB,False
backend/modules/finanzas/sql_subprocess_helper.py,1,core,LOCAL_PROJECT,False
backend/modules/finanzas/sql_subprocess_helper.py,2,core,LOCAL_PROJECT,False
backend/modules/finanzas/sql_subprocess_helper.py,27,asyncio,STDLIB,False
backend/modules/finanzas/sql_subprocess_helper.py,28,json,STDLIB,False
backend/modules/finanzas/sql_subprocess_helper.py,29,base64,STDLIB,False
backend/modules/finanzas/sql_subprocess_helper.py,30,logging,STDLIB,False
backend/modules/finanzas/sql_subprocess_helper.py,31,os,STDLIB,False
backend/modules/finanzas/sql_subprocess_helper.py,32,sys,STDLIB,False
backend/modules/finanzas/sql_subprocess_helper.py,33,typing,STDLIB,False
backend/modules/finanzas/sql_subprocess_helper.py,34,pathlib,STDLIB,False
backend/modules/finanzas/repository_bancarios.py,1,core,LOCAL_PROJECT,False
backend/modules/finanzas/repository_bancarios.py,2,core,LOCAL_PROJECT,False
backend/modules/finanzas/repository_bancarios.py,15,typing,STDLIB,False
backend/modules/finanzas/repository_bancarios.py,16,datetime,STDLIB,False
backend/modules/finanzas/repository_bancarios.py,17,decimal,STDLIB,False
backend/modules/finanzas/repository_bancarios.py,18,logging,STDLIB,False
backend/modules/finanzas/repository_bancarios.py,20,core,LOCAL_PROJECT,False
backend/modules/finanzas/repository_bancarios.py,21,core,LOCAL_PROJECT,False
backend/modules/finanzas/repository_cuadres_z_edarsahub.py,1,core,LOCAL_PROJECT,False
backend/modules/finanzas/repository_cuadres_z_edarsahub.py,2,core,LOCAL_PROJECT,False
backend/modules/finanzas/repository_cuadres_z_edarsahub.py,19,os,STDLIB,False
backend/modules/finanzas/repository_cuadres_z_edarsahub.py,20,hashlib,STDLIB,False
backend/modules/finanzas/repository_cuadres_z_edarsahub.py,21,logging,STDLIB,False
backend/modules/finanzas/repository_cuadres_z_edarsahub.py,22,datetime,STDLIB,False
backend/modules/finanzas/repository_cuadres_z_edarsahub.py,23,typing,STDLIB,False
backend/modules/finanzas/repository_cuadres_z_edarsahub.py,24,decimal,STDLIB,False
backend/modules/finanzas/repository_cuadres_z_edarsahub.py,25,pymssql,EXTERNAL_DECLARED_NOT_INSTALLED,False
backend/modules/finanzas/repository_cuadres_z_edarsahub.py,26,core,LOCAL_PROJECT,False
backend/modules/finanzas/repository_cuadres_z_edarsahub.py,27,core,LOCAL_PROJECT,False
backend/modules/finanzas/carga_historica_propinas_tpv.py,28,os,STDLIB,False
backend/modules/finanzas/carga_historica_propinas_tpv.py,29,logging,STDLIB,False
backend/modules/finanzas/carga_historica_propinas_tpv.py,30,datetime,STDLIB,False
backend/modules/finanzas/carga_historica_propinas_tpv.py,31,dateutil,UNRESOLVED,False
backend/modules/finanzas/carga_historica_propinas_tpv.py,32,typing,STDLIB,False
backend/modules/finanzas/carga_historica_propinas_tpv.py,33,pathlib,STDLIB,False
backend/modules/finanzas/carga_historica_propinas_tpv.py,108,modules,LOCAL_PROJECT,False
backend/modules/finanzas/carga_historica_propinas_tpv.py,239,modules,LOCAL_PROJECT,False
backend/modules/finanzas/tesoreria.py,1,core,LOCAL_PROJECT,False
backend/modules/finanzas/tesoreria.py,2,core,LOCAL_PROJECT,False
backend/modules/finanzas/tesoreria.py,19,fastapi,EXTERNAL_DECLARED_NOT_INSTALLED,False
backend/modules/finanzas/tesoreria.py,20,typing,STDLIB,False
backend/modules/finanzas/tesoreria.py,21,datetime,STDLIB,False
backend/modules/finanzas/tesoreria.py,22,logging,STDLIB,False
backend/modules/finanzas/tesoreria.py,23,base64,STDLIB,False
backend/modules/finanzas/tesoreria.py,24,os,STDLIB,False
backend/modules/finanzas/tesoreria.py,26,core,LOCAL_PROJECT,False
backend/modules/finanzas/tesoreria.py,27,tesoreria_models,UNRESOLVED,False
backend/modules/finanzas/tesoreria.py,32,repository_cortes_caja_edarsahub,UNRESOLVED,False
backend/modules/finanzas/tesoreria.py,37,repository_cuadres_z_edarsahub,UNRESOLVED,False
backend/modules/finanzas/tesoreria.py,51,core,LOCAL_PROJECT,False
backend/modules/finanzas/tesoreria.py,463,core,LOCAL_PROJECT,False
backend/modules/finanzas/tesoreria.py,548,core,LOCAL_PROJECT,False
backend/modules/finanzas/tesoreria.py,709,repository_cortes_z,UNRESOLVED,False
backend/modules/finanzas/tesoreria.py,775,core,LOCAL_PROJECT,False
backend/modules/finanzas/tesoreria.py,776,core,LOCAL_PROJECT,False
backend/modules/finanzas/tesoreria.py,841,core,LOCAL_PROJECT,False
backend/modules/finanzas/utils_bancarios.py,1,core,LOCAL_PROJECT,False
backend/modules/finanzas/utils_bancarios.py,2,core,LOCAL_PROJECT,False
backend/modules/finanzas/utils_bancarios.py,11,re,STDLIB,False
backend/modules/finanzas/utils_bancarios.py,12,typing,STDLIB,False
backend/modules/finanzas/utils_bancarios.py,13,decimal,STDLIB,False
backend/modules/finanzas/repository_cuadres_z.py,1,core,LOCAL_PROJECT,False
backend/modules/finanzas/repository_cuadres_z.py,5,logging,STDLIB,False
backend/modules/finanzas/repository_cuadres_z.py,6,typing,STDLIB,False
backend/modules/finanzas/repository_cuadres_z.py,7,datetime,STDLIB,False
backend/modules/finanzas/repository_cuadres_z.py,8,bson,UNRESOLVED,False
backend/modules/finanzas/repository_cuadres_z.py,9,os,STDLIB,False
backend/modules/finanzas/repository_cuadres_z.py,10,core,LOCAL_PROJECT,False
backend/modules/finanzas/__init__.py,1,core,LOCAL_PROJECT,False
backend/modules/finanzas/__init__.py,2,core,LOCAL_PROJECT,False
backend/modules/finanzas/sync_propinas_mpro.py,29,os,STDLIB,False
backend/modules/finanzas/sync_propinas_mpro.py,30,hashlib,STDLIB,False
backend/modules/finanzas/sync_propinas_mpro.py,31,logging,STDLIB,False
backend/modules/finanzas/sync_propinas_mpro.py,32,datetime,STDLIB,False
backend/modules/finanzas/sync_propinas_mpro.py,33,typing,STDLIB,False
backend/modules/finanzas/sync_propinas_mpro.py,34,decimal,STDLIB,False
backend/modules/finanzas/sync_propinas_mpro.py,35,pathlib,STDLIB,False
backend/modules/finanzas/sync_propinas_mpro.py,37,pymssql,EXTERNAL_DECLARED_NOT_INSTALLED,False
backend/modules/finanzas/sync_propinas_mpro.py,39,core,LOCAL_PROJECT,False
backend/modules/finanzas/sync_propinas_mpro.py,40,core,LOCAL_PROJECT,False
backend/modules/finanzas/sync_propinas_mpro.py,41,core,LOCAL_PROJECT,False
backend/modules/finanzas/sync_cortes_softrestaurant.py,24,os,STDLIB,False
backend/modules/finanzas/sync_cortes_softrestaurant.py,25,hashlib,STDLIB,False
backend/modules/finanzas/sync_cortes_softrestaurant.py,26,logging,STDLIB,False
backend/modules/finanzas/sync_cortes_softrestaurant.py,27,datetime,STDLIB,False
backend/modules/finanzas/sync_cortes_softrestaurant.py,28,typing,STDLIB,False
backend/modules/finanzas/sync_cortes_softrestaurant.py,29,decimal,STDLIB,False
backend/modules/finanzas/sync_cortes_softrestaurant.py,31,pymssql,EXTERNAL_DECLARED_NOT_INSTALLED,False
backend/modules/finanzas/sync_cortes_softrestaurant.py,33,core,LOCAL_PROJECT,False
backend/modules/finanzas/sync_cortes_softrestaurant.py,34,core,LOCAL_PROJECT,False
backend/modules/finanzas/sync_cortes_softrestaurant.py,35,core,LOCAL_PROJECT,False
backend/modules/finanzas/sync_cortes_softrestaurant.py,84,core,LOCAL_PROJECT,True
backend/modules/finanzas/sync_cortes_softrestaurant.py,89,core,LOCAL_PROJECT,True
backend/modules/finanzas/sync_cortes_softrestaurant.py,174,pytds,UNRESOLVED,False
backend/modules/finanzas/sync_cortes_softrestaurant.py,731,sys,STDLIB,False
backend/modules/finanzas/sql_query_worker.py,1,core,LOCAL_PROJECT,False
backend/modules/finanzas/sql_query_worker.py,2,core,LOCAL_PROJECT,False
backend/modules/finanzas/sql_query_worker.py,17,sys,STDLIB,False
backend/modules/finanzas/sql_query_worker.py,18,os,STDLIB,False
backend/modules/finanzas/sql_query_worker.py,19,locale,STDLIB,False
backend/modules/finanzas/sql_query_worker.py,20,codecs,STDLIB,False
backend/modules/finanzas/sql_query_worker.py,21,json,STDLIB,False
backend/modules/finanzas/sql_query_worker.py,22,base64,STDLIB,False
backend/modules/finanzas/sql_query_worker.py,23,decimal,STDLIB,False
backend/modules/finanzas/sql_query_worker.py,24,datetime,STDLIB,False
backend/modules/finanzas/sql_query_worker.py,54,uuid,STDLIB,False
backend/modules/finanzas/sql_query_worker.py,114,pytds,UNRESOLVED,False
backend/modules/finanzas/sync_propinas_softrestaurant.py,26,os,STDLIB,False
backend/modules/finanzas/sync_propinas_softrestaurant.py,27,hashlib,STDLIB,False
backend/modules/finanzas/sync_propinas_softrestaurant.py,28,logging,STDLIB,False
backend/modules/finanzas/sync_propinas_softrestaurant.py,29,datetime,STDLIB,False
backend/modules/finanzas/sync_propinas_softrestaurant.py,30,typing,STDLIB,False
backend/modules/finanzas/sync_propinas_softrestaurant.py,31,decimal,STDLIB,False
backend/modules/finanzas/sync_propinas_softrestaurant.py,32,pathlib,STDLIB,False
backend/modules/finanzas/sync_propinas_softrestaurant.py,34,pymssql,EXTERNAL_DECLARED_NOT_INSTALLED,False
backend/modules/finanzas/sync_propinas_softrestaurant.py,36,core,LOCAL_PROJECT,False
backend/modules/finanzas/sync_propinas_softrestaurant.py,37,core,LOCAL_PROJECT,False
backend/modules/finanzas/sync_propinas_softrestaurant.py,38,core,LOCAL_PROJECT,False
backend/modules/finanzas/sync_propinas_softrestaurant.py,96,core,LOCAL_PROJECT,True
backend/modules/finanzas/sync_propinas_softrestaurant.py,101,core,LOCAL_PROJECT,True
backend/modules/finanzas/sync_propinas_softrestaurant.py,178,pytds,UNRESOLVED,False
backend/modules/finanzas/repository_ingresos_edarsahub.py,1,core,LOCAL_PROJECT,False
backend/modules/finanzas/repository_ingresos_edarsahub.py,2,core,LOCAL_PROJECT,False
backend/modules/finanzas/repository_ingresos_edarsahub.py,24,logging,STDLIB,False
backend/modules/finanzas/repository_ingresos_edarsahub.py,25,os,STDLIB,False
backend/modules/finanzas/repository_ingresos_edarsahub.py,26,pymssql,EXTERNAL_DECLARED_NOT_INSTALLED,False
backend/modules/finanzas/repository_ingresos_edarsahub.py,27,datetime,STDLIB,False
backend/modules/finanzas/repository_ingresos_edarsahub.py,28,typing,STDLIB,False
backend/modules/finanzas/repository_ingresos_edarsahub.py,29,core,LOCAL_PROJECT,False
backend/modules/finanzas/repository_ingresos_edarsahub.py,30,core,LOCAL_PROJECT,False
backend/modules/finanzas/health.py,1,core,LOCAL_PROJECT,False
backend/modules/finanzas/health.py,2,core,LOCAL_PROJECT,False
backend/modules/finanzas/health.py,14,logging,STDLIB,False
backend/modules/finanzas/health.py,15,asyncio,STDLIB,False
backend/modules/finanzas/health.py,16,datetime,STDLIB,False
backend/modules/finanzas/health.py,17,typing,STDLIB,False
backend/modules/finanzas/health.py,18,fastapi,EXTERNAL_DECLARED_NOT_INSTALLED,False
backend/modules/finanzas/health.py,20,core,LOCAL_PROJECT,False
backend/modules/finanzas/health.py,21,core,LOCAL_PROJECT,False
backend/modules/finanzas/health.py,22,core,LOCAL_PROJECT,False
backend/modules/finanzas/health.py,112,server,LOCAL_PROJECT,False
backend/modules/finanzas/health.py,208,server,LOCAL_PROJECT,False
backend/modules/finanzas/health.py,442,server,LOCAL_PROJECT,False
backend/modules/finanzas/cuentas_por_pagar.py,1,core,LOCAL_PROJECT,False
backend/modules/finanzas/cuentas_por_pagar.py,2,core,LOCAL_PROJECT,False
backend/modules/finanzas/cuentas_por_pagar.py,26,logging,STDLIB,False
backend/modules/finanzas/cuentas_por_pagar.py,27,datetime,STDLIB,False
backend/modules/finanzas/cuentas_por_pagar.py,28,typing,STDLIB,False
backend/modules/finanzas/cuentas_por_pagar.py,29,fastapi,EXTERNAL_DECLARED_NOT_INSTALLED,False
backend/modules/finanzas/cuentas_por_pagar.py,30,pydantic,EXTERNAL_DECLARED_NOT_INSTALLED,False
backend/modules/finanzas/cuentas_por_pagar.py,31,core,LOCAL_PROJECT,False
backend/modules/finanzas/cuentas_por_pagar.py,32,secrets,STDLIB,False
backend/modules/finanzas/cuentas_por_pagar.py,35,modules,LOCAL_PROJECT,False
backend/modules/finanzas/cuentas_por_pagar.py,36,core,LOCAL_PROJECT,False
backend/modules/finanzas/cuentas_por_pagar.py,65,core,LOCAL_PROJECT,False
backend/modules/finanzas/cuentas_por_pagar.py,1271,modules,LOCAL_PROJECT,False
backend/modules/finanzas/cuentas_por_pagar.py,1315,urllib,STDLIB,False
backend/modules/finanzas/cuentas_por_pagar.py,1322,core,LOCAL_PROJECT,False
backend/modules/finanzas/cuentas_por_pagar.py,1416,core,LOCAL_PROJECT,False
backend/modules/finanzas/repository_real.py,1,core,LOCAL_PROJECT,False
backend/modules/finanzas/repository_real.py,2,core,LOCAL_PROJECT,False
backend/modules/finanzas/repository_real.py,18,logging,STDLIB,False
backend/modules/finanzas/repository_real.py,19,typing,STDLIB,False
backend/modules/finanzas/repository_real.py,20,datetime,STDLIB,False
backend/modules/finanzas/repository_real.py,21,core,LOCAL_PROJECT,False
backend/modules/finanzas/repository_real.py,24,core,LOCAL_PROJECT,False
backend/modules/finanzas/sql_query_worker_secure.py,1,core,LOCAL_PROJECT,False
backend/modules/finanzas/sql_query_worker_secure.py,2,core,LOCAL_PROJECT,False
backend/modules/finanzas/sql_query_worker_secure.py,34,sys,STDLIB,False
backend/modules/finanzas/sql_query_worker_secure.py,35,json,STDLIB,False
backend/modules/finanzas/sql_query_worker_secure.py,36,base64,STDLIB,False
backend/modules/finanzas/sql_query_worker_secure.py,37,datetime,STDLIB,False
backend/modules/finanzas/sql_query_worker_secure.py,38,decimal,STDLIB,False
backend/modules/finanzas/sql_query_worker_secure.py,43,uuid,STDLIB,False
backend/modules/finanzas/sql_query_worker_secure.py,87,pytds,UNRESOLVED,False
backend/modules/finanzas/repository_cortes_z.py,1,core,LOCAL_PROJECT,False
backend/modules/finanzas/repository_cortes_z.py,2,core,LOCAL_PROJECT,False
backend/modules/finanzas/repository_cortes_z.py,13,logging,STDLIB,False
backend/modules/finanzas/repository_cortes_z.py,14,asyncio,STDLIB,False
backend/modules/finanzas/repository_cortes_z.py,15,typing,STDLIB,False
backend/modules/finanzas/repository_cortes_z.py,16,datetime,STDLIB,False
backend/modules/finanzas/repository_cortes_z.py,17,time,STDLIB,False
backend/modules/finanzas/repository_cortes_z.py,19,core,LOCAL_PROJECT,False
backend/modules/finanzas/repository_cortes_z.py,24,core,LOCAL_PROJECT,False
backend/modules/finanzas/repository_cortes_z.py,52,core,LOCAL_PROJECT,False
backend/modules/finanzas/repository_cortes_z.py,53,server,LOCAL_PROJECT,False
backend/modules/finanzas/repository_cortes_z.py,425,core,LOCAL_PROJECT,False
backend/modules/finanzas/repository_cortes_z.py,586,core,LOCAL_PROJECT,False
backend/modules/finanzas/repository_cortes_z.py,587,server,LOCAL_PROJECT,False
backend/modules/finanzas/repository_cortes_z.py,608,core,LOCAL_PROJECT,False
backend/modules/finanzas/repository_cortes_z.py,609,server,LOCAL_PROJECT,False
backend/modules/finanzas/ingresos.py,1,core,LOCAL_PROJECT,False
backend/modules/finanzas/ingresos.py,2,core,LOCAL_PROJECT,False
backend/modules/finanzas/ingresos.py,26,logging,STDLIB,False
backend/modules/finanzas/ingresos.py,27,datetime,STDLIB,False
backend/modules/finanzas/ingresos.py,28,typing,STDLIB,False
backend/modules/finanzas/ingresos.py,29,fastapi,EXTERNAL_DECLARED_NOT_INSTALLED,False
backend/modules/finanzas/ingresos.py,30,pydantic,EXTERNAL_DECLARED_NOT_INSTALLED,False
backend/modules/finanzas/ingresos.py,31,core,LOCAL_PROJECT,False
backend/modules/finanzas/ingresos.py,32,secrets,STDLIB,False
backend/modules/finanzas/ingresos.py,35,modules,LOCAL_PROJECT,False
backend/modules/finanzas/ingresos.py,69,modules,LOCAL_PROJECT,False
backend/modules/finanzas/tesoreria_models.py,1,core,LOCAL_PROJECT,False
backend/modules/finanzas/tesoreria_models.py,2,core,LOCAL_PROJECT,False
backend/modules/finanzas/tesoreria_models.py,6,pydantic,EXTERNAL_DECLARED_NOT_INSTALLED,False
backend/modules/finanzas/tesoreria_models.py,7,typing,STDLIB,False
backend/modules/finanzas/tesoreria_models.py,8,datetime,STDLIB,False
backend/modules/finanzas/tesoreria_models.py,9,enum,STDLIB,False
backend/modules/finanzas/repository.py,1,core,LOCAL_PROJECT,False
backend/modules/finanzas/repository.py,2,core,LOCAL_PROJECT,False
backend/modules/finanzas/repository.py,13,logging,STDLIB,False
backend/modules/finanzas/repository.py,14,typing,STDLIB,False
backend/modules/finanzas/repository.py,15,datetime,STDLIB,False
backend/modules/finanzas/historical_kpis_repository.py,13,logging,STDLIB,False
backend/modules/finanzas/historical_kpis_repository.py,14,os,STDLIB,False
backend/modules/finanzas/historical_kpis_repository.py,15,sys,STDLIB,False
backend/modules/finanzas/historical_kpis_repository.py,16,typing,STDLIB,False
backend/modules/finanzas/historical_kpis_repository.py,17,datetime,STDLIB,False
backend/modules/finanzas/historical_kpis_repository.py,31,core,LOCAL_PROJECT,False
backend/modules/finanzas/historical_kpis_repository.py,47,pytds,UNRESOLVED,False
backend/modules/finanzas/models_bancarios.py,1,core,LOCAL_PROJECT,False
backend/modules/finanzas/models_bancarios.py,2,core,LOCAL_PROJECT,False
backend/modules/finanzas/models_bancarios.py,9,pydantic,EXTERNAL_DECLARED_NOT_INSTALLED,False
backend/modules/finanzas/models_bancarios.py,10,typing,STDLIB,False
backend/modules/finanzas/models_bancarios.py,11,datetime,STDLIB,False
backend/modules/finanzas/models_bancarios.py,12,decimal,STDLIB,False
backend/modules/finanzas/repository_softrestaurant.py,1,os,STDLIB,False
backend/modules/finanzas/repository_softrestaurant.py,2,core,LOCAL_PROJECT,False
backend/modules/finanzas/repository_softrestaurant.py,3,core,LOCAL_PROJECT,False
backend/modules/finanzas/repository_softrestaurant.py,26,logging,STDLIB,False
backend/modules/finanzas/repository_softrestaurant.py,27,typing,STDLIB,False
backend/modules/finanzas/repository_softrestaurant.py,28,datetime,STDLIB,False
backend/modules/finanzas/repository_softrestaurant.py,29,decimal,STDLIB,False
backend/modules/finanzas/repository_softrestaurant.py,32,sql_subprocess_helper,UNRESOLVED,False
backend/modules/finanzas/repository_softrestaurant.py,33,core,LOCAL_PROJECT,False
backend/modules/finanzas/repository_softrestaurant.py,59,modules,LOCAL_PROJECT,False
backend/modules/finanzas/repository_softrestaurant.py,60,core,LOCAL_PROJECT,False
backend/modules/finanzas/repository_softrestaurant.py,458,datetime,STDLIB,False
backend/modules/finanzas/saldos_bancarios.py,1,core,LOCAL_PROJECT,False
backend/modules/finanzas/saldos_bancarios.py,2,core,LOCAL_PROJECT,False
backend/modules/finanzas/saldos_bancarios.py,15,fastapi,EXTERNAL_DECLARED_NOT_INSTALLED,False
backend/modules/finanzas/saldos_bancarios.py,16,typing,STDLIB,False
backend/modules/finanzas/saldos_bancarios.py,17,datetime,STDLIB,False
backend/modules/finanzas/saldos_bancarios.py,18,decimal,STDLIB,False
backend/modules/finanzas/saldos_bancarios.py,19,logging,STDLIB,False
backend/modules/finanzas/saldos_bancarios.py,21,modules,LOCAL_PROJECT,False
backend/modules/finanzas/saldos_bancarios.py,26,modules,LOCAL_PROJECT,False
backend/modules/finanzas/saldos_bancarios.py,38,modules,LOCAL_PROJECT,False
backend/modules/finanzas/saldos_bancarios.py,44,core,LOCAL_PROJECT,False
backend/modules/finanzas/carga_historica_ingresos.py,28,os,STDLIB,False
backend/modules/finanzas/carga_historica_ingresos.py,29,logging,STDLIB,False
backend/modules/finanzas/carga_historica_ingresos.py,30,datetime,STDLIB,False
backend/modules/finanzas/carga_historica_ingresos.py,31,typing,STDLIB,False
backend/modules/finanzas/carga_historica_ingresos.py,32,decimal,STDLIB,False
backend/modules/finanzas/carga_historica_ingresos.py,33,pathlib,STDLIB,False
backend/modules/finanzas/carga_historica_ingresos.py,118,modules,LOCAL_PROJECT,False
backend/modules/finanzas/carga_historica_ingresos.py,237,modules,LOCAL_PROJECT,False
backend/modules/finanzas/sync_cortes_mpro.py,23,os,STDLIB,False
backend/modules/finanzas/sync_cortes_mpro.py,24,hashlib,STDLIB,False
backend/modules/finanzas/sync_cortes_mpro.py,25,logging,STDLIB,False
backend/modules/finanzas/sync_cortes_mpro.py,26,datetime,STDLIB,False
backend/modules/finanzas/sync_cortes_mpro.py,27,typing,STDLIB,False
backend/modules/finanzas/sync_cortes_mpro.py,28,decimal,STDLIB,False
backend/modules/finanzas/sync_cortes_mpro.py,30,pymssql,EXTERNAL_DECLARED_NOT_INSTALLED,False
backend/modules/finanzas/sync_cortes_mpro.py,31,core,LOCAL_PROJECT,False
backend/modules/finanzas/sync_cortes_mpro.py,32,core,LOCAL_PROJECT,False
backend/modules/finanzas/sync_cortes_mpro.py,73,core,LOCAL_PROJECT,True
backend/modules/finanzas/sync_cortes_mpro.py,645,sys,STDLIB,False
backend/modules/finanzas/repository_cortes_caja_edarsahub.py,1,core,LOCAL_PROJECT,False
backend/modules/finanzas/repository_cortes_caja_edarsahub.py,2,core,LOCAL_PROJECT,False
backend/modules/finanzas/repository_cortes_caja_edarsahub.py,12,logging,STDLIB,False
backend/modules/finanzas/repository_cortes_caja_edarsahub.py,13,typing,STDLIB,False
backend/modules/finanzas/repository_cortes_caja_edarsahub.py,14,datetime,STDLIB,False
backend/modules/finanzas/repository_cortes_caja_edarsahub.py,21,core,LOCAL_PROJECT,False
backend/modules/finanzas/repository_cortes_caja_edarsahub.py,201,time,STDLIB,False
backend/modules/finanzas/repository_cortes_caja_edarsahub.py,430,datetime,STDLIB,False
backend/modules/finanzas/cuentas_bancarias.py,1,core,LOCAL_PROJECT,False
backend/modules/finanzas/cuentas_bancarias.py,2,core,LOCAL_PROJECT,False
backend/modules/finanzas/cuentas_bancarias.py,14,fastapi,EXTERNAL_DECLARED_NOT_INSTALLED,False
backend/modules/finanzas/cuentas_bancarias.py,15,typing,STDLIB,False
backend/modules/finanzas/cuentas_bancarias.py,16,logging,STDLIB,False
backend/modules/finanzas/cuentas_bancarias.py,18,modules,LOCAL_PROJECT,False
backend/modules/finanzas/cuentas_bancarias.py,25,modules,LOCAL_PROJECT,False
backend/modules/finanzas/cuentas_bancarias.py,38,modules,LOCAL_PROJECT,False
backend/modules/finanzas/cuentas_bancarias.py,45,core,LOCAL_PROJECT,False
backend/modules/finanzas/repository_mpro.py,1,core,LOCAL_PROJECT,False
backend/modules/finanzas/repository_mpro.py,2,core,LOCAL_PROJECT,False
backend/modules/finanzas/repository_mpro.py,20,logging,STDLIB,False
backend/modules/finanzas/repository_mpro.py,21,typing,STDLIB,False
backend/modules/finanzas/repository_mpro.py,22,datetime,STDLIB,False
backend/modules/finanzas/repository_mpro.py,25,sql_subprocess_helper,UNRESOLVED,False
backend/modules/finanzas/repository_mpro.py,58,core,LOCAL_PROJECT,False
backend/modules/finanzas/propinas_tpv/service.py,1,core,LOCAL_PROJECT,False
backend/modules/finanzas/propinas_tpv/service.py,2,core,LOCAL_PROJECT,False
backend/modules/finanzas/propinas_tpv/service.py,15,logging,STDLIB,False
backend/modules/finanzas/propinas_tpv/service.py,16,uuid,STDLIB,False
backend/modules/finanzas/propinas_tpv/service.py,17,typing,STDLIB,False
backend/modules/finanzas/propinas_tpv/service.py,18,datetime,STDLIB,False
backend/modules/finanzas/propinas_tpv/service.py,21,repository,UNRESOLVED,False
backend/modules/finanzas/propinas_tpv/service.py,22,models,LOCAL_PROJECT,False
backend/modules/finanzas/propinas_tpv/service.py,28,core,LOCAL_PROJECT,False
backend/modules/finanzas/propinas_tpv/sql_scripts.py,1,core,LOCAL_PROJECT,False
backend/modules/finanzas/propinas_tpv/sql_scripts.py,2,core,LOCAL_PROJECT,False
backend/modules/finanzas/propinas_tpv/schema_detector_subprocess.py,1,core,LOCAL_PROJECT,False
backend/modules/finanzas/propinas_tpv/schema_detector_subprocess.py,2,core,LOCAL_PROJECT,False
backend/modules/finanzas/propinas_tpv/schema_detector_subprocess.py,20,logging,STDLIB,False
backend/modules/finanzas/propinas_tpv/schema_detector_subprocess.py,21,typing,STDLIB,False
backend/modules/finanzas/propinas_tpv/schema_detector_subprocess.py,22,asyncio,STDLIB,False
backend/modules/finanzas/propinas_tpv/schema_detector_subprocess.py,25,modules,LOCAL_PROJECT,False
backend/modules/finanzas/propinas_tpv/__init__.py,1,core,LOCAL_PROJECT,False
backend/modules/finanzas/propinas_tpv/__init__.py,2,core,LOCAL_PROJECT,False
backend/modules/finanzas/propinas_tpv/__init__.py,30,routes_sql,UNRESOLVED,False
backend/modules/finanzas/propinas_tpv/__init__.py,36,routes,LOCAL_PROJECT,False
backend/modules/finanzas/propinas_tpv/__init__.py,45,routes_edarsahub,UNRESOLVED,False
backend/modules/finanzas/propinas_tpv/__init__.py,50,service_sql,UNRESOLVED,False
backend/modules/finanzas/propinas_tpv/__init__.py,51,service,UNRESOLVED,False
backend/modules/finanzas/propinas_tpv/__init__.py,52,sql_repository,UNRESOLVED,False
backend/modules/finanzas/propinas_tpv/__init__.py,53,cache_manager,UNRESOLVED,False
backend/modules/finanzas/propinas_tpv/__init__.py,54,repository_edarsahub,UNRESOLVED,False
backend/modules/finanzas/propinas_tpv/routes_sql.py,1,core,LOCAL_PROJECT,False
backend/modules/finanzas/propinas_tpv/routes_sql.py,2,core,LOCAL_PROJECT,False
backend/modules/finanzas/propinas_tpv/routes_sql.py,31,logging,STDLIB,False
backend/modules/finanzas/propinas_tpv/routes_sql.py,32,typing,STDLIB,False
backend/modules/finanzas/propinas_tpv/routes_sql.py,33,fastapi,EXTERNAL_DECLARED_NOT_INSTALLED,False
backend/modules/finanzas/propinas_tpv/routes_sql.py,35,core,LOCAL_PROJECT,False
backend/modules/finanzas/propinas_tpv/routes_sql.py,36,service_sql,UNRESOLVED,False
backend/modules/finanzas/propinas_tpv/routes_sql.py,37,service,UNRESOLVED,False
backend/modules/finanzas/propinas_tpv/routes_sql.py,38,models,LOCAL_PROJECT,False
backend/modules/finanzas/propinas_tpv/routes_sql.py,46,core,LOCAL_PROJECT,False
backend/modules/finanzas/propinas_tpv/routes_sql.py,117,server,LOCAL_PROJECT,False
backend/modules/finanzas/propinas_tpv/sql_repository.py,1,core,LOCAL_PROJECT,False
backend/modules/finanzas/propinas_tpv/sql_repository.py,2,core,LOCAL_PROJECT,False
backend/modules/finanzas/propinas_tpv/sql_repository.py,26,logging,STDLIB,False
backend/modules/finanzas/propinas_tpv/sql_repository.py,27,uuid,STDLIB,False
backend/modules/finanzas/propinas_tpv/sql_repository.py,28,typing,STDLIB,False
backend/modules/finanzas/propinas_tpv/sql_repository.py,29,datetime,STDLIB,False
backend/modules/finanzas/propinas_tpv/sql_repository.py,31,core,LOCAL_PROJECT,False
backend/modules/finanzas/propinas_tpv/sql_repository.py,34,core,LOCAL_PROJECT,False
backend/modules/finanzas/propinas_tpv/sql_repository.py,134,sql_scripts,LOCAL_PROJECT,False
backend/modules/finanzas/propinas_tpv/repository_edarsahub.py,1,core,LOCAL_PROJECT,False
backend/modules/finanzas/propinas_tpv/repository_edarsahub.py,2,core,LOCAL_PROJECT,False
backend/modules/finanzas/propinas_tpv/repository_edarsahub.py,21,os,STDLIB,False
backend/modules/finanzas/propinas_tpv/repository_edarsahub.py,22,logging,STDLIB,False
backend/modules/finanzas/propinas_tpv/repository_edarsahub.py,23,typing,STDLIB,False
backend/modules/finanzas/propinas_tpv/repository_edarsahub.py,24,datetime,STDLIB,False
backend/modules/finanzas/propinas_tpv/repository_edarsahub.py,25,decimal,STDLIB,False
backend/modules/finanzas/propinas_tpv/repository_edarsahub.py,26,pathlib,STDLIB,False
backend/modules/finanzas/propinas_tpv/repository_edarsahub.py,28,pymssql,EXTERNAL_DECLARED_NOT_INSTALLED,False
backend/modules/finanzas/propinas_tpv/repository_edarsahub.py,29,core,LOCAL_PROJECT,False
backend/modules/finanzas/propinas_tpv/repository_edarsahub.py,30,core,LOCAL_PROJECT,False
backend/modules/finanzas/propinas_tpv/repository_edarsahub.py,141,re,STDLIB,False
backend/modules/finanzas/propinas_tpv/repository_edarsahub.py,282,re,STDLIB,False
backend/modules/finanzas/propinas_tpv/repository_edarsahub.py,433,re,STDLIB,False
backend/modules/finanzas/propinas_tpv/cache_manager.py,1,core,LOCAL_PROJECT,False
backend/modules/finanzas/propinas_tpv/cache_manager.py,2,core,LOCAL_PROJECT,False
backend/modules/finanzas/propinas_tpv/cache_manager.py,28,logging,STDLIB,False
backend/modules/finanzas/propinas_tpv/cache_manager.py,29,typing,STDLIB,False
backend/modules/finanzas/propinas_tpv/cache_manager.py,30,datetime,STDLIB,False
backend/modules/finanzas/propinas_tpv/cache_manager.py,31,hashlib,STDLIB,False
backend/modules/finanzas/propinas_tpv/cache_manager.py,32,json,STDLIB,False
backend/modules/finanzas/propinas_tpv/schema_detector.py,1,core,LOCAL_PROJECT,False
backend/modules/finanzas/propinas_tpv/schema_detector.py,2,core,LOCAL_PROJECT,False
backend/modules/finanzas/propinas_tpv/schema_detector.py,18,logging,STDLIB,False
backend/modules/finanzas/propinas_tpv/schema_detector.py,19,typing,STDLIB,False
backend/modules/finanzas/propinas_tpv/schema_detector.py,21,core,LOCAL_PROJECT,False
backend/modules/finanzas/propinas_tpv/routes_edarsahub.py,1,core,LOCAL_PROJECT,False
backend/modules/finanzas/propinas_tpv/routes_edarsahub.py,2,core,LOCAL_PROJECT,False
backend/modules/finanzas/propinas_tpv/routes_edarsahub.py,23,logging,STDLIB,False
backend/modules/finanzas/propinas_tpv/routes_edarsahub.py,24,typing,STDLIB,False
backend/modules/finanzas/propinas_tpv/routes_edarsahub.py,25,datetime,STDLIB,False
backend/modules/finanzas/propinas_tpv/routes_edarsahub.py,26,fastapi,EXTERNAL_DECLARED_NOT_INSTALLED,False
backend/modules/finanzas/propinas_tpv/routes_edarsahub.py,28,core,LOCAL_PROJECT,False
backend/modules/finanzas/propinas_tpv/routes_edarsahub.py,29,repository_edarsahub,UNRESOLVED,False
backend/modules/finanzas/propinas_tpv/routes_edarsahub.py,64,server,LOCAL_PROJECT,False
backend/modules/finanzas/propinas_tpv/routes_edarsahub.py,78,core,LOCAL_PROJECT,False
backend/modules/finanzas/propinas_tpv/routes_edarsahub.py,93,repository_edarsahub,UNRESOLVED,False
backend/modules/finanzas/propinas_tpv/repository.py,1,core,LOCAL_PROJECT,False
backend/modules/finanzas/propinas_tpv/repository.py,2,core,LOCAL_PROJECT,False
backend/modules/finanzas/propinas_tpv/repository.py,19,logging,STDLIB,False
backend/modules/finanzas/propinas_tpv/repository.py,20,typing,STDLIB,False
backend/modules/finanzas/propinas_tpv/repository.py,21,datetime,STDLIB,False
backend/modules/finanzas/propinas_tpv/repository.py,23,core,LOCAL_PROJECT,False
backend/modules/finanzas/propinas_tpv/repository.py,24,schema_detector,UNRESOLVED,False
backend/modules/finanzas/propinas_tpv/repository.py,25,schema_detector_subprocess,UNRESOLVED,False
backend/modules/finanzas/propinas_tpv/repository.py,26,modules,LOCAL_PROJECT,False
backend/modules/finanzas/propinas_tpv/service_sql.py,1,core,LOCAL_PROJECT,False
backend/modules/finanzas/propinas_tpv/service_sql.py,2,core,LOCAL_PROJECT,False
backend/modules/finanzas/propinas_tpv/service_sql.py,25,logging,STDLIB,False
backend/modules/finanzas/propinas_tpv/service_sql.py,26,uuid,STDLIB,False
backend/modules/finanzas/propinas_tpv/service_sql.py,27,typing,STDLIB,False
backend/modules/finanzas/propinas_tpv/service_sql.py,28,datetime,STDLIB,False
backend/modules/finanzas/propinas_tpv/service_sql.py,31,sql_repository,UNRESOLVED,False
backend/modules/finanzas/propinas_tpv/service_sql.py,32,cache_manager,UNRESOLVED,False
backend/modules/finanzas/propinas_tpv/service_sql.py,33,repository,UNRESOLVED,False
backend/modules/finanzas/propinas_tpv/service_sql.py,34,models,LOCAL_PROJECT,False
backend/modules/finanzas/propinas_tpv/service_sql.py,40,core,LOCAL_PROJECT,False
backend/modules/finanzas/propinas_tpv/routes.py,1,core,LOCAL_PROJECT,False
backend/modules/finanzas/propinas_tpv/routes.py,2,core,LOCAL_PROJECT,False
backend/modules/finanzas/propinas_tpv/routes.py,33,logging,STDLIB,False
backend/modules/finanzas/propinas_tpv/routes.py,34,typing,STDLIB,False
backend/modules/finanzas/propinas_tpv/routes.py,35,fastapi,EXTERNAL_DECLARED_NOT_INSTALLED,False
backend/modules/finanzas/propinas_tpv/routes.py,37,core,LOCAL_PROJECT,False
backend/modules/finanzas/propinas_tpv/routes.py,38,service,UNRESOLVED,False
backend/modules/finanzas/propinas_tpv/routes.py,39,models,LOCAL_PROJECT,False
backend/modules/finanzas/propinas_tpv/routes.py,49,core,LOCAL_PROJECT,False
backend/modules/finanzas/propinas_tpv/routes.py,126,server,LOCAL_PROJECT,False
backend/modules/finanzas/propinas_tpv/routes.py,135,core,LOCAL_PROJECT,False
backend/modules/finanzas/propinas_tpv/models.py,1,core,LOCAL_PROJECT,False
backend/modules/finanzas/propinas_tpv/models.py,2,core,LOCAL_PROJECT,False
backend/modules/finanzas/propinas_tpv/models.py,10,pydantic,EXTERNAL_DECLARED_NOT_INSTALLED,False
backend/modules/finanzas/propinas_tpv/models.py,11,typing,STDLIB,False
backend/modules/finanzas/propinas_tpv/models.py,12,datetime,STDLIB,False
backend/modules/finanzas/propinas_tpv/models.py,13,enum,STDLIB,False
backend/modules/catalogos_workflow_sql/fecha_operativa_service.py,1,json,STDLIB,False
backend/modules/catalogos_workflow_sql/fecha_operativa_service.py,2,uuid,STDLIB,False
backend/modules/catalogos_workflow_sql/fecha_operativa_service.py,3,datetime,STDLIB,False
backend/modules/catalogos_workflow_sql/fecha_operativa_service.py,4,decimal,STDLIB,False
backend/modules/catalogos_workflow_sql/repository.py,1,core,LOCAL_PROJECT,False
backend/modules/catalogos_workflow_sql/repository.py,2,modules,LOCAL_PROJECT,False
backend/modules/catalogos_workflow_sql/routes.py,1,fastapi,EXTERNAL_DECLARED_NOT_INSTALLED,False
backend/modules/catalogos_workflow_sql/routes.py,2,typing,STDLIB,False
backend/modules/catalogos_workflow_sql/routes.py,3,core,LOCAL_PROJECT,False
backend/modules/catalogos_workflow_sql/routes.py,4,modules,LOCAL_PROJECT,False
backend/modules/sqlfirst_health/__init__.py,1,core,LOCAL_PROJECT,False
backend/modules/sqlfirst_health/__init__.py,2,core,LOCAL_PROJECT,False
backend/modules/sqlfirst_health/__init__.py,4,routes,LOCAL_PROJECT,False
backend/modules/sqlfirst_health/routes.py,1,core,LOCAL_PROJECT,False
backend/modules/sqlfirst_health/routes.py,2,core,LOCAL_PROJECT,False
backend/modules/sqlfirst_health/routes.py,9,fastapi,EXTERNAL_DECLARED_NOT_INSTALLED,False
backend/modules/sqlfirst_health/routes.py,10,pathlib,STDLIB,False
backend/modules/sqlfirst_health/routes.py,11,json,STDLIB,False
backend/modules/sqlfirst_health/routes.py,12,subprocess,STDLIB,False
backend/modules/sqlfirst_health/routes.py,13,sys,STDLIB,False
backend/modules/sqlfirst_health/routes.py,14,typing,STDLIB,False
backend/modules/admin_sql/__init__.py,1,core,LOCAL_PROJECT,False
backend/modules/admin_sql/__init__.py,2,core,LOCAL_PROJECT,False
backend/modules/admin_sql/rbac_pilot_service.py,15,json,STDLIB,False
backend/modules/admin_sql/rbac_pilot_service.py,16,logging,STDLIB,False
backend/modules/admin_sql/rbac_pilot_service.py,17,uuid,STDLIB,False
backend/modules/admin_sql/rbac_pilot_service.py,18,typing,STDLIB,False
backend/modules/admin_sql/rbac_pilot_service.py,20,fastapi,EXTERNAL_DECLARED_NOT_INSTALLED,False
backend/modules/admin_sql/rbac_pilot_service.py,22,core,LOCAL_PROJECT,False
backend/modules/admin_sql/rbac_audit_routes.py,7,__future__,STDLIB,False
backend/modules/admin_sql/rbac_audit_routes.py,9,hashlib,STDLIB,False
backend/modules/admin_sql/rbac_audit_routes.py,10,json,STDLIB,False
backend/modules/admin_sql/rbac_audit_routes.py,11,logging,STDLIB,False
backend/modules/admin_sql/rbac_audit_routes.py,12,re,STDLIB,False
backend/modules/admin_sql/rbac_audit_routes.py,13,datetime,STDLIB,False
backend/modules/admin_sql/rbac_audit_routes.py,14,pathlib,STDLIB,False
backend/modules/admin_sql/rbac_audit_routes.py,15,typing,STDLIB,False
backend/modules/admin_sql/rbac_audit_routes.py,17,fastapi,EXTERNAL_DECLARED_NOT_INSTALLED,False
backend/modules/admin_sql/rbac_audit_routes.py,18,fastapi,EXTERNAL_DECLARED_NOT_INSTALLED,False
backend/modules/admin_sql/rbac_audit_routes.py,20,core,LOCAL_PROJECT,False
backend/modules/admin_sql/rbac_audit_routes.py,23,core,LOCAL_PROJECT,False
backend/modules/admin_sql/rbac_audit_routes.py,26,core,LOCAL_PROJECT,False
backend/modules/admin_sql/rbac_audit_routes.py,27,core,LOCAL_PROJECT,False
backend/modules/admin_sql/rbac_audit_routes.py,28,core,LOCAL_PROJECT,False
backend/modules/admin_sql/routes.py,1,core,LOCAL_PROJECT,False
backend/modules/admin_sql/routes.py,2,core,LOCAL_PROJECT,False
backend/modules/admin_sql/routes.py,20,core,LOCAL_PROJECT,False
backend/modules/admin_sql/routes.py,21,fastapi,EXTERNAL_DECLARED_NOT_INSTALLED,False
backend/modules/admin_sql/routes.py,22,re,STDLIB,False
backend/modules/admin_sql/routes.py,23,typing,STDLIB,False
backend/modules/admin_sql/routes.py,24,core,LOCAL_PROJECT,False
backend/modules/admin_sql/routes.py,25,core,LOCAL_PROJECT,False
backend/modules/admin_sql/routes.py,26,core,LOCAL_PROJECT,False
backend/modules/admin_sql/routes.py,27,modules,LOCAL_PROJECT,False
backend/modules/admin_sql/routes.py,28,logging,STDLIB,False
backend/modules/reporteador_bi/routes.py,15,logging,STDLIB,False
backend/modules/reporteador_bi/routes.py,16,typing,STDLIB,False
backend/modules/reporteador_bi/routes.py,18,fastapi,EXTERNAL_DECLARED_NOT_INSTALLED,False
backend/modules/reporteador_bi/routes.py,21,modules,LOCAL_PROJECT,False
backend/modules/cava_socios/service.py,1,core,LOCAL_PROJECT,False
backend/modules/cava_socios/service.py,2,core,LOCAL_PROJECT,False
backend/modules/cava_socios/service.py,3,core,LOCAL_PROJECT,False
backend/modules/cava_socios/service.py,17,pymssql,EXTERNAL_DECLARED_NOT_INSTALLED,False
backend/modules/cava_socios/service.py,18,os,STDLIB,False
backend/modules/cava_socios/service.py,19,logging,STDLIB,False
backend/modules/cava_socios/service.py,20,uuid,STDLIB,False
backend/modules/cava_socios/service.py,21,datetime,STDLIB,False
backend/modules/cava_socios/service.py,22,decimal,STDLIB,False
backend/modules/cava_socios/service.py,23,typing,STDLIB,False
backend/modules/cava_socios/service.py,565,core,LOCAL_PROJECT,False
backend/modules/cava_socios/__init__.py,1,core,LOCAL_PROJECT,False
backend/modules/cava_socios/__init__.py,2,core,LOCAL_PROJECT,False
backend/modules/cava_socios/__init__.py,11,service,UNRESOLVED,False
backend/modules/cava_socios/__init__.py,12,routes,LOCAL_PROJECT,False
backend/modules/cava_socios/notification_service.py,1,core,LOCAL_PROJECT,False
backend/modules/cava_socios/notification_service.py,2,core,LOCAL_PROJECT,False
backend/modules/cava_socios/notification_service.py,14,os,STDLIB,False
backend/modules/cava_socios/notification_service.py,15,logging,STDLIB,False
backend/modules/cava_socios/notification_service.py,16,smtplib,STDLIB,False
backend/modules/cava_socios/notification_service.py,17,ssl,STDLIB,False
backend/modules/cava_socios/notification_service.py,18,email,STDLIB,False
backend/modules/cava_socios/notification_service.py,19,email,STDLIB,False
backend/modules/cava_socios/notification_service.py,20,email,STDLIB,False
backend/modules/cava_socios/notification_service.py,21,typing,STDLIB,False
backend/modules/cava_socios/notification_service.py,22,datetime,STDLIB,False
backend/modules/cava_socios/notification_service.py,55,twilio,EXTERNAL_DECLARED_NOT_INSTALLED,True
backend/modules/cava_socios/routes.py,1,core,LOCAL_PROJECT,False
backend/modules/cava_socios/routes.py,2,core,LOCAL_PROJECT,False
backend/modules/cava_socios/routes.py,11,fastapi,EXTERNAL_DECLARED_NOT_INSTALLED,False
backend/modules/cava_socios/routes.py,12,pydantic,EXTERNAL_DECLARED_NOT_INSTALLED,False
backend/modules/cava_socios/routes.py,13,typing,STDLIB,False
backend/modules/cava_socios/routes.py,14,fastapi,EXTERNAL_DECLARED_NOT_INSTALLED,False
backend/modules/cava_socios/routes.py,15,io,STDLIB,False
backend/modules/cava_socios/routes.py,16,logging,STDLIB,False
backend/modules/cava_socios/routes.py,18,service,UNRESOLVED,False
backend/modules/cava_socios/routes.py,19,core,LOCAL_PROJECT,False
backend/modules/cava_socios/routes.py,202,report_service,UNRESOLVED,False
backend/modules/cava_socios/routes.py,341,notification_service,UNRESOLVED,False
backend/modules/cava_socios/report_service.py,1,core,LOCAL_PROJECT,False
backend/modules/cava_socios/report_service.py,2,core,LOCAL_PROJECT,False
backend/modules/cava_socios/report_service.py,14,io,STDLIB,False
backend/modules/cava_socios/report_service.py,15,logging,STDLIB,False
backend/modules/cava_socios/report_service.py,16,datetime,STDLIB,False
backend/modules/cava_socios/report_service.py,17,typing,STDLIB,False
backend/modules/cava_socios/report_service.py,19,reportlab,EXTERNAL_DECLARED_NOT_INSTALLED,False
backend/modules/cava_socios/report_service.py,20,reportlab,EXTERNAL_DECLARED_NOT_INSTALLED,False
backend/modules/cava_socios/report_service.py,21,reportlab,EXTERNAL_DECLARED_NOT_INSTALLED,False
backend/modules/cava_socios/report_service.py,22,reportlab,EXTERNAL_DECLARED_NOT_INSTALLED,False
backend/modules/cava_socios/report_service.py,23,reportlab,EXTERNAL_DECLARED_NOT_INSTALLED,False
backend/modules/cava_socios/report_service.py,27,reportlab,EXTERNAL_DECLARED_NOT_INSTALLED,False
backend/modules/manuales_operativos/service.py,1,core,LOCAL_PROJECT,False
backend/modules/manuales_operativos/service.py,2,core,LOCAL_PROJECT,False
backend/modules/manuales_operativos/service.py,13,logging,STDLIB,False
backend/modules/manuales_operativos/service.py,14,uuid,STDLIB,False
backend/modules/manuales_operativos/service.py,15,datetime,STDLIB,False
backend/modules/manuales_operativos/service.py,16,typing,STDLIB,False
backend/modules/manuales_operativos/service.py,19,schemas,UNRESOLVED,False
backend/modules/manuales_operativos/__init__.py,1,core,LOCAL_PROJECT,False
backend/modules/manuales_operativos/__init__.py,2,core,LOCAL_PROJECT,False
backend/modules/manuales_operativos/__init__.py,10,schemas,UNRESOLVED,False
backend/modules/manuales_operativos/__init__.py,25,service,UNRESOLVED,False
backend/modules/manuales_operativos/__init__.py,30,routes,LOCAL_PROJECT,False
backend/modules/manuales_operativos/__init__.py,36,routes,LOCAL_PROJECT,False
backend/modules/manuales_operativos/triggers.py,1,core,LOCAL_PROJECT,False
backend/modules/manuales_operativos/triggers.py,2,core,LOCAL_PROJECT,False
backend/modules/manuales_operativos/triggers.py,19,logging,STDLIB,False
backend/modules/manuales_operativos/triggers.py,20,asyncio,STDLIB,False
backend/modules/manuales_operativos/triggers.py,21,typing,STDLIB,False
backend/modules/manuales_operativos/triggers.py,23,service,UNRESOLVED,False
backend/modules/manuales_operativos/triggers.py,191,uuid,STDLIB,False
backend/modules/manuales_operativos/triggers.py,192,datetime,STDLIB,False
backend/modules/manuales_operativos/triggers.py,193,schemas,UNRESOLVED,False
backend/modules/manuales_operativos/routes.py,1,core,LOCAL_PROJECT,False
backend/modules/manuales_operativos/routes.py,2,core,LOCAL_PROJECT,False
backend/modules/manuales_operativos/routes.py,10,fastapi,EXTERNAL_DECLARED_NOT_INSTALLED,False
backend/modules/manuales_operativos/routes.py,11,typing,STDLIB,False
backend/modules/manuales_operativos/routes.py,12,logging,STDLIB,False
backend/modules/manuales_operativos/routes.py,14,core,LOCAL_PROJECT,False
backend/modules/manuales_operativos/routes.py,16,service,UNRESOLVED,False
backend/modules/manuales_operativos/routes.py,17,schemas,UNRESOLVED,False
backend/modules/manuales_operativos/schemas.py,1,core,LOCAL_PROJECT,False
backend/modules/manuales_operativos/schemas.py,2,core,LOCAL_PROJECT,False
backend/modules/manuales_operativos/schemas.py,20,pydantic,EXTERNAL_DECLARED_NOT_INSTALLED,False
backend/modules/manuales_operativos/schemas.py,21,typing,STDLIB,False
backend/modules/manuales_operativos/schemas.py,22,datetime,STDLIB,False
backend/modules/manuales_operativos/schemas.py,23,enum,STDLIB,False
backend/modules/sistema_users_sql/routes.py,1,fastapi,EXTERNAL_DECLARED_NOT_INSTALLED,False
backend/modules/sistema_users_sql/routes.py,2,typing,STDLIB,False
backend/modules/sistema_users_sql/routes.py,3,core,LOCAL_PROJECT,False
backend/modules/sistema_users_sql/routes.py,4,core,LOCAL_PROJECT,False
backend/modules/sistema_users_sql/routes.py,5,core,LOCAL_PROJECT,False
backend/modules/alertas_estrategicas/__init__.py,1,core,LOCAL_PROJECT,False
backend/modules/alertas_estrategicas/__init__.py,2,core,LOCAL_PROJECT,False
backend/modules/alertas_estrategicas/routes.py,1,core,LOCAL_PROJECT,False
backend/modules/alertas_estrategicas/routes.py,2,core,LOCAL_PROJECT,False
backend/modules/alertas_estrategicas/routes.py,3,fastapi,EXTERNAL_DECLARED_NOT_INSTALLED,False
backend/modules/alertas_estrategicas/routes.py,4,core,LOCAL_PROJECT,False
backend/modules/alertas_estrategicas/routes.py,5,core,LOCAL_PROJECT,False
backend/modules/compras/service.py,1,core,LOCAL_PROJECT,False
backend/modules/compras/service.py,2,core,LOCAL_PROJECT,False
backend/modules/compras/service.py,22,typing,STDLIB,False
backend/modules/compras/service.py,23,logging,STDLIB,False
backend/modules/compras/service.py,24,fastapi,EXTERNAL_DECLARED_NOT_INSTALLED,False
backend/modules/compras/service.py,26,modules,LOCAL_PROJECT,False
backend/modules/compras/service.py,27,modules,LOCAL_PROJECT,False
backend/modules/compras/repository_compras_sql.py,1,core,LOCAL_PROJECT,False
backend/modules/compras/repository_compras_sql.py,2,core,LOCAL_PROJECT,False
backend/modules/compras/repository_compras_sql.py,20,os,STDLIB,False
backend/modules/compras/repository_compras_sql.py,21,logging,STDLIB,False
backend/modules/compras/repository_compras_sql.py,22,typing,STDLIB,False
backend/modules/compras/repository_compras_sql.py,23,datetime,STDLIB,False
backend/modules/compras/repository_compras_sql.py,24,core,LOCAL_PROJECT,False
backend/modules/compras/repository_compras_sql.py,25,core,LOCAL_PROJECT,False
backend/modules/compras/repository_compras_sql.py,40,pymssql,EXTERNAL_DECLARED_NOT_INSTALLED,False
backend/modules/compras/repository_compras_sql.py,169,json,STDLIB,False
backend/modules/compras/repository_compras_sql.py,216,json,STDLIB,False
backend/modules/compras/repository_compras_sql.py,309,json,STDLIB,False
backend/modules/compras/__init__.py,1,core,LOCAL_PROJECT,False
backend/modules/compras/__init__.py,2,core,LOCAL_PROJECT,False
backend/modules/compras/__init__.py,27,modules,LOCAL_PROJECT,False
backend/modules/compras/__init__.py,36,modules,LOCAL_PROJECT,False
backend/modules/compras/__init__.py,48,modules,LOCAL_PROJECT,False
backend/modules/compras/__init__.py,53,modules,LOCAL_PROJECT,False
backend/modules/compras/eventos_compras.py,1,core,LOCAL_PROJECT,False
backend/modules/compras/eventos_compras.py,2,core,LOCAL_PROJECT,False
backend/modules/compras/eventos_compras.py,27,os,STDLIB,False
backend/modules/compras/eventos_compras.py,28,json,STDLIB,False
backend/modules/compras/eventos_compras.py,29,logging,STDLIB,False
backend/modules/compras/eventos_compras.py,30,pymssql,EXTERNAL_DECLARED_NOT_INSTALLED,False
backend/modules/compras/eventos_compras.py,31,abc,STDLIB,False
backend/modules/compras/eventos_compras.py,32,datetime,STDLIB,False
backend/modules/compras/eventos_compras.py,33,typing,STDLIB,False
backend/modules/compras/eventos_compras.py,34,zoneinfo,STDLIB,False
backend/modules/compras/eventos_compras.py,35,dataclasses,STDLIB,False
backend/modules/compras/eventos_compras.py,36,enum,STDLIB,False
backend/modules/compras/eventos_compras.py,37,core,LOCAL_PROJECT,False
backend/modules/compras/eventos_compras.py,38,core,LOCAL_PROJECT,False
backend/modules/compras/system_type_utils.py,1,core,LOCAL_PROJECT,False
backend/modules/compras/system_type_utils.py,2,core,LOCAL_PROJECT,False
backend/modules/compras/system_type_utils.py,13,core,LOCAL_PROJECT,False
backend/modules/compras/system_type_utils.py,36,typing,STDLIB,False
backend/modules/compras/system_type_utils.py,37,dataclasses,STDLIB,False
backend/modules/compras/system_type_utils.py,38,enum,STDLIB,False
backend/modules/compras/system_type_utils.py,39,logging,STDLIB,False
backend/modules/compras/sql_first_repository.py,1,core,LOCAL_PROJECT,False
backend/modules/compras/sql_first_repository.py,2,core,LOCAL_PROJECT,False
backend/modules/compras/sql_first_repository.py,12,typing,STDLIB,False
backend/modules/compras/sql_first_repository.py,13,logging,STDLIB,False
backend/modules/compras/repository.py,1,core,LOCAL_PROJECT,False
backend/modules/compras/repository.py,2,core,LOCAL_PROJECT,False
backend/modules/compras/repository.py,26,typing,STDLIB,False
backend/modules/compras/repository.py,27,dataclasses,STDLIB,False
backend/modules/compras/repository.py,28,logging,STDLIB,False
backend/modules/compras/repository.py,30,core,LOCAL_PROJECT,False
backend/modules/compras/repository.py,124,core,LOCAL_PROJECT,False
backend/modules/compras/repository.py,146,core,LOCAL_PROJECT,False
backend/modules/compras/repository.py,175,modules,LOCAL_PROJECT,False
backend/modules/compras/repository.py,190,modules,LOCAL_PROJECT,False
backend/modules/compras/historical_kpis_repository.py,17,logging,STDLIB,False
backend/modules/compras/historical_kpis_repository.py,18,os,STDLIB,False
backend/modules/compras/historical_kpis_repository.py,19,sys,STDLIB,False
backend/modules/compras/historical_kpis_repository.py,20,typing,STDLIB,False
backend/modules/compras/historical_kpis_repository.py,21,datetime,STDLIB,False
backend/modules/compras/historical_kpis_repository.py,35,core,LOCAL_PROJECT,False
backend/modules/compras/historical_kpis_repository.py,48,pytds,UNRESOLVED,False
backend/modules/compras/sync_service.py,29,os,STDLIB,False
backend/modules/compras/sync_service.py,30,pymssql,EXTERNAL_DECLARED_NOT_INSTALLED,False
backend/modules/compras/sync_service.py,31,logging,STDLIB,False
backend/modules/compras/sync_service.py,32,datetime,STDLIB,False
backend/modules/compras/sync_service.py,33,typing,STDLIB,False
backend/modules/compras/sync_service.py,34,core,LOCAL_PROJECT,False
backend/modules/compras/sync_service.py,35,core,LOCAL_PROJECT,False
backend/modules/compras/sync_service.py,413,core,LOCAL_PROJECT,False
backend/modules/compras/sync_service.py,546,core,LOCAL_PROJECT,False
backend/modules/compras/sync_service.py,739,core,LOCAL_PROJECT,False
backend/modules/compras/sync_service.py,966,os,STDLIB,False
backend/modules/compras/sync_service.py,967,core,LOCAL_PROJECT,False
backend/modules/compras/repository_pedidos_sql.py,1,os,STDLIB,False
backend/modules/compras/repository_pedidos_sql.py,2,core,LOCAL_PROJECT,False
backend/modules/compras/repository_pedidos_sql.py,3,core,LOCAL_PROJECT,False
backend/modules/compras/repository_pedidos_sql.py,24,logging,STDLIB,False
backend/modules/compras/repository_pedidos_sql.py,25,json,STDLIB,False
backend/modules/compras/repository_pedidos_sql.py,26,datetime,STDLIB,False
backend/modules/compras/repository_pedidos_sql.py,27,typing,STDLIB,False
backend/modules/compras/repository_pedidos_sql.py,28,uuid,STDLIB,False
backend/modules/compras/repository_pedidos_sql.py,29,core,LOCAL_PROJECT,False
backend/modules/compras/repository_pedidos_sql.py,49,pymssql,EXTERNAL_DECLARED_NOT_INSTALLED,False
backend/modules/compras/repository_pedidos_sql.py,80,pymssql,EXTERNAL_DECLARED_NOT_INSTALLED,False
backend/modules/compras/routes.py,1,core,LOCAL_PROJECT,False
backend/modules/compras/routes.py,2,core,LOCAL_PROJECT,False
backend/modules/compras/routes.py,26,typing,STDLIB,False
backend/modules/compras/routes.py,27,fastapi,EXTERNAL_DECLARED_NOT_INSTALLED,False
backend/modules/compras/routes.py,28,fastapi,EXTERNAL_DECLARED_NOT_INSTALLED,False
backend/modules/compras/routes.py,30,core,LOCAL_PROJECT,False
backend/modules/compras/routes.py,31,modules,LOCAL_PROJECT,False
backend/modules/compras/routes.py,32,modules,LOCAL_PROJECT,False
backend/modules/compras/schemas.py,1,core,LOCAL_PROJECT,False
backend/modules/compras/schemas.py,2,core,LOCAL_PROJECT,False
backend/modules/compras/schemas.py,13,typing,STDLIB,False
backend/modules/compras/schemas.py,14,pydantic,EXTERNAL_DECLARED_NOT_INSTALLED,False
backend/modules/compras/adapters/__init__.py,1,core,LOCAL_PROJECT,False
backend/modules/compras/adapters/__init__.py,2,core,LOCAL_PROJECT,False
backend/modules/compras/adapters/mpro_adapter.py,1,core,LOCAL_PROJECT,False
backend/modules/compras/adapters/mpro_adapter.py,2,core,LOCAL_PROJECT,False
backend/modules/compras/adapters/softrestaurant_pro_adapter.py,1,core,LOCAL_PROJECT,False
backend/modules/compras/adapters/softrestaurant_pro_adapter.py,2,core,LOCAL_PROJECT,False
backend/scripts/backfill_comentario_mpro.py,12,os,STDLIB,False
backend/scripts/backfill_comentario_mpro.py,13,sys,STDLIB,False
backend/scripts/backfill_comentario_mpro.py,14,dotenv,UNRESOLVED,False
backend/scripts/backfill_comentario_mpro.py,19,modules,LOCAL_PROJECT,False
backend/scripts/backfill_comentario_mpro.py,20,core,LOCAL_PROJECT,False
backend/scripts/backfill_comentario_mpro.py,21,core,LOCAL_PROJECT,False
backend/scripts/backfill_comentario_mpro.py,28,server,LOCAL_PROJECT,False
backend/scripts/sync_agent_piloto.py,30,argparse,STDLIB,False
backend/scripts/sync_agent_piloto.py,31,json,STDLIB,False
backend/scripts/sync_agent_piloto.py,32,logging,STDLIB,False
backend/scripts/sync_agent_piloto.py,33,os,STDLIB,False
backend/scripts/sync_agent_piloto.py,34,sys,STDLIB,False
backend/scripts/sync_agent_piloto.py,35,datetime,STDLIB,False
backend/scripts/sync_agent_piloto.py,36,typing,STDLIB,False
backend/scripts/sync_agent_piloto.py,38,yaml,UNRESOLVED,False
backend/scripts/sync_agent_piloto.py,39,requests,EXTERNAL_DECLARED_NOT_INSTALLED,False
backend/scripts/sync_agent_piloto.py,95,pymssql,EXTERNAL_DECLARED_NOT_INSTALLED,True
backend/scripts/sync_agent_piloto.py,114,pyodbc,EXTERNAL_DECLARED_NOT_INSTALLED,False
backend/scripts/p3_06a_fix_column_case_queries.py,1,pathlib,STDLIB,False
backend/scripts/p3_06a_fix_column_case_queries.py,2,re,STDLIB,False
backend/scripts/p3_06a_fix_column_case_queries.py,3,shutil,STDLIB,False
backend/scripts/p3_06a_fix_column_case_queries.py,4,datetime,STDLIB,False
backend/scripts/p3_06a_fix_column_case_queries.py,5,collections,STDLIB,False
backend/scripts/correccion_sistema_menus_y_fallbacks.py,3,pymssql,EXTERNAL_DECLARED_NOT_INSTALLED,False
backend/scripts/correccion_sistema_menus_y_fallbacks.py,4,os,STDLIB,False
backend/scripts/import_catalogo_enriquecido.py,15,os,STDLIB,False
backend/scripts/import_catalogo_enriquecido.py,16,sys,STDLIB,False
backend/scripts/import_catalogo_enriquecido.py,17,urllib,STDLIB,False
backend/scripts/import_catalogo_enriquecido.py,18,dotenv,UNRESOLVED,False
backend/scripts/import_catalogo_enriquecido.py,22,core,LOCAL_PROJECT,False
backend/scripts/import_catalogo_enriquecido.py,183,openpyxl,EXTERNAL_DECLARED_NOT_INSTALLED,False
backend/scripts/recuperacion_ui_fallback.py,8,requests,EXTERNAL_DECLARED_NOT_INSTALLED,False
backend/scripts/recuperacion_ui_fallback.py,9,logging,STDLIB,False
backend/scripts/recuperacion_ui_fallback.py,10,requests,EXTERNAL_DECLARED_NOT_INSTALLED,False
backend/scripts/backfill_sync_precios_historicos_from_productos.py,5,os,STDLIB,False
backend/scripts/backfill_sync_precios_historicos_from_productos.py,6,argparse,STDLIB,False
backend/scripts/backfill_sync_precios_historicos_from_productos.py,7,pymssql,EXTERNAL_DECLARED_NOT_INSTALLED,False
backend/scripts/backfill_sync_precios_historicos_from_productos.py,8,datetime,STDLIB,False
backend/scripts/p5_audit_cleanup_mongo.py,1,pathlib,STDLIB,False
backend/scripts/p5_audit_cleanup_mongo.py,2,re,STDLIB,False
backend/scripts/p5_audit_cleanup_mongo.py,35,collections,STDLIB,False
backend/scripts/consultar_cache_finops.py,3,hashlib,STDLIB,False
backend/scripts/consultar_cache_finops.py,4,pymssql,EXTERNAL_DECLARED_NOT_INSTALLED,False
backend/scripts/consultar_cache_finops.py,5,os,STDLIB,False
backend/scripts/create_comercial_pricing_rbac.py,26,os,STDLIB,False
backend/scripts/create_comercial_pricing_rbac.py,27,pymssql,EXTERNAL_DECLARED_NOT_INSTALLED,False
backend/scripts/create_comercial_pricing_rbac.py,28,datetime,STDLIB,False
backend/scripts/diag_rbac_benchmark.py,4,os,STDLIB,False
backend/scripts/diag_rbac_benchmark.py,4,pymssql,EXTERNAL_DECLARED_NOT_INSTALLED,False
backend/scripts/finops_shield_mitigacion.py,11,sys,STDLIB,False
backend/scripts/finops_shield_mitigacion.py,12,logging,STDLIB,False
backend/scripts/finops_shield_mitigacion.py,13,hashlib,STDLIB,False
backend/scripts/finops_shield_mitigacion.py,14,datetime,STDLIB,False
backend/scripts/finops_shield_mitigacion.py,41,pymssql,EXTERNAL_DECLARED_NOT_INSTALLED,True
backend/scripts/validate_system_capability_integration_fase6.py,20,sys,STDLIB,False
backend/scripts/validate_system_capability_integration_fase6.py,21,os,STDLIB,False
backend/scripts/validate_system_capability_integration_fase6.py,27,dotenv,UNRESOLVED,False
backend/scripts/validate_system_capability_integration_fase6.py,38,core,LOCAL_PROJECT,False
backend/scripts/validate_system_capability_integration_fase6.py,61,core,LOCAL_PROJECT,False
backend/scripts/validate_system_capability_integration_fase6.py,115,core,LOCAL_PROJECT,False
backend/scripts/validate_system_capability_integration_fase6.py,170,core,LOCAL_PROJECT,False
backend/scripts/validate_system_capability_integration_fase6.py,201,core,LOCAL_PROJECT,False
backend/scripts/validate_system_capability_integration_fase6.py,229,py_compile,STDLIB,False
backend/scripts/create_sesiones_tables.py,6,pymssql,EXTERNAL_DECLARED_NOT_INSTALLED,False
backend/scripts/create_sesiones_tables.py,7,os,STDLIB,False
backend/scripts/carga_historica_runner.py,6,os,STDLIB,False
backend/scripts/carga_historica_runner.py,7,sys,STDLIB,False
backend/scripts/carga_historica_runner.py,8,json,STDLIB,False
backend/scripts/carga_historica_runner.py,9,time,STDLIB,False
backend/scripts/carga_historica_runner.py,10,logging,STDLIB,False
backend/scripts/carga_historica_runner.py,11,pathlib,STDLIB,False
backend/scripts/carga_historica_runner.py,12,datetime,STDLIB,False
backend/scripts/carga_historica_runner.py,13,dateutil,UNRESOLVED,False
backend/scripts/carga_historica_runner.py,78,modules,LOCAL_PROJECT,False
backend/scripts/carga_historica_runner.py,115,modules,LOCAL_PROJECT,False
backend/scripts/audit_edarsahub_credentials_references.py,1,pathlib,STDLIB,False
backend/scripts/audit_edarsahub_credentials_references.py,2,re,STDLIB,False
backend/scripts/backfill_sync_sales_batch.py,17,os,STDLIB,False
backend/scripts/backfill_sync_sales_batch.py,18,sys,STDLIB,False
backend/scripts/backfill_sync_sales_batch.py,19,json,STDLIB,False
backend/scripts/backfill_sync_sales_batch.py,20,time,STDLIB,False
backend/scripts/backfill_sync_sales_batch.py,21,argparse,STDLIB,False
backend/scripts/backfill_sync_sales_batch.py,22,datetime,STDLIB,False
backend/scripts/backfill_sync_sales_batch.py,23,pathlib,STDLIB,False
backend/scripts/backfill_sync_sales_batch.py,29,pilot_backfill_sync_sales,UNRESOLVED,False
backend/scripts/backfill_sync_sales_batch.py,30,core,LOCAL_PROJECT,False
backend/scripts/p3_01f_validate_patch_compras_no_live.py,1,os,STDLIB,False
backend/scripts/p3_01f_validate_patch_compras_no_live.py,2,pathlib,STDLIB,False
backend/scripts/p3_01f_validate_patch_compras_no_live.py,3,pymssql,EXTERNAL_DECLARED_NOT_INSTALLED,False
backend/scripts/p3_01f_validate_patch_compras_no_live.py,4,datetime,STDLIB,False
backend/scripts/validate_sync_compras_schema.py,1,sys,STDLIB,False
backend/scripts/validate_sync_compras_schema.py,4,pymssql,EXTERNAL_DECLARED_NOT_INSTALLED,False
backend/scripts/validate_sync_compras_schema.py,5,datetime,STDLIB,False
backend/scripts/validate_sync_compras_schema.py,6,core,LOCAL_PROJECT,False
backend/scripts/create_cava_socios_rbac.py,13,pymssql,EXTERNAL_DECLARED_NOT_INSTALLED,False
backend/scripts/create_cava_socios_rbac.py,14,os,STDLIB,False
backend/scripts/create_cava_socios_rbac.py,15,datetime,STDLIB,False
backend/scripts/discover_tiposervicio_pagos_schema.py,15,os,STDLIB,False
backend/scripts/discover_tiposervicio_pagos_schema.py,16,sys,STDLIB,False
backend/scripts/discover_tiposervicio_pagos_schema.py,17,json,STDLIB,False
backend/scripts/discover_tiposervicio_pagos_schema.py,18,argparse,STDLIB,False
backend/scripts/discover_tiposervicio_pagos_schema.py,19,pathlib,STDLIB,False
backend/scripts/discover_tiposervicio_pagos_schema.py,37,pymssql,EXTERNAL_DECLARED_NOT_INSTALLED,False
backend/scripts/discover_tiposervicio_pagos_schema.py,38,core,LOCAL_PROJECT,False
backend/scripts/discover_tiposervicio_pagos_schema.py,39,core,LOCAL_PROJECT,False
backend/scripts/create_cava_socios_tables.py,14,pymssql,EXTERNAL_DECLARED_NOT_INSTALLED,False
backend/scripts/create_cava_socios_tables.py,15,os,STDLIB,False
backend/scripts/create_cava_socios_tables.py,16,datetime,STDLIB,False
backend/scripts/p3_07b_poblar_costo_receta_sqlfirst.py,1,os,STDLIB,False
backend/scripts/p3_07b_poblar_costo_receta_sqlfirst.py,2,pathlib,STDLIB,False
backend/scripts/p3_07b_poblar_costo_receta_sqlfirst.py,3,pymssql,EXTERNAL_DECLARED_NOT_INSTALLED,False
backend/scripts/p3_07b_poblar_costo_receta_sqlfirst.py,4,datetime,STDLIB,False
backend/scripts/validate_catalogo_sistemas_endpoints.py,23,os,STDLIB,False
backend/scripts/validate_catalogo_sistemas_endpoints.py,24,sys,STDLIB,False
backend/scripts/validate_catalogo_sistemas_endpoints.py,25,json,STDLIB,False
backend/scripts/validate_catalogo_sistemas_endpoints.py,26,requests,EXTERNAL_DECLARED_NOT_INSTALLED,False
backend/scripts/validate_catalogo_sistemas_endpoints.py,27,datetime,STDLIB,False
backend/scripts/validate_catalogo_sistemas_endpoints.py,28,typing,STDLIB,False
backend/scripts/validate_catalogo_sistemas_endpoints.py,382,traceback,STDLIB,False
backend/scripts/fn_calcular_proyeccion_mensual.py,11,sys,STDLIB,False
backend/scripts/fn_calcular_proyeccion_mensual.py,12,logging,STDLIB,False
backend/scripts/fn_calcular_proyeccion_mensual.py,13,calendar,STDLIB,False
backend/scripts/audit_kpis_junio_2026.py,6,os,STDLIB,False
backend/scripts/audit_kpis_junio_2026.py,7,dotenv,UNRESOLVED,False
backend/scripts/audit_kpis_junio_2026.py,11,pymssql,EXTERNAL_DECLARED_NOT_INSTALLED,False
backend/scripts/audit_rbac_connection_runtime_usage.py,1,pathlib,STDLIB,False
backend/scripts/audit_rbac_connection_runtime_usage.py,2,re,STDLIB,False
backend/scripts/p3_01_sync_compras_dryrun.py,1,os,STDLIB,False
backend/scripts/p3_01_sync_compras_dryrun.py,2,pathlib,STDLIB,False
backend/scripts/p3_01_sync_compras_dryrun.py,3,datetime,STDLIB,False
backend/scripts/p3_01_sync_compras_dryrun.py,4,pymssql,EXTERNAL_DECLARED_NOT_INSTALLED,False
backend/scripts/pilot_backfill_sync_sales.py,23,os,STDLIB,False
backend/scripts/pilot_backfill_sync_sales.py,24,sys,STDLIB,False
backend/scripts/pilot_backfill_sync_sales.py,25,json,STDLIB,False
backend/scripts/pilot_backfill_sync_sales.py,26,time,STDLIB,False
backend/scripts/pilot_backfill_sync_sales.py,27,argparse,STDLIB,False
backend/scripts/pilot_backfill_sync_sales.py,28,pathlib,STDLIB,False
backend/scripts/pilot_backfill_sync_sales.py,46,pymssql,EXTERNAL_DECLARED_NOT_INSTALLED,False
backend/scripts/pilot_backfill_sync_sales.py,47,uuid,STDLIB,False
backend/scripts/pilot_backfill_sync_sales.py,48,core,LOCAL_PROJECT,False
backend/scripts/pilot_backfill_sync_sales.py,49,core,LOCAL_PROJECT,False
backend/scripts/update_proyeccion_con_funcion.py,3,pymssql,EXTERNAL_DECLARED_NOT_INSTALLED,False
backend/scripts/update_proyeccion_con_funcion.py,4,os,STDLIB,False
backend/scripts/p2_13_audit_precios_constantes_lookup.py,1,os,STDLIB,False
backend/scripts/p2_13_audit_precios_constantes_lookup.py,2,pathlib,STDLIB,False
backend/scripts/p2_13_audit_precios_constantes_lookup.py,3,pymssql,EXTERNAL_DECLARED_NOT_INSTALLED,False
backend/scripts/diag_prueba_no_puente_safe.py,10,sys,STDLIB,False
backend/scripts/diag_prueba_no_puente_safe.py,11,pathlib,STDLIB,False
backend/scripts/diag_prueba_no_puente_safe.py,12,dotenv,UNRESOLVED,False
backend/scripts/diag_prueba_no_puente_safe.py,15,logging,STDLIB,False
backend/scripts/diag_prueba_no_puente_safe.py,16,core,LOCAL_PROJECT,False
backend/scripts/p3_01c_bloqueo_compras_sin_live.py,1,os,STDLIB,False
backend/scripts/p3_01c_bloqueo_compras_sin_live.py,2,pathlib,STDLIB,False
backend/scripts/p3_01c_bloqueo_compras_sin_live.py,3,datetime,STDLIB,False
backend/scripts/p3_01c_bloqueo_compras_sin_live.py,4,pymssql,EXTERNAL_DECLARED_NOT_INSTALLED,False
backend/scripts/backfill_inteligencia_comercial_pos.py,17,os,STDLIB,False
backend/scripts/backfill_inteligencia_comercial_pos.py,18,sys,STDLIB,False
backend/scripts/backfill_inteligencia_comercial_pos.py,19,json,STDLIB,False
backend/scripts/backfill_inteligencia_comercial_pos.py,20,argparse,STDLIB,False
backend/scripts/backfill_inteligencia_comercial_pos.py,21,pathlib,STDLIB,False
backend/scripts/backfill_inteligencia_comercial_pos.py,39,core,LOCAL_PROJECT,False
backend/scripts/discover_pagos_detalle2.py,6,os,STDLIB,False
backend/scripts/discover_pagos_detalle2.py,6,sys,STDLIB,False
backend/scripts/discover_pagos_detalle2.py,6,json,STDLIB,False
backend/scripts/discover_pagos_detalle2.py,6,argparse,STDLIB,False
backend/scripts/discover_pagos_detalle2.py,7,pathlib,STDLIB,False
backend/scripts/discover_pagos_detalle2.py,16,pymssql,EXTERNAL_DECLARED_NOT_INSTALLED,False
backend/scripts/discover_pagos_detalle2.py,17,core,LOCAL_PROJECT,False
backend/scripts/create_crm_automation_tables.py,7,pymssql,EXTERNAL_DECLARED_NOT_INSTALLED,False
backend/scripts/create_crm_automation_tables.py,8,os,STDLIB,False
backend/scripts/pilot_enrich_tiposervicio_pagos.py,12,os,STDLIB,False
backend/scripts/pilot_enrich_tiposervicio_pagos.py,13,sys,STDLIB,False
backend/scripts/pilot_enrich_tiposervicio_pagos.py,14,json,STDLIB,False
backend/scripts/pilot_enrich_tiposervicio_pagos.py,15,argparse,STDLIB,False
backend/scripts/pilot_enrich_tiposervicio_pagos.py,16,pathlib,STDLIB,False
backend/scripts/pilot_enrich_tiposervicio_pagos.py,34,core,LOCAL_PROJECT,False
backend/scripts/pilot_enrich_tiposervicio_pagos.py,35,core,LOCAL_PROJECT,False
backend/scripts/p2_migrate_credentials_batch.py,1,pathlib,STDLIB,False
backend/scripts/p2_migrate_credentials_batch.py,2,re,STDLIB,False
backend/scripts/p2_migrate_credentials_batch.py,3,shutil,STDLIB,False
backend/scripts/p2_migrate_credentials_batch.py,4,datetime,STDLIB,False
backend/scripts/validate_encrypted_server_connectivity.py,31,argparse,STDLIB,False
backend/scripts/validate_encrypted_server_connectivity.py,32,json,STDLIB,False
backend/scripts/validate_encrypted_server_connectivity.py,33,sys,STDLIB,False
backend/scripts/validate_encrypted_server_connectivity.py,34,os,STDLIB,False
backend/scripts/validate_encrypted_server_connectivity.py,35,time,STDLIB,False
backend/scripts/validate_encrypted_server_connectivity.py,36,logging,STDLIB,False
backend/scripts/validate_encrypted_server_connectivity.py,37,datetime,STDLIB,False
backend/scripts/validate_encrypted_server_connectivity.py,38,pathlib,STDLIB,False
backend/scripts/validate_encrypted_server_connectivity.py,39,typing,STDLIB,False
backend/scripts/validate_encrypted_server_connectivity.py,46,dotenv,UNRESOLVED,False
backend/scripts/validate_encrypted_server_connectivity.py,61,core,LOCAL_PROJECT,False
backend/scripts/validate_encrypted_server_connectivity.py,62,core,LOCAL_PROJECT,False
backend/scripts/validate_encrypted_server_connectivity.py,67,core,LOCAL_PROJECT,False
backend/scripts/validate_encrypted_server_connectivity.py,275,pymssql,EXTERNAL_DECLARED_NOT_INSTALLED,False
backend/scripts/validate_encrypted_server_connectivity.py,392,requests,EXTERNAL_DECLARED_NOT_INSTALLED,False
backend/scripts/seed_inteligencia_demo.py,7,pymssql,EXTERNAL_DECLARED_NOT_INSTALLED,False
backend/scripts/seed_inteligencia_demo.py,8,os,STDLIB,False
backend/scripts/seed_inteligencia_demo.py,9,datetime,STDLIB,False
backend/scripts/seed_inteligencia_demo.py,10,random,STDLIB,False
backend/scripts/export_critical_sqlfirst_tables.py,1,os,STDLIB,False
backend/scripts/export_critical_sqlfirst_tables.py,2,sys,STDLIB,False
backend/scripts/export_critical_sqlfirst_tables.py,5,pymssql,EXTERNAL_DECLARED_NOT_INSTALLED,False
backend/scripts/export_critical_sqlfirst_tables.py,6,pathlib,STDLIB,False
backend/scripts/export_critical_sqlfirst_tables.py,7,datetime,STDLIB,False
backend/scripts/export_critical_sqlfirst_tables.py,8,decimal,STDLIB,False
backend/scripts/export_critical_sqlfirst_tables.py,9,uuid,STDLIB,False
backend/scripts/export_critical_sqlfirst_tables.py,11,core,LOCAL_PROJECT,False
backend/scripts/diag_puente_canonico_safe.py,1,sys,STDLIB,False
backend/scripts/diag_puente_canonico_safe.py,2,pathlib,STDLIB,False
backend/scripts/diag_puente_canonico_safe.py,3,dotenv,UNRESOLVED,False
backend/scripts/diag_puente_canonico_safe.py,6,logging,STDLIB,False
backend/scripts/diag_puente_canonico_safe.py,7,core,LOCAL_PROJECT,False
backend/scripts/fase_sync_3a_r2_pordiasemana.py,14,sys,STDLIB,False
backend/scripts/fase_sync_3a_r2_pordiasemana.py,17,datetime,STDLIB,False
backend/scripts/fase_sync_3a_r2_pordiasemana.py,18,decimal,STDLIB,False
backend/scripts/fase_sync_3a_r2_pordiasemana.py,19,typing,STDLIB,False
backend/scripts/fase_sync_3a_r2_pordiasemana.py,20,uuid,STDLIB,False
backend/scripts/fase_sync_3a_r2_pordiasemana.py,22,core,LOCAL_PROJECT,False
backend/scripts/fase_sync_3a_r2_pordiasemana.py,23,core,LOCAL_PROJECT,False
backend/scripts/fase_sync_3a_r2_pordiasemana.py,29,zoneinfo,STDLIB,True
backend/scripts/fase_sync_3a_r2_pordiasemana.py,32,pytz,EXTERNAL_DECLARED_NOT_INSTALLED,False
backend/scripts/sync_response_cache_finops.py,3,pymssql,EXTERNAL_DECLARED_NOT_INSTALLED,False
backend/scripts/sync_response_cache_finops.py,4,hashlib,STDLIB,False
backend/scripts/sync_response_cache_finops.py,5,os,STDLIB,False
backend/scripts/diag_compras_canonico2_safe.py,1,sys,STDLIB,False
backend/scripts/diag_compras_canonico2_safe.py,2,pathlib,STDLIB,False
backend/scripts/diag_compras_canonico2_safe.py,3,dotenv,UNRESOLVED,False
backend/scripts/diag_compras_canonico2_safe.py,6,logging,STDLIB,False
backend/scripts/diag_compras_canonico2_safe.py,7,core,LOCAL_PROJECT,False
backend/scripts/sistema_menus_dinamicos.py,11,sys,STDLIB,False
backend/scripts/sistema_menus_dinamicos.py,12,logging,STDLIB,False
backend/scripts/ddl_costos_alertas_001b.py,21,sys,STDLIB,False
backend/scripts/ddl_costos_alertas_001b.py,24,core,LOCAL_PROJECT,False
backend/scripts/ddl_costos_alertas_001b.py,25,core,LOCAL_PROJECT,False
backend/scripts/validate_consultas_sql_endpoints_fase_4b.py,17,sys,STDLIB,False
backend/scripts/validate_consultas_sql_endpoints_fase_4b.py,18,json,STDLIB,False
backend/scripts/validate_consultas_sql_endpoints_fase_4b.py,19,requests,EXTERNAL_DECLARED_NOT_INSTALLED,False
backend/scripts/validate_consultas_sql_endpoints_fase_4b.py,20,datetime,STDLIB,False
backend/scripts/p3_02_analisis_sync_monitor.py,1,os,STDLIB,False
backend/scripts/p3_02_analisis_sync_monitor.py,2,pathlib,STDLIB,False
backend/scripts/p3_02_analisis_sync_monitor.py,3,pymssql,EXTERNAL_DECLARED_NOT_INSTALLED,False
backend/scripts/create_tablajeria_rbac.py,12,pymssql,EXTERNAL_DECLARED_NOT_INSTALLED,False
backend/scripts/create_tablajeria_rbac.py,13,os,STDLIB,False
backend/scripts/create_tablajeria_rbac.py,14,datetime,STDLIB,False
backend/scripts/integracion_unidades_sin_duplicar.py,11,sys,STDLIB,False
backend/scripts/integracion_unidades_sin_duplicar.py,12,logging,STDLIB,False
backend/scripts/p3_01c_sync_compras_detalle_dryrun.py,1,os,STDLIB,False
backend/scripts/p3_01c_sync_compras_detalle_dryrun.py,2,pathlib,STDLIB,False
backend/scripts/p3_01c_sync_compras_detalle_dryrun.py,3,datetime,STDLIB,False
backend/scripts/p3_01c_sync_compras_detalle_dryrun.py,4,pymssql,EXTERNAL_DECLARED_NOT_INSTALLED,False
backend/scripts/validate_system_capability_resolver.py,21,sys,STDLIB,False
backend/scripts/validate_system_capability_resolver.py,22,os,STDLIB,False
backend/scripts/validate_system_capability_resolver.py,27,datetime,STDLIB,False
backend/scripts/validate_system_capability_resolver.py,28,typing,STDLIB,False
backend/scripts/validate_system_capability_resolver.py,63,core,LOCAL_PROJECT,False
backend/scripts/validate_system_capability_resolver.py,410,traceback,STDLIB,False
backend/scripts/validate_sql_sanitization_fase_1b.py,21,sys,STDLIB,False
backend/scripts/validate_sql_sanitization_fase_1b.py,22,os,STDLIB,False
backend/scripts/validate_sql_sanitization_fase_1b.py,23,json,STDLIB,False
backend/scripts/validate_sql_sanitization_fase_1b.py,24,argparse,STDLIB,False
backend/scripts/validate_sql_sanitization_fase_1b.py,25,datetime,STDLIB,False
backend/scripts/validate_sql_sanitization_fase_1b.py,26,typing,STDLIB,False
backend/scripts/validate_sql_sanitization_fase_1b.py,31,core,LOCAL_PROJECT,False
backend/scripts/ddl_competidores_enterprise_unidad.py,18,os,STDLIB,False
backend/scripts/ddl_competidores_enterprise_unidad.py,19,sys,STDLIB,False
backend/scripts/ddl_competidores_enterprise_unidad.py,22,core,LOCAL_PROJECT,False
backend/scripts/ddl_competidores_enterprise_unidad.py,23,core,LOCAL_PROJECT,False
backend/scripts/auditar_sync_pos_canonico.py,13,os,STDLIB,False
backend/scripts/auditar_sync_pos_canonico.py,14,sys,STDLIB,False
backend/scripts/auditar_sync_pos_canonico.py,15,json,STDLIB,False
backend/scripts/auditar_sync_pos_canonico.py,16,pathlib,STDLIB,False
backend/scripts/auditar_sync_pos_canonico.py,34,core,LOCAL_PROJECT,False
backend/scripts/seed_ventas_consolidadas.py,26,pymssql,EXTERNAL_DECLARED_NOT_INSTALLED,False
backend/scripts/seed_ventas_consolidadas.py,27,os,STDLIB,False
backend/scripts/seed_ventas_consolidadas.py,28,datetime,STDLIB,False
backend/scripts/seed_ventas_consolidadas.py,29,random,STDLIB,False
backend/scripts/ddl_competidores_nuevos_campos.py,8,os,STDLIB,False
backend/scripts/ddl_competidores_nuevos_campos.py,9,sys,STDLIB,False
backend/scripts/ddl_competidores_nuevos_campos.py,12,core,LOCAL_PROJECT,False
backend/scripts/ddl_competidores_nuevos_campos.py,13,core,LOCAL_PROJECT,False
backend/scripts/audit_sync_precios_historicos_dryrun.py,5,os,STDLIB,False
backend/scripts/audit_sync_precios_historicos_dryrun.py,6,sys,STDLIB,False
backend/scripts/audit_sync_precios_historicos_dryrun.py,9,pymssql,EXTERNAL_DECLARED_NOT_INSTALLED,False
backend/scripts/audit_sync_precios_historicos_dryrun.py,10,datetime,STDLIB,False
backend/scripts/diag_origen_almacenes_sucursal_safe.py,34,sys,STDLIB,False
backend/scripts/diag_origen_almacenes_sucursal_safe.py,35,pathlib,STDLIB,False
backend/scripts/diag_origen_almacenes_sucursal_safe.py,36,dotenv,UNRESOLVED,False
backend/scripts/diag_origen_almacenes_sucursal_safe.py,41,logging,STDLIB,False
backend/scripts/diag_origen_almacenes_sucursal_safe.py,44,core,LOCAL_PROJECT,False
backend/scripts/diag_origen_almacenes_sucursal_safe.py,49,core,LOCAL_PROJECT,False
backend/scripts/migrate_legacy_mongo_to_sql.py,1,os,STDLIB,False
backend/scripts/migrate_legacy_mongo_to_sql.py,2,json,STDLIB,False
backend/scripts/migrate_legacy_mongo_to_sql.py,3,argparse,STDLIB,False
backend/scripts/migrate_legacy_mongo_to_sql.py,4,datetime,STDLIB,False
backend/scripts/migrate_legacy_mongo_to_sql.py,5,typing,STDLIB,False
backend/scripts/migrate_legacy_mongo_to_sql.py,7,pymssql,EXTERNAL_DECLARED_NOT_INSTALLED,False
backend/scripts/p2_11_auditar_unidades_servidores.py,1,os,STDLIB,False
backend/scripts/p2_11_auditar_unidades_servidores.py,2,pathlib,STDLIB,False
backend/scripts/p2_11_auditar_unidades_servidores.py,3,pymssql,EXTERNAL_DECLARED_NOT_INSTALLED,False
backend/scripts/diag_compras_canonico_safe.py,6,sys,STDLIB,False
backend/scripts/diag_compras_canonico_safe.py,7,pathlib,STDLIB,False
backend/scripts/diag_compras_canonico_safe.py,10,dotenv,UNRESOLVED,False
backend/scripts/diag_compras_canonico_safe.py,13,core,LOCAL_PROJECT,False
backend/scripts/create_scheduler_tables.py,1,os,STDLIB,False
backend/scripts/create_scheduler_tables.py,7,pymssql,EXTERNAL_DECLARED_NOT_INSTALLED,False
backend/scripts/audit_fecha_operativa_0600.py,28,pymssql,EXTERNAL_DECLARED_NOT_INSTALLED,False
backend/scripts/audit_fecha_operativa_0600.py,29,datetime,STDLIB,False
backend/scripts/audit_fecha_operativa_0600.py,30,pytz,EXTERNAL_DECLARED_NOT_INSTALLED,False
backend/scripts/audit_fecha_operativa_0600.py,31,json,STDLIB,False
backend/scripts/audit_fecha_operativa_0600.py,32,os,STDLIB,False
backend/scripts/create_workflow_tables.py,5,pymssql,EXTERNAL_DECLARED_NOT_INSTALLED,False
backend/scripts/create_workflow_tables.py,6,os,STDLIB,False
backend/scripts/p2_migrate_credentials_batch_v2.py,1,pathlib,STDLIB,False
backend/scripts/p2_migrate_credentials_batch_v2.py,2,re,STDLIB,False
backend/scripts/p2_migrate_credentials_batch_v2.py,3,shutil,STDLIB,False
backend/scripts/p2_migrate_credentials_batch_v2.py,4,datetime,STDLIB,False
backend/scripts/catchup_junio_kpis_v2.py,10,sys,STDLIB,False
backend/scripts/catchup_junio_kpis_v2.py,11,json,STDLIB,False
backend/scripts/catchup_junio_kpis_v2.py,12,pathlib,STDLIB,False
backend/scripts/catchup_junio_kpis_v2.py,16,dotenv,UNRESOLVED,False
backend/scripts/catchup_junio_kpis_v2.py,19,core,LOCAL_PROJECT,False
backend/scripts/sync_usuario_modulos_principales_from_sistema.py,1,contextlib,STDLIB,False
backend/scripts/sync_usuario_modulos_principales_from_sistema.py,2,core,LOCAL_PROJECT,False
backend/scripts/sync_usuario_modulos_principales_from_sistema.py,253,sys,STDLIB,False
backend/scripts/rotate_server_secret_key.py,38,argparse,STDLIB,False
backend/scripts/rotate_server_secret_key.py,39,json,STDLIB,False
backend/scripts/rotate_server_secret_key.py,40,sys,STDLIB,False
backend/scripts/rotate_server_secret_key.py,41,os,STDLIB,False
backend/scripts/rotate_server_secret_key.py,42,logging,STDLIB,False
backend/scripts/rotate_server_secret_key.py,43,datetime,STDLIB,False
backend/scripts/rotate_server_secret_key.py,44,pathlib,STDLIB,False
backend/scripts/rotate_server_secret_key.py,45,typing,STDLIB,False
backend/scripts/rotate_server_secret_key.py,52,dotenv,UNRESOLVED,False
backend/scripts/rotate_server_secret_key.py,93,core,LOCAL_PROJECT,False
backend/scripts/rotate_server_secret_key.py,152,core,LOCAL_PROJECT,False
backend/scripts/rotate_server_secret_key.py,153,core,LOCAL_PROJECT,False
backend/scripts/rotate_server_secret_key.py,208,core,LOCAL_PROJECT,False
backend/scripts/rotate_server_secret_key.py,288,core,LOCAL_PROJECT,False
backend/scripts/rotate_server_secret_key.py,289,core,LOCAL_PROJECT,False
backend/scripts/rotate_server_secret_key.py,290,core,LOCAL_PROJECT,False
backend/scripts/sync_cxp_canonico.py,8,os,STDLIB,False
backend/scripts/sync_cxp_canonico.py,9,sys,STDLIB,False
backend/scripts/sync_cxp_canonico.py,10,json,STDLIB,False
backend/scripts/sync_cxp_canonico.py,11,argparse,STDLIB,False
backend/scripts/sync_cxp_canonico.py,12,pathlib,STDLIB,False
backend/scripts/sync_cxp_canonico.py,22,core,LOCAL_PROJECT,False
backend/scripts/p3_01b_analizar_sync_purchases.py,1,os,STDLIB,False
backend/scripts/p3_01b_analizar_sync_purchases.py,2,pathlib,STDLIB,False
backend/scripts/p3_01b_analizar_sync_purchases.py,3,pymssql,EXTERNAL_DECLARED_NOT_INSTALLED,False
backend/scripts/p3_01b_analizar_sync_purchases.py,4,datetime,STDLIB,False
backend/scripts/actualizacion_kpi_proyeccion_comercial.py,3,calendar,STDLIB,False
backend/scripts/actualizacion_kpi_proyeccion_comercial.py,4,datetime,STDLIB,False
backend/scripts/actualizacion_kpi_proyeccion_comercial.py,5,pymssql,EXTERNAL_DECLARED_NOT_INSTALLED,False
backend/scripts/actualizacion_kpi_proyeccion_comercial.py,6,os,STDLIB,False
backend/scripts/create_unidades_negocio_table.py,10,sys,STDLIB,False
backend/scripts/create_unidades_negocio_table.py,11,os,STDLIB,False
backend/scripts/create_unidades_negocio_table.py,14,core,LOCAL_PROJECT,False
backend/scripts/solucion_cache_ventas.py,11,sys,STDLIB,False
backend/scripts/solucion_cache_ventas.py,12,logging,STDLIB,False
backend/scripts/solucion_cache_ventas.py,13,json,STDLIB,False
backend/scripts/p2_classify_remaining_credentials.py,1,pathlib,STDLIB,False
backend/scripts/p2_classify_remaining_credentials.py,2,re,STDLIB,False
backend/scripts/p2_classify_remaining_credentials.py,3,collections,STDLIB,False
backend/scripts/validacion_propinas_tpv.py,15,asyncio,STDLIB,False
backend/scripts/validacion_propinas_tpv.py,16,sys,STDLIB,False
backend/scripts/validacion_propinas_tpv.py,17,datetime,STDLIB,False
backend/scripts/validacion_propinas_tpv.py,18,typing,STDLIB,False
backend/scripts/validacion_propinas_tpv.py,24,core,LOCAL_PROJECT,False
backend/scripts/validacion_propinas_tpv.py,29,core,LOCAL_PROJECT,False
backend/scripts/validacion_propinas_tpv.py,32,core,LOCAL_PROJECT,False
backend/scripts/backfill_cienfuegos_mayo_2026.py,21,os,STDLIB,False
backend/scripts/backfill_cienfuegos_mayo_2026.py,22,sys,STDLIB,False
backend/scripts/backfill_cienfuegos_mayo_2026.py,23,pathlib,STDLIB,False
backend/scripts/backfill_cienfuegos_mayo_2026.py,36,datetime,STDLIB,False
backend/scripts/backfill_cienfuegos_mayo_2026.py,37,uuid,STDLIB,False
backend/scripts/backfill_cienfuegos_mayo_2026.py,38,logging,STDLIB,False
backend/scripts/backfill_cienfuegos_mayo_2026.py,66,pymssql,EXTERNAL_DECLARED_NOT_INSTALLED,False
backend/scripts/backfill_cienfuegos_mayo_2026.py,82,modules,LOCAL_PROJECT,False
backend/scripts/backfill_cienfuegos_mayo_2026.py,86,modules,LOCAL_PROJECT,False
backend/scripts/backfill_cienfuegos_mayo_2026.py,107,modules,LOCAL_PROJECT,False
backend/scripts/backfill_cienfuegos_mayo_2026.py,122,pymssql,EXTERNAL_DECLARED_NOT_INSTALLED,False
backend/scripts/backfill_cienfuegos_mayo_2026.py,171,pymssql,EXTERNAL_DECLARED_NOT_INSTALLED,False
backend/scripts/backfill_cienfuegos_mayo_2026.py,210,modules,LOCAL_PROJECT,False
backend/scripts/backfill_cienfuegos_mayo_2026.py,211,modules,LOCAL_PROJECT,False
backend/scripts/backfill_cienfuegos_mayo_2026.py,248,pymssql,EXTERNAL_DECLARED_NOT_INSTALLED,False
backend/scripts/backfill_cienfuegos_mayo_2026.py,395,traceback,STDLIB,False
backend/scripts/validate_consultas_sql_repository.py,29,sys,STDLIB,False
backend/scripts/validate_consultas_sql_repository.py,30,os,STDLIB,False
backend/scripts/validate_consultas_sql_repository.py,31,json,STDLIB,False
backend/scripts/validate_consultas_sql_repository.py,32,argparse,STDLIB,False
backend/scripts/validate_consultas_sql_repository.py,33,datetime,STDLIB,False
backend/scripts/validate_consultas_sql_repository.py,34,typing,STDLIB,False
backend/scripts/validate_consultas_sql_repository.py,39,modules,LOCAL_PROJECT,False
backend/scripts/generar_doc_diagnostico.py,4,docx,UNRESOLVED,False
backend/scripts/generar_doc_diagnostico.py,5,docx,UNRESOLVED,False
backend/scripts/generar_doc_diagnostico.py,6,docx,UNRESOLVED,False
backend/scripts/generar_doc_diagnostico.py,7,docx,UNRESOLVED,False
backend/scripts/generar_doc_diagnostico.py,8,docx,UNRESOLVED,False
backend/scripts/generar_doc_diagnostico.py,9,docx,UNRESOLVED,False
backend/scripts/qa_create_visor_comercial.py,3,os,STDLIB,False
backend/scripts/qa_create_visor_comercial.py,3,pymssql,EXTERNAL_DECLARED_NOT_INSTALLED,False
backend/scripts/qa_create_visor_comercial.py,4,core,LOCAL_PROJECT,False
backend/scripts/audit_db_direct_sqlfirst.py,1,os,STDLIB,False
backend/scripts/audit_db_direct_sqlfirst.py,2,sys,STDLIB,False
backend/scripts/audit_db_direct_sqlfirst.py,5,pymssql,EXTERNAL_DECLARED_NOT_INSTALLED,False
backend/scripts/audit_db_direct_sqlfirst.py,6,core,LOCAL_PROJECT,False
backend/scripts/pilot_movimientos_readonly_safe.py,8,sys,STDLIB,False
backend/scripts/pilot_movimientos_readonly_safe.py,9,asyncio,STDLIB,False
backend/scripts/pilot_movimientos_readonly_safe.py,10,pathlib,STDLIB,False
backend/scripts/pilot_movimientos_readonly_safe.py,11,dotenv,UNRESOLVED,False
backend/scripts/pilot_movimientos_readonly_safe.py,16,core,LOCAL_PROJECT,False
backend/scripts/pilot_movimientos_readonly_safe.py,17,core,LOCAL_PROJECT,False
backend/scripts/pilot_movimientos_readonly_safe.py,18,modules,LOCAL_PROJECT,False
backend/scripts/probe_pos_connectivity.py,12,os,STDLIB,False
backend/scripts/probe_pos_connectivity.py,13,sys,STDLIB,False
backend/scripts/probe_pos_connectivity.py,14,json,STDLIB,False
backend/scripts/probe_pos_connectivity.py,15,time,STDLIB,False
backend/scripts/probe_pos_connectivity.py,16,pathlib,STDLIB,False
backend/scripts/probe_pos_connectivity.py,34,pymssql,EXTERNAL_DECLARED_NOT_INSTALLED,False
backend/scripts/probe_pos_connectivity.py,35,core,LOCAL_PROJECT,False
backend/scripts/poblar_ventas_detalle_producto_canonico.py,15,__future__,STDLIB,False
backend/scripts/poblar_ventas_detalle_producto_canonico.py,17,argparse,STDLIB,False
backend/scripts/poblar_ventas_detalle_producto_canonico.py,18,hashlib,STDLIB,False
backend/scripts/poblar_ventas_detalle_producto_canonico.py,19,json,STDLIB,False
backend/scripts/poblar_ventas_detalle_producto_canonico.py,20,sys,STDLIB,False
backend/scripts/poblar_ventas_detalle_producto_canonico.py,21,pymssql,EXTERNAL_DECLARED_NOT_INSTALLED,False
backend/scripts/poblar_ventas_detalle_producto_canonico.py,22,uuid,STDLIB,False
backend/scripts/poblar_ventas_detalle_producto_canonico.py,23,collections,STDLIB,False
backend/scripts/poblar_ventas_detalle_producto_canonico.py,24,datetime,STDLIB,False
backend/scripts/poblar_ventas_detalle_producto_canonico.py,25,decimal,STDLIB,False
backend/scripts/poblar_ventas_detalle_producto_canonico.py,26,typing,STDLIB,False
backend/scripts/poblar_ventas_detalle_producto_canonico.py,28,core,LOCAL_PROJECT,False
backend/scripts/poblar_ventas_detalle_producto_canonico.py,29,core,LOCAL_PROJECT,False
backend/scripts/poblar_ventas_detalle_producto_canonico.py,557,core,LOCAL_PROJECT,False
backend/scripts/poblar_ventas_detalle_producto_canonico.py,708,core,LOCAL_PROJECT,False
backend/scripts/poblar_ventas_detalle_producto.py,17,argparse,STDLIB,False
backend/scripts/poblar_ventas_detalle_producto.py,18,logging,STDLIB,False
backend/scripts/poblar_ventas_detalle_producto.py,19,uuid,STDLIB,False
backend/scripts/poblar_ventas_detalle_producto.py,20,datetime,STDLIB,False
backend/scripts/poblar_ventas_detalle_producto.py,22,pymssql,EXTERNAL_DECLARED_NOT_INSTALLED,False
backend/scripts/poblar_ventas_detalle_producto.py,23,core,LOCAL_PROJECT,False
backend/scripts/poblar_ventas_detalle_producto.py,24,core,LOCAL_PROJECT,False
backend/scripts/escalar_enrich_5u_24m.py,11,os,STDLIB,False
backend/scripts/escalar_enrich_5u_24m.py,12,sys,STDLIB,False
backend/scripts/escalar_enrich_5u_24m.py,13,json,STDLIB,False
backend/scripts/escalar_enrich_5u_24m.py,14,time,STDLIB,False
backend/scripts/escalar_enrich_5u_24m.py,15,argparse,STDLIB,False
backend/scripts/escalar_enrich_5u_24m.py,16,pathlib,STDLIB,False
backend/scripts/escalar_enrich_5u_24m.py,17,datetime,STDLIB,False
backend/scripts/escalar_enrich_5u_24m.py,27,core,LOCAL_PROJECT,False
backend/scripts/escalar_enrich_5u_24m.py,28,core,LOCAL_PROJECT,False
backend/scripts/guardrail_sync_pos_secrets.py,14,re,STDLIB,False
backend/scripts/guardrail_sync_pos_secrets.py,15,sys,STDLIB,False
backend/scripts/guardrail_sync_pos_secrets.py,16,pathlib,STDLIB,False
backend/scripts/security/check_env_safe.py,1,os,STDLIB,False
backend/scripts/security/audit_secret_leaks_safe.py,1,pathlib,STDLIB,False
backend/scripts/security/audit_secret_leaks_safe.py,2,os,STDLIB,False
backend/scripts/security/audit_secret_leaks_safe.py,3,sys,STDLIB,False
backend/scripts/diagnostico_conexiones/test_conn_cienfuegos_20260606_014556.py,1,core,LOCAL_PROJECT,False
backend/scripts/diagnostico_conexiones/test_conn_cienfuegos_20260606_014556.py,2,core,LOCAL_PROJECT,False
backend/scripts/diagnostico_conexiones/test_conn_cienfuegos_20260606_014556.py,35,os,STDLIB,False
backend/scripts/diagnostico_conexiones/test_conn_cienfuegos_20260606_014556.py,36,sys,STDLIB,False
backend/scripts/diagnostico_conexiones/test_conn_cienfuegos_20260606_014556.py,37,socket,STDLIB,False
backend/scripts/diagnostico_conexiones/test_conn_cienfuegos_20260606_014556.py,38,hashlib,STDLIB,False
backend/scripts/diagnostico_conexiones/test_conn_cienfuegos_20260606_014556.py,39,datetime,STDLIB,False
backend/scripts/diagnostico_conexiones/test_conn_cienfuegos_20260606_014556.py,40,typing,STDLIB,False
backend/scripts/diagnostico_conexiones/test_conn_cienfuegos_20260606_014556.py,41,core,LOCAL_PROJECT,False
backend/scripts/diagnostico_conexiones/test_conn_cienfuegos_20260606_014556.py,107,pymssql,EXTERNAL_DECLARED_NOT_INSTALLED,False
backend/scripts/diagnostico_conexiones/test_conn_cienfuegos_20260606_014556.py,421,pymssql,EXTERNAL_DECLARED_NOT_INSTALLED,False
backend/scripts/diagnostico_conexiones/test_conn_cienfuegos_20260606_014556.py,427,core,LOCAL_PROJECT,False
backend/scripts/diagnostico_conexiones/test_conn_cienfuegos_20260606_014556.py,520,pytds,UNRESOLVED,True
backend/scripts/diagnostico_conexiones/test_conn_cienfuegos_20260606_014556.py,529,core,LOCAL_PROJECT,False
backend/scripts/diagnostico_conexiones/test_conn_cienfuegos_20260606_014556.py,595,pymssql,EXTERNAL_DECLARED_NOT_INSTALLED,False
backend/scripts/diagnostico_conexiones/test_conn_cienfuegos_20260606_014556.py,601,core,LOCAL_PROJECT,False
backend/scripts/diagnostico_conexiones/test_conn_cienfuegos_20260606_014556.py,664,pymssql,EXTERNAL_DECLARED_NOT_INSTALLED,False
backend/scripts/diagnostico_conexiones/test_conn_cienfuegos_20260606_014556.py,669,core,LOCAL_PROJECT,False
backend/scripts/diagnostico_conexiones/test_conn_cienfuegos_20260606_014556.py,739,pymssql,EXTERNAL_DECLARED_NOT_INSTALLED,False
backend/scripts/diagnostico_conexiones/test_conn_cienfuegos_20260606_014556.py,744,core,LOCAL_PROJECT,False
backend/scripts/diagnostico_conexiones/test_conn_cienfuegos_20260606_014556.py,807,pymssql,EXTERNAL_DECLARED_NOT_INSTALLED,False
backend/scripts/diagnostico_conexiones/test_conn_cienfuegos_20260606_014556.py,812,core,LOCAL_PROJECT,False
backend/scripts/diagnostico_conexiones/test_conn_cienfuegos_20260606_014556.py,878,pymssql,EXTERNAL_DECLARED_NOT_INSTALLED,False
backend/scripts/diagnostico_conexiones/test_conn_cienfuegos_20260606_014556.py,883,core,LOCAL_PROJECT,False
backend/scripts/diagnostico_conexiones/test_conn_cienfuegos_20260606_014556.py,1329,json,STDLIB,False
backend/scripts/paquete_piloto_sync_agent/sync_agent_piloto.py,22,argparse,STDLIB,False
backend/scripts/paquete_piloto_sync_agent/sync_agent_piloto.py,23,json,STDLIB,False
backend/scripts/paquete_piloto_sync_agent/sync_agent_piloto.py,24,logging,STDLIB,False
backend/scripts/paquete_piloto_sync_agent/sync_agent_piloto.py,25,os,STDLIB,False
backend/scripts/paquete_piloto_sync_agent/sync_agent_piloto.py,26,sys,STDLIB,False
backend/scripts/paquete_piloto_sync_agent/sync_agent_piloto.py,27,datetime,STDLIB,False
backend/scripts/paquete_piloto_sync_agent/sync_agent_piloto.py,28,typing,STDLIB,False
backend/scripts/paquete_piloto_sync_agent/sync_agent_piloto.py,31,yaml,UNRESOLVED,True
backend/scripts/paquete_piloto_sync_agent/sync_agent_piloto.py,37,requests,EXTERNAL_DECLARED_NOT_INSTALLED,True
backend/scripts/paquete_piloto_sync_agent/sync_agent_piloto.py,95,pymssql,EXTERNAL_DECLARED_NOT_INSTALLED,True
backend/tests/test_notificaciones_whatsapp.py,15,pytest,LOCAL_PROJECT,False
backend/tests/test_notificaciones_whatsapp.py,16,requests,EXTERNAL_DECLARED_NOT_INSTALLED,False
backend/tests/test_notificaciones_whatsapp.py,17,os,STDLIB,False
backend/tests/test_notificaciones_whatsapp.py,18,uuid,STDLIB,False
backend/tests/test_notificaciones_whatsapp.py,19,datetime,STDLIB,False
backend/tests/test_automatizacion_compras_fase4.py,21,pytest,LOCAL_PROJECT,False
backend/tests/test_automatizacion_compras_fase4.py,22,requests,EXTERNAL_DECLARED_NOT_INSTALLED,False
backend/tests/test_automatizacion_compras_fase4.py,23,os,STDLIB,False
backend/tests/test_automatizacion_compras_fase4.py,26,conftest,UNRESOLVED,False
backend/tests/test_scheduler_sql_schema_contract_files.py,1,pathlib,STDLIB,False
backend/tests/test_scheduler_sql_schema_contract_files.py,2,re,STDLIB,False
backend/tests/test_tablero_ejecutivo.py,10,pytest,LOCAL_PROJECT,False
backend/tests/test_tablero_ejecutivo.py,11,unittest,STDLIB,False
backend/tests/test_tablero_ejecutivo.py,12,fastapi,EXTERNAL_DECLARED_NOT_INSTALLED,False
backend/tests/test_tablero_ejecutivo.py,21,server,LOCAL_PROJECT,False
backend/tests/test_tablero_ejecutivo.py,29,server,LOCAL_PROJECT,False
backend/tests/test_tablero_ejecutivo.py,38,server,LOCAL_PROJECT,False
backend/tests/test_tablero_ejecutivo.py,39,core,LOCAL_PROJECT,False
backend/tests/test_inventory_analysis_filters.py,9,pytest,LOCAL_PROJECT,False
backend/tests/test_inventory_analysis_filters.py,10,requests,EXTERNAL_DECLARED_NOT_INSTALLED,False
backend/tests/test_inventory_analysis_filters.py,11,os,STDLIB,False
backend/tests/test_inventory_analysis_filters.py,14,conftest,UNRESOLVED,False
backend/tests/test_auth_service.py,12,pytest,LOCAL_PROJECT,False
backend/tests/test_auth_service.py,13,unittest,STDLIB,False
backend/tests/test_auth_service.py,14,fastapi,EXTERNAL_DECLARED_NOT_INSTALLED,False
backend/tests/test_auth_service.py,17,tests,LOCAL_PROJECT,False
backend/tests/test_auth_service.py,27,modules,LOCAL_PROJECT,False
backend/tests/test_auth_service.py,28,modules,LOCAL_PROJECT,False
backend/tests/test_auth_service.py,52,modules,LOCAL_PROJECT,False
backend/tests/test_auth_service.py,53,modules,LOCAL_PROJECT,False
backend/tests/test_auth_service.py,80,modules,LOCAL_PROJECT,False
backend/tests/test_auth_service.py,81,core,LOCAL_PROJECT,False
backend/tests/test_auth_service.py,105,modules,LOCAL_PROJECT,False
backend/tests/test_auth_service.py,106,core,LOCAL_PROJECT,False
backend/tests/test_auth_service.py,127,modules,LOCAL_PROJECT,False
backend/tests/test_auth_service.py,141,modules,LOCAL_PROJECT,False
backend/tests/test_auth_service.py,142,core,LOCAL_PROJECT,False
backend/tests/test_auth_service.py,168,modules,LOCAL_PROJECT,False
backend/tests/test_auth_service.py,186,modules,LOCAL_PROJECT,False
backend/tests/test_auth_service.py,203,modules,LOCAL_PROJECT,False
backend/tests/test_auth_service.py,218,modules,LOCAL_PROJECT,False
backend/tests/test_auth_service.py,231,modules,LOCAL_PROJECT,False
backend/tests/test_auth_service.py,257,modules,LOCAL_PROJECT,False
backend/tests/test_auth_service.py,273,modules,LOCAL_PROJECT,False
backend/tests/test_auth_service.py,290,modules,LOCAL_PROJECT,False
backend/tests/test_auth_service.py,310,modules,LOCAL_PROJECT,False
backend/tests/test_auth_service.py,330,modules,LOCAL_PROJECT,False
backend/tests/test_auth_service.py,348,modules,LOCAL_PROJECT,False
backend/tests/test_auth_service.py,369,modules,LOCAL_PROJECT,False
backend/tests/test_auth_service.py,386,modules,LOCAL_PROJECT,False
backend/tests/test_auth_service.py,402,modules,LOCAL_PROJECT,False
backend/tests/test_auth_service.py,423,modules,LOCAL_PROJECT,False
backend/tests/test_auth_service.py,443,modules,LOCAL_PROJECT,False
backend/tests/test_auth_service.py,468,modules,LOCAL_PROJECT,False
backend/tests/test_inventarios_fisicos_scope_canonico.py,18,os,STDLIB,False
backend/tests/test_inventarios_fisicos_scope_canonico.py,19,pytest,LOCAL_PROJECT,False
backend/tests/test_inventarios_fisicos_scope_canonico.py,20,dotenv,UNRESOLVED,False
backend/tests/test_inventarios_fisicos_scope_canonico.py,26,core,LOCAL_PROJECT,False
backend/tests/test_inventarios_fisicos_scope_canonico.py,27,core,LOCAL_PROJECT,False
backend/tests/test_rbac_sql_scope.py,1,pathlib,STDLIB,False
backend/tests/test_rbac_sql_scope.py,3,core,LOCAL_PROJECT,False
backend/tests/test_rbac_sql_scope.py,4,core,LOCAL_PROJECT,False
backend/tests/diag_bridge_resolucion.py,2,os,STDLIB,False
backend/tests/diag_bridge_resolucion.py,2,sys,STDLIB,False
backend/tests/diag_bridge_resolucion.py,4,dotenv,UNRESOLVED,False
backend/tests/diag_bridge_resolucion.py,6,core,LOCAL_PROJECT,False
backend/tests/diag_bridge_resolucion.py,7,core,LOCAL_PROJECT,False
backend/tests/diag_bridge_resolucion.py,8,core,LOCAL_PROJECT,False
backend/tests/test_kpis_canonicos.py,10,sys,STDLIB,False
backend/tests/test_kpis_canonicos.py,10,os,STDLIB,False
backend/tests/test_kpis_canonicos.py,12,pytest,LOCAL_PROJECT,False
backend/tests/test_kpis_canonicos.py,13,core,LOCAL_PROJECT,False
backend/tests/test_kpis_canonicos.py,48,core,LOCAL_PROJECT,False
backend/tests/test_kpis_canonicos.py,57,core,LOCAL_PROJECT,False
backend/tests/test_kpis_canonicos.py,71,core,LOCAL_PROJECT,False
backend/tests/diag_sync_requisiciones_e2e.py,2,os,STDLIB,False
backend/tests/diag_sync_requisiciones_e2e.py,2,sys,STDLIB,False
backend/tests/diag_sync_requisiciones_e2e.py,4,dotenv,UNRESOLVED,False
backend/tests/diag_sync_requisiciones_e2e.py,6,core,LOCAL_PROJECT,False
backend/tests/diag_sync_requisiciones_e2e.py,7,core,LOCAL_PROJECT,False
backend/tests/diag_sync_requisiciones_e2e.py,8,modules,LOCAL_PROJECT,False
backend/tests/diag_sync_requisiciones_e2e.py,9,core,LOCAL_PROJECT,False
backend/tests/test_catalogos_rrhh.py,33,pytest,LOCAL_PROJECT,False
backend/tests/test_catalogos_rrhh.py,34,requests,EXTERNAL_DECLARED_NOT_INSTALLED,False
backend/tests/test_catalogos_rrhh.py,35,os,STDLIB,False
backend/tests/test_catalogos_rrhh.py,38,conftest,UNRESOLVED,False
backend/tests/test_catalogo_filtros_nolive.py,15,os,STDLIB,False
backend/tests/test_catalogo_filtros_nolive.py,16,pytest,LOCAL_PROJECT,False
backend/tests/test_catalogo_filtros_nolive.py,17,dotenv,UNRESOLVED,False
backend/tests/test_catalogo_filtros_nolive.py,21,core,LOCAL_PROJECT,False
backend/tests/test_catalogo_filtros_nolive.py,22,core,LOCAL_PROJECT,False
backend/tests/test_edarsahub_connection_baseline.py,1,builtins,STDLIB,False
backend/tests/test_edarsahub_connection_baseline.py,2,sys,STDLIB,False
backend/tests/test_edarsahub_connection_baseline.py,3,pathlib,STDLIB,False
backend/tests/test_edarsahub_connection_baseline.py,4,types,STDLIB,False
backend/tests/test_edarsahub_connection_baseline.py,6,pytest,LOCAL_PROJECT,False
backend/tests/test_edarsahub_connection_baseline.py,8,core,LOCAL_PROJECT,False
backend/tests/test_edarsahub_connection_baseline.py,9,core,LOCAL_PROJECT,False
backend/tests/test_edarsahub_connection_baseline.py,10,core,LOCAL_PROJECT,False
backend/tests/seed_menu_catalogo_enriquecido.py,5,sys,STDLIB,False
backend/tests/seed_menu_catalogo_enriquecido.py,6,dotenv,UNRESOLVED,False
backend/tests/seed_menu_catalogo_enriquecido.py,8,core,LOCAL_PROJECT,False
backend/tests/diag_pos_schema.py,2,os,STDLIB,False
backend/tests/diag_pos_schema.py,2,sys,STDLIB,False
backend/tests/diag_pos_schema.py,4,dotenv,UNRESOLVED,False
backend/tests/diag_pos_schema.py,6,core,LOCAL_PROJECT,False
backend/tests/diag_pos_schema.py,7,core,LOCAL_PROJECT,False
backend/tests/diag_pos_schema.py,8,core,LOCAL_PROJECT,False
backend/tests/test_validacion_propinas_tpv_canonical_connections.py,1,__future__,STDLIB,False
backend/tests/test_validacion_propinas_tpv_canonical_connections.py,3,ast,STDLIB,False
backend/tests/test_validacion_propinas_tpv_canonical_connections.py,4,re,STDLIB,False
backend/tests/test_validacion_propinas_tpv_canonical_connections.py,5,pathlib,STDLIB,False
backend/tests/test_rol_canonicidad_normalize_user.py,20,modules,LOCAL_PROJECT,False
backend/tests/test_auth_mocks.py,10,pytest,LOCAL_PROJECT,False
backend/tests/test_auth_mocks.py,11,unittest,STDLIB,False
backend/tests/test_auth_mocks.py,12,fastapi,EXTERNAL_DECLARED_NOT_INSTALLED,False
backend/tests/test_auth_mocks.py,21,server,LOCAL_PROJECT,False
backend/tests/test_auth_mocks.py,58,server,LOCAL_PROJECT,False
backend/tests/test_auth_mocks.py,68,server,LOCAL_PROJECT,False
backend/tests/test_auth_mocks.py,86,server,LOCAL_PROJECT,False
backend/tests/test_equivalencia_fase1a.py,21,json,STDLIB,False
backend/tests/test_equivalencia_fase1a.py,22,hashlib,STDLIB,False
backend/tests/test_equivalencia_fase1a.py,23,sys,STDLIB,False
backend/tests/test_equivalencia_fase1a.py,24,typing,STDLIB,False
backend/tests/backfill_inventario.py,9,sys,STDLIB,False
backend/tests/backfill_inventario.py,9,time,STDLIB,False
backend/tests/backfill_inventario.py,11,dotenv,UNRESOLVED,False
backend/tests/backfill_inventario.py,13,datetime,STDLIB,False
backend/tests/backfill_inventario.py,14,core,LOCAL_PROJECT,False
backend/tests/backfill_inventario.py,15,core,LOCAL_PROJECT,False
backend/tests/backfill_inventario.py,16,modules,LOCAL_PROJECT,False
backend/tests/backfill_inventario.py,19,core,LOCAL_PROJECT,False
backend/tests/backfill_inventario.py,20,core,LOCAL_PROJECT,False
backend/tests/backfill_inventario.py,21,core,LOCAL_PROJECT,False
backend/tests/test_compras_analisis.py,5,pytest,LOCAL_PROJECT,False
backend/tests/test_compras_analisis.py,6,requests,EXTERNAL_DECLARED_NOT_INSTALLED,False
backend/tests/test_compras_analisis.py,7,os,STDLIB,False
backend/tests/test_compras_analisis.py,10,conftest,UNRESOLVED,False
backend/tests/test_config_asignaciones.py,16,pytest,LOCAL_PROJECT,False
backend/tests/test_config_asignaciones.py,17,requests,EXTERNAL_DECLARED_NOT_INSTALLED,False
backend/tests/test_config_asignaciones.py,18,os,STDLIB,False
backend/tests/test_config_asignaciones.py,19,uuid,STDLIB,False
backend/tests/test_config_asignaciones.py,22,conftest,UNRESOLVED,False
backend/tests/test_bloque_a_servicios_canonicos.py,12,os,STDLIB,False
backend/tests/test_bloque_a_servicios_canonicos.py,13,dotenv,UNRESOLVED,False
backend/tests/test_bloque_a_servicios_canonicos.py,17,core,LOCAL_PROJECT,False
backend/tests/test_bloque_a_servicios_canonicos.py,18,core,LOCAL_PROJECT,False
backend/tests/test_bloque_a_servicios_canonicos.py,19,core,LOCAL_PROJECT,False
backend/tests/test_bloque_a_servicios_canonicos.py,20,core,LOCAL_PROJECT,False
backend/tests/test_notifications_dispatcher_fail_closed.py,1,inspect,STDLIB,False
backend/tests/test_notifications_dispatcher_fail_closed.py,3,pytest,LOCAL_PROJECT,False
backend/tests/test_notifications_dispatcher_fail_closed.py,5,core,LOCAL_PROJECT,False
backend/tests/test_notifications_dispatcher_fail_closed.py,6,core,LOCAL_PROJECT,False
backend/tests/test_health.py,10,pytest,LOCAL_PROJECT,False
backend/tests/test_health.py,19,server,LOCAL_PROJECT,False
backend/tests/test_health.py,26,server,LOCAL_PROJECT,False
backend/tests/test_health.py,32,core,LOCAL_PROJECT,False
backend/tests/test_health.py,38,core,LOCAL_PROJECT,False
backend/tests/test_health.py,44,core,LOCAL_PROJECT,False
backend/tests/test_health.py,55,server,LOCAL_PROJECT,False
backend/tests/test_health.py,62,modules,LOCAL_PROJECT,False
backend/tests/test_health.py,69,modules,LOCAL_PROJECT,False
backend/tests/test_comercial_router_filter.py,1,__future__,STDLIB,False
backend/tests/test_comercial_router_filter.py,3,importlib,STDLIB,False
backend/tests/test_comercial_router_filter.py,4,sys,STDLIB,False
backend/tests/test_comercial_router_filter.py,5,pathlib,STDLIB,False
backend/tests/test_comercial_router_filter.py,6,types,STDLIB,False
backend/tests/test_rbac_fase11_post_endpoints.py,20,pytest,LOCAL_PROJECT,False
backend/tests/test_rbac_fase11_post_endpoints.py,21,requests,EXTERNAL_DECLARED_NOT_INSTALLED,False
backend/tests/test_rbac_fase11_post_endpoints.py,22,os,STDLIB,False
backend/tests/test_rbac_fase11_post_endpoints.py,23,uuid,STDLIB,False
backend/tests/test_rbac_fase11_post_endpoints.py,26,conftest,UNRESOLVED,False
backend/tests/test_comercial_v2_ventas_dia_fecha_operativa.py,1,os,STDLIB,False
backend/tests/test_comercial_v2_ventas_dia_fecha_operativa.py,12,asyncio,STDLIB,False
backend/tests/test_comercial_v2_ventas_dia_fecha_operativa.py,13,datetime,STDLIB,False
backend/tests/test_comercial_v2_ventas_dia_fecha_operativa.py,15,pytest,LOCAL_PROJECT,False
backend/tests/test_comercial_v2_ventas_dia_fecha_operativa.py,16,fastapi,EXTERNAL_DECLARED_NOT_INSTALLED,False
backend/tests/test_comercial_v2_ventas_dia_fecha_operativa.py,18,modules,LOCAL_PROJECT,False
backend/tests/test_comercial_v2_ventas_dia_fecha_operativa.py,127,core,LOCAL_PROJECT,False
backend/tests/test_comercial_v2_ventas_dia_fecha_operativa.py,202,core,LOCAL_PROJECT,False
backend/tests/seed_mpro_concepto_mapeo.py,11,sys,STDLIB,False
backend/tests/seed_mpro_concepto_mapeo.py,13,dotenv,UNRESOLVED,False
backend/tests/seed_mpro_concepto_mapeo.py,15,core,LOCAL_PROJECT,False
backend/tests/seed_mpro_concepto_mapeo.py,16,core,LOCAL_PROJECT,False
backend/tests/seed_mpro_concepto_mapeo.py,17,core,LOCAL_PROJECT,False
backend/tests/test_reglas_filtros.py,10,pytest,LOCAL_PROJECT,False
backend/tests/test_reglas_filtros.py,11,datetime,STDLIB,False
backend/tests/test_password_reset_datetime.py,12,datetime,STDLIB,False
backend/tests/test_password_reset_datetime.py,14,modules,LOCAL_PROJECT,False
backend/tests/test_mpro_fecha_operacion_contract.py,1,datetime,STDLIB,False
backend/tests/test_mpro_fecha_operacion_contract.py,2,importlib,STDLIB,False
backend/tests/test_mpro_fecha_operacion_contract.py,3,pathlib,STDLIB,False
backend/tests/test_mpro_fecha_operacion_contract.py,4,sys,STDLIB,False
backend/tests/test_mpro_fecha_operacion_contract.py,5,types,STDLIB,False
backend/tests/test_comercial.py,15,pytest,LOCAL_PROJECT,False
backend/tests/diag_sync_realpath.py,2,os,STDLIB,False
backend/tests/diag_sync_realpath.py,2,sys,STDLIB,False
backend/tests/diag_sync_realpath.py,4,dotenv,UNRESOLVED,False
backend/tests/diag_sync_realpath.py,7,core,LOCAL_PROJECT,False
backend/tests/diag_sync_realpath.py,8,core,LOCAL_PROJECT,False
backend/tests/diag_sync_realpath.py,9,core,LOCAL_PROJECT,False
backend/tests/test_rbac_helpers_canonicos.py,8,dotenv,UNRESOLVED,False
backend/tests/test_rbac_helpers_canonicos.py,12,core,LOCAL_PROJECT,False
backend/tests/test_sistema_trazabilidad.py,10,pytest,LOCAL_PROJECT,False
backend/tests/test_sistema_trazabilidad.py,11,requests,EXTERNAL_DECLARED_NOT_INSTALLED,False
backend/tests/test_sistema_trazabilidad.py,12,os,STDLIB,False
backend/tests/test_sistema_trazabilidad.py,15,conftest,UNRESOLVED,False
backend/tests/test_responsabilidad_economica.py,12,pytest,LOCAL_PROJECT,False
backend/tests/test_responsabilidad_economica.py,13,requests,EXTERNAL_DECLARED_NOT_INSTALLED,False
backend/tests/test_responsabilidad_economica.py,14,os,STDLIB,False
backend/tests/test_responsabilidad_economica.py,15,uuid,STDLIB,False
backend/tests/test_responsabilidad_economica.py,18,conftest,UNRESOLVED,False
backend/tests/test_bloque_c_comercial_enriquecido.py,10,os,STDLIB,False
backend/tests/test_bloque_c_comercial_enriquecido.py,11,dotenv,UNRESOLVED,False
backend/tests/test_bloque_c_comercial_enriquecido.py,15,modules,LOCAL_PROJECT,False
backend/tests/test_auth.py,15,pytest,LOCAL_PROJECT,False
backend/tests/test_permissions_v5.py,5,pytest,LOCAL_PROJECT,False
backend/tests/test_permissions_v5.py,6,requests,EXTERNAL_DECLARED_NOT_INSTALLED,False
backend/tests/test_permissions_v5.py,7,os,STDLIB,False
backend/tests/test_permissions_v5.py,10,conftest,UNRESOLVED,False
backend/tests/test_request_resolver_authorized_scope.py,1,pytest,LOCAL_PROJECT,False
backend/tests/test_request_resolver_authorized_scope.py,3,core,LOCAL_PROJECT,False
backend/tests/test_request_resolver_authorized_scope.py,290,core,LOCAL_PROJECT,False
backend/tests/test_sucursales_permissions.py,9,pytest,LOCAL_PROJECT,False
backend/tests/test_sucursales_permissions.py,10,requests,EXTERNAL_DECLARED_NOT_INSTALLED,False
backend/tests/test_sucursales_permissions.py,11,os,STDLIB,False
backend/tests/test_sucursales_permissions.py,14,conftest,UNRESOLVED,False
backend/tests/test_edarsahub_readonly_unit_scope.py,1,pytest,LOCAL_PROJECT,False
backend/tests/test_edarsahub_readonly_unit_scope.py,3,core,LOCAL_PROJECT,False
backend/tests/test_mpro_inventory_analysis.py,11,pytest,LOCAL_PROJECT,False
backend/tests/test_mpro_inventory_analysis.py,12,requests,EXTERNAL_DECLARED_NOT_INSTALLED,False
backend/tests/test_mpro_inventory_analysis.py,13,os,STDLIB,False
backend/tests/test_mpro_inventory_analysis.py,16,conftest,UNRESOLVED,False
backend/tests/test_core_db.py,10,pytest,LOCAL_PROJECT,False
backend/tests/test_core_db.py,11,unittest,STDLIB,False
backend/tests/test_core_db.py,12,datetime,STDLIB,False
backend/tests/test_core_db.py,21,core,LOCAL_PROJECT,False
backend/tests/test_core_db.py,33,core,LOCAL_PROJECT,False
backend/tests/test_core_db.py,44,core,LOCAL_PROJECT,False
backend/tests/test_core_db.py,56,core,LOCAL_PROJECT,False
backend/tests/test_core_db.py,67,core,LOCAL_PROJECT,False
backend/tests/test_core_db.py,79,core,LOCAL_PROJECT,False
backend/tests/test_core_db.py,88,core,LOCAL_PROJECT,False
backend/tests/test_core_db.py,101,core,LOCAL_PROJECT,False
backend/tests/test_core_db.py,112,core,LOCAL_PROJECT,False
backend/tests/test_core_db.py,124,core,LOCAL_PROJECT,False
backend/tests/test_core_db.py,133,core,LOCAL_PROJECT,False
backend/tests/test_core_db.py,146,core,LOCAL_PROJECT,False
backend/tests/test_core_db.py,157,core,LOCAL_PROJECT,False
backend/tests/test_core_db.py,171,core,LOCAL_PROJECT,False
backend/tests/test_core_db.py,177,core,LOCAL_PROJECT,False
backend/tests/test_core_db.py,183,core,LOCAL_PROJECT,False
backend/tests/test_core_db.py,184,tests,LOCAL_PROJECT,False
backend/tests/test_core_db.py,203,core,LOCAL_PROJECT,False
backend/tests/test_core_db.py,221,core,LOCAL_PROJECT,False
backend/tests/test_core_db.py,264,requests,EXTERNAL_DECLARED_NOT_INSTALLED,False
backend/tests/diag_sync_movimientos_e2e.py,2,os,STDLIB,False
backend/tests/diag_sync_movimientos_e2e.py,2,sys,STDLIB,False
backend/tests/diag_sync_movimientos_e2e.py,4,dotenv,UNRESOLVED,False
backend/tests/diag_sync_movimientos_e2e.py,6,core,LOCAL_PROJECT,False
backend/tests/diag_sync_movimientos_e2e.py,7,core,LOCAL_PROJECT,False
backend/tests/diag_sync_movimientos_e2e.py,8,core,LOCAL_PROJECT,False
backend/tests/diag_sync_movimientos_e2e.py,9,core,LOCAL_PROJECT,False
backend/tests/test_nominas.py,5,pytest,LOCAL_PROJECT,False
backend/tests/test_nominas.py,6,requests,EXTERNAL_DECLARED_NOT_INSTALLED,False
backend/tests/test_nominas.py,7,os,STDLIB,False
backend/tests/test_nominas.py,8,datetime,STDLIB,False
backend/tests/test_nominas.py,11,conftest,UNRESOLVED,False
backend/tests/test_bloque5_paridad.py,12,sys,STDLIB,False
backend/tests/test_bloque5_paridad.py,13,json,STDLIB,False
backend/tests/test_resolver_canonico.py,7,sys,STDLIB,False
backend/tests/test_resolver_canonico.py,8,pathlib,STDLIB,False
backend/tests/test_resolver_canonico.py,9,dotenv,UNRESOLVED,False
backend/tests/test_resolver_canonico.py,14,logging,STDLIB,False
backend/tests/test_resolver_canonico.py,17,core,LOCAL_PROJECT,False
backend/tests/test_resolver_canonico.py,38,core,LOCAL_PROJECT,False
backend/tests/test_reset_admin_password_phase2b_writer.py,1,inspect,STDLIB,False
backend/tests/test_reset_admin_password_phase2b_writer.py,2,pathlib,STDLIB,False
backend/tests/test_reset_admin_password_phase2b_writer.py,3,types,STDLIB,False
backend/tests/test_reset_admin_password_phase2b_writer.py,5,pytest,LOCAL_PROJECT,False
backend/tests/test_reset_admin_password_phase2b_writer.py,7,core,LOCAL_PROJECT,False
backend/tests/test_reset_admin_password_phase2b_writer.py,8,tools,LOCAL_PROJECT,False
backend/tests/test_reset_admin_password_phase2b_writer.py,9,core,LOCAL_PROJECT,False
backend/tests/test_reset_admin_password_phase2b_writer.py,13,core,LOCAL_PROJECT,False
backend/tests/test_reset_admin_password_phase2b_writer.py,17,core,LOCAL_PROJECT,False
backend/tests/test_reset_admin_password_phase2b_writer.py,20,tools,LOCAL_PROJECT,False
backend/tests/test_pool.py,15,pytest,LOCAL_PROJECT,False
backend/tests/test_pool.py,16,sys,STDLIB,False
backend/tests/test_pool.py,17,os,STDLIB,False
backend/tests/test_pool.py,29,core,LOCAL_PROJECT,False
backend/tests/test_pool.py,39,core,LOCAL_PROJECT,False
backend/tests/test_pool.py,58,core,LOCAL_PROJECT,False
backend/tests/test_pool.py,69,core,LOCAL_PROJECT,False
backend/tests/test_pool.py,79,core,LOCAL_PROJECT,False
backend/tests/test_pool.py,133,core,LOCAL_PROJECT,False
backend/tests/test_pool.py,140,core,LOCAL_PROJECT,False
backend/tests/test_pool.py,147,core,LOCAL_PROJECT,False
backend/tests/test_turnos_operativos_canonicos.py,14,os,STDLIB,False
backend/tests/test_turnos_operativos_canonicos.py,15,sys,STDLIB,False
backend/tests/test_turnos_operativos_canonicos.py,16,datetime,STDLIB,False
backend/tests/test_turnos_operativos_canonicos.py,17,zoneinfo,STDLIB,False
backend/tests/test_turnos_operativos_canonicos.py,20,dotenv,UNRESOLVED,False
backend/tests/test_turnos_operativos_canonicos.py,23,core,LOCAL_PROJECT,False
backend/tests/test_turnos_operativos_canonicos.py,26,api,LOCAL_PROJECT,False
backend/tests/test_p2_rbac_sql_y_tablero_fallback.py,9,os,STDLIB,False
backend/tests/test_p2_rbac_sql_y_tablero_fallback.py,10,re,STDLIB,False
backend/tests/test_p2_rbac_sql_y_tablero_fallback.py,11,dotenv,UNRESOLVED,False
backend/tests/test_p2_rbac_sql_y_tablero_fallback.py,15,core,LOCAL_PROJECT,False
backend/tests/test_p2_rbac_sql_y_tablero_fallback.py,34,modules,LOCAL_PROJECT,False
backend/tests/test_p2_rbac_sql_y_tablero_fallback.py,44,modules,LOCAL_PROJECT,False
backend/tests/test_p2_rbac_sql_y_tablero_fallback.py,56,modules,LOCAL_PROJECT,False
backend/tests/test_p2_rbac_sql_y_tablero_fallback.py,79,modules,LOCAL_PROJECT,False
backend/tests/test_dashboard_comercial.py,10,pytest,LOCAL_PROJECT,False
backend/tests/test_dashboard_comercial.py,11,unittest,STDLIB,False
backend/tests/test_dashboard_comercial.py,12,fastapi,EXTERNAL_DECLARED_NOT_INSTALLED,False
backend/tests/test_dashboard_comercial.py,21,server,LOCAL_PROJECT,False
backend/tests/test_dashboard_comercial.py,29,server,LOCAL_PROJECT,False
backend/tests/test_dashboard_comercial.py,38,server,LOCAL_PROJECT,False
backend/tests/test_dashboard_comercial.py,91,server,LOCAL_PROJECT,False
backend/tests/test_responsabilidad_aprobaciones.py,12,pytest,LOCAL_PROJECT,False
backend/tests/test_responsabilidad_aprobaciones.py,13,requests,EXTERNAL_DECLARED_NOT_INSTALLED,False
backend/tests/test_responsabilidad_aprobaciones.py,14,os,STDLIB,False
backend/tests/test_responsabilidad_aprobaciones.py,15,uuid,STDLIB,False
backend/tests/test_responsabilidad_aprobaciones.py,16,tests,LOCAL_PROJECT,False
backend/tests/test_inventarios_detector_system_types.py,1,importlib,STDLIB,False
backend/tests/test_inventarios_detector_system_types.py,2,sys,STDLIB,False
backend/tests/test_inventarios_detector_system_types.py,3,types,STDLIB,False
backend/tests/test_inventarios_detector_system_types.py,4,pathlib,STDLIB,False
backend/tests/test_inventarios_detector_system_types.py,6,pytest,LOCAL_PROJECT,False
backend/tests/test_dashboard_servers.py,8,pytest,LOCAL_PROJECT,False
backend/tests/test_dashboard_servers.py,9,requests,EXTERNAL_DECLARED_NOT_INSTALLED,False
backend/tests/test_dashboard_servers.py,10,os,STDLIB,False
backend/tests/test_dashboard_servers.py,13,conftest,UNRESOLVED,False
backend/tests/test_comercial_rbac_blindaje.py,11,pytest,LOCAL_PROJECT,False
backend/tests/test_comercial_rbac_blindaje.py,12,requests,EXTERNAL_DECLARED_NOT_INSTALLED,False
backend/tests/test_comercial_rbac_blindaje.py,13,os,STDLIB,False
backend/tests/test_comercial_rbac_blindaje.py,14,tests,LOCAL_PROJECT,False
backend/tests/test_centro_control_whatsapp.py,16,pytest,LOCAL_PROJECT,False
backend/tests/test_centro_control_whatsapp.py,17,requests,EXTERNAL_DECLARED_NOT_INSTALLED,False
backend/tests/test_centro_control_whatsapp.py,18,os,STDLIB,False
backend/tests/test_centro_control_whatsapp.py,19,tests,LOCAL_PROJECT,False
backend/tests/test_edarsahub_readonly_repository.py,1,pathlib,STDLIB,False
backend/tests/test_edarsahub_readonly_repository.py,3,pytest,LOCAL_PROJECT,False
backend/tests/test_edarsahub_readonly_repository.py,5,core,LOCAL_PROJECT,False
backend/tests/test_cargos_economicos.py,15,pytest,LOCAL_PROJECT,False
backend/tests/test_cargos_economicos.py,16,requests,EXTERNAL_DECLARED_NOT_INSTALLED,False
backend/tests/test_cargos_economicos.py,17,os,STDLIB,False
backend/tests/test_cargos_economicos.py,18,uuid,STDLIB,False
backend/tests/test_benchmark_stats.py,2,sys,STDLIB,False
backend/tests/test_benchmark_stats.py,2,os,STDLIB,False
backend/tests/test_benchmark_stats.py,4,modules,LOCAL_PROJECT,False
backend/tests/test_ci_runtime_risk_audit.py,1,__future__,STDLIB,False
backend/tests/test_ci_runtime_risk_audit.py,3,subprocess,STDLIB,False
backend/tests/test_ci_runtime_risk_audit.py,4,sys,STDLIB,False
backend/tests/test_ci_runtime_risk_audit.py,5,pathlib,STDLIB,False
backend/tests/test_responsabilidad_aprobaciones_v2.py,13,pytest,LOCAL_PROJECT,False
backend/tests/test_responsabilidad_aprobaciones_v2.py,14,requests,EXTERNAL_DECLARED_NOT_INSTALLED,False
backend/tests/test_responsabilidad_aprobaciones_v2.py,15,os,STDLIB,False
backend/tests/test_responsabilidad_aprobaciones_v2.py,16,uuid,STDLIB,False
backend/tests/test_responsabilidad_aprobaciones_v2.py,17,tests,LOCAL_PROJECT,False
backend/tests/test_edarsahub_sql_runner.py,1,__future__,STDLIB,False
backend/tests/test_edarsahub_sql_runner.py,3,os,STDLIB,False
backend/tests/test_edarsahub_sql_runner.py,4,subprocess,STDLIB,False
backend/tests/test_edarsahub_sql_runner.py,5,sys,STDLIB,False
backend/tests/test_edarsahub_sql_runner.py,6,pathlib,STDLIB,False
backend/tests/test_edarsahub_sql_runner.py,8,pytest,LOCAL_PROJECT,False
backend/tests/test_edarsahub_sql_runner.py,10,tools,LOCAL_PROJECT,False
backend/tests/test_edarsahub_sql_runner.py,11,core,LOCAL_PROJECT,False
backend/tests/test_repositories.py,10,pytest,LOCAL_PROJECT,False
backend/tests/test_repositories.py,11,unittest,STDLIB,False
backend/tests/test_repositories.py,30,asyncio,STDLIB,False
backend/tests/test_repositories.py,42,asyncio,STDLIB,False
backend/tests/test_repositories.py,51,asyncio,STDLIB,False
backend/tests/test_repositories.py,81,core,LOCAL_PROJECT,False
backend/tests/test_repositories.py,100,datetime,STDLIB,False
backend/tests/test_repositories.py,111,decimal,STDLIB,False
backend/tests/test_repositories.py,156,asyncio,STDLIB,False
backend/tests/test_p0d_menu_comercial_filtro_canonico.py,14,re,STDLIB,False
backend/tests/test_p0d_menu_comercial_filtro_canonico.py,15,pathlib,STDLIB,False
backend/tests/test_compras_module.py,15,pytest,LOCAL_PROJECT,False
backend/tests/test_compras_module.py,16,requests,EXTERNAL_DECLARED_NOT_INSTALLED,False
backend/tests/test_compras_module.py,17,os,STDLIB,False
backend/tests/test_compras_module.py,18,tests,LOCAL_PROJECT,False
backend/tests/test_scheduler_ui.py,16,pytest,LOCAL_PROJECT,False
backend/tests/test_scheduler_ui.py,17,requests,EXTERNAL_DECLARED_NOT_INSTALLED,False
backend/tests/test_scheduler_ui.py,18,os,STDLIB,False
backend/tests/test_scheduler_ui.py,21,conftest,UNRESOLVED,False
backend/tests/test_smtp_neubox.py,8,sys,STDLIB,False
backend/tests/test_smtp_neubox.py,9,os,STDLIB,False
backend/tests/test_smtp_neubox.py,10,asyncio,STDLIB,False
backend/tests/test_smtp_neubox.py,15,dotenv,UNRESOLVED,False
backend/tests/test_smtp_neubox.py,49,core,LOCAL_PROJECT,False
backend/tests/test_smtp_neubox.py,89,modules,LOCAL_PROJECT,False
backend/tests/test_smtp_neubox.py,111,modules,LOCAL_PROJECT,False
backend/tests/test_smtp_neubox.py,167,core,LOCAL_PROJECT,False
backend/tests/test_smtp_neubox.py,233,core,LOCAL_PROJECT,False
backend/tests/test_sync_inventarios_fisicos.py,1,os,STDLIB,False
backend/tests/test_sync_inventarios_fisicos.py,31,modules,LOCAL_PROJECT,False
backend/tests/test_sync_inventarios_fisicos.py,48,modules,LOCAL_PROJECT,False
backend/tests/test_comercial_dashboard_pax.py,19,os,STDLIB,False
backend/tests/test_comercial_dashboard_pax.py,20,sys,STDLIB,False
backend/tests/test_comercial_dashboard_pax.py,23,dotenv,UNRESOLVED,False
backend/tests/test_comercial_dashboard_pax.py,26,modules,LOCAL_PROJECT,False
backend/tests/test_comercial_dashboard_pax.py,29,core,LOCAL_PROJECT,False
backend/tests/test_movement_sales_details.py,5,pytest,LOCAL_PROJECT,False
backend/tests/test_movement_sales_details.py,6,requests,EXTERNAL_DECLARED_NOT_INSTALLED,False
backend/tests/test_movement_sales_details.py,7,os,STDLIB,False
backend/tests/test_movement_sales_details.py,8,tests,LOCAL_PROJECT,False
backend/tests/test_hrlectura_connection_factory.py,1,__future__,STDLIB,False
backend/tests/test_hrlectura_connection_factory.py,3,typing,STDLIB,False
backend/tests/test_hrlectura_connection_factory.py,5,pytest,LOCAL_PROJECT,False
backend/tests/test_hrlectura_connection_factory.py,7,core,LOCAL_PROJECT,False
backend/tests/test_bloque4_paridad.py,27,sys,STDLIB,False
backend/tests/test_bloque4_paridad.py,28,importlib,STDLIB,False
backend/tests/test_bloque4_paridad.py,273,inspect,STDLIB,False
backend/tests/test_bloque4_paridad.py,309,inspect,STDLIB,False
backend/tests/test_rh_modular.py,37,pytest,LOCAL_PROJECT,False
backend/tests/test_rh_modular.py,38,requests,EXTERNAL_DECLARED_NOT_INSTALLED,False
backend/tests/test_rh_modular.py,39,os,STDLIB,False
backend/tests/test_rh_modular.py,42,conftest,UNRESOLVED,False
backend/tests/diag_sync_almacenes_e2e.py,2,os,STDLIB,False
backend/tests/diag_sync_almacenes_e2e.py,2,sys,STDLIB,False
backend/tests/diag_sync_almacenes_e2e.py,4,dotenv,UNRESOLVED,False
backend/tests/diag_sync_almacenes_e2e.py,6,core,LOCAL_PROJECT,False
backend/tests/diag_sync_almacenes_e2e.py,7,core,LOCAL_PROJECT,False
backend/tests/diag_sync_almacenes_e2e.py,8,modules,LOCAL_PROJECT,False
backend/tests/diag_sync_almacenes_e2e.py,9,core,LOCAL_PROJECT,False
backend/tests/test_comercial_canonical_detail.py,1,datetime,STDLIB,False
backend/tests/test_comercial_canonical_detail.py,2,importlib,STDLIB,False
backend/tests/test_comercial_canonical_detail.py,3,pathlib,STDLIB,False
backend/tests/test_comercial_canonical_detail.py,4,sys,STDLIB,False
backend/tests/test_comercial_canonical_detail.py,6,pytest,LOCAL_PROJECT,False
backend/tests/test_anonymizer_service.py,5,sys,STDLIB,False
backend/tests/test_anonymizer_service.py,5,os,STDLIB,False
backend/tests/test_anonymizer_service.py,8,core,LOCAL_PROJECT,False
backend/tests/test_pos_connection_readonly_service.py,1,__future__,STDLIB,False
backend/tests/test_pos_connection_readonly_service.py,3,inspect,STDLIB,False
backend/tests/test_pos_connection_readonly_service.py,4,pathlib,STDLIB,False
backend/tests/test_pos_connection_readonly_service.py,5,typing,STDLIB,False
backend/tests/test_pos_connection_readonly_service.py,7,pytest,LOCAL_PROJECT,False
backend/tests/test_pos_connection_readonly_service.py,9,core,LOCAL_PROJECT,False
backend/tests/test_pos_connection_readonly_service.py,10,core,LOCAL_PROJECT,False
backend/tests/test_auth_refresh_flow.py,11,os,STDLIB,False
backend/tests/test_auth_refresh_flow.py,12,pytest,LOCAL_PROJECT,False
backend/tests/test_auth_refresh_flow.py,13,requests,EXTERNAL_DECLARED_NOT_INSTALLED,False
backend/tests/test_rbac_fase2d.py,24,pytest,LOCAL_PROJECT,False
backend/tests/test_rbac_fase2d.py,25,requests,EXTERNAL_DECLARED_NOT_INSTALLED,False
backend/tests/test_rbac_fase2d.py,26,os,STDLIB,False
backend/tests/test_rbac_fase2d.py,27,tests,LOCAL_PROJECT,False
backend/tests/test_core_security.py,12,pytest,LOCAL_PROJECT,False
backend/tests/test_core_security.py,13,unittest,STDLIB,False
backend/tests/test_core_security.py,14,datetime,STDLIB,False
backend/tests/test_core_security.py,15,jwt,UNRESOLVED,False
backend/tests/test_core_security.py,18,tests,LOCAL_PROJECT,False
backend/tests/test_core_security.py,27,core,LOCAL_PROJECT,False
backend/tests/test_core_security.py,37,core,LOCAL_PROJECT,False
backend/tests/test_core_security.py,47,core,LOCAL_PROJECT,False
backend/tests/test_core_security.py,59,core,LOCAL_PROJECT,False
backend/tests/test_core_security.py,69,core,LOCAL_PROJECT,False
backend/tests/test_core_security.py,79,core,LOCAL_PROJECT,False
backend/tests/test_core_security.py,92,core,LOCAL_PROJECT,False
backend/tests/test_core_security.py,102,core,LOCAL_PROJECT,False
backend/tests/test_core_security.py,117,core,LOCAL_PROJECT,False
backend/tests/test_core_security.py,133,core,LOCAL_PROJECT,False
backend/tests/test_core_security.py,152,core,LOCAL_PROJECT,False
backend/tests/test_core_security.py,162,core,LOCAL_PROJECT,False
backend/tests/test_core_security.py,163,fastapi,EXTERNAL_DECLARED_NOT_INSTALLED,False
backend/tests/test_core_security.py,180,core,LOCAL_PROJECT,False
backend/tests/test_core_security.py,181,fastapi,EXTERNAL_DECLARED_NOT_INSTALLED,False
backend/tests/test_core_security.py,199,core,LOCAL_PROJECT,False
backend/tests/test_core_security.py,200,fastapi,EXTERNAL_DECLARED_NOT_INSTALLED,False
backend/tests/test_core_security.py,210,core,LOCAL_PROJECT,False
backend/tests/test_core_security.py,211,fastapi,EXTERNAL_DECLARED_NOT_INSTALLED,False
backend/tests/test_core_security.py,223,core,LOCAL_PROJECT,False
backend/tests/test_core_security.py,237,core,LOCAL_PROJECT,False
backend/tests/test_core_security.py,251,core,LOCAL_PROJECT,False
backend/tests/test_core_security.py,265,core,LOCAL_PROJECT,False
backend/tests/test_core_security.py,280,core,LOCAL_PROJECT,False
backend/tests/test_core_security.py,298,core,LOCAL_PROJECT,False
backend/tests/test_core_security.py,315,core,LOCAL_PROJECT,False
backend/tests/test_core_security.py,333,core,LOCAL_PROJECT,False
backend/tests/test_core_security.py,350,core,LOCAL_PROJECT,False
backend/tests/test_core_security.py,360,core,LOCAL_PROJECT,False
backend/tests/test_rbac_p1_hardening_gates.py,11,pathlib,STDLIB,False
backend/tests/test_rbac_p1_hardening_gates.py,13,core,LOCAL_PROJECT,False
backend/tests/test_rbac_p1_hardening_gates.py,57,core,LOCAL_PROJECT,False
backend/tests/diag_pos_connect_real.py,2,os,STDLIB,False
backend/tests/diag_pos_connect_real.py,2,sys,STDLIB,False
backend/tests/diag_pos_connect_real.py,2,time,STDLIB,False
backend/tests/diag_pos_connect_real.py,4,dotenv,UNRESOLVED,False
backend/tests/diag_pos_connect_real.py,7,core,LOCAL_PROJECT,False
backend/tests/diag_pos_connect_real.py,8,core,LOCAL_PROJECT,False
backend/tests/diag_pos_connect_real.py,9,core,LOCAL_PROJECT,False
backend/tests/diag_pos_connect_real.py,23,pymssql,EXTERNAL_DECLARED_NOT_INSTALLED,False
backend/tests/test_inteligencia_fase1.py,8,os,STDLIB,False
backend/tests/test_inteligencia_fase1.py,9,requests,EXTERNAL_DECLARED_NOT_INSTALLED,False
backend/tests/test_inteligencia_fase1.py,10,pytest,LOCAL_PROJECT,False
backend/tests/test_user_permissions.py,10,pytest,LOCAL_PROJECT,False
backend/tests/test_user_permissions.py,11,requests,EXTERNAL_DECLARED_NOT_INSTALLED,False
backend/tests/test_user_permissions.py,12,os,STDLIB,False
backend/tests/test_user_permissions.py,15,conftest,UNRESOLVED,False
backend/tests/test_reporteador_bi.py,7,os,STDLIB,False
backend/tests/test_reporteador_bi.py,8,requests,EXTERNAL_DECLARED_NOT_INSTALLED,False
backend/tests/test_reporteador_bi.py,9,pytest,LOCAL_PROJECT,False
backend/tests/test_rbac_explicit_permission_repository.py,1,__future__,STDLIB,False
backend/tests/test_rbac_explicit_permission_repository.py,3,pathlib,STDLIB,False
backend/tests/test_rbac_explicit_permission_repository.py,4,typing,STDLIB,False
backend/tests/test_rbac_explicit_permission_repository.py,6,pytest,LOCAL_PROJECT,False
backend/tests/test_rbac_explicit_permission_repository.py,8,core,LOCAL_PROJECT,False
backend/tests/test_rbac_explicit_permission_repository.py,9,core,LOCAL_PROJECT,False
backend/tests/test_scheduler_sql_lock.py,1,asyncio,STDLIB,False
backend/tests/test_scheduler_sql_lock.py,2,pathlib,STDLIB,False
backend/tests/test_scheduler_sql_lock.py,4,pytest,LOCAL_PROJECT,False
backend/tests/test_scheduler_sql_lock.py,6,core,LOCAL_PROJECT,False
backend/tests/test_scheduler_sql_lock.py,10,core,LOCAL_PROJECT,False
backend/tests/test_scheduler_sql_lock.py,304,inspect,STDLIB,False
backend/tests/test_scheduler_sql_lock.py,306,core,LOCAL_PROJECT,False
backend/tests/test_softrestaurant_inventory.py,5,pytest,LOCAL_PROJECT,False
backend/tests/test_softrestaurant_inventory.py,6,requests,EXTERNAL_DECLARED_NOT_INSTALLED,False
backend/tests/test_softrestaurant_inventory.py,7,os,STDLIB,False
backend/tests/test_softrestaurant_inventory.py,10,tests,LOCAL_PROJECT,False
backend/tests/test_benchmark_sectorial.py,4,modules,LOCAL_PROJECT,False
backend/tests/test_benchmark_sectorial.py,5,modules,LOCAL_PROJECT,False
backend/tests/test_sistema_tareas.py,5,pytest,LOCAL_PROJECT,False
backend/tests/test_sistema_tareas.py,6,requests,EXTERNAL_DECLARED_NOT_INSTALLED,False
backend/tests/test_sistema_tareas.py,7,os,STDLIB,False
backend/tests/test_sistema_tareas.py,8,uuid,STDLIB,False
backend/tests/test_sistema_tareas.py,11,tests,LOCAL_PROJECT,False
backend/tests/diag_pos_connectivity.py,5,os,STDLIB,False
backend/tests/diag_pos_connectivity.py,5,sys,STDLIB,False
backend/tests/diag_pos_connectivity.py,5,socket,STDLIB,False
backend/tests/diag_pos_connectivity.py,5,time,STDLIB,False
backend/tests/diag_pos_connectivity.py,7,dotenv,UNRESOLVED,False
backend/tests/diag_pos_connectivity.py,10,core,LOCAL_PROJECT,False
backend/tests/diag_pos_connectivity.py,11,core,LOCAL_PROJECT,False
backend/tests/diag_pos_connectivity.py,12,core,LOCAL_PROJECT,False
backend/tests/test_rbac_helper.py,6,asyncio,STDLIB,False
backend/tests/test_rbac_helper.py,7,core,LOCAL_PROJECT,False
backend/tests/test_comparativo_inventarios.py,12,pytest,LOCAL_PROJECT,False
backend/tests/test_comparativo_inventarios.py,13,requests,EXTERNAL_DECLARED_NOT_INSTALLED,False
backend/tests/test_comparativo_inventarios.py,14,os,STDLIB,False
backend/tests/test_comparativo_inventarios.py,15,tests,LOCAL_PROJECT,False
backend/tests/test_enrich_tiposervicio_pagos.py,7,os,STDLIB,False
backend/tests/test_enrich_tiposervicio_pagos.py,8,sys,STDLIB,False
backend/tests/test_enrich_tiposervicio_pagos.py,9,pathlib,STDLIB,False
backend/tests/test_enrich_tiposervicio_pagos.py,11,pytest,LOCAL_PROJECT,False
backend/tests/test_enrich_tiposervicio_pagos.py,21,core,LOCAL_PROJECT,False
backend/tests/test_recipients_manager.py,16,pytest,LOCAL_PROJECT,False
backend/tests/test_recipients_manager.py,17,requests,EXTERNAL_DECLARED_NOT_INSTALLED,False
backend/tests/test_recipients_manager.py,18,os,STDLIB,False
backend/tests/test_recipients_manager.py,19,tests,LOCAL_PROJECT,False
backend/tests/test_email_notifications.py,13,pytest,LOCAL_PROJECT,False
backend/tests/test_email_notifications.py,14,requests,EXTERNAL_DECLARED_NOT_INSTALLED,False
backend/tests/test_email_notifications.py,15,os,STDLIB,False
backend/tests/test_email_notifications.py,16,datetime,STDLIB,False
backend/tests/test_email_notifications.py,17,tests,LOCAL_PROJECT,False
backend/tests/test_automatizacion_compras_fase43.py,19,pytest,LOCAL_PROJECT,False
backend/tests/test_automatizacion_compras_fase43.py,20,requests,EXTERNAL_DECLARED_NOT_INSTALLED,False
backend/tests/test_automatizacion_compras_fase43.py,21,os,STDLIB,False
backend/tests/test_automatizacion_compras_fase43.py,22,tests,LOCAL_PROJECT,False
backend/tests/test_servers.py,9,pytest,LOCAL_PROJECT,False
backend/tests/test_pos_connection_resolver_rbac.py,1,asyncio,STDLIB,False
backend/tests/test_pos_connection_resolver_rbac.py,2,inspect,STDLIB,False
backend/tests/test_pos_connection_resolver_rbac.py,3,pathlib,STDLIB,False
backend/tests/test_pos_connection_resolver_rbac.py,5,pytest,LOCAL_PROJECT,False
backend/tests/test_pos_connection_resolver_rbac.py,7,core,LOCAL_PROJECT,False
backend/tests/test_compras_canonical_unidad.py,10,os,STDLIB,False
backend/tests/test_compras_canonical_unidad.py,11,dotenv,UNRESOLVED,False
backend/tests/test_compras_canonical_unidad.py,15,core,LOCAL_PROJECT,False
backend/tests/test_compras_canonical_unidad.py,19,core,LOCAL_PROJECT,False
backend/models/portal_models.py,5,pydantic,EXTERNAL_DECLARED_NOT_INSTALLED,False
backend/models/portal_models.py,6,typing,STDLIB,False
backend/models/portal_models.py,7,datetime,STDLIB,False
backend/models/portal_models.py,8,enum,STDLIB,False
backend/utils/migration_helpers.py,1,core,LOCAL_PROJECT,False
backend/utils/migration_helpers.py,96,google,UNRESOLVED,False
backend/utils/migration_helpers.py,132,google,UNRESOLVED,False
backend/migrations/registrar_mpro_sucursal_mapeo.py,13,sys,STDLIB,False
backend/migrations/registrar_mpro_sucursal_mapeo.py,14,pathlib,STDLIB,False
backend/migrations/registrar_mpro_sucursal_mapeo.py,15,dotenv,UNRESOLVED,False
backend/migrations/registrar_mpro_sucursal_mapeo.py,18,logging,STDLIB,False
backend/migrations/registrar_mpro_sucursal_mapeo.py,19,core,LOCAL_PROJECT,False
backend/migrations/_splice_bitacora_alcance.py,4,io,STDLIB,False
backend/migrations/ejecutar_repuntar_fk_sucursal.py,6,sys,STDLIB,False
backend/migrations/ejecutar_repuntar_fk_sucursal.py,7,pathlib,STDLIB,False
backend/migrations/ejecutar_repuntar_fk_sucursal.py,8,dotenv,UNRESOLVED,False
backend/migrations/ejecutar_repuntar_fk_sucursal.py,11,logging,STDLIB,False
backend/migrations/ejecutar_repuntar_fk_sucursal.py,12,core,LOCAL_PROJECT,False
backend/migrations/eliminar_turno_legacy_comida_cena_20260610.py,21,os,STDLIB,False
backend/migrations/eliminar_turno_legacy_comida_cena_20260610.py,22,sys,STDLIB,False
backend/migrations/eliminar_turno_legacy_comida_cena_20260610.py,23,json,STDLIB,False
backend/migrations/eliminar_turno_legacy_comida_cena_20260610.py,27,dotenv,UNRESOLVED,False
backend/migrations/eliminar_turno_legacy_comida_cena_20260610.py,30,core,LOCAL_PROJECT,False
backend/migrations/cxp_sync_canonico_20260613.py,10,os,STDLIB,False
backend/migrations/cxp_sync_canonico_20260613.py,11,sys,STDLIB,False
backend/migrations/cxp_sync_canonico_20260613.py,12,pymssql,EXTERNAL_DECLARED_NOT_INSTALLED,False
backend/migrations/cxp_sync_canonico_20260613.py,16,dotenv,UNRESOLVED,False
backend/migrations/rbac_bitacora_sql_20260607.py,7,os,STDLIB,False
backend/migrations/rbac_bitacora_sql_20260607.py,8,sys,STDLIB,False
backend/migrations/rbac_bitacora_sql_20260607.py,9,pymssql,EXTERNAL_DECLARED_NOT_INSTALLED,False
backend/migrations/rbac_bitacora_sql_20260607.py,10,dotenv,UNRESOLVED,False
backend/migrations/enrich_tiposervicio_detallepagos_20260613.py,22,os,STDLIB,False
backend/migrations/enrich_tiposervicio_detallepagos_20260613.py,23,sys,STDLIB,False
backend/migrations/enrich_tiposervicio_detallepagos_20260613.py,24,pymssql,EXTERNAL_DECLARED_NOT_INSTALLED,False
backend/migrations/enrich_tiposervicio_detallepagos_20260613.py,29,dotenv,UNRESOLVED,False
backend/migrations/aplicar_sucursalorigen_mpro.py,8,sys,STDLIB,False
backend/migrations/aplicar_sucursalorigen_mpro.py,8,json,STDLIB,False
backend/migrations/aplicar_sucursalorigen_mpro.py,9,pathlib,STDLIB,False
backend/migrations/aplicar_sucursalorigen_mpro.py,10,dotenv,UNRESOLVED,False
backend/migrations/aplicar_sucursalorigen_mpro.py,13,logging,STDLIB,False
backend/migrations/aplicar_sucursalorigen_mpro.py,14,core,LOCAL_PROJECT,False
backend/migrations/aplicar_sucursalorigen_mpro.py,81,core,LOCAL_PROJECT,False
backend/migrations/rbac_pilot_sql_20260607.py,16,os,STDLIB,False
backend/migrations/rbac_pilot_sql_20260607.py,17,sys,STDLIB,False
backend/migrations/rbac_pilot_sql_20260607.py,18,pymssql,EXTERNAL_DECLARED_NOT_INSTALLED,False
backend/migrations/rbac_pilot_sql_20260607.py,19,dotenv,UNRESOLVED,False
backend/migrations/comercial_metricas_canonicas_20260609.py,19,logging,STDLIB,False
backend/migrations/comercial_metricas_canonicas_20260609.py,20,core,LOCAL_PROJECT,False
backend/migrations/comercial_productos_enriquecidos_20260609.py,23,os,STDLIB,False
backend/migrations/comercial_productos_enriquecidos_20260609.py,24,dotenv,UNRESOLVED,False
backend/migrations/comercial_productos_enriquecidos_20260609.py,28,core,LOCAL_PROJECT,False
backend/migrations/comercial_productos_enriquecidos_20260609.py,29,core,LOCAL_PROJECT,False
backend/migrations/ejecutar_ddl_producto_mapeoorigen.py,6,sys,STDLIB,False
backend/migrations/ejecutar_ddl_producto_mapeoorigen.py,7,pathlib,STDLIB,False
backend/migrations/ejecutar_ddl_producto_mapeoorigen.py,8,dotenv,UNRESOLVED,False
backend/migrations/ejecutar_ddl_producto_mapeoorigen.py,11,logging,STDLIB,False
backend/migrations/ejecutar_ddl_producto_mapeoorigen.py,12,core,LOCAL_PROJECT,False
backend/migrations/sesiones_refresh_schema_20260609.py,15,dotenv,UNRESOLVED,False
backend/migrations/sesiones_refresh_schema_20260609.py,19,core,LOCAL_PROJECT,False
backend/migrations/sesiones_refresh_schema_20260609.py,20,core,LOCAL_PROJECT,False
backend/migrations/comercial_ingesta_competencia_20260611.py,11,os,STDLIB,False
backend/migrations/comercial_ingesta_competencia_20260611.py,12,pymssql,EXTERNAL_DECLARED_NOT_INSTALLED,False
backend/migrations/p1b_sync_pos_config.py,19,os,STDLIB,False
backend/migrations/p1b_sync_pos_config.py,20,sys,STDLIB,False
backend/migrations/p1b_sync_pos_config.py,21,pathlib,STDLIB,False
backend/migrations/p1b_sync_pos_config.py,39,core,LOCAL_PROJECT,False
backend/migrations/ejecutar_ddl_seed_concepto_mapeo.py,6,sys,STDLIB,False
backend/migrations/ejecutar_ddl_seed_concepto_mapeo.py,7,pathlib,STDLIB,False
backend/migrations/ejecutar_ddl_seed_concepto_mapeo.py,8,dotenv,UNRESOLVED,False
backend/migrations/ejecutar_ddl_seed_concepto_mapeo.py,11,logging,STDLIB,False
backend/migrations/ejecutar_ddl_seed_concepto_mapeo.py,12,core,LOCAL_PROJECT,False
backend/migrations/ejecutar_ddl_seed_concepto_mapeo.py,13,modules,LOCAL_PROJECT,False
backend/migrations/ejecutar_ddl_seed_concepto_mapeo.py,61,core,LOCAL_PROJECT,False
backend/migrations/sync_catalogo_canonico_20260612.py,17,os,STDLIB,False
backend/migrations/sync_catalogo_canonico_20260612.py,18,sys,STDLIB,False
backend/migrations/sync_catalogo_canonico_20260612.py,19,json,STDLIB,False
backend/migrations/sync_catalogo_canonico_20260612.py,20,pymssql,EXTERNAL_DECLARED_NOT_INSTALLED,False
backend/migrations/sync_catalogo_canonico_20260612.py,25,dotenv,UNRESOLVED,False
backend/migrations/ejecutar_dml_canonizacion_insumos.py,7,sys,STDLIB,False
backend/migrations/ejecutar_dml_canonizacion_insumos.py,8,pathlib,STDLIB,False
backend/migrations/ejecutar_dml_canonizacion_insumos.py,9,dotenv,UNRESOLVED,False
backend/migrations/ejecutar_dml_canonizacion_insumos.py,12,logging,STDLIB,False
backend/migrations/ejecutar_dml_canonizacion_insumos.py,13,core,LOCAL_PROJECT,False
backend/migrations/comercial_clasificacion_producto_20260609.py,22,logging,STDLIB,False
backend/migrations/comercial_clasificacion_producto_20260609.py,23,core,LOCAL_PROJECT,False
backend/migrations/validar_esquema_sync_movimientos.py,6,sys,STDLIB,False
backend/migrations/validar_esquema_sync_movimientos.py,7,pathlib,STDLIB,False
backend/migrations/validar_esquema_sync_movimientos.py,8,dotenv,UNRESOLVED,False
backend/migrations/validar_esquema_sync_movimientos.py,11,logging,STDLIB,False
backend/migrations/validar_esquema_sync_movimientos.py,12,core,LOCAL_PROJECT,False
backend/migrations/auditar_hardcodes_rbac.py,3,csv,STDLIB,False
backend/migrations/auditar_hardcodes_rbac.py,4,sys,STDLIB,False
backend/migrations/auditar_hardcodes_rbac.py,5,pathlib,STDLIB,False
backend/migrations/auditar_hardcodes_rbac.py,70,collections,STDLIB,False
backend/migrations/portal_intel_usuarios_20260612.py,10,os,STDLIB,False
backend/migrations/portal_intel_usuarios_20260612.py,11,sys,STDLIB,False
backend/migrations/portal_intel_usuarios_20260612.py,12,pymssql,EXTERNAL_DECLARED_NOT_INSTALLED,False
backend/migrations/portal_intel_usuarios_20260612.py,16,dotenv,UNRESOLVED,False
backend/migrations/catalogo_filtros_sync_20260609.py,20,os,STDLIB,False
backend/migrations/catalogo_filtros_sync_20260609.py,21,dotenv,UNRESOLVED,False
backend/migrations/catalogo_filtros_sync_20260609.py,25,core,LOCAL_PROJECT,False
backend/migrations/catalogo_filtros_sync_20260609.py,26,core,LOCAL_PROJECT,False
backend/migrations/_splice_rbac_endpoints.py,3,io,STDLIB,False
backend/api/admin_cache.py,12,fastapi,EXTERNAL_DECLARED_NOT_INSTALLED,False
backend/api/admin_cache.py,13,typing,STDLIB,False
backend/api/admin_cache.py,14,os,STDLIB,False
backend/api/admin_cache.py,15,logging,STDLIB,False
backend/api/admin_cache.py,17,core,LOCAL_PROJECT,False
backend/api/admin_cache.py,18,core,LOCAL_PROJECT,False
backend/api/admin_cache.py,103,core,LOCAL_PROJECT,False
backend/api/admin_cache.py,118,functools,STDLIB,False
backend/api/admin_cache.py,119,gc,STDLIB,False
backend/api/catalogos_sistemas.py,34,fastapi,EXTERNAL_DECLARED_NOT_INSTALLED,False
backend/api/catalogos_sistemas.py,35,typing,STDLIB,False
backend/api/catalogos_sistemas.py,36,logging,STDLIB,False
backend/api/catalogos_sistemas.py,38,core,LOCAL_PROJECT,False
backend/api/catalogos_sistemas.py,44,core,LOCAL_PROJECT,False
backend/api/catalogos_sistemas.py,171,modules,LOCAL_PROJECT,False
backend/api/catalogos_sistemas.py,172,core,LOCAL_PROJECT,False
backend/api/configuracion_operativa_unidades.py,20,fastapi,EXTERNAL_DECLARED_NOT_INSTALLED,False
backend/api/configuracion_operativa_unidades.py,21,pydantic,EXTERNAL_DECLARED_NOT_INSTALLED,False
backend/api/configuracion_operativa_unidades.py,22,typing,STDLIB,False
backend/api/configuracion_operativa_unidades.py,23,datetime,STDLIB,False
backend/api/configuracion_operativa_unidades.py,24,zoneinfo,STDLIB,False
backend/api/configuracion_operativa_unidades.py,25,logging,STDLIB,False
backend/api/configuracion_operativa_unidades.py,26,pymssql,EXTERNAL_DECLARED_NOT_INSTALLED,False
backend/api/configuracion_operativa_unidades.py,27,os,STDLIB,False
backend/api/configuracion_operativa_unidades.py,28,core,LOCAL_PROJECT,False
backend/api/configuracion_operativa_unidades.py,166,core,LOCAL_PROJECT,False
backend/api/configuracion_operativa_unidades.py,347,core,LOCAL_PROJECT,False
backend/api/admin_data_quality.py,21,fastapi,EXTERNAL_DECLARED_NOT_INSTALLED,False
backend/api/admin_data_quality.py,22,pydantic,EXTERNAL_DECLARED_NOT_INSTALLED,False
backend/api/admin_data_quality.py,23,datetime,STDLIB,False
backend/api/admin_data_quality.py,24,typing,STDLIB,False
backend/api/admin_data_quality.py,25,logging,STDLIB,False
backend/api/admin_data_quality.py,26,os,STDLIB,False
backend/api/admin_data_quality.py,28,core,LOCAL_PROJECT,False
backend/api/admin_data_quality.py,29,core,LOCAL_PROJECT,False
backend/api/admin_data_quality.py,39,core,LOCAL_PROJECT,False
backend/api/admin_scheduler_resync.py,21,fastapi,EXTERNAL_DECLARED_NOT_INSTALLED,False
backend/api/admin_scheduler_resync.py,22,pydantic,EXTERNAL_DECLARED_NOT_INSTALLED,False
backend/api/admin_scheduler_resync.py,23,datetime,STDLIB,False
backend/api/admin_scheduler_resync.py,24,typing,STDLIB,False
backend/api/admin_scheduler_resync.py,25,uuid,STDLIB,False
backend/api/admin_scheduler_resync.py,26,time,STDLIB,False
backend/api/admin_scheduler_resync.py,27,logging,STDLIB,False
backend/api/admin_scheduler_resync.py,28,json,STDLIB,False
backend/api/admin_scheduler_resync.py,30,core,LOCAL_PROJECT,False
backend/api/admin_scheduler_resync.py,31,core,LOCAL_PROJECT,False
backend/api/admin_scheduler_resync.py,32,core,LOCAL_PROJECT,False
backend/api/admin_scheduler_resync.py,43,os,STDLIB,False
backend/api/admin_scheduler_resync.py,44,core,LOCAL_PROJECT,False
backend/api/admin_scheduler_resync.py,59,pymssql,EXTERNAL_DECLARED_NOT_INSTALLED,False
backend/api/admin_scheduler_resync.py,174,modules,LOCAL_PROJECT,False
backend/api/admin_scheduler_resync.py,218,modules,LOCAL_PROJECT,False
backend/api/admin_scheduler_resync.py,347,core,LOCAL_PROJECT,False
backend/api/admin_scheduler_resync.py,922,modules,LOCAL_PROJECT,False
backend/api/admin_scheduler_resync.py,985,modules,LOCAL_PROJECT,False
backend/api/admin_scheduler_resync.py,1000,modules,LOCAL_PROJECT,False
backend/api/admin_scheduler_resync.py,1015,modules,LOCAL_PROJECT,False
backend/api/admin_scheduler_resync.py,1029,modules,LOCAL_PROJECT,False
backend/api/admin_scheduler_resync.py,1046,modules,LOCAL_PROJECT,False
backend/api/admin_scheduler_resync.py,1066,modules,LOCAL_PROJECT,False
backend/api/admin_scheduler_resync.py,1067,core,LOCAL_PROJECT,False
backend/api/admin_scheduler_resync.py,1068,pymssql,EXTERNAL_DECLARED_NOT_INSTALLED,False
backend/api/admin_scheduler_resync.py,1168,modules,LOCAL_PROJECT,False
backend/api/admin_scheduler_resync.py,1172,modules,LOCAL_PROJECT,False
backend/api/sync_receiver.py,26,os,STDLIB,False
backend/api/sync_receiver.py,27,logging,STDLIB,False
backend/api/sync_receiver.py,28,typing,STDLIB,False
backend/api/sync_receiver.py,29,datetime,STDLIB,False
backend/api/sync_receiver.py,30,fastapi,EXTERNAL_DECLARED_NOT_INSTALLED,False
backend/api/sync_receiver.py,31,jwt,UNRESOLVED,False
backend/api/sync_receiver.py,33,api,LOCAL_PROJECT,False
backend/api/sync_receiver.py,37,core,LOCAL_PROJECT,False
backend/api/sync_receiver.py,131,modules,LOCAL_PROJECT,False
backend/api/sync_receiver.py,170,core,LOCAL_PROJECT,False
backend/api/sync_receiver.py,240,core,LOCAL_PROJECT,False
backend/api/admin_core_connections.py,1,core,LOCAL_PROJECT,False
backend/api/admin_core_connections.py,27,fastapi,EXTERNAL_DECLARED_NOT_INSTALLED,False
backend/api/admin_core_connections.py,28,typing,STDLIB,False
backend/api/admin_core_connections.py,29,datetime,STDLIB,False
backend/api/admin_core_connections.py,30,time,STDLIB,False
backend/api/admin_core_connections.py,31,logging,STDLIB,False
backend/api/admin_core_connections.py,32,json,STDLIB,False
backend/api/admin_core_connections.py,34,core,LOCAL_PROJECT,False
backend/api/admin_core_connections.py,35,core,LOCAL_PROJECT,False
backend/api/admin_core_connections.py,36,core,LOCAL_PROJECT,False
backend/api/admin_core_connections.py,37,core,LOCAL_PROJECT,False
backend/api/admin_core_connections.py,345,pymssql,EXTERNAL_DECLARED_NOT_INSTALLED,False
backend/api/dba_credential_p0d.py,1,core,LOCAL_PROJECT,False
backend/api/dba_credential_p0d.py,29,fastapi,EXTERNAL_DECLARED_NOT_INSTALLED,False
backend/api/dba_credential_p0d.py,30,pydantic,EXTERNAL_DECLARED_NOT_INSTALLED,False
backend/api/dba_credential_p0d.py,31,typing,STDLIB,False
backend/api/dba_credential_p0d.py,32,datetime,STDLIB,False
backend/api/dba_credential_p0d.py,33,logging,STDLIB,False
backend/api/dba_credential_p0d.py,34,os,STDLIB,False
backend/api/dba_credential_p0d.py,36,core,LOCAL_PROJECT,False
backend/api/dba_credential_p0d.py,37,core,LOCAL_PROJECT,False
backend/api/dba_credential_p0d.py,38,core,LOCAL_PROJECT,False
backend/api/dba_credential_p0d.py,110,jwt,UNRESOLVED,False
backend/api/dba_credential_p0d.py,356,core,LOCAL_PROJECT,False
backend/api/dba_credential_p0d.py,367,pymssql,EXTERNAL_DECLARED_NOT_INSTALLED,False
backend/api/dba_credential_p0d.py,464,core,LOCAL_PROJECT,False
backend/api/dba_credential_p0d.py,474,pymssql,EXTERNAL_DECLARED_NOT_INSTALLED,False
backend/api/sync_schemas.py,7,typing,STDLIB,False
backend/api/sync_schemas.py,8,pydantic,EXTERNAL_DECLARED_NOT_INSTALLED,False
backend/core/server_registry.py,25,logging,STDLIB,False
backend/core/server_registry.py,26,os,STDLIB,False
backend/core/server_registry.py,27,json,STDLIB,False
backend/core/server_registry.py,28,typing,STDLIB,False
backend/core/server_registry.py,29,datetime,STDLIB,False
backend/core/server_registry.py,30,core,LOCAL_PROJECT,False
backend/core/server_registry.py,31,core,LOCAL_PROJECT,False
backend/core/server_registry.py,60,core,LOCAL_PROJECT,True
backend/core/server_registry.py,93,core,LOCAL_PROJECT,False
backend/core/server_registry.py,124,json,STDLIB,False
backend/core/server_registry.py,146,json,STDLIB,False
backend/core/server_registry.py,289,core,LOCAL_PROJECT,False
backend/core/server_registry.py,334,core,LOCAL_PROJECT,False
backend/core/server_registry.py,568,core,LOCAL_PROJECT,False
backend/core/server_registry.py,892,pymssql,EXTERNAL_DECLARED_NOT_INSTALLED,False
backend/core/server_registry.py,927,uuid,STDLIB,False
backend/core/server_registry.py,968,core,LOCAL_PROJECT,False
backend/core/server_registry.py,1136,core,LOCAL_PROJECT,False
backend/core/server_registry.py,1426,core,LOCAL_PROJECT,False
backend/core/server_registry.py,1536,core,LOCAL_PROJECT,False
backend/core/server_registry.py,1642,core,LOCAL_PROJECT,False
backend/core/connection_resolver.py,1,core,LOCAL_PROJECT,False
backend/core/connection_resolver.py,2,core,LOCAL_PROJECT,False
backend/core/connection_resolver.py,23,logging,STDLIB,False
backend/core/connection_resolver.py,24,typing,STDLIB,False
backend/core/connection_resolver.py,25,dataclasses,STDLIB,False
backend/core/connection_resolver.py,26,enum,STDLIB,False
backend/core/connection_resolver.py,27,datetime,STDLIB,False
backend/core/connection_resolver.py,28,core,LOCAL_PROJECT,False
backend/core/connection_resolver.py,577,core,LOCAL_PROJECT,False
backend/core/system_capability_integration.py,1,core,LOCAL_PROJECT,False
backend/core/system_capability_integration.py,2,core,LOCAL_PROJECT,False
backend/core/system_capability_integration.py,23,logging,STDLIB,False
backend/core/system_capability_integration.py,24,typing,STDLIB,False
backend/core/system_capability_integration.py,26,core,LOCAL_PROJECT,False
backend/core/pool.py,1,core,LOCAL_PROJECT,False
backend/core/pool.py,2,core,LOCAL_PROJECT,False
backend/core/pool.py,48,os,STDLIB,False
backend/core/pool.py,49,logging,STDLIB,False
backend/core/pool.py,50,threading,STDLIB,False
backend/core/pool.py,51,time,STDLIB,False
backend/core/pool.py,52,typing,STDLIB,False
backend/core/pool.py,53,datetime,STDLIB,False
backend/core/pool.py,54,contextlib,STDLIB,False
backend/core/pool.py,55,dataclasses,STDLIB,False
backend/core/pool.py,58,pymssql,EXTERNAL_DECLARED_NOT_INSTALLED,False
backend/core/pool.py,59,pytds,UNRESOLVED,False
backend/core/pool.py,62,dbutils,EXTERNAL_DECLARED_NOT_INSTALLED,False
backend/core/pool.py,633,core,LOCAL_PROJECT,False
backend/core/pool.py,673,core,LOCAL_PROJECT,False
backend/core/providers.py,1,core,LOCAL_PROJECT,False
backend/core/providers.py,2,core,LOCAL_PROJECT,False
backend/core/providers.py,17,logging,STDLIB,False
backend/core/providers.py,18,typing,STDLIB,False
backend/core/providers.py,19,datetime,STDLIB,False
backend/core/providers.py,20,dataclasses,STDLIB,False
backend/core/providers.py,112,core,LOCAL_PROJECT,False
backend/core/providers.py,113,time,STDLIB,False
backend/core/providers.py,200,core,LOCAL_PROJECT,False
backend/core/providers.py,201,time,STDLIB,False
backend/core/providers.py,346,core,LOCAL_PROJECT,False
backend/core/providers.py,347,time,STDLIB,False
backend/core/providers.py,478,time,STDLIB,False
backend/core/providers.py,479,requests,EXTERNAL_DECLARED_NOT_INSTALLED,False
backend/core/query_catalog.py,20,logging,STDLIB,False
backend/core/query_catalog.py,21,typing,STDLIB,False
backend/core/query_catalog.py,22,functools,STDLIB,False
backend/core/query_catalog.py,50,core,LOCAL_PROJECT,False
backend/core/query_catalog.py,132,core,LOCAL_PROJECT,False
backend/core/__init__.py,1,core,LOCAL_PROJECT,False
backend/core/__init__.py,2,core,LOCAL_PROJECT,False
backend/core/__init__.py,27,core,LOCAL_PROJECT,False
backend/core/__init__.py,67,core,LOCAL_PROJECT,False
backend/core/__init__.py,79,core,LOCAL_PROJECT,False
backend/core/source_resolver.py,1,core,LOCAL_PROJECT,False
backend/core/source_resolver.py,2,core,LOCAL_PROJECT,False
backend/core/source_resolver.py,30,dataclasses,STDLIB,False
backend/core/source_resolver.py,31,datetime,STDLIB,False
backend/core/source_resolver.py,32,enum,STDLIB,False
backend/core/source_resolver.py,33,typing,STDLIB,False
backend/core/source_resolver.py,34,logging,STDLIB,False
backend/core/auditoria.py,1,core,LOCAL_PROJECT,False
backend/core/auditoria.py,2,core,LOCAL_PROJECT,False
backend/core/auditoria.py,30,datetime,STDLIB,False
backend/core/auditoria.py,31,typing,STDLIB,False
backend/core/auditoria.py,32,dataclasses,STDLIB,False
backend/core/auditoria.py,33,enum,STDLIB,False
backend/core/auditoria.py,34,json,STDLIB,False
backend/core/auditoria.py,35,logging,STDLIB,False
backend/core/auditoria.py,36,os,STDLIB,False
backend/core/auditoria.py,230,pytds,UNRESOLVED,False
backend/core/auditoria.py,472,datetime,STDLIB,False
backend/core/auditoria.py,473,core,LOCAL_PROJECT,False
backend/core/auditoria.py,534,datetime,STDLIB,False
backend/core/empresa_resolver.py,1,core,LOCAL_PROJECT,False
backend/core/empresa_resolver.py,2,core,LOCAL_PROJECT,False
backend/core/empresa_resolver.py,24,os,STDLIB,False
backend/core/empresa_resolver.py,25,unicodedata,STDLIB,False
backend/core/empresa_resolver.py,26,re,STDLIB,False
backend/core/empresa_resolver.py,27,logging,STDLIB,False
backend/core/empresa_resolver.py,28,typing,STDLIB,False
backend/core/empresa_resolver.py,29,dataclasses,STDLIB,False
backend/core/empresa_resolver.py,31,core,LOCAL_PROJECT,False
backend/core/auditoria_helpers.py,1,core,LOCAL_PROJECT,False
backend/core/auditoria_helpers.py,2,core,LOCAL_PROJECT,False
backend/core/auditoria_helpers.py,22,logging,STDLIB,False
backend/core/auditoria_helpers.py,23,typing,STDLIB,False
backend/core/auditoria_helpers.py,24,dataclasses,STDLIB,False
backend/core/auditoria_helpers.py,25,datetime,STDLIB,False
backend/core/auditoria_helpers.py,39,core,LOCAL_PROJECT,False
backend/core/refresh_tokens.py,1,core,LOCAL_PROJECT,False
backend/core/refresh_tokens.py,2,core,LOCAL_PROJECT,False
backend/core/refresh_tokens.py,24,os,STDLIB,False
backend/core/refresh_tokens.py,25,secrets,STDLIB,False
backend/core/refresh_tokens.py,26,hashlib,STDLIB,False
backend/core/refresh_tokens.py,27,logging,STDLIB,False
backend/core/refresh_tokens.py,28,typing,STDLIB,False
backend/core/refresh_tokens.py,29,datetime,STDLIB,False
backend/core/refresh_tokens.py,30,uuid,STDLIB,False
backend/core/refresh_tokens.py,195,asyncio,STDLIB,False
backend/core/refresh_tokens.py,196,concurrent,STDLIB,False
backend/core/refresh_tokens.py,197,core,LOCAL_PROJECT,False
backend/core/refresh_tokens.py,839,json,STDLIB,False
backend/core/unidades_registry.py,1,core,LOCAL_PROJECT,False
backend/core/unidades_registry.py,2,core,LOCAL_PROJECT,False
backend/core/unidades_registry.py,3,core,LOCAL_PROJECT,False
backend/core/unidades_registry.py,27,logging,STDLIB,False
backend/core/unidades_registry.py,28,typing,STDLIB,False
backend/core/unidades_registry.py,29,dataclasses,STDLIB,False
backend/core/unidades_registry.py,30,datetime,STDLIB,False
backend/core/unidades_registry.py,53,pymssql,EXTERNAL_DECLARED_NOT_INSTALLED,False
backend/core/security.py,16,core,LOCAL_PROJECT,False
backend/core/security.py,20,core,LOCAL_PROJECT,False
backend/core/security.py,21,core,LOCAL_PROJECT,False
backend/core/security.py,22,core,LOCAL_PROJECT,False
backend/core/security.py,43,os,STDLIB,False
backend/core/security.py,44,logging,STDLIB,False
backend/core/security.py,45,typing,STDLIB,False
backend/core/security.py,46,datetime,STDLIB,False
backend/core/security.py,47,fastapi,EXTERNAL_DECLARED_NOT_INSTALLED,False
backend/core/security.py,48,fastapi,EXTERNAL_DECLARED_NOT_INSTALLED,False
backend/core/security.py,49,bcrypt,EXTERNAL_DECLARED_NOT_INSTALLED,False
backend/core/security.py,50,jwt,UNRESOLVED,False
backend/core/security.py,102,core,LOCAL_PROJECT,False
backend/core/security.py,341,modules,LOCAL_PROJECT,False
backend/core/security.py,482,fastapi,EXTERNAL_DECLARED_NOT_INSTALLED,False
backend/core/security.py,502,pymssql,EXTERNAL_DECLARED_NOT_INSTALLED,False
backend/core/security.py,547,pymssql,EXTERNAL_DECLARED_NOT_INSTALLED,False
backend/core/security.py,656,core,LOCAL_PROJECT,False
backend/core/security.py,788,core,LOCAL_PROJECT,False
backend/core/security.py,915,re,STDLIB,False
backend/core/security.py,916,dataclasses,STDLIB,False
backend/core/security.py,917,core,LOCAL_PROJECT,False
backend/core/security.py,1052,core,LOCAL_PROJECT,False
backend/core/rbac_helper.py,20,typing,STDLIB,False
backend/core/rbac_helper.py,21,starlette,EXTERNAL_DECLARED_NOT_INSTALLED,False
backend/core/rbac_helper.py,23,core,LOCAL_PROJECT,False
backend/core/cache_key_builder.py,1,core,LOCAL_PROJECT,False
backend/core/cache_key_builder.py,2,core,LOCAL_PROJECT,False
backend/core/cache_key_builder.py,27,hashlib,STDLIB,False
backend/core/cache_key_builder.py,28,json,STDLIB,False
backend/core/cache_key_builder.py,29,logging,STDLIB,False
backend/core/cache_key_builder.py,30,typing,STDLIB,False
backend/core/cache_key_builder.py,31,datetime,STDLIB,False
backend/core/cache_key_builder.py,32,dataclasses,STDLIB,False
backend/core/cache_key_builder.py,230,core,LOCAL_PROJECT,True
backend/core/consumo_receta_service.py,28,logging,STDLIB,False
backend/core/consumo_receta_service.py,29,typing,STDLIB,False
backend/core/consumo_receta_service.py,31,core,LOCAL_PROJECT,False
backend/core/config.py,1,core,LOCAL_PROJECT,False
backend/core/config.py,2,core,LOCAL_PROJECT,False
backend/core/config.py,16,os,STDLIB,False
backend/core/config.py,17,typing,STDLIB,False
backend/core/config.py,18,pydantic_settings,EXTERNAL_DECLARED_NOT_INSTALLED,False
backend/core/system_type_utils.py,1,core,LOCAL_PROJECT,False
backend/core/system_type_utils.py,2,core,LOCAL_PROJECT,False
backend/core/system_type_utils.py,38,typing,STDLIB,False
backend/core/system_type_utils.py,39,dataclasses,STDLIB,False
backend/core/system_type_utils.py,40,enum,STDLIB,False
backend/core/system_type_utils.py,41,logging,STDLIB,False
backend/core/exceptions.py,1,core,LOCAL_PROJECT,False
backend/core/exceptions.py,2,core,LOCAL_PROJECT,False
backend/core/exceptions.py,17,typing,STDLIB,False
backend/core/exceptions.py,18,fastapi,EXTERNAL_DECLARED_NOT_INSTALLED,False
backend/core/secret_manager.py,1,core,LOCAL_PROJECT,False
backend/core/secret_manager.py,2,core,LOCAL_PROJECT,False
backend/core/secret_manager.py,26,os,STDLIB,False
backend/core/secret_manager.py,27,logging,STDLIB,False
backend/core/secret_manager.py,28,typing,STDLIB,False
backend/core/secret_manager.py,55,cryptography,EXTERNAL_DECLARED_NOT_INSTALLED,True
backend/core/secret_manager.py,83,hashlib,STDLIB,False
backend/core/secret_manager.py,358,cryptography,EXTERNAL_DECLARED_NOT_INSTALLED,False
backend/core/secret_manager.py,417,base64,STDLIB,False
backend/core/secret_manager.py,428,cryptography,EXTERNAL_DECLARED_NOT_INSTALLED,False
backend/core/secret_manager.py,483,base64,STDLIB,False
backend/core/secret_manager.py,484,hashlib,STDLIB,False
backend/core/secret_manager.py,494,cryptography,EXTERNAL_DECLARED_NOT_INSTALLED,False
backend/core/secret_manager.py,503,hashlib,STDLIB,False
backend/core/secret_manager.py,521,hashlib,STDLIB,False
backend/core/secret_manager.py,558,cryptography,EXTERNAL_DECLARED_NOT_INSTALLED,False
backend/core/secret_manager.py,596,cryptography,EXTERNAL_DECLARED_NOT_INSTALLED,False
backend/core/date_utils.py,1,core,LOCAL_PROJECT,False
backend/core/date_utils.py,2,core,LOCAL_PROJECT,False
backend/core/date_utils.py,18,datetime,STDLIB,False
backend/core/date_utils.py,19,typing,STDLIB,False
backend/core/unidades_service.py,15,os,STDLIB,False
backend/core/unidades_service.py,16,time,STDLIB,False
backend/core/unidades_service.py,17,logging,STDLIB,False
backend/core/unidades_service.py,51,modules,LOCAL_PROJECT,False
backend/core/unidades_service.py,52,core,LOCAL_PROJECT,False
backend/core/regression_checker.py,1,core,LOCAL_PROJECT,False
backend/core/regression_checker.py,2,core,LOCAL_PROJECT,False
backend/core/regression_checker.py,22,logging,STDLIB,False
backend/core/regression_checker.py,23,time,STDLIB,False
backend/core/regression_checker.py,24,datetime,STDLIB,False
backend/core/regression_checker.py,25,dataclasses,STDLIB,False
backend/core/regression_checker.py,26,typing,STDLIB,False
backend/core/regression_checker.py,27,enum,STDLIB,False
backend/core/regression_checker.py,174,modules,LOCAL_PROJECT,True
backend/core/regression_checker.py,221,core,LOCAL_PROJECT,False
backend/core/regression_checker.py,283,modules,LOCAL_PROJECT,True
backend/core/regression_checker.py,332,core,LOCAL_PROJECT,True
backend/core/regression_checker.py,407,uuid,STDLIB,False
backend/core/regression_checker.py,454,uuid,STDLIB,False
backend/core/context_resolver.py,3,core,LOCAL_PROJECT,False
backend/core/context_resolver.py,7,core,LOCAL_PROJECT,False
backend/core/context_resolver.py,8,core,LOCAL_PROJECT,False
backend/core/context_resolver.py,9,core,LOCAL_PROJECT,False
backend/core/context_resolver.py,53,typing,STDLIB,False
backend/core/context_resolver.py,54,fastapi,EXTERNAL_DECLARED_NOT_INSTALLED,False
backend/core/context_resolver.py,55,logging,STDLIB,False
backend/core/context_resolver.py,56,pymssql,EXTERNAL_DECLARED_NOT_INSTALLED,False
backend/core/context_resolver.py,73,core,LOCAL_PROJECT,False
backend/core/user_access_context.py,3,core,LOCAL_PROJECT,False
backend/core/user_access_context.py,10,core,LOCAL_PROJECT,False
backend/core/user_access_context.py,11,core,LOCAL_PROJECT,False
backend/core/user_access_context.py,12,core,LOCAL_PROJECT,False
backend/core/user_access_context.py,66,typing,STDLIB,False
backend/core/user_access_context.py,67,dataclasses,STDLIB,False
backend/core/user_access_context.py,68,datetime,STDLIB,False
backend/core/user_access_context.py,69,logging,STDLIB,False
backend/core/user_access_context.py,70,pymssql,EXTERNAL_DECLARED_NOT_INSTALLED,False
backend/core/mongo_stub.py,1,core,LOCAL_PROJECT,False
backend/core/mongo_stub.py,2,core,LOCAL_PROJECT,False
backend/core/mongo_stub.py,15,typing,STDLIB,False
backend/core/mongo_stub.py,16,logging,STDLIB,False
backend/core/cerebro.py,1,core,LOCAL_PROJECT,False
backend/core/cerebro.py,2,core,LOCAL_PROJECT,False
backend/core/cerebro.py,19,typing,STDLIB,False
backend/core/cerebro.py,20,pydantic,EXTERNAL_DECLARED_NOT_INSTALLED,False
backend/core/cerebro.py,21,datetime,STDLIB,False
backend/core/cerebro.py,22,enum,STDLIB,False
backend/core/cerebro.py,642,re,STDLIB,False
backend/core/rbac_helper_sql.py,1,core,LOCAL_PROJECT,False
backend/core/rbac_helper_sql.py,2,core,LOCAL_PROJECT,False
backend/core/rbac_helper_sql.py,14,os,STDLIB,False
backend/core/rbac_helper_sql.py,15,logging,STDLIB,False
backend/core/rbac_helper_sql.py,16,typing,STDLIB,False
backend/core/rbac_helper_sql.py,17,datetime,STDLIB,False
backend/core/rbac_helper_sql.py,18,pymssql,EXTERNAL_DECLARED_NOT_INSTALLED,False
backend/core/rbac_helper_sql.py,19,core,LOCAL_PROJECT,False
backend/core/rbac_helper_sql.py,20,core,LOCAL_PROJECT,False
backend/core/insumos_service.py,10,logging,STDLIB,False
backend/core/insumos_service.py,11,typing,STDLIB,False
backend/core/insumos_service.py,13,core,LOCAL_PROJECT,False
backend/core/insumos_service.py,14,core,LOCAL_PROJECT,False
backend/core/resilient_sql.py,6,time,STDLIB,False
backend/core/resilient_sql.py,7,core,LOCAL_PROJECT,False
backend/core/health_checker.py,2,core,LOCAL_PROJECT,False
backend/core/health_checker.py,3,core,LOCAL_PROJECT,False
backend/core/health_checker.py,18,logging,STDLIB,False
backend/core/health_checker.py,19,time,STDLIB,False
backend/core/health_checker.py,20,datetime,STDLIB,False
backend/core/health_checker.py,21,dataclasses,STDLIB,False
backend/core/health_checker.py,22,typing,STDLIB,False
backend/core/health_checker.py,23,enum,STDLIB,False
backend/core/health_checker.py,239,core,LOCAL_PROJECT,False
backend/core/productos_service.py,12,logging,STDLIB,False
backend/core/productos_service.py,13,typing,STDLIB,False
backend/core/productos_service.py,15,core,LOCAL_PROJECT,False
backend/core/productos_service.py,16,core,LOCAL_PROJECT,False
backend/core/security_v2_passive.py,1,core,LOCAL_PROJECT,False
backend/core/security_v2_passive.py,2,core,LOCAL_PROJECT,False
backend/core/security_v2_passive.py,17,typing,STDLIB,False
backend/core/security_v2_passive.py,18,datetime,STDLIB,False
backend/core/security_v2_passive.py,19,uuid,STDLIB,False
backend/core/corporate_identity_resolver.py,1,core,LOCAL_PROJECT,False
backend/core/corporate_identity_resolver.py,2,core,LOCAL_PROJECT,False
backend/core/corporate_identity_resolver.py,36,typing,STDLIB,False
backend/core/corporate_identity_resolver.py,37,re,STDLIB,False
backend/core/alcance_helper.py,3,core,LOCAL_PROJECT,False
backend/core/alcance_helper.py,9,core,LOCAL_PROJECT,False
backend/core/alcance_helper.py,10,core,LOCAL_PROJECT,False
backend/core/alcance_helper.py,36,typing,STDLIB,False
backend/core/alcance_helper.py,37,dataclasses,STDLIB,False
backend/core/alcance_helper.py,38,logging,STDLIB,False
backend/core/alcance_helper.py,39,core,LOCAL_PROJECT,False
backend/core/alcance_helper.py,78,pymssql,EXTERNAL_DECLARED_NOT_INSTALLED,False
backend/core/alcance_helper.py,119,pymssql,EXTERNAL_DECLARED_NOT_INSTALLED,False
backend/core/object_storage.py,8,os,STDLIB,False
backend/core/object_storage.py,9,logging,STDLIB,False
backend/core/object_storage.py,10,requests,EXTERNAL_DECLARED_NOT_INSTALLED,False
backend/core/system_capability_resolver.py,1,os,STDLIB,False
backend/core/system_capability_resolver.py,2,core,LOCAL_PROJECT,False
backend/core/system_capability_resolver.py,3,core,LOCAL_PROJECT,False
backend/core/system_capability_resolver.py,51,logging,STDLIB,False
backend/core/system_capability_resolver.py,52,typing,STDLIB,False
backend/core/system_capability_resolver.py,53,dataclasses,STDLIB,False
backend/core/system_capability_resolver.py,54,enum,STDLIB,False
backend/core/system_capability_resolver.py,55,datetime,STDLIB,False
backend/core/system_capability_resolver.py,56,threading,STDLIB,False
backend/core/system_capability_resolver.py,207,core,LOCAL_PROJECT,False
backend/core/system_capability_resolver.py,332,core,LOCAL_PROJECT,False
backend/core/recetas_service.py,14,logging,STDLIB,False
backend/core/recetas_service.py,15,typing,STDLIB,False
backend/core/recetas_service.py,17,core,LOCAL_PROJECT,False
backend/core/recetas_service.py,18,core,LOCAL_PROJECT,False
backend/core/inventory_analysis_core.py,1,core,LOCAL_PROJECT,False
backend/core/inventory_analysis_core.py,2,core,LOCAL_PROJECT,False
backend/core/inventory_analysis_core.py,25,logging,STDLIB,False
backend/core/inventory_analysis_core.py,26,typing,STDLIB,False
backend/core/inventory_analysis_core.py,27,pydantic,EXTERNAL_DECLARED_NOT_INSTALLED,False
backend/core/inventory_analysis_core.py,28,fastapi,EXTERNAL_DECLARED_NOT_INSTALLED,False
backend/core/inventory_analysis_core.py,163,server,LOCAL_PROJECT,True
backend/core/utils.py,1,core,LOCAL_PROJECT,False
backend/core/utils.py,2,core,LOCAL_PROJECT,False
backend/core/utils.py,15,typing,STDLIB,False
backend/core/utils.py,16,datetime,STDLIB,False
backend/core/utils.py,17,decimal,STDLIB,False
backend/core/utils.py,18,re,STDLIB,False
backend/core/db.py,12,logging,STDLIB,False
backend/core/db.py,13,time,STDLIB,False
backend/core/db.py,14,re,STDLIB,False
backend/core/db.py,15,typing,STDLIB,False
backend/core/db.py,16,datetime,STDLIB,False
backend/core/db.py,17,enum,STDLIB,False
backend/core/db.py,18,dataclasses,STDLIB,False
backend/core/db.py,20,core,LOCAL_PROJECT,False
backend/core/db.py,28,core,LOCAL_PROJECT,False
backend/core/db.py,319,core,LOCAL_PROJECT,False
backend/core/db.py,383,core,LOCAL_PROJECT,False
backend/core/db.py,632,asyncio,STDLIB,False
backend/core/text_normalizer.py,1,core,LOCAL_PROJECT,False
backend/core/text_normalizer.py,2,core,LOCAL_PROJECT,False
backend/core/text_normalizer.py,17,unicodedata,STDLIB,False
backend/core/text_normalizer.py,18,logging,STDLIB,False
backend/core/text_normalizer.py,19,typing,STDLIB,False
backend/core/policies/__init__.py,1,core,LOCAL_PROJECT,False
backend/core/policies/__init__.py,2,core,LOCAL_PROJECT,False
backend/core/policies/no_live_dashboard_policy.py,1,core,LOCAL_PROJECT,False
backend/core/policies/no_live_dashboard_policy.py,2,core,LOCAL_PROJECT,False
backend/core/policies/no_live_dashboard_policy.py,3,core,LOCAL_PROJECT,False
backend/core/policies/no_live_dashboard_policy.py,12,pathlib,STDLIB,False
backend/core/scheduler/job_logger.py,8,typing,STDLIB,False
backend/core/scheduler/job_logger.py,9,datetime,STDLIB,False
backend/core/scheduler/job_logger.py,10,pydantic,EXTERNAL_DECLARED_NOT_INSTALLED,False
backend/core/scheduler/job_logger.py,11,logging,STDLIB,False
backend/core/scheduler/job_logger.py,12,uuid,STDLIB,False
backend/core/scheduler/job_logger.py,13,json,STDLIB,False
backend/core/scheduler/job_logger.py,59,core,LOCAL_PROJECT,False
backend/core/scheduler/job_logger.py,185,core,LOCAL_PROJECT,False
backend/core/scheduler/job_logger.py,243,core,LOCAL_PROJECT,False
backend/core/scheduler/__init__.py,12,importlib,STDLIB,False
backend/core/scheduler/__init__.py,14,config,UNRESOLVED,False
backend/core/scheduler/scheduler_manager.py,13,asyncio,STDLIB,False
backend/core/scheduler/scheduler_manager.py,14,typing,STDLIB,False
backend/core/scheduler/scheduler_manager.py,15,logging,STDLIB,False
backend/core/scheduler/scheduler_manager.py,17,apscheduler,EXTERNAL_DECLARED_NOT_INSTALLED,False
backend/core/scheduler/scheduler_manager.py,18,apscheduler,EXTERNAL_DECLARED_NOT_INSTALLED,False
backend/core/scheduler/scheduler_manager.py,19,apscheduler,EXTERNAL_DECLARED_NOT_INSTALLED,False
backend/core/scheduler/scheduler_manager.py,20,apscheduler,EXTERNAL_DECLARED_NOT_INSTALLED,False
backend/core/scheduler/scheduler_manager.py,22,config,UNRESOLVED,False
backend/core/scheduler/scheduler_manager.py,23,locks,UNRESOLVED,False
backend/core/scheduler/scheduler_manager.py,24,job_logger,UNRESOLVED,False
backend/core/scheduler/scheduler_manager.py,25,jobs,UNRESOLVED,False
backend/core/scheduler/scheduler_manager.py,26,jobs,UNRESOLVED,False
backend/core/scheduler/scheduler_manager.py,27,jobs,UNRESOLVED,False
backend/core/scheduler/scheduler_manager.py,28,jobs,UNRESOLVED,False
backend/core/scheduler/scheduler_manager.py,29,jobs,UNRESOLVED,False
backend/core/scheduler/scheduler_manager.py,31,jobs,UNRESOLVED,False
backend/core/scheduler/scheduler_manager.py,32,jobs,UNRESOLVED,False
backend/core/scheduler/scheduler_manager.py,34,jobs,UNRESOLVED,False
backend/core/scheduler/scheduler_manager.py,36,jobs,UNRESOLVED,False
backend/core/scheduler/scheduler_manager.py,38,jobs,UNRESOLVED,False
backend/core/scheduler/scheduler_manager.py,40,jobs,UNRESOLVED,False
backend/core/scheduler/scheduler_manager.py,42,jobs,UNRESOLVED,False
backend/core/scheduler/scheduler_manager.py,44,jobs,UNRESOLVED,False
backend/core/scheduler/scheduler_manager.py,46,jobs,UNRESOLVED,False
backend/core/scheduler/scheduler_manager.py,48,jobs,UNRESOLVED,False
backend/core/scheduler/scheduler_manager.py,50,jobs,UNRESOLVED,False
backend/core/scheduler/scheduler_manager.py,51,jobs,UNRESOLVED,False
backend/core/scheduler/scheduler_manager.py,83,core,LOCAL_PROJECT,False
backend/core/scheduler/scheduler_manager.py,388,asyncio,STDLIB,False
backend/core/scheduler/scheduler_manager.py,419,jobs,UNRESOLVED,False
backend/core/scheduler/scheduler_manager.py,1610,core,LOCAL_PROJECT,False
backend/core/scheduler/config.py,7,typing,STDLIB,False
backend/core/scheduler/config.py,8,pydantic,EXTERNAL_DECLARED_NOT_INSTALLED,False
backend/core/scheduler/config.py,9,os,STDLIB,False
backend/core/scheduler/sql_repository.py,1,os,STDLIB,False
backend/core/scheduler/sql_repository.py,17,logging,STDLIB,False
backend/core/scheduler/sql_repository.py,18,json,STDLIB,False
backend/core/scheduler/sql_repository.py,19,typing,STDLIB,False
backend/core/scheduler/sql_repository.py,20,datetime,STDLIB,False
backend/core/scheduler/sql_repository.py,21,asyncio,STDLIB,False
backend/core/scheduler/sql_repository.py,22,concurrent,STDLIB,False
backend/core/scheduler/sql_repository.py,23,core,LOCAL_PROJECT,False
backend/core/scheduler/sql_repository.py,49,core,LOCAL_PROJECT,False
backend/core/scheduler/sql_repository.py,67,pymssql,EXTERNAL_DECLARED_NOT_INSTALLED,False
backend/core/scheduler/routes.py,13,typing,STDLIB,False
backend/core/scheduler/routes.py,14,datetime,STDLIB,False
backend/core/scheduler/routes.py,15,pydantic,EXTERNAL_DECLARED_NOT_INSTALLED,False
backend/core/scheduler/routes.py,16,fastapi,EXTERNAL_DECLARED_NOT_INSTALLED,False
backend/core/scheduler/routes.py,17,logging,STDLIB,False
backend/core/scheduler/routes.py,19,core,LOCAL_PROJECT,False
backend/core/scheduler/routes.py,88,scheduler_manager,UNRESOLVED,False
backend/core/scheduler/routes.py,107,scheduler_manager,UNRESOLVED,False
backend/core/scheduler/routes.py,132,scheduler_manager,UNRESOLVED,False
backend/core/scheduler/routes.py,145,jobs,UNRESOLVED,False
backend/core/scheduler/routes.py,202,scheduler_manager,UNRESOLVED,False
backend/core/scheduler/routes.py,219,scheduler_manager,UNRESOLVED,False
backend/core/scheduler/routes.py,252,job_logger,UNRESOLVED,False
backend/core/scheduler/routes.py,283,job_logger,UNRESOLVED,False
backend/core/scheduler/routes.py,305,locks,UNRESOLVED,False
backend/core/scheduler/routes.py,327,locks,UNRESOLVED,False
backend/core/scheduler/routes.py,347,config,UNRESOLVED,False
backend/core/scheduler/routes.py,355,core,LOCAL_PROJECT,False
backend/core/scheduler/jobs/pedidos_detector_job.py,32,logging,STDLIB,False
backend/core/scheduler/jobs/pedidos_detector_job.py,33,datetime,STDLIB,False
backend/core/scheduler/jobs/pedidos_detector_job.py,34,typing,STDLIB,False
backend/core/scheduler/jobs/pedidos_detector_job.py,35,uuid,STDLIB,False
backend/core/scheduler/jobs/pedidos_detector_job.py,36,time,STDLIB,False
backend/core/scheduler/jobs/pedidos_detector_job.py,38,job_logger,UNRESOLVED,False
backend/core/scheduler/jobs/pedidos_detector_job.py,39,sql_repository,UNRESOLVED,False
backend/core/scheduler/jobs/pedidos_detector_job.py,40,core,LOCAL_PROJECT,False
backend/core/scheduler/jobs/pedidos_detector_job.py,80,core,LOCAL_PROJECT,False
backend/core/scheduler/jobs/pedidos_detector_job.py,109,sql_repository,UNRESOLVED,False
backend/core/scheduler/jobs/pedidos_detector_job.py,491,modules,LOCAL_PROJECT,False
backend/core/scheduler/jobs/pedidos_detector_job.py,522,core,LOCAL_PROJECT,False
backend/core/scheduler/jobs/pedidos_detector_job.py,585,modules,LOCAL_PROJECT,False
backend/core/scheduler/jobs/pedidos_detector_job.py,604,modules,LOCAL_PROJECT,False
backend/core/scheduler/jobs/pedidos_detector_job.py,754,modules,LOCAL_PROJECT,False
backend/core/scheduler/jobs/pedidos_detector_job.py,824,modules,LOCAL_PROJECT,False
backend/core/scheduler/jobs/pedidos_detector_job.py,876,modules,LOCAL_PROJECT,False
backend/core/scheduler/jobs/pedidos_detector_job.py,877,modules,LOCAL_PROJECT,False
backend/core/scheduler/jobs/pedidos_detector_job.py,921,modules,LOCAL_PROJECT,False
backend/core/scheduler/jobs/inteligencia_comercial_enrich.py,20,json,STDLIB,False
backend/core/scheduler/jobs/inteligencia_comercial_enrich.py,21,time,STDLIB,False
backend/core/scheduler/jobs/inteligencia_comercial_enrich.py,22,hashlib,STDLIB,False
backend/core/scheduler/jobs/inteligencia_comercial_enrich.py,23,logging,STDLIB,False
backend/core/scheduler/jobs/inteligencia_comercial_enrich.py,24,datetime,STDLIB,False
backend/core/scheduler/jobs/inteligencia_comercial_enrich.py,26,core,LOCAL_PROJECT,False
backend/core/scheduler/jobs/inteligencia_comercial_enrich.py,29,core,LOCAL_PROJECT,False
backend/core/scheduler/jobs/inteligencia_comercial_enrich.py,30,core,LOCAL_PROJECT,False
backend/core/scheduler/jobs/sync_comercial_endpoints_job.py,1,os,STDLIB,False
backend/core/scheduler/jobs/sync_comercial_endpoints_job.py,21,logging,STDLIB,False
backend/core/scheduler/jobs/sync_comercial_endpoints_job.py,22,datetime,STDLIB,False
backend/core/scheduler/jobs/sync_comercial_endpoints_job.py,23,typing,STDLIB,False
backend/core/scheduler/jobs/sync_comercial_endpoints_job.py,24,uuid,STDLIB,False
backend/core/scheduler/jobs/sync_comercial_endpoints_job.py,25,pymssql,EXTERNAL_DECLARED_NOT_INSTALLED,False
backend/core/scheduler/jobs/sync_comercial_endpoints_job.py,27,config,UNRESOLVED,False
backend/core/scheduler/jobs/sync_comercial_endpoints_job.py,28,core,LOCAL_PROJECT,False
backend/core/scheduler/jobs/__init__.py,4,base_job,UNRESOLVED,False
backend/core/scheduler/jobs/__init__.py,5,sla_job,UNRESOLVED,False
backend/core/scheduler/jobs/__init__.py,6,notifications_job,UNRESOLVED,False
backend/core/scheduler/jobs/__init__.py,7,pedidos_detector_job,UNRESOLVED,False
backend/core/scheduler/jobs/__init__.py,8,inventarios_detector_job,UNRESOLVED,False
backend/core/scheduler/jobs/auditorias_job.py,11,logging,STDLIB,False
backend/core/scheduler/jobs/auditorias_job.py,12,datetime,STDLIB,False
backend/core/scheduler/jobs/auditorias_job.py,13,typing,STDLIB,False
backend/core/scheduler/jobs/auditorias_job.py,15,job_logger,UNRESOLVED,False
backend/core/scheduler/jobs/auditorias_job.py,49,modules,LOCAL_PROJECT,False
backend/core/scheduler/jobs/auditorias_job.py,52,modules,LOCAL_PROJECT,False
backend/core/scheduler/jobs/inteligencia_comercial_status_job.py,8,__future__,STDLIB,False
backend/core/scheduler/jobs/inteligencia_comercial_status_job.py,10,datetime,STDLIB,False
backend/core/scheduler/jobs/inteligencia_comercial_status_job.py,11,decimal,STDLIB,False
backend/core/scheduler/jobs/inteligencia_comercial_status_job.py,12,typing,STDLIB,False
backend/core/scheduler/jobs/inteligencia_comercial_status_job.py,13,logging,STDLIB,False
backend/core/scheduler/jobs/inteligencia_comercial_status_job.py,14,os,STDLIB,False
backend/core/scheduler/jobs/inteligencia_comercial_status_job.py,16,pytds,UNRESOLVED,False
backend/core/scheduler/jobs/inteligencia_comercial_status_job.py,18,base_job,UNRESOLVED,False
backend/core/scheduler/jobs/inteligencia_comercial_status_job.py,19,core,LOCAL_PROJECT,False
backend/core/scheduler/jobs/rentabilidad_scheduler_job.py,1,datetime,STDLIB,False
backend/core/scheduler/jobs/rentabilidad_scheduler_job.py,2,core,LOCAL_PROJECT,False
backend/core/scheduler/jobs/rentabilidad_scheduler_job.py,3,modules,LOCAL_PROJECT,False
backend/core/scheduler/jobs/rentabilidad_scheduler_job.py,4,core,LOCAL_PROJECT,False
backend/core/scheduler/jobs/vtiger_sync_job.py,11,os,STDLIB,False
backend/core/scheduler/jobs/vtiger_sync_job.py,12,logging,STDLIB,False
backend/core/scheduler/jobs/vtiger_sync_job.py,13,pymssql,EXTERNAL_DECLARED_NOT_INSTALLED,False
backend/core/scheduler/jobs/vtiger_sync_job.py,14,datetime,STDLIB,False
backend/core/scheduler/jobs/vtiger_sync_job.py,15,typing,STDLIB,False
backend/core/scheduler/jobs/vtiger_sync_job.py,16,json,STDLIB,False
backend/core/scheduler/jobs/vtiger_sync_job.py,17,core,LOCAL_PROJECT,False
backend/core/scheduler/jobs/vtiger_sync_job.py,18,core,LOCAL_PROJECT,False
backend/core/scheduler/jobs/vtiger_sync_job.py,331,modules,LOCAL_PROJECT,False
backend/core/scheduler/jobs/renovaciones_scheduler_job.py,1,datetime,STDLIB,False
backend/core/scheduler/jobs/renovaciones_scheduler_job.py,2,core,LOCAL_PROJECT,False
backend/core/scheduler/jobs/renovaciones_scheduler_job.py,3,core,LOCAL_PROJECT,False
backend/core/scheduler/jobs/notifications_job.py,14,typing,STDLIB,False
backend/core/scheduler/jobs/notifications_job.py,15,datetime,STDLIB,False
backend/core/scheduler/jobs/notifications_job.py,16,logging,STDLIB,False
backend/core/scheduler/jobs/notifications_job.py,17,pytz,EXTERNAL_DECLARED_NOT_INSTALLED,False
backend/core/scheduler/jobs/notifications_job.py,19,base_job,UNRESOLVED,False
backend/core/scheduler/jobs/notifications_job.py,20,config,UNRESOLVED,False
backend/core/scheduler/jobs/notifications_job.py,69,core,LOCAL_PROJECT,False
backend/core/scheduler/jobs/notifications_job.py,136,core,LOCAL_PROJECT,False
backend/core/scheduler/jobs/notifications_job.py,162,config,UNRESOLVED,False
backend/core/scheduler/jobs/sync_comercial_v2_job.py,35,os,STDLIB,False
backend/core/scheduler/jobs/sync_comercial_v2_job.py,36,uuid,STDLIB,False
backend/core/scheduler/jobs/sync_comercial_v2_job.py,37,logging,STDLIB,False
backend/core/scheduler/jobs/sync_comercial_v2_job.py,38,datetime,STDLIB,False
backend/core/scheduler/jobs/sync_comercial_v2_job.py,39,typing,STDLIB,False
backend/core/scheduler/jobs/sync_comercial_v2_job.py,66,core,LOCAL_PROJECT,False
backend/core/scheduler/jobs/sync_comercial_v2_job.py,111,modules,LOCAL_PROJECT,False
backend/core/scheduler/jobs/sync_comercial_v2_job.py,116,modules,LOCAL_PROJECT,False
backend/core/scheduler/jobs/sync_comercial_v2_job.py,362,asyncio,STDLIB,False
backend/core/scheduler/jobs/sync_short_comercial_job.py,23,logging,STDLIB,False
backend/core/scheduler/jobs/sync_short_comercial_job.py,24,datetime,STDLIB,False
backend/core/scheduler/jobs/sync_short_comercial_job.py,25,typing,STDLIB,False
backend/core/scheduler/jobs/sync_short_comercial_job.py,43,modules,LOCAL_PROJECT,False
backend/core/scheduler/jobs/sync_short_comercial_job.py,48,modules,LOCAL_PROJECT,False
backend/core/scheduler/jobs/sync_short_comercial_job.py,194,modules,LOCAL_PROJECT,False
backend/core/scheduler/jobs/sla_job.py,14,typing,STDLIB,False
backend/core/scheduler/jobs/sla_job.py,15,datetime,STDLIB,False
backend/core/scheduler/jobs/sla_job.py,16,logging,STDLIB,False
backend/core/scheduler/jobs/sla_job.py,18,base_job,UNRESOLVED,False
backend/core/scheduler/jobs/sla_job.py,19,config,UNRESOLVED,False
backend/core/scheduler/jobs/sla_job.py,42,modules,LOCAL_PROJECT,False
backend/core/scheduler/jobs/sla_job.py,86,config,UNRESOLVED,False
backend/core/scheduler/jobs/cava_socios_monthly_job.py,10,logging,STDLIB,False
backend/core/scheduler/jobs/cava_socios_monthly_job.py,11,typing,STDLIB,False
backend/core/scheduler/jobs/cava_socios_monthly_job.py,12,datetime,STDLIB,False
backend/core/scheduler/jobs/cava_socios_monthly_job.py,27,modules,LOCAL_PROJECT,False
backend/core/scheduler/jobs/cava_socios_monthly_job.py,28,modules,LOCAL_PROJECT,False
backend/core/scheduler/jobs/cava_socios_monthly_job.py,29,modules,LOCAL_PROJECT,False
backend/core/scheduler/jobs/sync_propinas_tpv_job.py,39,logging,STDLIB,False
backend/core/scheduler/jobs/sync_propinas_tpv_job.py,40,os,STDLIB,False
backend/core/scheduler/jobs/sync_propinas_tpv_job.py,41,datetime,STDLIB,False
backend/core/scheduler/jobs/sync_propinas_tpv_job.py,42,typing,STDLIB,False
backend/core/scheduler/jobs/sync_propinas_tpv_job.py,61,modules,LOCAL_PROJECT,False
backend/core/scheduler/jobs/sync_propinas_tpv_job.py,62,modules,LOCAL_PROJECT,False
backend/core/scheduler/jobs/sync_compras_job.py,27,os,STDLIB,False
backend/core/scheduler/jobs/sync_compras_job.py,28,uuid,STDLIB,False
backend/core/scheduler/jobs/sync_compras_job.py,29,logging,STDLIB,False
backend/core/scheduler/jobs/sync_compras_job.py,30,pymssql,EXTERNAL_DECLARED_NOT_INSTALLED,False
backend/core/scheduler/jobs/sync_compras_job.py,31,datetime,STDLIB,False
backend/core/scheduler/jobs/sync_compras_job.py,32,typing,STDLIB,False
backend/core/scheduler/jobs/sync_compras_job.py,33,zoneinfo,STDLIB,False
backend/core/scheduler/jobs/sync_compras_job.py,35,core,LOCAL_PROJECT,False
backend/core/scheduler/jobs/sync_compras_job.py,36,modules,LOCAL_PROJECT,False
backend/core/scheduler/jobs/sync_compras_job.py,58,core,LOCAL_PROJECT,False
backend/core/scheduler/jobs/sync_compras_job.py,59,core,LOCAL_PROJECT,False
backend/core/scheduler/jobs/sync_compras_job.py,79,datetime,STDLIB,False
backend/core/scheduler/jobs/sync_compras_job.py,191,core,LOCAL_PROJECT,False
backend/core/scheduler/jobs/sync_compras_job.py,537,asyncio,STDLIB,False
backend/core/scheduler/jobs/sync_nightly_comercial_job.py,25,logging,STDLIB,False
backend/core/scheduler/jobs/sync_nightly_comercial_job.py,26,datetime,STDLIB,False
backend/core/scheduler/jobs/sync_nightly_comercial_job.py,27,typing,STDLIB,False
backend/core/scheduler/jobs/sync_nightly_comercial_job.py,45,modules,LOCAL_PROJECT,False
backend/core/scheduler/jobs/sync_nightly_comercial_job.py,53,modules,LOCAL_PROJECT,False
backend/core/scheduler/jobs/sync_nightly_comercial_job.py,243,modules,LOCAL_PROJECT,False
backend/core/scheduler/jobs/netpay_sync_job.py,8,__future__,STDLIB,False
backend/core/scheduler/jobs/netpay_sync_job.py,10,asyncio,STDLIB,False
backend/core/scheduler/jobs/netpay_sync_job.py,11,os,STDLIB,False
backend/core/scheduler/jobs/netpay_sync_job.py,12,shlex,STDLIB,False
backend/core/scheduler/jobs/netpay_sync_job.py,13,sys,STDLIB,False
backend/core/scheduler/jobs/netpay_sync_job.py,14,datetime,STDLIB,False
backend/core/scheduler/jobs/netpay_sync_job.py,15,pathlib,STDLIB,False
backend/core/scheduler/jobs/netpay_sync_job.py,16,typing,STDLIB,False
backend/core/scheduler/jobs/inteligencia_comercial_sync_job.py,15,logging,STDLIB,False
backend/core/scheduler/jobs/inteligencia_comercial_sync_job.py,16,json,STDLIB,False
backend/core/scheduler/jobs/inteligencia_comercial_sync_job.py,17,typing,STDLIB,False
backend/core/scheduler/jobs/inteligencia_comercial_sync_job.py,18,datetime,STDLIB,False
backend/core/scheduler/jobs/inteligencia_comercial_sync_job.py,19,os,STDLIB,False
backend/core/scheduler/jobs/inteligencia_comercial_sync_job.py,20,core,LOCAL_PROJECT,False
backend/core/scheduler/jobs/inteligencia_comercial_sync_job.py,21,core,LOCAL_PROJECT,False
backend/core/scheduler/jobs/inteligencia_comercial_sync_job.py,24,core,LOCAL_PROJECT,False
backend/core/scheduler/jobs/inteligencia_comercial_sync_job.py,480,modules,LOCAL_PROJECT,False
backend/core/scheduler/jobs/inteligencia_comercial_sync_job.py,736,core,LOCAL_PROJECT,False
backend/core/scheduler/jobs/detect_nuevos_compras_job.py,25,os,STDLIB,False
backend/core/scheduler/jobs/detect_nuevos_compras_job.py,26,uuid,STDLIB,False
backend/core/scheduler/jobs/detect_nuevos_compras_job.py,27,logging,STDLIB,False
backend/core/scheduler/jobs/detect_nuevos_compras_job.py,28,pymssql,EXTERNAL_DECLARED_NOT_INSTALLED,False
backend/core/scheduler/jobs/detect_nuevos_compras_job.py,29,datetime,STDLIB,False
backend/core/scheduler/jobs/detect_nuevos_compras_job.py,30,typing,STDLIB,False
backend/core/scheduler/jobs/detect_nuevos_compras_job.py,31,zoneinfo,STDLIB,False
backend/core/scheduler/jobs/detect_nuevos_compras_job.py,33,modules,LOCAL_PROJECT,False
backend/core/scheduler/jobs/detect_nuevos_compras_job.py,49,core,LOCAL_PROJECT,False
backend/core/scheduler/jobs/detect_nuevos_compras_job.py,50,core,LOCAL_PROJECT,False
backend/core/scheduler/jobs/detect_nuevos_compras_job.py,67,datetime,STDLIB,False
backend/core/scheduler/jobs/detect_nuevos_compras_job.py,146,core,LOCAL_PROJECT,False
backend/core/scheduler/jobs/detect_nuevos_compras_job.py,203,core,LOCAL_PROJECT,False
backend/core/scheduler/jobs/detect_nuevos_compras_job.py,204,signal,STDLIB,False
backend/core/scheduler/jobs/detect_nuevos_compras_job.py,205,platform,STDLIB,False
backend/core/scheduler/jobs/detect_nuevos_compras_job.py,361,asyncio,STDLIB,False
backend/core/scheduler/jobs/crm_sync_job.py,14,logging,STDLIB,False
backend/core/scheduler/jobs/crm_sync_job.py,15,typing,STDLIB,False
backend/core/scheduler/jobs/crm_sync_job.py,16,datetime,STDLIB,False
backend/core/scheduler/jobs/crm_sync_job.py,17,os,STDLIB,False
backend/core/scheduler/jobs/crm_sync_job.py,18,pymssql,EXTERNAL_DECLARED_NOT_INSTALLED,False
backend/core/scheduler/jobs/crm_sync_job.py,19,core,LOCAL_PROJECT,False
backend/core/scheduler/jobs/crm_sync_job.py,20,core,LOCAL_PROJECT,False
backend/core/scheduler/jobs/crm_sync_job.py,91,modules,LOCAL_PROJECT,False
backend/core/scheduler/jobs/crm_sync_job.py,92,modules,LOCAL_PROJECT,False
backend/core/scheduler/jobs/crm_sync_job.py,174,modules,LOCAL_PROJECT,False
backend/core/scheduler/jobs/base_job.py,7,abc,STDLIB,False
backend/core/scheduler/jobs/base_job.py,8,typing,STDLIB,False
backend/core/scheduler/jobs/base_job.py,9,logging,STDLIB,False
backend/core/scheduler/jobs/base_job.py,10,traceback,STDLIB,False
backend/core/scheduler/jobs/base_job.py,12,locks,UNRESOLVED,False
backend/core/scheduler/jobs/base_job.py,13,job_logger,UNRESOLVED,False
backend/core/scheduler/jobs/base_job.py,14,config,UNRESOLVED,False
backend/core/scheduler/jobs/inventarios_detector_job.py,44,logging,STDLIB,False
backend/core/scheduler/jobs/inventarios_detector_job.py,45,datetime,STDLIB,False
backend/core/scheduler/jobs/inventarios_detector_job.py,46,typing,STDLIB,False
backend/core/scheduler/jobs/inventarios_detector_job.py,47,uuid,STDLIB,False
backend/core/scheduler/jobs/inventarios_detector_job.py,48,dataclasses,STDLIB,False
backend/core/scheduler/jobs/inventarios_detector_job.py,50,job_logger,UNRESOLVED,False
backend/core/scheduler/jobs/inventarios_detector_job.py,51,sql_repository,UNRESOLVED,False
backend/core/scheduler/jobs/inventarios_detector_job.py,83,core,LOCAL_PROJECT,False
backend/core/scheduler/jobs/inventarios_detector_job.py,148,core,LOCAL_PROJECT,False
backend/core/scheduler/jobs/inventarios_detector_job.py,268,traceback,STDLIB,False
backend/core/scheduler/jobs/inventarios_detector_job.py,380,modules,LOCAL_PROJECT,False
backend/core/scheduler/jobs/inventarios_detector_job.py,636,core,LOCAL_PROJECT,False
backend/core/scheduler/jobs/inventarios_detector_job.py,715,os,STDLIB,False
backend/core/scheduler/jobs/inventarios_detector_job.py,729,core,LOCAL_PROJECT,False
backend/core/scheduler/jobs/inventarios_detector_job.py,730,io,STDLIB,False
backend/core/scheduler/jobs/inventarios_detector_job.py,731,openpyxl,EXTERNAL_DECLARED_NOT_INSTALLED,False
backend/core/scheduler/jobs/inventarios_detector_job.py,829,modules,LOCAL_PROJECT,False
backend/core/scheduler/jobs/sync_ingresos_job.py,27,logging,STDLIB,False
backend/core/scheduler/jobs/sync_ingresos_job.py,28,os,STDLIB,False
backend/core/scheduler/jobs/sync_ingresos_job.py,29,datetime,STDLIB,False
backend/core/scheduler/jobs/sync_ingresos_job.py,30,typing,STDLIB,False
backend/core/scheduler/jobs/sync_ingresos_job.py,48,modules,LOCAL_PROJECT,False
backend/core/scheduler/jobs/sync_ingresos_job.py,49,modules,LOCAL_PROJECT,False
backend/core/scheduler/jobs/cxp_sync_job.py,13,asyncio,STDLIB,False
backend/core/scheduler/jobs/cxp_sync_job.py,14,hashlib,STDLIB,False
backend/core/scheduler/jobs/cxp_sync_job.py,15,logging,STDLIB,False
backend/core/scheduler/jobs/cxp_sync_job.py,16,time,STDLIB,False
backend/core/scheduler/jobs/cxp_sync_job.py,17,datetime,STDLIB,False
backend/core/scheduler/jobs/cxp_sync_job.py,19,core,LOCAL_PROJECT,False
backend/core/scheduler/jobs/cxp_sync_job.py,20,modules,LOCAL_PROJECT,False
backend/core/scheduler/jobs/cxp_sync_job.py,21,modules,LOCAL_PROJECT,False
backend/core/scheduler/jobs/cxp_sync_job.py,188,core,LOCAL_PROJECT,False
backend/core/scheduler/jobs/cxp_sync_job.py,197,core,LOCAL_PROJECT,False
backend/core/scheduler/jobs/sync_comercial_abiertas_v2_job.py,35,os,STDLIB,False
backend/core/scheduler/jobs/sync_comercial_abiertas_v2_job.py,36,uuid,STDLIB,False
backend/core/scheduler/jobs/sync_comercial_abiertas_v2_job.py,37,logging,STDLIB,False
backend/core/scheduler/jobs/sync_comercial_abiertas_v2_job.py,38,requests,EXTERNAL_DECLARED_NOT_INSTALLED,False
backend/core/scheduler/jobs/sync_comercial_abiertas_v2_job.py,39,pytz,EXTERNAL_DECLARED_NOT_INSTALLED,False
backend/core/scheduler/jobs/sync_comercial_abiertas_v2_job.py,40,datetime,STDLIB,False
backend/core/scheduler/jobs/sync_comercial_abiertas_v2_job.py,41,decimal,STDLIB,False
backend/core/scheduler/jobs/sync_comercial_abiertas_v2_job.py,42,typing,STDLIB,False
backend/core/scheduler/jobs/sync_comercial_abiertas_v2_job.py,45,core,LOCAL_PROJECT,False
backend/core/scheduler/jobs/sync_comercial_abiertas_v2_job.py,56,core,LOCAL_PROJECT,True
backend/core/scheduler/jobs/sync_comercial_abiertas_v2_job.py,121,core,LOCAL_PROJECT,False
backend/core/scheduler/jobs/sync_comercial_abiertas_v2_job.py,129,zoneinfo,STDLIB,False
backend/core/scheduler/jobs/sync_comercial_abiertas_v2_job.py,157,datetime,STDLIB,False
backend/core/scheduler/jobs/sync_comercial_abiertas_v2_job.py,158,zoneinfo,STDLIB,False
backend/core/scheduler/jobs/sync_comercial_abiertas_v2_job.py,308,zoneinfo,STDLIB,False
backend/core/scheduler/jobs/sync_comercial_abiertas_v2_job.py,388,core,LOCAL_PROJECT,False
backend/core/scheduler/jobs/sync_comercial_abiertas_v2_job.py,557,core,LOCAL_PROJECT,False
backend/core/scheduler/jobs/sync_comercial_abiertas_v2_job.py,739,modules,LOCAL_PROJECT,False
backend/core/scheduler/jobs/sync_comercial_abiertas_v2_job.py,744,modules,LOCAL_PROJECT,False
backend/core/scheduler/jobs/sync_comercial_abiertas_v2_job.py,752,modules,LOCAL_PROJECT,False
backend/core/scheduler/jobs/sync_comercial_abiertas_v2_job.py,1381,asyncio,STDLIB,False
backend/core/scheduler/locks/__init__.py,3,distributed_lock,UNRESOLVED,False
backend/core/scheduler/locks/__init__.py,10,sql_lock_repository,UNRESOLVED,False
backend/core/scheduler/locks/sql_lock_repository.py,13,__future__,STDLIB,False
backend/core/scheduler/locks/sql_lock_repository.py,15,typing,STDLIB,False
backend/core/scheduler/locks/sql_lock_repository.py,37,core,LOCAL_PROJECT,False
backend/core/scheduler/locks/distributed_lock.py,7,__future__,STDLIB,False
backend/core/scheduler/locks/distributed_lock.py,9,asyncio,STDLIB,False
backend/core/scheduler/locks/distributed_lock.py,10,logging,STDLIB,False
backend/core/scheduler/locks/distributed_lock.py,11,os,STDLIB,False
backend/core/scheduler/locks/distributed_lock.py,12,socket,STDLIB,False
backend/core/scheduler/locks/distributed_lock.py,13,uuid,STDLIB,False
backend/core/scheduler/locks/distributed_lock.py,14,typing,STDLIB,False
backend/core/scheduler/locks/distributed_lock.py,16,sql_lock_repository,UNRESOLVED,False
backend/core/sql_first/__init__.py,1,core,LOCAL_PROJECT,False
backend/core/sql_first/__init__.py,2,core,LOCAL_PROJECT,False
backend/core/sql_first/__init__.py,3,db,LOCAL_PROJECT,False
backend/core/sql_first/__init__.py,4,no_mongo,UNRESOLVED,False
backend/core/sql_first/no_mongo.py,1,core,LOCAL_PROJECT,False
backend/core/sql_first/no_mongo.py,2,core,LOCAL_PROJECT,False
backend/core/sql_first/db.py,1,contextlib,STDLIB,False
backend/core/sql_first/db.py,2,core,LOCAL_PROJECT,False
backend/core/sql_first/db.py,35,core,LOCAL_PROJECT,False
backend/core/sql_first/db.py,38,core,LOCAL_PROJECT,False
backend/core/sql_first/connection_factory.py,1,core,LOCAL_PROJECT,False
backend/core/sql_first/connection_factory.py,14,pymssql,EXTERNAL_DECLARED_NOT_INSTALLED,False
backend/core/sql_first/connection_factory.py,45,pyodbc,EXTERNAL_DECLARED_NOT_INSTALLED,True
backend/core/sql_first/connection_factory.py,153,pymssql,EXTERNAL_DECLARED_NOT_INSTALLED,False
backend/core/sql_first/connection_factory.py,167,pyodbc,EXTERNAL_DECLARED_NOT_INSTALLED,False
backend/core/corporate_filters/service.py,25,core,LOCAL_PROJECT,False
backend/core/corporate_filters/service.py,26,typing,STDLIB,False
backend/core/corporate_filters/__init__.py,1,service,UNRESOLVED,False
backend/core/corporate_filters/request_resolver.py,26,dataclasses,STDLIB,False
backend/core/corporate_filters/request_resolver.py,27,typing,STDLIB,False
backend/core/corporate_filters/request_resolver.py,28,logging,STDLIB,False
backend/core/corporate_filters/request_resolver.py,30,core,LOCAL_PROJECT,False
backend/core/corporate_filters/request_resolver.py,31,core,LOCAL_PROJECT,False
backend/core/corporate_filters/request_resolver.py,34,core,LOCAL_PROJECT,False
backend/core/corporate_filters/request_resolver.py,37,core,LOCAL_PROJECT,False
backend/core/corporate_filters/request_resolver.py,115,core,LOCAL_PROJECT,False
backend/core/confidencialidad/__init__.py,10,core,LOCAL_PROJECT,False
backend/core/confidencialidad/anonymizer.py,16,__future__,STDLIB,False
backend/core/confidencialidad/anonymizer.py,18,hashlib,STDLIB,False
backend/core/confidencialidad/anonymizer.py,19,logging,STDLIB,False
backend/core/confidencialidad/anonymizer.py,20,dataclasses,STDLIB,False
backend/core/confidencialidad/anonymizer.py,21,enum,STDLIB,False
backend/core/confidencialidad/anonymizer.py,22,typing,STDLIB,False
backend/core/confidencialidad/anonymizer.py,24,core,LOCAL_PROJECT,False
backend/core/communications/__init__.py,1,core,LOCAL_PROJECT,False
backend/core/communications/__init__.py,2,core,LOCAL_PROJECT,False
backend/core/communications/__init__.py,18,notifications,UNRESOLVED,False
backend/core/communications/__init__.py,31,notifications,UNRESOLVED,False
backend/core/communications/__init__.py,32,providers,UNRESOLVED,False
backend/core/communications/__init__.py,33,providers,UNRESOLVED,False
backend/core/communications/__init__.py,34,providers,UNRESOLVED,False
backend/core/communications/__init__.py,35,dispatcher,UNRESOLVED,False
backend/core/communications/__init__.py,36,audit,UNRESOLVED,False
backend/core/communications/routes.py,1,core,LOCAL_PROJECT,False
backend/core/communications/routes.py,2,core,LOCAL_PROJECT,False
backend/core/communications/routes.py,25,typing,STDLIB,False
backend/core/communications/routes.py,26,datetime,STDLIB,False
backend/core/communications/routes.py,27,fastapi,EXTERNAL_DECLARED_NOT_INSTALLED,False
backend/core/communications/routes.py,28,pydantic,EXTERNAL_DECLARED_NOT_INSTALLED,False
backend/core/communications/routes.py,30,logging,STDLIB,False
backend/core/communications/routes.py,33,core,LOCAL_PROJECT,False
backend/core/communications/routes.py,150,core,LOCAL_PROJECT,False
backend/core/communications/routes.py,164,core,LOCAL_PROJECT,False
backend/core/communications/routes.py,180,core,LOCAL_PROJECT,False
backend/core/communications/routes.py,181,core,LOCAL_PROJECT,False
backend/core/communications/routes.py,218,core,LOCAL_PROJECT,False
backend/core/communications/routes.py,244,core,LOCAL_PROJECT,False
backend/core/communications/routes.py,258,core,LOCAL_PROJECT,False
backend/core/communications/routes.py,274,core,LOCAL_PROJECT,False
backend/core/communications/routes.py,275,core,LOCAL_PROJECT,False
backend/core/communications/routes.py,308,core,LOCAL_PROJECT,False
backend/core/communications/routes.py,341,core,LOCAL_PROJECT,False
backend/core/communications/routes.py,368,core,LOCAL_PROJECT,False
backend/core/communications/routes.py,384,core,LOCAL_PROJECT,False
backend/core/communications/routes.py,405,core,LOCAL_PROJECT,False
backend/core/communications/routes.py,406,core,LOCAL_PROJECT,False
backend/core/communications/routes.py,456,core,LOCAL_PROJECT,False
backend/core/communications/routes.py,479,core,LOCAL_PROJECT,False
backend/core/communications/routes.py,499,core,LOCAL_PROJECT,False
backend/core/communications/routes.py,516,core,LOCAL_PROJECT,False
backend/core/communications/routes.py,546,core,LOCAL_PROJECT,False
backend/core/communications/routes.py,579,core,LOCAL_PROJECT,False
backend/core/communications/routes.py,580,core,LOCAL_PROJECT,False
backend/core/communications/routes.py,677,core,LOCAL_PROJECT,False
backend/core/communications/routes.py,720,core,LOCAL_PROJECT,False
backend/core/communications/dispatcher/__init__.py,1,core,LOCAL_PROJECT,False
backend/core/communications/dispatcher/__init__.py,2,core,LOCAL_PROJECT,False
backend/core/communications/dispatcher/__init__.py,6,dispatcher,UNRESOLVED,False
backend/core/communications/dispatcher/dispatcher.py,1,core,LOCAL_PROJECT,False
backend/core/communications/dispatcher/dispatcher.py,2,core,LOCAL_PROJECT,False
backend/core/communications/dispatcher/dispatcher.py,15,typing,STDLIB,False
backend/core/communications/dispatcher/dispatcher.py,16,datetime,STDLIB,False
backend/core/communications/dispatcher/dispatcher.py,17,logging,STDLIB,False
backend/core/communications/dispatcher/dispatcher.py,18,uuid,STDLIB,False
backend/core/communications/dispatcher/dispatcher.py,20,notifications,UNRESOLVED,False
backend/core/communications/dispatcher/dispatcher.py,27,notifications,UNRESOLVED,False
backend/core/communications/dispatcher/dispatcher.py,28,notifications,UNRESOLVED,False
backend/core/communications/dispatcher/dispatcher.py,29,templates,UNRESOLVED,False
backend/core/communications/dispatcher/dispatcher.py,30,providers,UNRESOLVED,False
backend/core/communications/dispatcher/dispatcher.py,31,providers,UNRESOLVED,False
backend/core/communications/dispatcher/dispatcher.py,32,providers,UNRESOLVED,False
backend/core/communications/dispatcher/dispatcher.py,65,core,LOCAL_PROJECT,True
backend/core/communications/notifications/service.py,1,core,LOCAL_PROJECT,False
backend/core/communications/notifications/service.py,2,core,LOCAL_PROJECT,False
backend/core/communications/notifications/service.py,19,typing,STDLIB,False
backend/core/communications/notifications/service.py,20,logging,STDLIB,False
backend/core/communications/notifications/service.py,22,schemas,UNRESOLVED,False
backend/core/communications/notifications/service.py,28,repository,UNRESOLVED,False
backend/core/communications/notifications/service.py,29,dedup,UNRESOLVED,False
backend/core/communications/notifications/service.py,30,templates,UNRESOLVED,False
backend/core/communications/notifications/service.py,31,dispatcher,UNRESOLVED,False
backend/core/communications/notifications/service.py,63,core,LOCAL_PROJECT,True
backend/core/communications/notifications/service.py,243,modules,LOCAL_PROJECT,False
backend/core/communications/notifications/service.py,253,modules,LOCAL_PROJECT,False
backend/core/communications/notifications/__init__.py,1,core,LOCAL_PROJECT,False
backend/core/communications/notifications/__init__.py,2,core,LOCAL_PROJECT,False
backend/core/communications/notifications/__init__.py,6,schemas,UNRESOLVED,False
backend/core/communications/notifications/__init__.py,18,service,UNRESOLVED,False
backend/core/communications/notifications/__init__.py,19,repository,UNRESOLVED,False
backend/core/communications/notifications/__init__.py,20,dedup,UNRESOLVED,False
backend/core/communications/notifications/dedup.py,1,core,LOCAL_PROJECT,False
backend/core/communications/notifications/dedup.py,2,core,LOCAL_PROJECT,False
backend/core/communications/notifications/dedup.py,14,typing,STDLIB,False
backend/core/communications/notifications/dedup.py,15,datetime,STDLIB,False
backend/core/communications/notifications/dedup.py,16,logging,STDLIB,False
backend/core/communications/notifications/dedup.py,17,hashlib,STDLIB,False
backend/core/communications/notifications/dedup.py,115,modules,LOCAL_PROJECT,False
backend/core/communications/notifications/dedup.py,197,modules,LOCAL_PROJECT,False
backend/core/communications/notifications/repository.py,9,typing,STDLIB,False
backend/core/communications/notifications/repository.py,10,datetime,STDLIB,False
backend/core/communications/notifications/repository.py,11,json,STDLIB,False
backend/core/communications/notifications/repository.py,12,uuid,STDLIB,False
backend/core/communications/notifications/repository.py,20,modules,LOCAL_PROJECT,False
backend/core/communications/notifications/schemas.py,1,core,LOCAL_PROJECT,False
backend/core/communications/notifications/schemas.py,2,core,LOCAL_PROJECT,False
backend/core/communications/notifications/schemas.py,16,typing,STDLIB,False
backend/core/communications/notifications/schemas.py,17,datetime,STDLIB,False
backend/core/communications/notifications/schemas.py,18,enum,STDLIB,False
backend/core/communications/notifications/schemas.py,19,pydantic,EXTERNAL_DECLARED_NOT_INSTALLED,False
backend/core/communications/notifications/schemas.py,20,uuid,STDLIB,False
backend/core/communications/templates/template_service.py,1,core,LOCAL_PROJECT,False
backend/core/communications/templates/template_service.py,2,core,LOCAL_PROJECT,False
backend/core/communications/templates/template_service.py,14,typing,STDLIB,False
backend/core/communications/templates/template_service.py,15,datetime,STDLIB,False
backend/core/communications/templates/template_service.py,16,logging,STDLIB,False
backend/core/communications/templates/template_service.py,17,re,STDLIB,False
backend/core/communications/templates/__init__.py,1,core,LOCAL_PROJECT,False
backend/core/communications/templates/__init__.py,2,core,LOCAL_PROJECT,False
backend/core/communications/templates/__init__.py,6,template_service,UNRESOLVED,False
backend/core/communications/audit/__init__.py,1,core,LOCAL_PROJECT,False
backend/core/communications/audit/__init__.py,2,core,LOCAL_PROJECT,False
backend/core/communications/audit/__init__.py,6,audit_service,UNRESOLVED,False
backend/core/communications/audit/audit_service.py,1,core,LOCAL_PROJECT,False
backend/core/communications/audit/audit_service.py,2,core,LOCAL_PROJECT,False
backend/core/communications/audit/audit_service.py,14,typing,STDLIB,False
backend/core/communications/audit/audit_service.py,15,datetime,STDLIB,False
backend/core/communications/audit/audit_service.py,16,logging,STDLIB,False
backend/core/communications/audit/audit_service.py,18,notifications,UNRESOLVED,False
backend/core/communications/audit/audit_service.py,41,core,LOCAL_PROJECT,True
backend/core/communications/audit/audit_service.py,185,modules,LOCAL_PROJECT,False
backend/core/communications/providers/__init__.py,1,core,LOCAL_PROJECT,False
backend/core/communications/providers/__init__.py,2,core,LOCAL_PROJECT,False
backend/core/communications/providers/__init__.py,6,base,UNRESOLVED,False
backend/core/communications/providers/__init__.py,7,mock_provider,UNRESOLVED,False
backend/core/communications/providers/__init__.py,8,whatsapp_provider,UNRESOLVED,False
backend/core/communications/providers/__init__.py,9,twilio_provider,UNRESOLVED,False
backend/core/communications/providers/__init__.py,10,email_smtp_provider,UNRESOLVED,False
backend/core/communications/providers/twilio_provider.py,1,core,LOCAL_PROJECT,False
backend/core/communications/providers/twilio_provider.py,2,core,LOCAL_PROJECT,False
backend/core/communications/providers/twilio_provider.py,21,typing,STDLIB,False
backend/core/communications/providers/twilio_provider.py,22,logging,STDLIB,False
backend/core/communications/providers/twilio_provider.py,23,os,STDLIB,False
backend/core/communications/providers/twilio_provider.py,24,re,STDLIB,False
backend/core/communications/providers/twilio_provider.py,26,base,UNRESOLVED,False
backend/core/communications/providers/twilio_provider.py,115,twilio,EXTERNAL_DECLARED_NOT_INSTALLED,True
backend/core/communications/providers/base.py,1,core,LOCAL_PROJECT,False
backend/core/communications/providers/base.py,2,core,LOCAL_PROJECT,False
backend/core/communications/providers/base.py,11,abc,STDLIB,False
backend/core/communications/providers/base.py,12,typing,STDLIB,False
backend/core/communications/providers/base.py,13,dataclasses,STDLIB,False
backend/core/communications/providers/base.py,14,datetime,STDLIB,False
backend/core/communications/providers/base.py,15,logging,STDLIB,False
backend/core/communications/providers/mock_provider.py,1,core,LOCAL_PROJECT,False
backend/core/communications/providers/mock_provider.py,2,core,LOCAL_PROJECT,False
backend/core/communications/providers/mock_provider.py,12,typing,STDLIB,False
backend/core/communications/providers/mock_provider.py,13,datetime,STDLIB,False
backend/core/communications/providers/mock_provider.py,14,logging,STDLIB,False
backend/core/communications/providers/mock_provider.py,15,uuid,STDLIB,False
backend/core/communications/providers/mock_provider.py,16,re,STDLIB,False
backend/core/communications/providers/mock_provider.py,18,base,UNRESOLVED,False
backend/core/communications/providers/whatsapp_provider.py,1,core,LOCAL_PROJECT,False
backend/core/communications/providers/whatsapp_provider.py,2,core,LOCAL_PROJECT,False
backend/core/communications/providers/whatsapp_provider.py,16,typing,STDLIB,False
backend/core/communications/providers/whatsapp_provider.py,17,logging,STDLIB,False
backend/core/communications/providers/whatsapp_provider.py,18,os,STDLIB,False
backend/core/communications/providers/whatsapp_provider.py,19,re,STDLIB,False
backend/core/communications/providers/whatsapp_provider.py,20,httpx,EXTERNAL_DECLARED_NOT_INSTALLED,False
backend/core/communications/providers/whatsapp_provider.py,22,base,UNRESOLVED,False
backend/core/communications/providers/email_smtp_provider.py,1,core,LOCAL_PROJECT,False
backend/core/communications/providers/email_smtp_provider.py,2,core,LOCAL_PROJECT,False
backend/core/communications/providers/email_smtp_provider.py,20,os,STDLIB,False
backend/core/communications/providers/email_smtp_provider.py,21,smtplib,STDLIB,False
backend/core/communications/providers/email_smtp_provider.py,22,logging,STDLIB,False
backend/core/communications/providers/email_smtp_provider.py,23,email,STDLIB,False
backend/core/communications/providers/email_smtp_provider.py,24,email,STDLIB,False
backend/core/communications/providers/email_smtp_provider.py,25,typing,STDLIB,False
backend/core/communications/providers/email_smtp_provider.py,26,datetime,STDLIB,False
backend/core/communications/providers/email_smtp_provider.py,28,base,UNRESOLVED,False
backend/core/communications/providers/email_smtp_provider.py,337,re,STDLIB,False
backend/core/communications/scripts/__init__.py,1,core,LOCAL_PROJECT,False
backend/core/communications/scripts/__init__.py,2,core,LOCAL_PROJECT,False
backend/core/communications/scripts/__init__.py,21,asyncio,STDLIB,False
backend/core/communications/scripts/__init__.py,22,logging,STDLIB,False
backend/core/communications/scripts/__init__.py,23,datetime,STDLIB,False
backend/core/communications/scripts/__init__.py,24,os,STDLIB,False
backend/core/connections/__init__.py,3,pos_connection_resolver,UNRESOLVED,False
backend/core/connections/rbac_explicit_permission_repository.py,8,__future__,STDLIB,False
backend/core/connections/rbac_explicit_permission_repository.py,10,collections,STDLIB,False
backend/core/connections/rbac_explicit_permission_repository.py,11,typing,STDLIB,False
backend/core/connections/rbac_explicit_permission_repository.py,13,core,LOCAL_PROJECT,False
backend/core/connections/pos_connection_readonly_service.py,8,__future__,STDLIB,False
backend/core/connections/pos_connection_readonly_service.py,10,collections,STDLIB,False
backend/core/connections/pos_connection_readonly_service.py,11,inspect,STDLIB,False
backend/core/connections/pos_connection_readonly_service.py,12,typing,STDLIB,False
backend/core/connections/pos_connection_readonly_service.py,14,core,LOCAL_PROJECT,False
backend/core/connections/pos_connection_readonly_service.py,17,core,LOCAL_PROJECT,False
backend/core/connections/pos_connection_readonly_service.py,20,core,LOCAL_PROJECT,False
backend/core/connections/edarsahub_writer_connection.py,1,__future__,STDLIB,False
backend/core/connections/edarsahub_writer_connection.py,3,dataclasses,STDLIB,False
backend/core/connections/edarsahub_writer_connection.py,5,core,LOCAL_PROJECT,False
backend/core/connections/edarsahub_writer_connection.py,9,core,LOCAL_PROJECT,False
backend/core/connections/hrlectura_connection_factory.py,8,__future__,STDLIB,False
backend/core/connections/hrlectura_connection_factory.py,10,collections,STDLIB,False
backend/core/connections/hrlectura_connection_factory.py,11,typing,STDLIB,False
backend/core/connections/hrlectura_connection_factory.py,48,core,LOCAL_PROJECT,False
backend/core/connections/hrlectura_connection_factory.py,54,core,LOCAL_PROJECT,False
backend/core/connections/edarsahub_readonly_repository.py,8,__future__,STDLIB,False
backend/core/connections/edarsahub_readonly_repository.py,10,collections,STDLIB,False
backend/core/connections/edarsahub_readonly_repository.py,11,typing,STDLIB,False
backend/core/connections/pos_connection_resolver.py,17,__future__,STDLIB,False
backend/core/connections/pos_connection_resolver.py,19,inspect,STDLIB,False
backend/core/connections/pos_connection_resolver.py,20,typing,STDLIB,False
backend/core/centro_control/email_notifications.py,1,core,LOCAL_PROJECT,False
backend/core/centro_control/email_notifications.py,2,core,LOCAL_PROJECT,False
backend/core/centro_control/email_notifications.py,25,os,STDLIB,False
backend/core/centro_control/email_notifications.py,26,ssl,STDLIB,False
backend/core/centro_control/email_notifications.py,27,logging,STDLIB,False
backend/core/centro_control/email_notifications.py,28,smtplib,STDLIB,False
backend/core/centro_control/email_notifications.py,29,asyncio,STDLIB,False
backend/core/centro_control/email_notifications.py,30,email,STDLIB,False
backend/core/centro_control/email_notifications.py,31,email,STDLIB,False
backend/core/centro_control/email_notifications.py,32,email,STDLIB,False
backend/core/centro_control/email_notifications.py,33,datetime,STDLIB,False
backend/core/centro_control/email_notifications.py,34,typing,STDLIB,False
backend/core/centro_control/email_notifications.py,35,concurrent,STDLIB,False
backend/core/centro_control/email_notifications.py,63,core,LOCAL_PROJECT,False
backend/core/centro_control/__init__.py,1,core,LOCAL_PROJECT,False
backend/core/centro_control/__init__.py,2,core,LOCAL_PROJECT,False
backend/core/centro_control/__init__.py,25,routes,LOCAL_PROJECT,False
backend/core/centro_control/__init__.py,26,alerts,UNRESOLVED,False
backend/core/centro_control/recipients_manager.py,1,core,LOCAL_PROJECT,False
backend/core/centro_control/recipients_manager.py,2,core,LOCAL_PROJECT,False
backend/core/centro_control/recipients_manager.py,22,os,STDLIB,False
backend/core/centro_control/recipients_manager.py,23,json,STDLIB,False
backend/core/centro_control/recipients_manager.py,24,uuid,STDLIB,False
backend/core/centro_control/recipients_manager.py,25,logging,STDLIB,False
backend/core/centro_control/recipients_manager.py,26,datetime,STDLIB,False
backend/core/centro_control/recipients_manager.py,27,typing,STDLIB,False
backend/core/centro_control/recipients_manager.py,29,core,LOCAL_PROJECT,False
backend/core/centro_control/alerts.py,1,core,LOCAL_PROJECT,False
backend/core/centro_control/alerts.py,2,core,LOCAL_PROJECT,False
backend/core/centro_control/alerts.py,24,logging,STDLIB,False
backend/core/centro_control/alerts.py,25,datetime,STDLIB,False
backend/core/centro_control/alerts.py,26,typing,STDLIB,False
backend/core/centro_control/alerts.py,27,dataclasses,STDLIB,False
backend/core/centro_control/alerts.py,28,enum,STDLIB,False
backend/core/centro_control/alerts.py,221,datetime,STDLIB,False
backend/core/centro_control/websocket.py,1,core,LOCAL_PROJECT,False
backend/core/centro_control/websocket.py,2,core,LOCAL_PROJECT,False
backend/core/centro_control/websocket.py,23,logging,STDLIB,False
backend/core/centro_control/websocket.py,24,json,STDLIB,False
backend/core/centro_control/websocket.py,25,asyncio,STDLIB,False
backend/core/centro_control/websocket.py,26,datetime,STDLIB,False
backend/core/centro_control/websocket.py,27,typing,STDLIB,False
backend/core/centro_control/websocket.py,28,fastapi,EXTERNAL_DECLARED_NOT_INSTALLED,False
backend/core/centro_control/websocket.py,29,dataclasses,STDLIB,False
backend/core/centro_control/whatsapp_notifications.py,1,core,LOCAL_PROJECT,False
backend/core/centro_control/whatsapp_notifications.py,2,core,LOCAL_PROJECT,False
backend/core/centro_control/whatsapp_notifications.py,27,os,STDLIB,False
backend/core/centro_control/whatsapp_notifications.py,28,logging,STDLIB,False
backend/core/centro_control/whatsapp_notifications.py,29,asyncio,STDLIB,False
backend/core/centro_control/whatsapp_notifications.py,30,datetime,STDLIB,False
backend/core/centro_control/whatsapp_notifications.py,31,typing,STDLIB,False
backend/core/centro_control/whatsapp_notifications.py,32,concurrent,STDLIB,False
backend/core/centro_control/whatsapp_notifications.py,33,twilio,EXTERNAL_DECLARED_NOT_INSTALLED,False
backend/core/centro_control/whatsapp_notifications.py,34,twilio,EXTERNAL_DECLARED_NOT_INSTALLED,False
backend/core/centro_control/whatsapp_notifications.py,71,core,LOCAL_PROJECT,False
backend/core/centro_control/routes.py,1,core,LOCAL_PROJECT,False
backend/core/centro_control/routes.py,2,core,LOCAL_PROJECT,False
backend/core/centro_control/routes.py,3,core,LOCAL_PROJECT,False
backend/core/centro_control/routes.py,43,logging,STDLIB,False
backend/core/centro_control/routes.py,44,os,STDLIB,False
backend/core/centro_control/routes.py,45,json,STDLIB,False
backend/core/centro_control/routes.py,46,uuid,STDLIB,False
backend/core/centro_control/routes.py,47,asyncio,STDLIB,False
backend/core/centro_control/routes.py,48,subprocess,STDLIB,False
backend/core/centro_control/routes.py,49,re,STDLIB,False
backend/core/centro_control/routes.py,50,datetime,STDLIB,False
backend/core/centro_control/routes.py,51,typing,STDLIB,False
backend/core/centro_control/routes.py,52,fastapi,EXTERNAL_DECLARED_NOT_INSTALLED,False
backend/core/centro_control/routes.py,53,pydantic,EXTERNAL_DECLARED_NOT_INSTALLED,False
backend/core/centro_control/routes.py,55,core,LOCAL_PROJECT,False
backend/core/centro_control/routes.py,56,core,LOCAL_PROJECT,False
backend/core/centro_control/routes.py,62,core,LOCAL_PROJECT,False
backend/core/centro_control/routes.py,69,core,LOCAL_PROJECT,False
backend/core/centro_control/routes.py,70,core,LOCAL_PROJECT,False
backend/core/centro_control/routes.py,76,core,LOCAL_PROJECT,False
backend/core/centro_control/routes.py,82,core,LOCAL_PROJECT,False
backend/core/centro_control/routes.py,364,asyncio,STDLIB,False
backend/core/centro_control/routes.py,750,core,LOCAL_PROJECT,False
backend/core/centro_control/routes.py,818,core,LOCAL_PROJECT,False
backend/core/centro_control/routes.py,881,core,LOCAL_PROJECT,True
backend/core/centro_control/routes.py,1423,json,STDLIB,False
backend/core/inventarios/canonizacion_productos_service.py,20,__future__,STDLIB,False
backend/core/inventarios/canonizacion_productos_service.py,22,logging,STDLIB,False
backend/core/inventarios/canonizacion_productos_service.py,23,dataclasses,STDLIB,False
backend/core/inventarios/canonizacion_productos_service.py,24,typing,STDLIB,False
backend/core/inventarios/canonizacion_productos_service.py,26,core,LOCAL_PROJECT,False
backend/core/inventarios/canonizacion_productos_service.py,27,core,LOCAL_PROJECT,False
backend/core/inventarios/resolver_canonico.py,25,__future__,STDLIB,False
backend/core/inventarios/resolver_canonico.py,27,logging,STDLIB,False
backend/core/inventarios/resolver_canonico.py,28,dataclasses,STDLIB,False
backend/core/inventarios/resolver_canonico.py,29,typing,STDLIB,False
backend/core/inventarios/resolver_canonico.py,31,core,LOCAL_PROJECT,False
backend/core/inventarios/resolver_canonico.py,32,core,LOCAL_PROJECT,False
backend/core/inventarios/sync_movimientos_canonico.py,20,__future__,STDLIB,False
backend/core/inventarios/sync_movimientos_canonico.py,22,logging,STDLIB,False
backend/core/inventarios/sync_movimientos_canonico.py,23,typing,STDLIB,False
backend/core/inventarios/sync_movimientos_canonico.py,25,modules,LOCAL_PROJECT,False
backend/core/inventarios/sync_movimientos_canonico.py,26,core,LOCAL_PROJECT,False
backend/core/inventarios/sync_movimientos_canonico.py,127,core,LOCAL_PROJECT,False
backend/core/access_context/sql_context.py,1,core,LOCAL_PROJECT,False
backend/core/auth/user_repository_sql.py,1,core,LOCAL_PROJECT,False
backend/core/auth/user_repository_sql.py,2,core,LOCAL_PROJECT,False
backend/core/auth/user_repository_sql.py,24,os,STDLIB,False
backend/core/auth/user_repository_sql.py,25,pymssql,EXTERNAL_DECLARED_NOT_INSTALLED,False
backend/core/auth/user_repository_sql.py,26,typing,STDLIB,False
backend/core/auth/user_repository_sql.py,27,datetime,STDLIB,False
backend/core/auth/user_repository_sql.py,28,core,LOCAL_PROJECT,False
backend/core/auth/user_repository_sql.py,435,uuid,STDLIB,False
backend/core/auth/user_repository_sql.py,436,logging,STDLIB,False
backend/core/auth/user_repository_sql.py,569,logging,STDLIB,False
backend/core/auth/user_repository_sql.py,698,logging,STDLIB,False
backend/core/auth/sql_user_identity.py,1,typing,STDLIB,False
backend/core/auth/sql_user_identity.py,2,core,LOCAL_PROJECT,False
backend/core/utils/__init__.py,1,core,LOCAL_PROJECT,False
backend/core/utils/__init__.py,2,core,LOCAL_PROJECT,False
backend/core/utils/__init__.py,9,core,LOCAL_PROJECT,False
backend/core/utils/date_filters.py,1,core,LOCAL_PROJECT,False
backend/core/utils/date_filters.py,2,core,LOCAL_PROJECT,False
backend/core/utils/date_filters.py,17,datetime,STDLIB,False
backend/core/utils/date_filters.py,18,typing,STDLIB,False
backend/core/utils/date_filters.py,19,calendar,STDLIB,False
backend/core/utils/date_filters.py,20,logging,STDLIB,False
backend/core/utils/operational_window.py,1,os,STDLIB,False
backend/core/utils/operational_window.py,2,core,LOCAL_PROJECT,False
backend/core/utils/operational_window.py,3,core,LOCAL_PROJECT,False
backend/core/utils/operational_window.py,34,logging,STDLIB,False
backend/core/utils/operational_window.py,35,datetime,STDLIB,False
backend/core/utils/operational_window.py,36,typing,STDLIB,False
backend/core/utils/operational_window.py,37,zoneinfo,STDLIB,False
backend/core/utils/operational_window.py,38,dataclasses,STDLIB,False
backend/core/utils/operational_window.py,39,core,LOCAL_PROJECT,False
backend/core/rbac/service.py,1,core,LOCAL_PROJECT,False
backend/core/rbac/service.py,2,core,LOCAL_PROJECT,False
backend/core/rbac/service.py,14,typing,STDLIB,False
backend/core/rbac/service.py,15,logging,STDLIB,False
backend/core/rbac/service.py,17,repository,UNRESOLVED,False
backend/core/rbac/service.py,18,schemas,UNRESOLVED,False
backend/core/rbac/__init__.py,1,core,LOCAL_PROJECT,False
backend/core/rbac/__init__.py,2,core,LOCAL_PROJECT,False
backend/core/rbac/__init__.py,28,schemas,UNRESOLVED,False
backend/core/rbac/__init__.py,40,service,UNRESOLVED,False
backend/core/rbac/__init__.py,47,middleware,UNRESOLVED,False
backend/core/rbac/repository_sql.py,1,core,LOCAL_PROJECT,False
backend/core/rbac/repository_sql.py,2,core,LOCAL_PROJECT,False
backend/core/rbac/repository_sql.py,21,typing,STDLIB,False
backend/core/rbac/repository_sql.py,22,datetime,STDLIB,False
backend/core/rbac/repository_sql.py,23,uuid,STDLIB,False
backend/core/rbac/repository_sql.py,24,logging,STDLIB,False
backend/core/rbac/repository_sql.py,25,os,STDLIB,False
backend/core/rbac/repository_sql.py,26,json,STDLIB,False
backend/core/rbac/repository_sql.py,27,pymssql,EXTERNAL_DECLARED_NOT_INSTALLED,False
backend/core/rbac/repository_sql.py,28,core,LOCAL_PROJECT,False
backend/core/rbac/repository.py,1,core,LOCAL_PROJECT,False
backend/core/rbac/repository.py,2,core,LOCAL_PROJECT,False
backend/core/rbac/repository.py,24,typing,STDLIB,False
backend/core/rbac/repository.py,25,datetime,STDLIB,False
backend/core/rbac/repository.py,26,uuid,STDLIB,False
backend/core/rbac/repository.py,27,logging,STDLIB,False
backend/core/rbac/repository.py,29,repository_sql,UNRESOLVED,False
backend/core/rbac/routes.py,1,core,LOCAL_PROJECT,False
backend/core/rbac/routes.py,2,core,LOCAL_PROJECT,False
backend/core/rbac/routes.py,26,typing,STDLIB,False
backend/core/rbac/routes.py,27,fastapi,EXTERNAL_DECLARED_NOT_INSTALLED,False
backend/core/rbac/routes.py,28,logging,STDLIB,False
backend/core/rbac/routes.py,29,os,STDLIB,False
backend/core/rbac/routes.py,31,core,LOCAL_PROJECT,False
backend/core/rbac/routes.py,32,fastapi,EXTERNAL_DECLARED_NOT_INSTALLED,False
backend/core/rbac/routes.py,34,service,UNRESOLVED,False
backend/core/rbac/routes.py,35,schemas,UNRESOLVED,False
backend/core/rbac/routes.py,40,middleware,UNRESOLVED,False
backend/core/rbac/middleware.py,1,core,LOCAL_PROJECT,False
backend/core/rbac/middleware.py,2,core,LOCAL_PROJECT,False
backend/core/rbac/middleware.py,20,typing,STDLIB,False
backend/core/rbac/middleware.py,21,functools,STDLIB,False
backend/core/rbac/middleware.py,22,logging,STDLIB,False
backend/core/rbac/middleware.py,24,fastapi,EXTERNAL_DECLARED_NOT_INSTALLED,False
backend/core/rbac/middleware.py,25,fastapi,EXTERNAL_DECLARED_NOT_INSTALLED,False
backend/core/rbac/middleware.py,27,core,LOCAL_PROJECT,False
backend/core/rbac/middleware.py,28,service,UNRESOLVED,False
backend/core/rbac/middleware.py,29,core,LOCAL_PROJECT,False
backend/core/rbac/middleware.py,294,core,LOCAL_PROJECT,False
backend/core/rbac/schemas.py,1,core,LOCAL_PROJECT,False
backend/core/rbac/schemas.py,2,core,LOCAL_PROJECT,False
backend/core/rbac/schemas.py,15,typing,STDLIB,False
backend/core/rbac/schemas.py,16,datetime,STDLIB,False
backend/core/rbac/schemas.py,17,enum,STDLIB,False
backend/core/rbac/schemas.py,18,pydantic,EXTERNAL_DECLARED_NOT_INSTALLED,False
backend/core/rbac/schemas.py,19,uuid,STDLIB,False
backend/core/kpis_canonicos/service.py,12,logging,STDLIB,False
backend/core/kpis_canonicos/service.py,13,threading,STDLIB,False
backend/core/kpis_canonicos/service.py,14,typing,STDLIB,False
backend/core/kpis_canonicos/service.py,16,core,LOCAL_PROJECT,False
backend/core/kpis_canonicos/service.py,17,core,LOCAL_PROJECT,False
backend/core/kpis_canonicos/service.py,18,core,LOCAL_PROJECT,False
backend/core/kpis_canonicos/__init__.py,21,core,LOCAL_PROJECT,False
backend/core/guards/server_secret_guard.py,1,core,LOCAL_PROJECT,False
backend/core/guards/server_secret_guard.py,2,core,LOCAL_PROJECT,False
backend/core/guards/server_secret_guard.py,3,os,STDLIB,False
backend/core/rbac_sql/service.py,1,core,LOCAL_PROJECT,False
backend/core/rbac_sql/runtime.py,1,core,LOCAL_PROJECT,False
backend/core/rbac_sql/__init__.py,1,service,UNRESOLVED,False
backend/core/config/__init__.py,1,edarsahub_config,UNRESOLVED,False
backend/core/config/edarsahub_sql.py,1,core,LOCAL_PROJECT,False
backend/core/config/edarsahub_sql.py,2,core,LOCAL_PROJECT,False
backend/core/config/edarsahub_sql.py,8,pymssql,EXTERNAL_DECLARED_NOT_INSTALLED,False
backend/core/config/edarsahub_sql.py,9,typing,STDLIB,False
backend/core/config/edarsahub_sql.py,10,edarsahub_config,UNRESOLVED,False
backend/core/config/edarsahub_sql.py,11,core,LOCAL_PROJECT,False
backend/core/config/edarsahub_config.py,1,os,STDLIB,False
backend/core/config/edarsahub_config.py,2,dataclasses,STDLIB,False
backend/core/sync/server_resolver.py,6,typing,STDLIB,False
backend/core/sync/server_resolver.py,7,logging,STDLIB,False
backend/core/sync/server_resolver.py,20,core,LOCAL_PROJECT,False
backend/tools/audit_menu_recommendations.py,1,core,LOCAL_PROJECT,False
backend/tools/audit_menu_recommendations.py,2,pathlib,STDLIB,False
backend/tools/audit_menu_recommendations.py,3,datetime,STDLIB,False
backend/tools/audit_menu_route_integrity.py,1,pathlib,STDLIB,False
backend/tools/audit_menu_route_integrity.py,2,re,STDLIB,False
backend/tools/audit_menu_route_integrity.py,3,json,STDLIB,False
backend/tools/audit_menu_route_integrity.py,4,datetime,STDLIB,False
backend/tools/audit_menu_route_integrity.py,6,core,LOCAL_PROJECT,False
backend/tools/ci_runtime_risk_audit.py,9,__future__,STDLIB,False
backend/tools/ci_runtime_risk_audit.py,11,argparse,STDLIB,False
backend/tools/ci_runtime_risk_audit.py,12,ast,STDLIB,False
backend/tools/ci_runtime_risk_audit.py,13,re,STDLIB,False
backend/tools/ci_runtime_risk_audit.py,14,sys,STDLIB,False
backend/tools/ci_runtime_risk_audit.py,15,collections,STDLIB,False
backend/tools/ci_runtime_risk_audit.py,16,dataclasses,STDLIB,False
backend/tools/ci_runtime_risk_audit.py,17,pathlib,STDLIB,False
backend/tools/test_sql_connection_from_servidores.py,16,argparse,STDLIB,False
backend/tools/test_sql_connection_from_servidores.py,17,os,STDLIB,False
backend/tools/test_sql_connection_from_servidores.py,18,sys,STDLIB,False
backend/tools/test_sql_connection_from_servidores.py,23,core,LOCAL_PROJECT,False
backend/tools/test_sql_connection_from_servidores.py,120,core,LOCAL_PROJECT,False
backend/tools/sync_sales_dry_run.py,23,argparse,STDLIB,False
backend/tools/sync_sales_dry_run.py,24,json,STDLIB,False
backend/tools/sync_sales_dry_run.py,25,logging,STDLIB,False
backend/tools/sync_sales_dry_run.py,26,os,STDLIB,False
backend/tools/sync_sales_dry_run.py,27,sys,STDLIB,False
backend/tools/sync_sales_dry_run.py,28,datetime,STDLIB,False
backend/tools/sync_sales_dry_run.py,29,typing,STDLIB,False
backend/tools/sync_sales_dry_run.py,34,pymssql,EXTERNAL_DECLARED_NOT_INSTALLED,False
backend/tools/sync_sales_dry_run.py,37,core,LOCAL_PROJECT,False
backend/tools/sync_sales_dry_run.py,78,core,LOCAL_PROJECT,True
backend/tools/sync_sales_dry_run.py,83,core,LOCAL_PROJECT,True
backend/tools/sync_sales_dry_run.py,377,collections,STDLIB,False
backend/tools/sync_sales_dry_run.py,721,datetime,STDLIB,False
backend/tools/sync_sales_dry_run.py,722,uuid,STDLIB,False
backend/tools/repair_sync_sales_items_mpro.py,15,argparse,STDLIB,False
backend/tools/repair_sync_sales_items_mpro.py,16,json,STDLIB,False
backend/tools/repair_sync_sales_items_mpro.py,17,logging,STDLIB,False
backend/tools/repair_sync_sales_items_mpro.py,18,os,STDLIB,False
backend/tools/repair_sync_sales_items_mpro.py,19,sys,STDLIB,False
backend/tools/repair_sync_sales_items_mpro.py,20,datetime,STDLIB,False
backend/tools/repair_sync_sales_items_mpro.py,21,decimal,STDLIB,False
backend/tools/repair_sync_sales_items_mpro.py,25,core,LOCAL_PROJECT,False
backend/tools/repair_sync_sales_items_mpro.py,26,tools,LOCAL_PROJECT,False
backend/tools/edarsahub_sql_runner.py,21,argparse,STDLIB,False
backend/tools/edarsahub_sql_runner.py,22,datetime,STDLIB,False
backend/tools/edarsahub_sql_runner.py,23,os,STDLIB,False
backend/tools/edarsahub_sql_runner.py,24,re,STDLIB,False
backend/tools/edarsahub_sql_runner.py,25,sys,STDLIB,False
backend/tools/edarsahub_sql_runner.py,26,pathlib,STDLIB,False
backend/tools/edarsahub_sql_runner.py,28,core,LOCAL_PROJECT,False
backend/tools/edarsahub_sql_runner.py,29,core,LOCAL_PROJECT,False
backend/tools/edarsahub_sql_runner.py,32,core,LOCAL_PROJECT,False
backend/tools/edarsahub_sql_runner.py,35,core,LOCAL_PROJECT,False
backend/tools/export_edarsahub_full.py,15,os,STDLIB,False
backend/tools/export_edarsahub_full.py,16,sys,STDLIB,False
backend/tools/export_edarsahub_full.py,17,json,STDLIB,False
backend/tools/export_edarsahub_full.py,18,zipfile,STDLIB,False
backend/tools/export_edarsahub_full.py,19,tempfile,STDLIB,False
backend/tools/export_edarsahub_full.py,20,datetime,STDLIB,False
backend/tools/export_edarsahub_full.py,21,decimal,STDLIB,False
backend/tools/export_edarsahub_full.py,22,pathlib,STDLIB,False
backend/tools/export_edarsahub_full.py,28,core,LOCAL_PROJECT,False
backend/tools/patch_menu_sql_missing_safe.py,1,core,LOCAL_PROJECT,False
backend/tools/patch_menu_sql_missing_safe.py,2,datetime,STDLIB,False
backend/tools/reset_admin_password_phase2b.py,10,__future__,STDLIB,False
backend/tools/reset_admin_password_phase2b.py,12,argparse,STDLIB,False
backend/tools/reset_admin_password_phase2b.py,13,datetime,STDLIB,False
backend/tools/reset_admin_password_phase2b.py,14,getpass,STDLIB,False
backend/tools/reset_admin_password_phase2b.py,15,json,STDLIB,False
backend/tools/reset_admin_password_phase2b.py,16,os,STDLIB,False
backend/tools/reset_admin_password_phase2b.py,17,sys,STDLIB,False
backend/tools/reset_admin_password_phase2b.py,18,pathlib,STDLIB,False
backend/tools/reset_admin_password_phase2b.py,19,typing,STDLIB,False
backend/tools/reset_admin_password_phase2b.py,21,modules,LOCAL_PROJECT,False
backend/tools/reset_admin_password_phase2b.py,25,core,LOCAL_PROJECT,False
backend/tools/reset_admin_password_phase2b.py,29,tools,LOCAL_PROJECT,False
backend/tools/check_mpro_server_config.py,1,argparse,STDLIB,False
backend/tools/check_mpro_server_config.py,2,os,STDLIB,False
backend/tools/check_mpro_server_config.py,3,sys,STDLIB,False
backend/tools/check_mpro_server_config.py,4,sqlalchemy,EXTERNAL_DECLARED_NOT_INSTALLED,False
backend/tools/check_mpro_server_config.py,7,core,LOCAL_PROJECT,False
backend/tools/resync_inventarios_fisicos.py,13,__future__,STDLIB,False
backend/tools/resync_inventarios_fisicos.py,15,argparse,STDLIB,False
backend/tools/resync_inventarios_fisicos.py,16,importlib,STDLIB,False
backend/tools/resync_inventarios_fisicos.py,17,json,STDLIB,False
backend/tools/resync_inventarios_fisicos.py,18,datetime,STDLIB,False
backend/tools/resync_inventarios_fisicos.py,19,pathlib,STDLIB,False
backend/tools/resync_inventarios_fisicos.py,20,typing,STDLIB,False
backend/tools/resync_inventarios_fisicos.py,22,core,LOCAL_PROJECT,False
backend/tools/resync_inventarios_fisicos.py,23,core,LOCAL_PROJECT,False
backend/tools/resync_inventarios_fisicos.py,24,modules,LOCAL_PROJECT,False
backend/tools/validate_server_secret_key.py,1,os,STDLIB,False
backend/tools/validate_server_secret_key.py,2,sys,STDLIB,False
backend/tools/validate_server_secret_key.py,3,hashlib,STDLIB,False
backend/tools/validate_server_secret_key.py,8,core,LOCAL_PROJECT,False
backend/tools/validate_server_secret_key.py,16,core,LOCAL_PROJECT,False
backend/tools/validate_server_secret_key.py,24,core,LOCAL_PROJECT,False
backend/tools/validate_server_secret_key.py,25,core,LOCAL_PROJECT,False
backend/tools/validate_rbac_menu_phase1.py,10,__future__,STDLIB,False
backend/tools/validate_rbac_menu_phase1.py,12,argparse,STDLIB,False
backend/tools/validate_rbac_menu_phase1.py,13,datetime,STDLIB,False
backend/tools/validate_rbac_menu_phase1.py,14,http,STDLIB,False
backend/tools/validate_rbac_menu_phase1.py,15,json,STDLIB,False
backend/tools/validate_rbac_menu_phase1.py,16,os,STDLIB,False
backend/tools/validate_rbac_menu_phase1.py,17,sys,STDLIB,False
backend/tools/validate_rbac_menu_phase1.py,18,urllib,STDLIB,False
backend/tools/validate_rbac_menu_phase1.py,19,urllib,STDLIB,False
backend/tools/validate_rbac_menu_phase1.py,20,pathlib,STDLIB,False
backend/tools/validate_rbac_menu_phase1.py,21,typing,STDLIB,False
backend/tools/validate_rbac_menu_phase2c_interactive.py,10,__future__,STDLIB,False
backend/tools/validate_rbac_menu_phase2c_interactive.py,12,argparse,STDLIB,False
backend/tools/validate_rbac_menu_phase2c_interactive.py,13,getpass,STDLIB,False
backend/tools/validate_rbac_menu_phase2c_interactive.py,14,os,STDLIB,False
backend/tools/validate_rbac_menu_phase2c_interactive.py,15,sys,STDLIB,False
backend/tools/validate_rbac_menu_phase2c_interactive.py,16,pathlib,STDLIB,False
backend/tools/validate_rbac_menu_phase2c_interactive.py,17,typing,STDLIB,False
backend/tools/validate_rbac_menu_phase2c_interactive.py,24,tools,LOCAL_PROJECT,False
backend/routes/portal_proveedores_repository_sql.py,14,typing,STDLIB,False
backend/routes/portal_proveedores_repository_sql.py,15,datetime,STDLIB,False
backend/routes/portal_proveedores_repository_sql.py,16,logging,STDLIB,False
backend/routes/portal_proveedores_repository_sql.py,22,core,LOCAL_PROJECT,False
backend/routes/portal_proveedores_repository_sql.py,32,core,LOCAL_PROJECT,False
backend/routes/portal_proveedores.py,16,fastapi,EXTERNAL_DECLARED_NOT_INSTALLED,False
backend/routes/portal_proveedores.py,17,fastapi,EXTERNAL_DECLARED_NOT_INSTALLED,False
backend/routes/portal_proveedores.py,18,typing,STDLIB,False
backend/routes/portal_proveedores.py,19,datetime,STDLIB,False
backend/routes/portal_proveedores.py,20,warnings,STDLIB,False
backend/routes/portal_proveedores.py,24,passlib,EXTERNAL_DECLARED_NOT_INSTALLED,False
backend/routes/portal_proveedores.py,25,jwt,UNRESOLVED,False
backend/routes/portal_proveedores.py,26,uuid,STDLIB,False
backend/routes/portal_proveedores.py,27,logging,STDLIB,False
backend/routes/portal_proveedores.py,28,os,STDLIB,False
backend/routes/portal_proveedores.py,29,xml,STDLIB,False
backend/routes/portal_proveedores.py,30,base64,STDLIB,False
backend/routes/portal_proveedores.py,34,routes,LOCAL_PROJECT,False
backend/routes/portal_proveedores.py,37,core,LOCAL_PROJECT,False
backend/routes/portal_proveedores.py,75,core,LOCAL_PROJECT,False
backend/routes/portal_inteligencia.py,17,os,STDLIB,False
backend/routes/portal_inteligencia.py,18,json,STDLIB,False
backend/routes/portal_inteligencia.py,19,uuid,STDLIB,False
backend/routes/portal_inteligencia.py,20,logging,STDLIB,False
backend/routes/portal_inteligencia.py,21,datetime,STDLIB,False
backend/routes/portal_inteligencia.py,22,typing,STDLIB,False
backend/routes/portal_inteligencia.py,24,jwt,UNRESOLVED,False
backend/routes/portal_inteligencia.py,25,fastapi,EXTERNAL_DECLARED_NOT_INSTALLED,False
backend/routes/portal_inteligencia.py,26,passlib,EXTERNAL_DECLARED_NOT_INSTALLED,False
backend/routes/portal_inteligencia.py,28,core,LOCAL_PROJECT,False
backend/routes/portal_inteligencia.py,29,core,LOCAL_PROJECT,False
