lista,proveedor,codigo,codigo_padded,producto,tipo,familia_codigo,familia,subfamilia_codigo,barras,uc,uv
ORIGEN,0000001077 - POS ORIGEN,8621,0000008621,CORTADILLO ORIGEN,KIT,0000,SIN FAMILIA,,9900862100003,PZ,PZ
ORIGEN,0000001077 - POS ORIGEN,8704,0000008704,SANDWICH DE SHORT RIB,KIT,0000,SIN FAMILIA,,9900870400003,PZ,PZ
ORIGEN,0000001077 - POS ORIGEN,9025,0000009025,D EXTRA ARRACHERA P/DESAYUNOS 120 GR,KIT,0002,EXTRAS Y TOOPPING,,9900902500008,PZ,PZ
ORIGEN,0000001077 - POS ORIGEN,9023,0000009023,D EXTRA HUEVOS P/DESAYUNOS (2) PZ,KIT,0002,EXTRAS Y TOOPPING,,9900902300004,PZ,PZ
ORIGEN,0000001077 - POS ORIGEN,9024,0000009024,D EXTRA POLLO PECHUGA DE P/DESAYUNOS 120 GR,KIT,0002,EXTRAS Y TOOPPING,,9900902400001,PZ,PZ
ORIGEN,0000001077 - POS ORIGEN,9066,0000009066,D EXTRA PORK BELLY P/DESAYUNOS,KIT,0002,EXTRAS Y TOOPPING,,9900906600001,PZ,PZ
ORIGEN,0000001077 - POS ORIGEN,8098,0000008098,EXTRA DE BOLA DE HELADO,KIT,0002,EXTRAS Y TOOPPING,,9900809800003,PZ,PZ
ORIGEN,0000001077 - POS ORIGEN,5041,0000005041,EXTRA DE BOLA DE HELADO KETO,KIT,0002,EXTRAS Y TOOPPING,,9900504100002,PZ,PZ
ORIGEN,0000001077 - POS ORIGEN,8151,0000008151,EXTRA DE CHIMICHURRI,KIT,0002,EXTRAS Y TOOPPING,,9900815100005,PZ,PZ
ORIGEN,0000001077 - POS ORIGEN,8156,0000008156,EXTRA DE CHOCOLATE GLASEADO,KIT,0002,EXTRAS Y TOOPPING,,9900815600000,PZ,PZ
ORIGEN,0000001077 - POS ORIGEN,9602,0000009602,EXTRA DE CHORIZO,KIT,0002,EXTRAS Y TOOPPING,,9900960200001,PZ,PZ
ORIGEN,0000001077 - POS ORIGEN,8157,0000008157,EXTRA DE CREMA DE PISTACHE,KIT,0002,EXTRAS Y TOOPPING,,9900815700007,PZ,PZ
ORIGEN,0000001077 - POS ORIGEN,1070,0000001070,EXTRA DE GUACAMOLE,KIT,0002,EXTRAS Y TOOPPING,,9900107200000,PZ,PZ
ORIGEN,0000001077 - POS ORIGEN,8148,0000008148,EXTRA DE PARMESANO,KIT,0002,EXTRAS Y TOOPPING,,9900814800005,PZ,PZ
ORIGEN,0000001077 - POS ORIGEN,8149,0000008149,EXTRA DE QUESO GOUDA,KIT,0002,EXTRAS Y TOOPPING,,9900814900002,PZ,PZ
ORIGEN,0000001077 - POS ORIGEN,8530,0000008530,EXTRA DE QUESO P. HAMBURGUESA,KIT,0002,EXTRAS Y TOOPPING,,9900853000008,PZ,PZ
ORIGEN,0000001077 - POS ORIGEN,7465,0000007465,EXTRA DE TAQUITO CALLEJERO (1),KIT,0002,EXTRAS Y TOOPPING,,9900746500004,PZ,PZ
ORIGEN,0000001077 - POS ORIGEN,7468,0000007468,EXTRA TACO DE CHORIZO (1),KIT,0002,EXTRAS Y TOOPPING,,9900746800005,PZ,PZ
ORIGEN,0000001077 - POS ORIGEN,7467,0000007467,EXTRA TACO DE PULPO A LAS BRASAS (1),KIT,0002,EXTRAS Y TOOPPING,,9900746700008,PZ,PZ
ORIGEN,0000001077 - POS ORIGEN,7466,0000007466,EXTRA TACO VOLTEADO DE CAMARON (1),KIT,0002,EXTRAS Y TOOPPING,,9900746600001,PZ,PZ
ORIGEN,0000001077 - POS ORIGEN,5037,0000005037,FRIJOLES PUERCOS,KIT,0002,EXTRAS Y TOOPPING,,9900503700005,PZ,PZ
ORIGEN,0000001077 - POS ORIGEN,4367,0000004367,SERVICIO DE ENTRADA,KIT,0002,EXTRAS Y TOOPPING,,9900436700004,PZ,PZ
ORIGEN,0000001077 - POS ORIGEN,8132,0000008132,CAFE LATTE,KIT,0003,CAFES Y TES,,9900813200004,PZ,PZ
ORIGEN,0000001077 - POS ORIGEN,8386,0000008386,CERVEZA BOHEMIA CRISTAL,KIT,0004,CERVEZAS,,9900838600001,PZ,PZ
ORIGEN,0000001077 - POS ORIGEN,1407,0000001407,CERVEZA CIENFUEGOS VOLCAN,KIT,0004,CERVEZAS,,9900140900004,PZ,PZ
ORIGEN,0000001077 - POS ORIGEN,10047,0000010047,CERVEZA CORONA EXTRA,KIT,0004,CERVEZAS,,9901004700006,PZ,PZ
ORIGEN,0000001077 - POS ORIGEN,9478,0000009478,CERVEZA EVENTO COMODATO PZ,KIT,0004,CERVEZAS,,9900947800002,PZ,PZ
ORIGEN,0000001077 - POS ORIGEN,10053,0000010053,CERVEZA MICHELOB ULTRA,KIT,0004,CERVEZAS,,9901005300007,PZ,PZ
ORIGEN,0000001077 - POS ORIGEN,10065,0000010065,CERVEZA MODELO DORADA CERO,KIT,0004,CERVEZAS,,9901006500000,PZ,PZ
ORIGEN,0000001077 - POS ORIGEN,10050,0000010050,CERVEZA MODELO ESPECIAL,KIT,0004,CERVEZAS,,9901005000006,PZ,PZ
ORIGEN,0000001077 - POS ORIGEN,10056,0000010056,CERVEZA NEGRA MODELO,KIT,0004,CERVEZAS,,9901005600008,PZ,PZ
ORIGEN,0000001077 - POS ORIGEN,10059,0000010059,CERVEZA PACIFICO,KIT,0004,CERVEZAS,,9901005900009,PZ,PZ
ORIGEN,0000001077 - POS ORIGEN,10062,0000010062,CERVEZA STELLA ARTOIS,KIT,0004,CERVEZAS,,9901006200009,PZ,PZ
ORIGEN,0000001077 - POS ORIGEN,8384,0000008384,CERVEZA TECATE 0.0,KIT,0004,CERVEZAS,,9900838400007,PZ,PZ
ORIGEN,0000001077 - POS ORIGEN,4447,0000004447,CERVEZA TECATE ORIGINAL,KIT,0004,CERVEZAS,,9900444700003,PZ,PZ
ORIGEN,0000001077 - POS ORIGEN,10044,0000010044,CERVEZA VICTORIA,KIT,0004,CERVEZAS,,9901004400005,PZ,PZ
ORIGEN,0000001077 - POS ORIGEN,4359,0000004359,ENSALADA DE CITRICOS,KIT,0005,ENSALADAS,,9900435900009,PZ,PZ
ORIGEN,0000001077 - POS ORIGEN,4665,0000004665,ENSALADA ORIGEN,KIT,0005,ENSALADAS,,9900466500001,PZ,PZ
ORIGEN,0000001077 - POS ORIGEN,845,0000000845,ENSALADA TIBIA DE CHAYOTE AL CARBON,KIT,0005,ENSALADAS,,9900084700005,PZ,PZ
ORIGEN,0000001077 - POS ORIGEN,7058,0000007058,AGUACHILE DE NEW YORK,KIT,0006,ENTRADAS Y COMPLEMENTOS,,9900705800008,PZ,PZ
ORIGEN,0000001077 - POS ORIGEN,7394,0000007394,AGUACHILE NEGRO,KIT,0006,ENTRADAS Y COMPLEMENTOS,,9900739400007,PZ,PZ
ORIGEN,0000001077 - POS ORIGEN,4370,0000004370,BARBACOA MONTERREY,KIT,0006,ENTRADAS Y COMPLEMENTOS,,9900437000004,PZ,PZ
ORIGEN,0000001077 - POS ORIGEN,4355,0000004355,BETABEL A LAS BRASAS CON CITRICOS,KIT,0006,ENTRADAS Y COMPLEMENTOS,,9900435500001,PZ,PZ
ORIGEN,0000001077 - POS ORIGEN,863,0000000863,BETABELES A LA BRASA CON CITRICOS,KIT,0006,ENTRADAS Y COMPLEMENTOS,,9900086500009,PZ,PZ
ORIGEN,0000001077 - POS ORIGEN,899,0000000899,CAZUELITA DE CAMARONES,KIT,0006,ENTRADAS Y COMPLEMENTOS,,9900090100004,PZ,PZ
ORIGEN,0000001077 - POS ORIGEN,7236,0000007236,CEBOLLITAS MIGNON,KIT,0006,ENTRADAS Y COMPLEMENTOS,,9900723600000,PZ,PZ
ORIGEN,0000001077 - POS ORIGEN,8861,0000008861,CEVICHE MIXTO,KIT,0006,ENTRADAS Y COMPLEMENTOS,,9900886100003,PZ,PZ
ORIGEN,0000001077 - POS ORIGEN,5129,0000005129,CHAMPIÑONES CHIPOTLUDOS,KIT,0006,ENTRADAS Y COMPLEMENTOS,,9900512900007,PZ,PZ
ORIGEN,0000001077 - POS ORIGEN,7377,0000007377,CHILACA RELLENA C/QUESO Y TOCINO,KIT,0006,ENTRADAS Y COMPLEMENTOS,,9900737700000,PZ,PZ
ORIGEN,0000001077 - POS ORIGEN,396,0000000396,COCTEL DE MARISCOS CAPITAL,KIT,0006,ENTRADAS Y COMPLEMENTOS,,9900039600008,PZ,PZ
ORIGEN,0000001077 - POS ORIGEN,7371,0000007371,COL BRASEADA,KIT,0006,ENTRADAS Y COMPLEMENTOS,,9900737100008,PZ,PZ
ORIGEN,0000001077 - POS ORIGEN,8903,0000008903,ELOTES CALLEJEROS,KIT,0006,ENTRADAS Y COMPLEMENTOS,,9900890300000,PZ,PZ
ORIGEN,0000001077 - POS ORIGEN,8082,0000008082,EMPANADAS,SERVICIO,0006,ENTRADAS Y COMPLEMENTOS,,9900808200002,PZ,PZ
ORIGEN,0000001077 - POS ORIGEN,8901,0000008901,ESPARRAGOS A LAS BRASAS ORIGEN,KIT,0006,ENTRADAS Y COMPLEMENTOS,,9900890100006,PZ,PZ
ORIGEN,0000001077 - POS ORIGEN,730,0000000730,FIDEO SECO NORTEÑO,KIT,0006,ENTRADAS Y COMPLEMENTOS,,9900073000000,PZ,PZ
ORIGEN,0000001077 - POS ORIGEN,657,0000000657,MAC AND CHEESE ORIGEN,KIT,0006,ENTRADAS Y COMPLEMENTOS,,9900065700000,PZ,PZ
ORIGEN,0000001077 - POS ORIGEN,1627,0000001627,MOLLEJAS A LA BRASA ORIGEN,KIT,0006,ENTRADAS Y COMPLEMENTOS,,9900162900006,PZ,PZ
ORIGEN,0000001077 - POS ORIGEN,4379,0000004379,PANELA ENCOSTRADO,KIT,0006,ENTRADAS Y COMPLEMENTOS,,9900437900007,PZ,PZ
ORIGEN,0000001077 - POS ORIGEN,4395,0000004395,PAPAS CALLEJERAS,KIT,0006,ENTRADAS Y COMPLEMENTOS,,9900439500007,PZ,PZ
ORIGEN,0000001077 - POS ORIGEN,8866,0000008866,PAPAS GAJO,KIT,0006,ENTRADAS Y COMPLEMENTOS,,9900886600008,PZ,PZ
ORIGEN,0000001077 - POS ORIGEN,7393,0000007393,PEREJIL FRITO,KIT,0006,ENTRADAS Y COMPLEMENTOS,,9900739300000,PZ,PZ
ORIGEN,0000001077 - POS ORIGEN,8626,0000008626,PESCADILLAS,KIT,0006,ENTRADAS Y COMPLEMENTOS,,9900862600008,PZ,PZ
ORIGEN,0000001077 - POS ORIGEN,8213,0000008213,PURE DE PAPA ORIGEN,KIT,0006,ENTRADAS Y COMPLEMENTOS,,9900821300000,PZ,PZ
ORIGEN,0000001077 - POS ORIGEN,8618,0000008618,QUESABIRRIA,KIT,0006,ENTRADAS Y COMPLEMENTOS,,9900861800003,PZ,PZ
ORIGEN,0000001077 - POS ORIGEN,7399,0000007399,QUESO BRIE NORTEÑO,KIT,0006,ENTRADAS Y COMPLEMENTOS,,9900739900002,PZ,PZ
ORIGEN,0000001077 - POS ORIGEN,7403,0000007403,TACOS DE VOLTEADO DE CAMARON (4),KIT,0006,ENTRADAS Y COMPLEMENTOS,,9900740300006,PZ,PZ
ORIGEN,0000001077 - POS ORIGEN,7396,0000007396,TIRADITO DE ATUN,KIT,0006,ENTRADAS Y COMPLEMENTOS,,9900739600001,PZ,PZ
ORIGEN,0000001077 - POS ORIGEN,4544,0000004544,VERDURAS A LAS BRASAS,KIT,0006,ENTRADAS Y COMPLEMENTOS,,9900454400009,PZ,PZ
ORIGEN,0000001077 - POS ORIGEN,4302,0000004302,LI ANCHO REYES ROJO COPA,KIT,0008,LICORES Y DIGESTIVOS,,9900430200005,PZ,PZ
ORIGEN,0000001077 - POS ORIGEN,4593,0000004593,LI APEROL COPA,KIT,0008,LICORES Y DIGESTIVOS,,9900459300007,PZ,PZ
ORIGEN,0000001077 - POS ORIGEN,9769,0000009769,LI CARAJILLO BLACKMORE 1000 ML,KIT,0008,LICORES Y DIGESTIVOS,,9900976900001,PZ,PZ
ORIGEN,0000001077 - POS ORIGEN,9770,0000009770,LI CARAJILLO BLACKMORE COPA,KIT,0008,LICORES Y DIGESTIVOS,,9900977000007,PZ,PZ
ORIGEN,0000001077 - POS ORIGEN,9778,0000009778,LI CASSI BLACKMORE,KIT,0008,LICORES Y DIGESTIVOS,,9900977800003,PZ,PZ
ORIGEN,0000001077 - POS ORIGEN,9779,0000009779,LI CASSI BLACKMORE,KIT,0008,LICORES Y DIGESTIVOS,,9900977900000,PZ,PZ
ORIGEN,0000001077 - POS ORIGEN,9796,0000009796,LI COCO BLACKMORE,KIT,0008,LICORES Y DIGESTIVOS,,9900979600007,PZ,PZ
ORIGEN,0000001077 - POS ORIGEN,9797,0000009797,LI COCO BLACKMORE COPA,KIT,0008,LICORES Y DIGESTIVOS,,9900979700004,PZ,PZ
ORIGEN,0000001077 - POS ORIGEN,9790,0000009790,LI CURAZAO BLACKMORE,KIT,0008,LICORES Y DIGESTIVOS,,9900979000005,PZ,PZ
ORIGEN,0000001077 - POS ORIGEN,9791,0000009791,LI CURAZAO BLACKMORE COPA,KIT,0008,LICORES Y DIGESTIVOS,,9900979100002,PZ,PZ
ORIGEN,0000001077 - POS ORIGEN,4300,0000004300,LI DE CHAMBORD,KIT,0008,LICORES Y DIGESTIVOS,,9900430000001,PZ,PZ
ORIGEN,0000001077 - POS ORIGEN,4299,0000004299,LI DE CHAMBORD COPA,KIT,0008,LICORES Y DIGESTIVOS,,9900429900008,PZ,PZ
ORIGEN,0000001077 - POS ORIGEN,4192,0000004192,LI DE CURAZAO AZUL,KIT,0008,LICORES Y DIGESTIVOS,,9900419200002,PZ,PZ
ORIGEN,0000001077 - POS ORIGEN,5330,0000005330,LI DE CURAZAO AZUL COPA,KIT,0008,LICORES Y DIGESTIVOS,,9900533000007,PZ,PZ
ORIGEN,0000001077 - POS ORIGEN,9781,0000009781,LI LIMONCELLO BLACKMORE,KIT,0008,LICORES Y DIGESTIVOS,,9900978100003,PZ,PZ
ORIGEN,0000001077 - POS ORIGEN,9782,0000009782,LI LIMONCELLO BLACKMORE,KIT,0008,LICORES Y DIGESTIVOS,,9900978200000,PZ,PZ
ORIGEN,0000001077 - POS ORIGEN,9793,0000009793,LI MELON BLACKMORE,KIT,0008,LICORES Y DIGESTIVOS,,9900979300006,PZ,PZ
ORIGEN,0000001077 - POS ORIGEN,9794,0000009794,LI MELON BLACKMORE COPA,KIT,0008,LICORES Y DIGESTIVOS,,9900979400003,PZ,PZ
ORIGEN,0000001077 - POS ORIGEN,9784,0000009784,LI NARANJA BLACKMORE,KIT,0008,LICORES Y DIGESTIVOS,,9900978400004,PZ,PZ
ORIGEN,0000001077 - POS ORIGEN,9785,0000009785,LI NARANJA BLACKMORE,KIT,0008,LICORES Y DIGESTIVOS,,9900978500001,PZ,PZ
ORIGEN,0000001077 - POS ORIGEN,4191,0000004191,LI RUMCHATA,KIT,0008,LICORES Y DIGESTIVOS,,9900419100005,PZ,PZ
ORIGEN,0000001077 - POS ORIGEN,4427,0000004427,LI RUMCHATA COPA,KIT,0008,LICORES Y DIGESTIVOS,,9900442700005,PZ,PZ
ORIGEN,0000001077 - POS ORIGEN,9787,0000009787,LI SAUCO BLACKMORE,KIT,0008,LICORES Y DIGESTIVOS,,9900978700005,PZ,PZ
ORIGEN,0000001077 - POS ORIGEN,9788,0000009788,LI SAUCO BLACKMORE,KIT,0008,LICORES Y DIGESTIVOS,,9900978800002,PZ,PZ
ORIGEN,0000001077 - POS ORIGEN,9772,0000009772,LI SPIRITZ BLACKMORE,KIT,0008,LICORES Y DIGESTIVOS,,9900977200001,PZ,PZ
ORIGEN,0000001077 - POS ORIGEN,9773,0000009773,LI SPIRITZ BLACKMORE COPA,KIT,0008,LICORES Y DIGESTIVOS,,9900977300008,PZ,PZ
ORIGEN,0000001077 - POS ORIGEN,862,0000000862,LI VERMOUTH CINZANO DRY COPA,KIT,0008,LICORES Y DIGESTIVOS,,9900086400002,PZ,PZ
ORIGEN,0000001077 - POS ORIGEN,3929,0000003929,LI VERMOUTH CINZANO EXTRA DRY COPA,KIT,0008,LICORES Y DIGESTIVOS,,9900392900005,PZ,PZ
ORIGEN,0000001077 - POS ORIGEN,864,0000000864,LI VERMOUTH CINZANO ROSSO COPA,KIT,0008,LICORES Y DIGESTIVOS,,9900086600006,PZ,PZ
ORIGEN,0000001077 - POS ORIGEN,4306,0000004306,HAMBURGUESA DE SHORT RIB,KIT,0010,HAMBURGUESAS AL CARBON,,9900430600003,PZ,PZ
ORIGEN,0000001077 - POS ORIGEN,4411,0000004411,HAMBURGUESA ORIGEN,KIT,0010,HAMBURGUESAS AL CARBON,,9900441100004,PZ,PZ
ORIGEN,0000001077 - POS ORIGEN,7455,0000007455,HAMBURGUESA SLIDERS,KIT,0010,HAMBURGUESAS AL CARBON,,9900745500005,PZ,PZ
ORIGEN,0000001077 - POS ORIGEN,4266,0000004266,FLAN A LA YUCATECA,KIT,0011,POSTRES,,9900426600000,PZ,PZ
ORIGEN,0000001077 - POS ORIGEN,10076,0000010076,HELADO ORIGEN,SERVICIO,0011,POSTRES,,9901007600006,PZ,PZ
ORIGEN,0000001077 - POS ORIGEN,767,0000000767,HOJALDRE NORTEÑOS CON DULCE DE LECHE,KIT,0011,POSTRES,,9900076700006,PZ,PZ
ORIGEN,0000001077 - POS ORIGEN,462,0000000462,KITKAT EXPLOSION,KIT,0011,POSTRES,,9900046200000,PZ,PZ
ORIGEN,0000001077 - POS ORIGEN,4376,0000004376,MIL HOJAS DE PLATANO Y GLORIA,KIT,0011,POSTRES,,9900437600006,PZ,PZ
ORIGEN,0000001077 - POS ORIGEN,1058,0000001058,MOSTACHON CRUJIENTE DE HIGOS,KIT,0011,POSTRES,,9900106000007,PZ,PZ
ORIGEN,0000001077 - POS ORIGEN,8622,0000008622,PAN DE MUERTO,KIT,0011,POSTRES,,9900862200000,PZ,PZ
ORIGEN,0000001077 - POS ORIGEN,8624,0000008624,PASTEL DE CHOCOLATE,KIT,0011,POSTRES,,9900862400004,PZ,PZ
ORIGEN,0000001077 - POS ORIGEN,8623,0000008623,PIÑAS ORIGEN,KIT,0011,POSTRES,,9900862300007,PZ,PZ
ORIGEN,0000001077 - POS ORIGEN,8657,0000008657,POSTRE DE CUMPLEAÑOS,SERVICIO,0011,POSTRES,,9900865700002,PZ,PZ
ORIGEN,0000001077 - POS ORIGEN,8828,0000008828,RED VELVET,KIT,0011,POSTRES,,9900882800006,PZ,PZ
ORIGEN,0000001077 - POS ORIGEN,7439,0000007439,ROLL DE CANELA ORIGEN,KIT,0011,POSTRES,,9900743900005,PZ,PZ
ORIGEN,0000001077 - POS ORIGEN,4250,0000004250,TARTA KETO,KIT,0011,POSTRES,,9900425000009,PZ,PZ
ORIGEN,0000001077 - POS ORIGEN,8140,0000008140,TIRAMISU LOVE,KIT,0011,POSTRES,,9900814000009,PZ,PZ
ORIGEN,0000001077 - POS ORIGEN,8567,0000008567,TIRAMISU ROSA,KIT,0011,POSTRES,,9900856700004,PZ,PZ
ORIGEN,0000001077 - POS ORIGEN,9680,0000009680,FILETE DE RES (ESTELAR) KG,KIT,0012,CERTIFIED PRIME BEEF,,9900968000009,KG,KG
ORIGEN,0000001077 - POS ORIGEN,8633,0000008633,AGUJA NORTEÑA NACIONAL GR,KIT,0013,CARNES Y ESPECIALIDADES,,9900863300006,GR,GR
ORIGEN,0000001077 - POS ORIGEN,8981,0000008981,ARRACHERA ENTRAÑA 500 GR,KIT,0013,CARNES Y ESPECIALIDADES,,9900898100008,GR,GR
ORIGEN,0000001077 - POS ORIGEN,8979,0000008979,ARRACHERA ENTRAÑA PAQUETE 3 1.2 KG,KIT,0013,CARNES Y ESPECIALIDADES,,9900897900005,GR,GR
ORIGEN,0000001077 - POS ORIGEN,4632,0000004632,ARRACHERA USDA CHOISE GR,KIT,0013,CARNES Y ESPECIALIDADES,,9900463200003,GR,GR
ORIGEN,0000001077 - POS ORIGEN,7436,0000007436,COSTILLA DE CERDO AL BBQ DE TAMARINDO,KIT,0013,CARNES Y ESPECIALIDADES,,9900743600004,PZ,PZ
ORIGEN,0000001077 - POS ORIGEN,10005,0000010005,COWBOY GR,KIT,0013,CARNES Y ESPECIALIDADES,,9901000500006,GR,GR
ORIGEN,0000001077 - POS ORIGEN,7435,0000007435,FILETE AL TRAPO,KIT,0013,CARNES Y ESPECIALIDADES,,9900743500007,PZ,PZ
ORIGEN,0000001077 - POS ORIGEN,300,0000000300,FUEGO DE MAR,KIT,0013,CARNES Y ESPECIALIDADES,,9900030000005,GR,GR
ORIGEN,0000001077 - POS ORIGEN,8071,0000008071,HAMBURGUESA INFANTIL,KIT,0013,CARNES Y ESPECIALIDADES,,9900807100006,PZ,PZ
ORIGEN,0000001077 - POS ORIGEN,5362,0000005362,NEW YORK COLGANTE GR,KIT,0013,CARNES Y ESPECIALIDADES,,9900536200008,GR,GR
ORIGEN,0000001077 - POS ORIGEN,7451,0000007451,NEW YORK ORIGEN,KIT,0013,CARNES Y ESPECIALIDADES,,9900745100007,PZ,PZ
ORIGEN,0000001077 - POS ORIGEN,8491,0000008491,OSOBUCO EN MOLE,KIT,0013,CARNES Y ESPECIALIDADES,,9900849100002,PZ,PZ
ORIGEN,0000001077 - POS ORIGEN,7452,0000007452,PAPA ORIGEN C. RIB EYE COLGANTE,KIT,0013,CARNES Y ESPECIALIDADES,,9900745200004,PZ,PZ
ORIGEN,0000001077 - POS ORIGEN,8980,0000008980,PAQ 4 RIB EYE COLGANTE,KIT,0013,CARNES Y ESPECIALIDADES,,9900898000001,GR,GR
ORIGEN,0000001077 - POS ORIGEN,8864,0000008864,PECHUGA NAPOLITANA,KIT,0013,CARNES Y ESPECIALIDADES,,9900886400004,PZ,PZ
ORIGEN,0000001077 - POS ORIGEN,8627,0000008627,PESCADO A LA ENSENADA,KIT,0013,CARNES Y ESPECIALIDADES,,9900862700005,PZ,PZ
ORIGEN,0000001077 - POS ORIGEN,8865,0000008865,PESCADO ENVUELTO,KIT,0013,CARNES Y ESPECIALIDADES,,9900886500001,PZ,PZ
ORIGEN,0000001077 - POS ORIGEN,8698,0000008698,PICAÑA C. PESTO DE CHAYA,KIT,0013,CARNES Y ESPECIALIDADES,,9900869800005,PZ,PZ
ORIGEN,0000001077 - POS ORIGEN,8635,0000008635,PICAÑA NACIONAL GR,KIT,0013,CARNES Y ESPECIALIDADES,,9900863500000,GR,GR
ORIGEN,0000001077 - POS ORIGEN,8097,0000008097,POLLO ORIGEN,KIT,0013,CARNES Y ESPECIALIDADES,,9900809700006,PZ,PZ
ORIGEN,0000001077 - POS ORIGEN,10006,0000010006,PORTER HOUSE GR,KIT,0013,CARNES Y ESPECIALIDADES,,9901000600003,GR,GR
ORIGEN,0000001077 - POS ORIGEN,7437,0000007437,PULPO AL CHIMICHURRI,KIT,0013,CARNES Y ESPECIALIDADES,,9900743700001,PZ,PZ
ORIGEN,0000001077 - POS ORIGEN,5763,0000005763,RIB EYE COLGANTE GR,KIT,0013,CARNES Y ESPECIALIDADES,,9900576300003,GR,GR
ORIGEN,0000001077 - POS ORIGEN,8631,0000008631,RIB EYE NACIONAL GR,KIT,0013,CARNES Y ESPECIALIDADES,,9900863100002,GR,GR
ORIGEN,0000001077 - POS ORIGEN,7430,0000007430,SALMON A LAS BRASAS,KIT,0013,CARNES Y ESPECIALIDADES,,9900743000002,PZ,PZ
ORIGEN,0000001077 - POS ORIGEN,8699,0000008699,SALMON EN COSTRA DE PISTACHE Y CILANTRO,KIT,0013,CARNES Y ESPECIALIDADES,,9900869900002,PZ,PZ
ORIGEN,0000001077 - POS ORIGEN,4338,0000004338,SHORT RIB PARRILLA COLGANTE GR,KIT,0013,CARNES Y ESPECIALIDADES,,9900433800004,GR,GR
ORIGEN,0000001077 - POS ORIGEN,10004,0000010004,TOMAHAWK GR,KIT,0013,CARNES Y ESPECIALIDADES,,9901000400009,GR,GR
ORIGEN,0000001077 - POS ORIGEN,5309,0000005309,AGUA MINERAL ORIGEN 355 ML,KIT,0015,REFRESCOS Y MEZCLADORES,,9900530900003,PZ,PZ
ORIGEN,0000001077 - POS ORIGEN,4070,0000004070,AGUA NATURAL CIEL 355 ML,KIT,0015,REFRESCOS Y MEZCLADORES,,9900407000003,PZ,PZ
ORIGEN,0000001077 - POS ORIGEN,9364,0000009364,VASO JUGO DE NARANJA,KIT,0015,REFRESCOS Y MEZCLADORES,,9900936400008,PZ,PZ
ORIGEN,0000001077 - POS ORIGEN,7397,0000007397,SOPE DE MOLLEJA,KIT,0017,TACOS Y TOSTADAS,,9900739700008,PZ,PZ
ORIGEN,0000001077 - POS ORIGEN,8862,0000008862,TACOS BAÑADOS,KIT,0017,TACOS Y TOSTADAS,,9900886200000,PZ,PZ
ORIGEN,0000001077 - POS ORIGEN,7408,0000007408,TACOS DE CHORIZO (4),KIT,0017,TACOS Y TOSTADAS,,9900740800001,PZ,PZ
ORIGEN,0000001077 - POS ORIGEN,712,0000000712,TACOS DE FILETE C/TUETANO (2),KIT,0017,TACOS Y TOSTADAS,,9900071200006,PZ,PZ
ORIGEN,0000001077 - POS ORIGEN,7402,0000007402,TACOS DE PORK BELLY (3),KIT,0017,TACOS Y TOSTADAS,,9900740200009,PZ,PZ
ORIGEN,0000001077 - POS ORIGEN,4437,0000004437,TACOS DE PULPO A LAS BRASAS (3),KIT,0017,TACOS Y TOSTADAS,,9900443700004,PZ,PZ
ORIGEN,0000001077 - POS ORIGEN,8200,0000008200,TACOS ENCOSTRADOS,KIT,0017,TACOS Y TOSTADAS,,9900820000000,PZ,PZ
ORIGEN,0000001077 - POS ORIGEN,7401,0000007401,TAQUITOS CALLEJEROS (4),KIT,0017,TACOS Y TOSTADAS,,9900740100002,PZ,PZ
ORIGEN,0000001077 - POS ORIGEN,8630,0000008630,TOSTADA DE PAPADA,KIT,0017,TACOS Y TOSTADAS,,9900863000005,PZ,PZ
ORIGEN,0000001077 - POS ORIGEN,4779,0000004779,TOSTADA LORENZA DE ARRACHERA (1),KIT,0017,TACOS Y TOSTADAS,,9900477900005,PZ,PZ
ORIGEN,0000001077 - POS ORIGEN,9276,0000009276,VT ALTO TINTO G. CABERNET,KIT,0018,VINOS TINTOS,,9900927600004,PZ,PZ
ORIGEN,0000001077 - POS ORIGEN,9277,0000009277,VT ALTO TINTO G. CABERNET COPA,KIT,0018,VINOS TINTOS,,9900927700001,PZ,PZ
ORIGEN,0000001077 - POS ORIGEN,4315,0000004315,VT ANTONA GARCIA,KIT,0018,VINOS TINTOS,,9900431500005,PZ,PZ
ORIGEN,0000001077 - POS ORIGEN,8480,0000008480,VT APHOTIC RED,KIT,0018,VINOS TINTOS,,9900848000006,PZ,PZ
ORIGEN,0000001077 - POS ORIGEN,9729,0000009729,VT AVANIEL CRIANZA,KIT,0018,VINOS TINTOS,,9900972900005,PZ,PZ
ORIGEN,0000001077 - POS ORIGEN,9730,0000009730,VT AVANIEL CRIANZA COPA,KIT,0018,VINOS TINTOS,,9900973000001,PZ,PZ
ORIGEN,0000001077 - POS ORIGEN,9303,0000009303,VT AVANIEL ROBLE TEMPRANILLO,KIT,0018,VINOS TINTOS,,9900930300007,PZ,PZ
ORIGEN,0000001077 - POS ORIGEN,9304,0000009304,VT AVANIEL ROBLE TEMPRANILLO COPA,KIT,0018,VINOS TINTOS,,9900930400004,PZ,PZ
ORIGEN,0000001077 - POS ORIGEN,9285,0000009285,VT BLANK VERSE PINOT NOIR,KIT,0018,VINOS TINTOS,,9900928500006,PZ,PZ
ORIGEN,0000001077 - POS ORIGEN,9286,0000009286,VT BLANK VERSE PINOT NOIR COPA,KIT,0018,VINOS TINTOS,,9900928600003,PZ,PZ
ORIGEN,0000001077 - POS ORIGEN,9267,0000009267,VT BODEGA LOS CEDROS SYRAH,KIT,0018,VINOS TINTOS,,9900926700002,PZ,PZ
ORIGEN,0000001077 - POS ORIGEN,9268,0000009268,VT BODEGA LOS CEDROS SYRAH COPA,KIT,0018,VINOS TINTOS,,9900926800009,PZ,PZ
ORIGEN,0000001077 - POS ORIGEN,9297,0000009297,VT BOTTEGA VALPOLICELLA CLASICO,KIT,0018,VINOS TINTOS,,9900929700009,PZ,PZ
ORIGEN,0000001077 - POS ORIGEN,9298,0000009298,VT BOTTEGA VALPOLICELLA CLASICO COPA,KIT,0018,VINOS TINTOS,,9900929800006,PZ,PZ
ORIGEN,0000001077 - POS ORIGEN,9306,0000009306,VT CARLOS MONTES TANAT,KIT,0018,VINOS TINTOS,,9900930600008,PZ,PZ
ORIGEN,0000001077 - POS ORIGEN,9307,0000009307,VT CARLOS MONTES TANAT COPA,KIT,0018,VINOS TINTOS,,9900930700005,PZ,PZ
ORIGEN,0000001077 - POS ORIGEN,7715,0000007715,VT CARMEN MERLOT COPA,KIT,0018,VINOS TINTOS,,9900771500000,PZ,PZ
ORIGEN,0000001077 - POS ORIGEN,8575,0000008575,VT CARNIVOR,KIT,0018,VINOS TINTOS,,9900857500009,PZ,PZ
ORIGEN,0000001077 - POS ORIGEN,8576,0000008576,VT CARNIVOR COPA,KIT,0018,VINOS TINTOS,,9900857600006,PZ,PZ
ORIGEN,0000001077 - POS ORIGEN,7709,0000007709,VT CASAS PATRONALES RSVA. CS,KIT,0018,VINOS TINTOS,,9900770900009,PZ,PZ
ORIGEN,0000001077 - POS ORIGEN,7710,0000007710,VT CASAS PATRONALES RSVA. CS COPA,KIT,0018,VINOS TINTOS,,9900771000005,PZ,PZ
ORIGEN,0000001077 - POS ORIGEN,7714,0000007714,VT CASAS PATRONALES RSVA. SYRAH,KIT,0018,VINOS TINTOS,,9900771400003,PZ,PZ
ORIGEN,0000001077 - POS ORIGEN,8811,0000008811,VT CASAS PATRONALES RSVA. SYRAH COPA,KIT,0018,VINOS TINTOS,,9900881100008,PZ,PZ
ORIGEN,0000001077 - POS ORIGEN,9738,0000009738,VT CHATEAU CALET ROUGE,KIT,0018,VINOS TINTOS,,9900973800007,PZ,PZ
ORIGEN,0000001077 - POS ORIGEN,9739,0000009739,VT CHATEAU CALET ROUGE COPA,KIT,0018,VINOS TINTOS,,9900973900004,PZ,PZ
ORIGEN,0000001077 - POS ORIGEN,9741,0000009741,VT CHATEAU CARPENA COTES,KIT,0018,VINOS TINTOS,,9900974100007,PZ,PZ
ORIGEN,0000001077 - POS ORIGEN,9742,0000009742,VT CHATEAU CARPENA COTES COPA,KIT,0018,VINOS TINTOS,,9900974200004,PZ,PZ
ORIGEN,0000001077 - POS ORIGEN,5348,0000005348,VT CHATEAU DE BRANDEY MERLOT,KIT,0018,VINOS TINTOS,,9900534800002,PZ,PZ
ORIGEN,0000001077 - POS ORIGEN,4297,0000004297,VT CHATEAU DE BRANDEY MERLOT COPA,KIT,0018,VINOS TINTOS,,9900429700004,PZ,PZ
ORIGEN,0000001077 - POS ORIGEN,9216,0000009216,VT CHATEAU NOZIERES MALBEC,KIT,0018,VINOS TINTOS,,9900921600000,PZ,PZ
ORIGEN,0000001077 - POS ORIGEN,9215,0000009215,VT CHATEAU NOZIERES MALBEC COPA,KIT,0018,VINOS TINTOS,,9900921500003,PZ,PZ
ORIGEN,0000001077 - POS ORIGEN,9243,0000009243,VT CHATEAU PAUL MAS MERLOT,KIT,0018,VINOS TINTOS,,9900924300006,PZ,PZ
ORIGEN,0000001077 - POS ORIGEN,9244,0000009244,VT CHATEAU PAUL MAS MERLOT COPA,KIT,0018,VINOS TINTOS,,9900924400003,PZ,PZ
ORIGEN,0000001077 - POS ORIGEN,7499,0000007499,VT CLARETE,KIT,0018,VINOS TINTOS,,9900749900009,PZ,PZ
ORIGEN,0000001077 - POS ORIGEN,7513,0000007513,VT CORDUS ENSAMBLE,KIT,0018,VINOS TINTOS,,9900751300002,PZ,PZ
ORIGEN,0000001077 - POS ORIGEN,7514,0000007514,VT CORDUS ENSAMBLE COPA,KIT,0018,VINOS TINTOS,,9900751400009,PZ,PZ
ORIGEN,0000001077 - POS ORIGEN,4321,0000004321,VT CORDUS NEBBIOLO,KIT,0018,VINOS TINTOS,,9900432100006,PZ,PZ
ORIGEN,0000001077 - POS ORIGEN,9726,0000009726,VT CUNE REAL RSVA.,KIT,0018,VINOS TINTOS,,9900972600004,PZ,PZ
ORIGEN,0000001077 - POS ORIGEN,9727,0000009727,VT CUNE REAL RSVA. COPA,KIT,0018,VINOS TINTOS,,9900972700001,PZ,PZ
ORIGEN,0000001077 - POS ORIGEN,9252,0000009252,VT DEMUERTE GOLD SYRAH,KIT,0018,VINOS TINTOS,,9900925200008,PZ,PZ
ORIGEN,0000001077 - POS ORIGEN,9253,0000009253,VT DEMUERTE GOLD SYRAH COPA,KIT,0018,VINOS TINTOS,,9900925300005,PZ,PZ
ORIGEN,0000001077 - POS ORIGEN,8805,0000008805,VT DIRTY MINDED CS,KIT,0018,VINOS TINTOS,,9900880500007,PZ,PZ
ORIGEN,0000001077 - POS ORIGEN,8806,0000008806,VT DIRTY MINDED CS COPA,KIT,0018,VINOS TINTOS,,9900880600004,PZ,PZ
ORIGEN,0000001077 - POS ORIGEN,9756,0000009756,VT DON SILVESTRE G. RSVA. CS,KIT,0018,VINOS TINTOS,,9900975600001,PZ,PZ
ORIGEN,0000001077 - POS ORIGEN,9757,0000009757,VT DON SILVESTRE G. RSVA. CS COPA,KIT,0018,VINOS TINTOS,,9900975700008,PZ,PZ
ORIGEN,0000001077 - POS ORIGEN,9255,0000009255,VT DONOVAN PARKE PINOT NOIR,KIT,0018,VINOS TINTOS,,9900925500009,PZ,PZ
ORIGEN,0000001077 - POS ORIGEN,9256,0000009256,VT DONOVAN PARKE PINOT NOIR COPA,KIT,0018,VINOS TINTOS,,9900925600006,PZ,PZ
ORIGEN,0000001077 - POS ORIGEN,8535,0000008535,VT DRIFTING CS,KIT,0018,VINOS TINTOS,,9900853500003,PZ,PZ
ORIGEN,0000001077 - POS ORIGEN,8536,0000008536,VT DRIFTING CS COPA,KIT,0018,VINOS TINTOS,,9900853600000,PZ,PZ
ORIGEN,0000001077 - POS ORIGEN,9264,0000009264,VT EAGLE VALPOLICELLA,KIT,0018,VINOS TINTOS,,9900926400001,PZ,PZ
ORIGEN,0000001077 - POS ORIGEN,9265,0000009265,VT EAGLE VALPOLICELLA COPA,KIT,0018,VINOS TINTOS,,9900926500008,PZ,PZ
ORIGEN,0000001077 - POS ORIGEN,8802,0000008802,VT EL ORIGEN G. RSVA. MALBEC,KIT,0018,VINOS TINTOS,,9900880200006,PZ,PZ
ORIGEN,0000001077 - POS ORIGEN,8803,0000008803,VT EL ORIGEN G. RSVA. MALBEC COPA,KIT,0018,VINOS TINTOS,,9900880300003,PZ,PZ
ORIGEN,0000001077 - POS ORIGEN,8799,0000008799,VT EL ORIGEN RSVA. MALBEC,KIT,0018,VINOS TINTOS,,9900879900009,PZ,PZ
ORIGEN,0000001077 - POS ORIGEN,8800,0000008800,VT EL ORIGEN RSVA. MALBEC COPA,KIT,0018,VINOS TINTOS,,9900880000002,PZ,PZ
ORIGEN,0000001077 - POS ORIGEN,7701,0000007701,VT EL PERDON RSVA.,KIT,0018,VINOS TINTOS,,9900770100003,PZ,PZ
ORIGEN,0000001077 - POS ORIGEN,8131,0000008131,VT EL PERDON RSVA. COPA,KIT,0018,VINOS TINTOS,,9900813100007,PZ,PZ
ORIGEN,0000001077 - POS ORIGEN,7498,0000007498,VT ENSAMBLE COLINA,KIT,0018,VINOS TINTOS,,9900749800002,PZ,PZ
ORIGEN,0000001077 - POS ORIGEN,8796,0000008796,VT FINCA EL ORIGEN ANDES BLEND,KIT,0018,VINOS TINTOS,,9900879600008,PZ,PZ
ORIGEN,0000001077 - POS ORIGEN,4573,0000004573,VT FINCA IRIARTE,KIT,0018,VINOS TINTOS,,9900457300009,PZ,PZ
ORIGEN,0000001077 - POS ORIGEN,8171,0000008171,VT FREIXENET CHINATI,KIT,0018,VINOS TINTOS,,9900817100003,PZ,PZ
ORIGEN,0000001077 - POS ORIGEN,4158,0000004158,VT GHOST PINES ZINFANDEL,KIT,0018,VINOS TINTOS,,9900415800008,PZ,PZ
ORIGEN,0000001077 - POS ORIGEN,9249,0000009249,VT HITO TEMPRANILLO,KIT,0018,VINOS TINTOS,,9900924900008,PZ,PZ
ORIGEN,0000001077 - POS ORIGEN,9250,0000009250,VT HITO TEMPRANILLO COPA,KIT,0018,VINOS TINTOS,,9900925000004,PZ,PZ
ORIGEN,0000001077 - POS ORIGEN,7481,0000007481,VT IDEES PRIORAT,KIT,0018,VINOS TINTOS,,9900748100004,PZ,PZ
ORIGEN,0000001077 - POS ORIGEN,9747,0000009747,VT II POGGIO,KIT,0018,VINOS TINTOS,,9900974700009,PZ,PZ
ORIGEN,0000001077 - POS ORIGEN,9748,0000009748,VT II POGGIO COPA,KIT,0018,VINOS TINTOS,,9900974800006,PZ,PZ
ORIGEN,0000001077 - POS ORIGEN,7500,0000007500,VT INCOGNITO,KIT,0018,VINOS TINTOS,,9900750000002,PZ,PZ
ORIGEN,0000001077 - POS ORIGEN,7495,0000007495,VT LA BIKINA NEBBIOLO,KIT,0018,VINOS TINTOS,,9900749500001,PZ,PZ
ORIGEN,0000001077 - POS ORIGEN,8261,0000008261,VT LA PLANTA RIBERA DEL DUERO,KIT,0018,VINOS TINTOS,,9900826100001,PZ,PZ
ORIGEN,0000001077 - POS ORIGEN,8302,0000008302,VT LA PRADERA,KIT,0018,VINOS TINTOS,,9900830200001,PZ,PZ
ORIGEN,0000001077 - POS ORIGEN,8303,0000008303,VT LA PRADERA COPA,KIT,0018,VINOS TINTOS,,9900830300008,PZ,PZ
ORIGEN,0000001077 - POS ORIGEN,9224,0000009224,VT LA RSVE. PINOT NOIR,KIT,0018,VINOS TINTOS,,9900922400005,PZ,PZ
ORIGEN,0000001077 - POS ORIGEN,9225,0000009225,VT LA RSVE. PINOT NOIR COPA,KIT,0018,VINOS TINTOS,,9900922500002,PZ,PZ
ORIGEN,0000001077 - POS ORIGEN,9300,0000009300,VT LA VIGNA CHIANTI DOGC,KIT,0018,VINOS TINTOS,,9900930000006,PZ,PZ
ORIGEN,0000001077 - POS ORIGEN,9301,0000009301,VT LA VIGNA CHIANTI DOGC COPA,KIT,0018,VINOS TINTOS,,9900930100003,PZ,PZ
ORIGEN,0000001077 - POS ORIGEN,9218,0000009218,VT LES TOURELLES SYRAH,KIT,0018,VINOS TINTOS,,9900921800004,PZ,PZ
ORIGEN,0000001077 - POS ORIGEN,9219,0000009219,"VT LES TOURELLES, SYRAH, MERLOT COPA",KIT,0018,VINOS TINTOS,,9900921900001,PZ,PZ
ORIGEN,0000001077 - POS ORIGEN,1674,0000001674,VT LOMITA CS AÑADA 2020,KIT,0018,VINOS TINTOS,,9900167600000,PZ,PZ
ORIGEN,0000001077 - POS ORIGEN,7706,0000007706,VT LOPEZ HARO,KIT,0018,VINOS TINTOS,,9900770600008,PZ,PZ
ORIGEN,0000001077 - POS ORIGEN,8578,0000008578,VT LOS INTOCABLES,KIT,0018,VINOS TINTOS,,9900857800000,PZ,PZ
ORIGEN,0000001077 - POS ORIGEN,8579,0000008579,VT LOS INTOCABLES COPA,KIT,0018,VINOS TINTOS,,9900857900007,PZ,PZ
ORIGEN,0000001077 - POS ORIGEN,9240,0000009240,VT MARQUEZ DE MUNDAIZ CRIANZA,KIT,0018,VINOS TINTOS,,9900924000005,PZ,PZ
ORIGEN,0000001077 - POS ORIGEN,9241,0000009241,VT MARQUEZ DE MUNDAIZ CRIANZA COPA,KIT,0018,VINOS TINTOS,,9900924100002,PZ,PZ
ORIGEN,0000001077 - POS ORIGEN,9282,0000009282,VT MARRASO MALBEC,KIT,0018,VINOS TINTOS,,9900928200005,PZ,PZ
ORIGEN,0000001077 - POS ORIGEN,9283,0000009283,VT MARRASO MALBEC COPA,KIT,0018,VINOS TINTOS,,9900928300002,PZ,PZ
ORIGEN,0000001077 - POS ORIGEN,9273,0000009273,VT MAS DE 10 GRENACHE,KIT,0018,VINOS TINTOS,,9900927300003,PZ,PZ
ORIGEN,0000001077 - POS ORIGEN,9274,0000009274,VT MAS DE 10 GRENACHE COPA,KIT,0018,VINOS TINTOS,,9900927400000,PZ,PZ
ORIGEN,0000001077 - POS ORIGEN,8375,0000008375,VT MAS DE 10 MERLOT,KIT,0018,VINOS TINTOS,,9900837500005,PZ,PZ
ORIGEN,0000001077 - POS ORIGEN,9221,0000009221,VT MAS DES TOURELLES,KIT,0018,VINOS TINTOS,,9900922100004,PZ,PZ
ORIGEN,0000001077 - POS ORIGEN,9222,0000009222,VT MAS DES TOURELLES COPA,KIT,0018,VINOS TINTOS,,9900922200001,PZ,PZ
ORIGEN,0000001077 - POS ORIGEN,9247,0000009247,VT MAURO MOLINO COPA,KIT,0018,VINOS TINTOS,,9900924700004,PZ,PZ
ORIGEN,0000001077 - POS ORIGEN,9246,0000009246,VT MAURO MOLINO NEBBIOLO,KIT,0018,VINOS TINTOS,,9900924600007,PZ,PZ
ORIGEN,0000001077 - POS ORIGEN,7704,0000007704,VT MISTERIO MALBEC,KIT,0018,VINOS TINTOS,,9900770400004,PZ,PZ
ORIGEN,0000001077 - POS ORIGEN,7705,0000007705,VT MISTERIO MALBEC COPA,KIT,0018,VINOS TINTOS,,9900770500001,PZ,PZ
ORIGEN,0000001077 - POS ORIGEN,9258,0000009258,VT MUNDANO ESENCIAL SYRAH,KIT,0018,VINOS TINTOS,,9900925800000,PZ,PZ
ORIGEN,0000001077 - POS ORIGEN,9259,0000009259,VT MUNDANO ESENCIAL SYRAH COPA,KIT,0018,VINOS TINTOS,,9900925900007,PZ,PZ
ORIGEN,0000001077 - POS ORIGEN,7477,0000007477,VT NAVARRA CRIANZA,KIT,0018,VINOS TINTOS,,9900747700007,PZ,PZ
ORIGEN,0000001077 - POS ORIGEN,7497,0000007497,VT PERDERBERG PINOTAGE,KIT,0018,VINOS TINTOS,,9900749700005,PZ,PZ
ORIGEN,0000001077 - POS ORIGEN,9708,0000009708,VT PRIMUS BLEND,KIT,0018,VINOS TINTOS,,9900970800000,PZ,PZ
ORIGEN,0000001077 - POS ORIGEN,9709,0000009709,VT PRIMUS BLEND COPA,KIT,0018,VINOS TINTOS,,9900970900007,PZ,PZ
ORIGEN,0000001077 - POS ORIGEN,9723,0000009723,VT PROTOS ROBLE,KIT,0018,VINOS TINTOS,,9900972300003,PZ,PZ
ORIGEN,0000001077 - POS ORIGEN,9724,0000009724,VT PROTOS ROBLE COPA,KIT,0018,VINOS TINTOS,,9900972400000,PZ,PZ
ORIGEN,0000001077 - POS ORIGEN,8297,0000008297,VT PUGNUS RSVA. COPA,KIT,0018,VINOS TINTOS,,9900829700000,PZ,PZ
ORIGEN,0000001077 - POS ORIGEN,8457,0000008457,VT PUNTI FERRER CARMENERE,KIT,0018,VINOS TINTOS,,9900845700008,PZ,PZ
ORIGEN,0000001077 - POS ORIGEN,8455,0000008455,VT PUNTI FERRER MERLOT,KIT,0018,VINOS TINTOS,,9900845500004,PZ,PZ
ORIGEN,0000001077 - POS ORIGEN,9234,0000009234,VT SAINT GEORGES DIBRY CS,KIT,0018,VINOS TINTOS,,9900923400004,PZ,PZ
ORIGEN,0000001077 - POS ORIGEN,9235,0000009235,VT SAINT GEORGES DIBRY CS COPA,KIT,0018,VINOS TINTOS,,9900923500001,PZ,PZ
ORIGEN,0000001077 - POS ORIGEN,9750,0000009750,VT SANSILVESTRO,KIT,0018,VINOS TINTOS,,9900975000009,PZ,PZ
ORIGEN,0000001077 - POS ORIGEN,9751,0000009751,VT SANSILVESTRO COPA,KIT,0018,VINOS TINTOS,,9900975100006,PZ,PZ
ORIGEN,0000001077 - POS ORIGEN,7515,0000007515,VT SANTO TOMAS PARALELO 31.8,KIT,0018,VINOS TINTOS,,9900751500006,PZ,PZ
ORIGEN,0000001077 - POS ORIGEN,7516,0000007516,VT SANTO TOMAS PARALELO 31.8 COPA,KIT,0018,VINOS TINTOS,,9900751600003,PZ,PZ
ORIGEN,0000001077 - POS ORIGEN,9949,0000009949,VT SEPTIMA OBRA CAB FRANK BLLA COPA,KIT,0018,VINOS TINTOS,,9900994900007,PZ,PZ
ORIGEN,0000001077 - POS ORIGEN,9279,0000009279,VT SEPTIMA OBRA CABERNET,KIT,0018,VINOS TINTOS,,9900927900005,PZ,PZ
ORIGEN,0000001077 - POS ORIGEN,9280,0000009280,VT SEPTIMA OBRA CABERNET COPA,KIT,0018,VINOS TINTOS,,9900928000001,PZ,PZ
ORIGEN,0000001077 - POS ORIGEN,4202,0000004202,VT SOKATIRA CRIANZA,KIT,0018,VINOS TINTOS,,9900420200008,PZ,PZ
ORIGEN,0000001077 - POS ORIGEN,4372,0000004372,VT TARAPACA G. RSVA. CARMENERE,KIT,0018,VINOS TINTOS,,9900437200008,PZ,PZ
ORIGEN,0000001077 - POS ORIGEN,4218,0000004218,VT TEXBOOK NAPA VALLEY CS,KIT,0018,VINOS TINTOS,,9900421800009,PZ,PZ
ORIGEN,0000001077 - POS ORIGEN,9711,0000009711,VT TIERRA ADENTRO CS,KIT,0018,VINOS TINTOS,,9900971100000,PZ,PZ
ORIGEN,0000001077 - POS ORIGEN,9712,0000009712,VT TIERRA ADENTRO CS COPA,KIT,0018,VINOS TINTOS,,9900971200007,PZ,PZ
ORIGEN,0000001077 - POS ORIGEN,8299,0000008299,VT TONEL 14,KIT,0018,VINOS TINTOS,,9900829900004,PZ,PZ
ORIGEN,0000001077 - POS ORIGEN,8300,0000008300,VT TONEL 14 COPA,KIT,0018,VINOS TINTOS,,9900830000007,PZ,PZ
ORIGEN,0000001077 - POS ORIGEN,4045,0000004045,VT TRAPICHE MEDALLA CS,KIT,0018,VINOS TINTOS,,9900404500001,PZ,PZ
ORIGEN,0000001077 - POS ORIGEN,8538,0000008538,VT TRAPICHE RSVA.,KIT,0018,VINOS TINTOS,,9900853800004,PZ,PZ
ORIGEN,0000001077 - POS ORIGEN,8539,0000008539,VT TRAPICHE RSVA. COPA,KIT,0018,VINOS TINTOS,,9900853900001,PZ,PZ
ORIGEN,0000001077 - POS ORIGEN,8467,0000008467,VT TRES RAICES ENSAMBLE,KIT,0018,VINOS TINTOS,,9900846700007,PZ,PZ
ORIGEN,0000001077 - POS ORIGEN,8469,0000008469,VT TRES RAICES TINTO DE VERANO,KIT,0018,VINOS TINTOS,,9900846900001,PZ,PZ
ORIGEN,0000001077 - POS ORIGEN,8470,0000008470,VT TRES RAICES TINTO DE VERANO COPA,KIT,0018,VINOS TINTOS,,9900847000007,PZ,PZ
ORIGEN,0000001077 - POS ORIGEN,8463,0000008463,VT TRES RAICES TRE,KIT,0018,VINOS TINTOS,,9900846300009,PZ,PZ
ORIGEN,0000001077 - POS ORIGEN,8459,0000008459,VT VALLE SECRETO SYRAH,KIT,0018,VINOS TINTOS,,9900845900002,PZ,PZ
ORIGEN,0000001077 - POS ORIGEN,9799,0000009799,VT VILLA TOMILLA,KIT,0018,VINOS TINTOS,,9900979900008,PZ,PZ
ORIGEN,0000001077 - POS ORIGEN,9800,0000009800,VT VILLA TOMILLA COPA,KIT,0018,VINOS TINTOS,,9900980000001,PZ,PZ
ORIGEN,0000001077 - POS ORIGEN,7479,0000007479,VT VIÑA CHATEL SUAVE,KIT,0018,VINOS TINTOS,,9900747900001,PZ,PZ
ORIGEN,0000001077 - POS ORIGEN,9720,0000009720,VT VIÑA POMAL CRIANZA T.,KIT,0018,VINOS TINTOS,,9900972000002,PZ,PZ
ORIGEN,0000001077 - POS ORIGEN,9721,0000009721,VT VIÑA POMAL CRIANZA T. COPA,KIT,0018,VINOS TINTOS,,9900972100009,PZ,PZ
ORIGEN,0000001077 - POS ORIGEN,3526,0000003526,AGUA MINERAL TEHUACAN 355 ML,SERVICIO,0028,REFRESCOS Y MEZCLADORES GRATIS,,9900352600006,PZ,PZ
ORIGEN,0000001077 - POS ORIGEN,453,0000000453,WHI BALLANTINES FINEST,KIT,0029,WHISKYS,,9900045300008,PZ,PZ
ORIGEN,0000001077 - POS ORIGEN,773,0000000773,WHI BALLANTINES FINEST COPA,KIT,0029,WHISKYS,,9900077300007,PZ,PZ
ORIGEN,0000001077 - POS ORIGEN,4345,0000004345,WHI CHIVAS REGAL 13 AÑOS TEQ,KIT,0029,WHISKYS,,9900434500002,PZ,PZ
ORIGEN,0000001077 - POS ORIGEN,5317,0000005317,WHI CHIVAS REGAL 13 AÑOS TEQ COPA,KIT,0029,WHISKYS,,9900531700008,PZ,PZ
ORIGEN,0000001077 - POS ORIGEN,8396,0000008396,WHI CHIVAS REGAL 15 AÑOS,KIT,0029,WHISKYS,,9900839600000,PZ,PZ
ORIGEN,0000001077 - POS ORIGEN,8397,0000008397,WHI CHIVAS REGAL 15 AÑOS COPA,KIT,0029,WHISKYS,,9900839700007,PZ,PZ
ORIGEN,0000001077 - POS ORIGEN,7740,0000007740,WHI J. WALKER GOLD LABEL,KIT,0029,WHISKYS,,9900774000002,PZ,PZ
ORIGEN,0000001077 - POS ORIGEN,7739,0000007739,WHI J. WALKER GOLD LABEL COPA,KIT,0029,WHISKYS,,9900773900006,PZ,PZ
ORIGEN,0000001077 - POS ORIGEN,8499,0000008499,WHI JAMESON,KIT,0029,WHISKYS,,9900849900008,PZ,PZ
ORIGEN,0000001077 - POS ORIGEN,8500,0000008500,WHI JAMESON COPA,KIT,0029,WHISKYS,,9900850000001,PZ,PZ
ORIGEN,0000001077 - POS ORIGEN,9849,0000009849,WHI JOHN BARR RSVA.,KIT,0029,WHISKYS,,9900984900000,PZ,PZ
ORIGEN,0000001077 - POS ORIGEN,9850,0000009850,WHI JOHN BARR RSVA. COPA,KIT,0029,WHISKYS,,9900985000006,PZ,PZ
ORIGEN,0000001077 - POS ORIGEN,3143,0000003143,WHI WILD TURKEY 101 BOURBON,KIT,0029,WHISKYS,,9900314300005,PZ,PZ
ORIGEN,0000001077 - POS ORIGEN,1532,0000001532,WHI WILD TURKEY 101 BOURBON COPA,KIT,0029,WHISKYS,,9900153400003,PZ,PZ
ORIGEN,0000001077 - POS ORIGEN,1251,0000001251,WHI WILD TURKEY RYE,KIT,0029,WHISKYS,,9900125300003,PZ,PZ
ORIGEN,0000001077 - POS ORIGEN,1020,0000001020,WHI WILD TURKEY RYE COPA,KIT,0029,WHISKYS,,9900102200005,PZ,PZ
ORIGEN,0000001077 - POS ORIGEN,7512,0000007512,VR CORDUS CABERNET MERLOT,KIT,0030,VINOS ROSADOS,,9900751200005,PZ,PZ
ORIGEN,0000001077 - POS ORIGEN,7511,0000007511,VR LA BIKINA ZINFANDEL,KIT,0030,VINOS ROSADOS,,9900751100008,PZ,PZ
ORIGEN,0000001077 - POS ORIGEN,9288,0000009288,VR THE GIRLS IN THE VINEYARD,KIT,0030,VINOS ROSADOS,,9900928800007,PZ,PZ
ORIGEN,0000001077 - POS ORIGEN,9289,0000009289,VR THE GIRLS IN THE VINEYARD COPA,KIT,0030,VINOS ROSADOS,,9900928900004,PZ,PZ
ORIGEN,0000001077 - POS ORIGEN,8465,0000008465,VR TRES RAICES ROSE,KIT,0030,VINOS ROSADOS,,9900846500003,PZ,PZ
ORIGEN,0000001077 - POS ORIGEN,8478,0000008478,VR WHISPERING ANGEL,KIT,0030,VINOS ROSADOS,,9900847800003,PZ,PZ
ORIGEN,0000001077 - POS ORIGEN,8476,0000008476,VR WINEMAKERS SECRET BARRELS COPA,KIT,0030,VINOS ROSADOS,,9900847600009,PZ,PZ
ORIGEN,0000001077 - POS ORIGEN,9717,0000009717,VB ALTOTINTO CHARDONAY,KIT,0031,VINOS BLANCOS,,9900971700002,PZ,PZ
ORIGEN,0000001077 - POS ORIGEN,9718,0000009718,VB ALTOTINTO CHARDONAY COPA,KIT,0031,VINOS BLANCOS,,9900971800009,PZ,PZ
ORIGEN,0000001077 - POS ORIGEN,9714,0000009714,VB ALTOTINTO S. BLANC,KIT,0031,VINOS BLANCOS,,9900971400001,PZ,PZ
ORIGEN,0000001077 - POS ORIGEN,9732,0000009732,VB AVANIEL RUEDA VERDEJO,KIT,0031,VINOS BLANCOS,,9900973200005,PZ,PZ
ORIGEN,0000001077 - POS ORIGEN,9733,0000009733,VB AVANIEL RUEDA VERDEJO COPA,KIT,0031,VINOS BLANCOS,,9900973300002,PZ,PZ
ORIGEN,0000001077 - POS ORIGEN,7713,0000007713,VB CARMEN CHARDONNAY,KIT,0031,VINOS BLANCOS,,9900771300006,PZ,PZ
ORIGEN,0000001077 - POS ORIGEN,7517,0000007517,VB CATAGUA CHARDONAY,KIT,0031,VINOS BLANCOS,,9900751700000,PZ,PZ
ORIGEN,0000001077 - POS ORIGEN,7518,0000007518,VB CATAGUA CHARDONAY COPA,KIT,0031,VINOS BLANCOS,,9900751800007,PZ,PZ
ORIGEN,0000001077 - POS ORIGEN,4189,0000004189,VB CHATEAU MONTGAILLARD BLANC,KIT,0031,VINOS BLANCOS,,9900418900002,PZ,PZ
ORIGEN,0000001077 - POS ORIGEN,4190,0000004190,VB CHATEAU MONTGAILLARD BLANC COPA,KIT,0031,VINOS BLANCOS,,9900419000008,PZ,PZ
ORIGEN,0000001077 - POS ORIGEN,8790,0000008790,VB EL ORIGEN RSVA. TORRONTES,KIT,0031,VINOS BLANCOS,,9900879000006,PZ,PZ
ORIGEN,0000001077 - POS ORIGEN,8791,0000008791,VB EL ORIGEN RSVA. TORRONTES COPA,KIT,0031,VINOS BLANCOS,,9900879100003,PZ,PZ
ORIGEN,0000001077 - POS ORIGEN,9237,0000009237,VB EN LA PARRA CHARDONNAY,KIT,0031,VINOS BLANCOS,,9900923700005,PZ,PZ
ORIGEN,0000001077 - POS ORIGEN,9238,0000009238,VB EN LA PARRA CHARDONNAY COPA,KIT,0031,VINOS BLANCOS,,9900923800002,PZ,PZ
ORIGEN,0000001077 - POS ORIGEN,7509,0000007509,VB ESPUMOSO CAVA BRUT,KIT,0031,VINOS BLANCOS,,9900750900005,PZ,PZ
ORIGEN,0000001077 - POS ORIGEN,9744,0000009744,VB LE NOBLE,KIT,0031,VINOS BLANCOS,,9900974400008,PZ,PZ
ORIGEN,0000001077 - POS ORIGEN,9745,0000009745,VB LE NOBLE COPA,KIT,0031,VINOS BLANCOS,,9900974500005,PZ,PZ
ORIGEN,0000001077 - POS ORIGEN,9735,0000009735,VB LOLO ALBARIÑO,KIT,0031,VINOS BLANCOS,,9900973500006,PZ,PZ
ORIGEN,0000001077 - POS ORIGEN,9736,0000009736,VB LOLO ALBARIÑO COPA,KIT,0031,VINOS BLANCOS,,9900973600003,PZ,PZ
ORIGEN,0000001077 - POS ORIGEN,9753,0000009753,VB MURPHY GOODE,KIT,0031,VINOS BLANCOS,,9900975300000,PZ,PZ
ORIGEN,0000001077 - POS ORIGEN,9754,0000009754,VB MURPHY GOODE COPA,KIT,0031,VINOS BLANCOS,,9900975400007,PZ,PZ
ORIGEN,0000001077 - POS ORIGEN,7519,0000007519,VB RIBETE AZUL,KIT,0031,VINOS BLANCOS,,9900751900004,PZ,PZ
ORIGEN,0000001077 - POS ORIGEN,7520,0000007520,VB RIBETE AZUL COPA,KIT,0031,VINOS BLANCOS,,9900752000000,PZ,PZ
ORIGEN,0000001077 - POS ORIGEN,9802,0000009802,VB ROIXELA,KIT,0031,VINOS BLANCOS,,9900980200005,PZ,PZ
ORIGEN,0000001077 - POS ORIGEN,9803,0000009803,VB ROIXELA COPA,KIT,0031,VINOS BLANCOS,,9900980300002,PZ,PZ
ORIGEN,0000001077 - POS ORIGEN,9261,0000009261,VB SANTO TOMAS 31.8 BLANC,KIT,0031,VINOS BLANCOS,,9900926100000,PZ,PZ
ORIGEN,0000001077 - POS ORIGEN,9262,0000009262,VB SANTO TOMAS 31.8 BLANC COPA,KIT,0031,VINOS BLANCOS,,9900926200007,PZ,PZ
ORIGEN,0000001077 - POS ORIGEN,7510,0000007510,VB SOPHIE,KIT,0031,VINOS BLANCOS,,9900751000001,PZ,PZ
ORIGEN,0000001077 - POS ORIGEN,9270,0000009270,VB SYMPHONY CHENIN BLANC,KIT,0031,VINOS BLANCOS,,9900927000002,PZ,PZ
ORIGEN,0000001077 - POS ORIGEN,9271,0000009271,VB SYMPHONY CHENIN BLANC COPA,KIT,0031,VINOS BLANCOS,,9900927100009,PZ,PZ
ORIGEN,0000001077 - POS ORIGEN,9309,0000009309,VB TRIVARIETAL SAUVIGNON BLANC,KIT,0031,VINOS BLANCOS,,9900930900009,PZ,PZ
ORIGEN,0000001077 - POS ORIGEN,9310,0000009310,VB TRIVARIETAL SAUVIGNON BLANC COPA,KIT,0031,VINOS BLANCOS,,9900931000005,PZ,PZ
ORIGEN,0000001077 - POS ORIGEN,8472,0000008472,VB TWIN ISLAND,KIT,0031,VINOS BLANCOS,,9900847200001,PZ,PZ
ORIGEN,0000001077 - POS ORIGEN,8473,0000008473,VB TWIN ISLAND COPA,KIT,0031,VINOS BLANCOS,,9900847300008,PZ,PZ
ORIGEN,0000001077 - POS ORIGEN,9291,0000009291,VB VIÑA POMAL VIURA MALVSIA,KIT,0031,VINOS BLANCOS,,9900929100007,PZ,PZ
ORIGEN,0000001077 - POS ORIGEN,9292,0000009292,VB VIÑA POMAL VIURA MALVSIA COPA,KIT,0031,VINOS BLANCOS,,9900929200004,PZ,PZ
ORIGEN,0000001077 - POS ORIGEN,9061,0000009061,BROWNIE DE CHOCOLATE,KIT,0032,PRODUCTOS COMPUESTOS,,9900906100006,PZ,PZ
ORIGEN,0000001077 - POS ORIGEN,4167,0000004167,COC #1 GOLDEN APPLE,KIT,0035,COCKTAILS Y MIXOLOGIA,,9900416700000,PZ,PZ
ORIGEN,0000001077 - POS ORIGEN,8525,0000008525,COC ANCIENT COUNTESS,KIT,0035,COCKTAILS Y MIXOLOGIA,,9900852500004,PZ,PZ
ORIGEN,0000001077 - POS ORIGEN,5756,0000005756,COC APERTURA WHITE RABBIT,KIT,0035,COCKTAILS Y MIXOLOGIA,,9900575600005,PZ,PZ
ORIGEN,0000001077 - POS ORIGEN,9341,0000009341,COC APPLETON MARACUYA,KIT,0035,COCKTAILS Y MIXOLOGIA,,9900934100009,PZ,PZ
ORIGEN,0000001077 - POS ORIGEN,8516,0000008516,COC AROMATIC,KIT,0035,COCKTAILS Y MIXOLOGIA,,9900851600002,PZ,PZ
ORIGEN,0000001077 - POS ORIGEN,8523,0000008523,COC BEETROT TONIC,KIT,0035,COCKTAILS Y MIXOLOGIA,,9900852300000,PZ,PZ
ORIGEN,0000001077 - POS ORIGEN,9333,0000009333,COC BLUE COCO,KIT,0035,COCKTAILS Y MIXOLOGIA,,9900933300004,PZ,PZ
ORIGEN,0000001077 - POS ORIGEN,9346,0000009346,COC BRAMBLE,KIT,0035,COCKTAILS Y MIXOLOGIA,,9900934600004,PZ,PZ
ORIGEN,0000001077 - POS ORIGEN,9334,0000009334,COC C6 ORIGEN,KIT,0035,COCKTAILS Y MIXOLOGIA,,9900933400001,PZ,PZ
ORIGEN,0000001077 - POS ORIGEN,8502,0000008502,COC CARAJILLO WHITE,KIT,0035,COCKTAILS Y MIXOLOGIA,,9900850200005,PZ,PZ
ORIGEN,0000001077 - POS ORIGEN,8503,0000008503,COC CARAJILLO WILD,KIT,0035,COCKTAILS Y MIXOLOGIA,,9900850300002,PZ,PZ
ORIGEN,0000001077 - POS ORIGEN,9339,0000009339,COC CHIVAS TORONJA,KIT,0035,COCKTAILS Y MIXOLOGIA,,9900933900006,PZ,PZ
ORIGEN,0000001077 - POS ORIGEN,9355,0000009355,COC DRY MARTINI,KIT,0035,COCKTAILS Y MIXOLOGIA,,9900935500006,PZ,PZ
ORIGEN,0000001077 - POS ORIGEN,4390,0000004390,COC EL GRITO,KIT,0035,COCKTAILS Y MIXOLOGIA,,9900439000002,PZ,PZ
ORIGEN,0000001077 - POS ORIGEN,8891,0000008891,COC EL ORIGEN,KIT,0035,COCKTAILS Y MIXOLOGIA,,9900889100000,PZ,PZ
ORIGEN,0000001077 - POS ORIGEN,8501,0000008501,COC ELOTITUTL,KIT,0035,COCKTAILS Y MIXOLOGIA,,9900850100008,PZ,PZ
ORIGEN,0000001077 - POS ORIGEN,8515,0000008515,COC EXPRESO A FRANCIA,KIT,0035,COCKTAILS Y MIXOLOGIA,,9900851500005,PZ,PZ
ORIGEN,0000001077 - POS ORIGEN,8382,0000008382,COC EXPRESSO BRUGAL,KIT,0035,COCKTAILS Y MIXOLOGIA,,9900838200003,PZ,PZ
ORIGEN,0000001077 - POS ORIGEN,8890,0000008890,COC FORASTERO,KIT,0035,COCKTAILS Y MIXOLOGIA,,9900889000003,PZ,PZ
ORIGEN,0000001077 - POS ORIGEN,9345,0000009345,COC GIN BOTANICS,KIT,0035,COCKTAILS Y MIXOLOGIA,,9900934500007,PZ,PZ
ORIGEN,0000001077 - POS ORIGEN,9344,0000009344,COC GIN FRESA,KIT,0035,COCKTAILS Y MIXOLOGIA,,9900934400000,PZ,PZ
ORIGEN,0000001077 - POS ORIGEN,9343,0000009343,COC GIN FRUTOS ROJOS,KIT,0035,COCKTAILS Y MIXOLOGIA,,9900934300003,PZ,PZ
ORIGEN,0000001077 - POS ORIGEN,8517,0000008517,COC GIN ROSSO,KIT,0035,COCKTAILS Y MIXOLOGIA,,9900851700009,PZ,PZ
ORIGEN,0000001077 - POS ORIGEN,8513,0000008513,COC GINGER SUNSET,KIT,0035,COCKTAILS Y MIXOLOGIA,,9900851300001,PZ,PZ
ORIGEN,0000001077 - POS ORIGEN,8518,0000008518,COC INTERCEPTION,KIT,0035,COCKTAILS Y MIXOLOGIA,,9900851800006,PZ,PZ
ORIGEN,0000001077 - POS ORIGEN,8885,0000008885,COC JAMAIKINA,KIT,0035,COCKTAILS Y MIXOLOGIA,,9900888500009,PZ,PZ
ORIGEN,0000001077 - POS ORIGEN,8889,0000008889,COC JESSE JAMES,KIT,0035,COCKTAILS Y MIXOLOGIA,,9900888900007,PZ,PZ
ORIGEN,0000001077 - POS ORIGEN,9342,0000009342,COC KIWI MONTELOBOS,KIT,0035,COCKTAILS Y MIXOLOGIA,,9900934200006,PZ,PZ
ORIGEN,0000001077 - POS ORIGEN,8888,0000008888,COC KIWINASHO,KIT,0035,COCKTAILS Y MIXOLOGIA,,9900888800000,PZ,PZ
ORIGEN,0000001077 - POS ORIGEN,8431,0000008431,COC LAST WORD,KIT,0035,COCKTAILS Y MIXOLOGIA,,9900843100008,PZ,PZ
ORIGEN,0000001077 - POS ORIGEN,8514,0000008514,COC LIL RABIT,KIT,0035,COCKTAILS Y MIXOLOGIA,,9900851400008,PZ,PZ
ORIGEN,0000001077 - POS ORIGEN,9336,0000009336,COC LONG ISLAND,KIT,0035,COCKTAILS Y MIXOLOGIA,,9900933600005,PZ,PZ
ORIGEN,0000001077 - POS ORIGEN,9337,0000009337,COC MANGO TOBALA,KIT,0035,COCKTAILS Y MIXOLOGIA,,9900933700002,PZ,PZ
ORIGEN,0000001077 - POS ORIGEN,9356,0000009356,COC MARTINI ESPRESSO,KIT,0035,COCKTAILS Y MIXOLOGIA,,9900935600003,PZ,PZ
ORIGEN,0000001077 - POS ORIGEN,8507,0000008507,COC MEZCAL MULE,KIT,0035,COCKTAILS Y MIXOLOGIA,,9900850700000,PZ,PZ
ORIGEN,0000001077 - POS ORIGEN,8883,0000008883,COC MEZCALINA,KIT,0035,COCKTAILS Y MIXOLOGIA,,9900888300005,PZ,PZ
ORIGEN,0000001077 - POS ORIGEN,8506,0000008506,COC MEZCALITA CLASICA,KIT,0035,COCKTAILS Y MIXOLOGIA,,9900850600003,PZ,PZ
ORIGEN,0000001077 - POS ORIGEN,8504,0000008504,COC MEZCALITA PINEAPPLE EXPRESS,KIT,0035,COCKTAILS Y MIXOLOGIA,,9900850400009,PZ,PZ
ORIGEN,0000001077 - POS ORIGEN,9180,0000009180,COC MICTLAN,KIT,0035,COCKTAILS Y MIXOLOGIA,,9900918000004,PZ,PZ
ORIGEN,0000001077 - POS ORIGEN,8508,0000008508,COC OAXACA EXPRESS,KIT,0035,COCKTAILS Y MIXOLOGIA,,9900850800007,PZ,PZ
ORIGEN,0000001077 - POS ORIGEN,740,0000000740,COC OLD FASHIONED ORIGEN,KIT,0035,COCKTAILS Y MIXOLOGIA,,9900074000009,PZ,PZ
ORIGEN,0000001077 - POS ORIGEN,8512,0000008512,COC PASSIONFRUIT EATER,KIT,0035,COCKTAILS Y MIXOLOGIA,,9900851200004,PZ,PZ
ORIGEN,0000001077 - POS ORIGEN,9335,0000009335,COC PEPINO BUSH,KIT,0035,COCKTAILS Y MIXOLOGIA,,9900933500008,PZ,PZ
ORIGEN,0000001077 - POS ORIGEN,9340,0000009340,COC PIÑA GLEN,KIT,0035,COCKTAILS Y MIXOLOGIA,,9900934000002,PZ,PZ
ORIGEN,0000001077 - POS ORIGEN,8505,0000008505,COC RED FATE,KIT,0035,COCKTAILS Y MIXOLOGIA,,9900850500006,PZ,PZ
ORIGEN,0000001077 - POS ORIGEN,8524,0000008524,COC RED VELVET,KIT,0035,COCKTAILS Y MIXOLOGIA,,9900852400007,PZ,PZ
ORIGEN,0000001077 - POS ORIGEN,8886,0000008886,COC REINA ROJA,KIT,0035,COCKTAILS Y MIXOLOGIA,,9900888600006,PZ,PZ
ORIGEN,0000001077 - POS ORIGEN,8884,0000008884,COC REY ROJO,KIT,0035,COCKTAILS Y MIXOLOGIA,,9900888400002,PZ,PZ
ORIGEN,0000001077 - POS ORIGEN,8509,0000008509,COC ROUGH WOLF,KIT,0035,COCKTAILS Y MIXOLOGIA,,9900850900004,PZ,PZ
ORIGEN,0000001077 - POS ORIGEN,8882,0000008882,COC SANGRIA ALBINA,KIT,0035,COCKTAILS Y MIXOLOGIA,,9900888200008,PZ,PZ
ORIGEN,0000001077 - POS ORIGEN,8381,0000008381,COC SANTOS LIBRE,KIT,0035,COCKTAILS Y MIXOLOGIA,,9900838100006,PZ,PZ
ORIGEN,0000001077 - POS ORIGEN,8511,0000008511,COC SAZERAC,KIT,0035,COCKTAILS Y MIXOLOGIA,,9900851100007,PZ,PZ
ORIGEN,0000001077 - POS ORIGEN,4150,0000004150,COC TIKI BOWL,KIT,0035,COCKTAILS Y MIXOLOGIA,,9900415000002,PZ,PZ
ORIGEN,0000001077 - POS ORIGEN,4181,0000004181,COC TOM COLLINS,KIT,0035,COCKTAILS Y MIXOLOGIA,,9900418100006,PZ,PZ
ORIGEN,0000001077 - POS ORIGEN,8510,0000008510,COC WHISKEY SOUR,KIT,0035,COCKTAILS Y MIXOLOGIA,,9900851000000,PZ,PZ
ORIGEN,0000001077 - POS ORIGEN,4161,0000004161,COC ZOMBIE,KIT,0035,COCKTAILS Y MIXOLOGIA,,9900416100008,PZ,PZ
ORIGEN,0000001077 - POS ORIGEN,4256,0000004256,MIXO CIELO ROSA,KIT,0035,COCKTAILS Y MIXOLOGIA,,9900425600001,PZ,PZ
ORIGEN,0000001077 - POS ORIGEN,5368,0000005368,MIXO EL SECRETO,KIT,0035,COCKTAILS Y MIXOLOGIA,,9900536800000,PZ,PZ
ORIGEN,0000001077 - POS ORIGEN,9615,0000009615,MOC APPLETON MARACUYA,KIT,0035,COCKTAILS Y MIXOLOGIA,,9900961500001,PZ,PZ
ORIGEN,0000001077 - POS ORIGEN,9613,0000009613,MOC CHIVAS TORONJA,KIT,0035,COCKTAILS Y MIXOLOGIA,,9900961300007,PZ,PZ
ORIGEN,0000001077 - POS ORIGEN,9699,0000009699,MOC CIELO ROSA,KIT,0035,COCKTAILS Y MIXOLOGIA,,9900969900001,PZ,PZ
ORIGEN,0000001077 - POS ORIGEN,9693,0000009693,MOC FORASTERO,KIT,0035,COCKTAILS Y MIXOLOGIA,,9900969300009,PZ,PZ
ORIGEN,0000001077 - POS ORIGEN,9614,0000009614,MOC KIWI MONTELOBOS,KIT,0035,COCKTAILS Y MIXOLOGIA,,9900961400004,PZ,PZ
ORIGEN,0000001077 - POS ORIGEN,9610,0000009610,MOC MANGO TOBALA,KIT,0035,COCKTAILS Y MIXOLOGIA,,9900961000006,PZ,PZ
ORIGEN,0000001077 - POS ORIGEN,9612,0000009612,MOC MEZCALITA DE JAMAICA,KIT,0035,COCKTAILS Y MIXOLOGIA,,9900961200000,PZ,PZ
ORIGEN,0000001077 - POS ORIGEN,9698,0000009698,MOC PASSION LOVE,KIT,0035,COCKTAILS Y MIXOLOGIA,,9900969800004,PZ,PZ
ORIGEN,0000001077 - POS ORIGEN,9694,0000009694,MOC PASSIONFRUIT EATER,KIT,0035,COCKTAILS Y MIXOLOGIA,,9900969400006,PZ,PZ
ORIGEN,0000001077 - POS ORIGEN,9611,0000009611,MOC RED FATE,KIT,0035,COCKTAILS Y MIXOLOGIA,,9900961100003,PZ,PZ
ORIGEN,0000001077 - POS ORIGEN,9697,0000009697,MOC RED SKIN,KIT,0035,COCKTAILS Y MIXOLOGIA,,9900969700007,PZ,PZ
ORIGEN,0000001077 - POS ORIGEN,9695,0000009695,MOC ROUGH WOLF,KIT,0035,COCKTAILS Y MIXOLOGIA,,9900969500003,PZ,PZ
ORIGEN,0000001077 - POS ORIGEN,9696,0000009696,MOC SUSET,KIT,0035,COCKTAILS Y MIXOLOGIA,,9900969600000,PZ,PZ
ORIGEN,0000001077 - POS ORIGEN,9294,0000009294,VE BOTTEGA PETALO II,KIT,0036,VINOS ESPUMOSOS/POSTRE,,9900929400008,PZ,PZ
ORIGEN,0000001077 - POS ORIGEN,9295,0000009295,VE BOTTEGA PETALO II COPA,KIT,0036,VINOS ESPUMOSOS/POSTRE,,9900929500005,PZ,PZ
ORIGEN,0000001077 - POS ORIGEN,9759,0000009759,VE CAVA LA ROSCA BRUT,KIT,0036,VINOS ESPUMOSOS/POSTRE,,9900975900002,PZ,PZ
ORIGEN,0000001077 - POS ORIGEN,9760,0000009760,VE CAVA LA ROSCA BRUT COPA,KIT,0036,VINOS ESPUMOSOS/POSTRE,,9900976000008,PZ,PZ
ORIGEN,0000001077 - POS ORIGEN,8484,0000008484,VE CHANDON BRUT,KIT,0036,VINOS ESPUMOSOS/POSTRE,,9900848400004,PZ,PZ
ORIGEN,0000001077 - POS ORIGEN,8482,0000008482,VE CHANDON DELICE,KIT,0036,VINOS ESPUMOSOS/POSTRE,,9900848200000,PZ,PZ
ORIGEN,0000001077 - POS ORIGEN,9762,0000009762,VE TORDELCOLLE PROSECCO,KIT,0036,VINOS ESPUMOSOS/POSTRE,,9900976200002,PZ,PZ
ORIGEN,0000001077 - POS ORIGEN,9763,0000009763,VE TORDELCOLLE PROSECCO COPA,KIT,0036,VINOS ESPUMOSOS/POSTRE,,9900976300009,PZ,PZ
ORIGEN,0000001077 - POS ORIGEN,10003,0000010003,BISQUE CREMOSO DE CAMARON,KIT,0039,SOPAS Y PASTAS,,9901000300002,PZ,PZ
ORIGEN,0000001077 - POS ORIGEN,7441,0000007441,BISQUET DE CAMARON,KIT,0039,SOPAS Y PASTAS,,9900744100008,PZ,PZ
ORIGEN,0000001077 - POS ORIGEN,8620,0000008620,CALDO DE COLA DE RES,KIT,0039,SOPAS Y PASTAS,,9900862000006,PZ,PZ
ORIGEN,0000001077 - POS ORIGEN,4678,0000004678,CARBONARA NORTEÑA DE CHICHARRON,KIT,0039,SOPAS Y PASTAS,,9900467800001,PZ,PZ
ORIGEN,0000001077 - POS ORIGEN,8697,0000008697,CREMA DE ALCACHOFA,KIT,0039,SOPAS Y PASTAS,,9900869700008,PZ,PZ
ORIGEN,0000001077 - POS ORIGEN,8625,0000008625,CREMA DE SALMON,KIT,0039,SOPAS Y PASTAS,,9900862500001,PZ,PZ
ORIGEN,0000001077 - POS ORIGEN,8083,0000008083,FETUCCINI ALFREDO,SERVICIO,0039,SOPAS Y PASTAS,,9900808300009,PZ,PZ
ORIGEN,0000001077 - POS ORIGEN,8687,0000008687,FETUCCINI ALFREDO C. POLLO NY2024,KIT,0039,SOPAS Y PASTAS,,9900868700009,PZ,PZ
ORIGEN,0000001077 - POS ORIGEN,8944,0000008944,FRIJOL C. PUERCO ORIGEN,KIT,0039,SOPAS Y PASTAS,,9900894400003,PZ,PZ
ORIGEN,0000001077 - POS ORIGEN,8619,0000008619,PASTA A LA VONGOLE Y PESTO DE CHAYA,KIT,0039,SOPAS Y PASTAS,,9900861900000,PZ,PZ
ORIGEN,0000001077 - POS ORIGEN,8863,0000008863,PASTA DE MARISCOS,KIT,0039,SOPAS Y PASTAS,,9900886300007,PZ,PZ
ORIGEN,0000001077 - POS ORIGEN,7410,0000007410,SOPA DE MEDULA,KIT,0039,SOPAS Y PASTAS,,9900741000004,PZ,PZ
ORIGEN,0000001077 - POS ORIGEN,8855,0000008855,COC FLAVOR (DUO),SERVICIO,0041,EVENTOS/TEMPORADA,,9900885500002,PZ,PZ
ORIGEN,0000001077 - POS ORIGEN,8853,0000008853,COC FLAVOR (EL),KIT,0041,EVENTOS/TEMPORADA,,9900885300008,PZ,PZ
ORIGEN,0000001077 - POS ORIGEN,8854,0000008854,COC FLAVOR (ELLA),KIT,0041,EVENTOS/TEMPORADA,,9900885400005,PZ,PZ
ORIGEN,0000001077 - POS ORIGEN,9944,0000009944,COC PINK KISS,KIT,0041,EVENTOS/TEMPORADA,,9900994400002,PZ,PZ
ORIGEN,0000001077 - POS ORIGEN,8570,0000008570,COC PINK LADY,KIT,0041,EVENTOS/TEMPORADA,,9900857000004,PZ,PZ
ORIGEN,0000001077 - POS ORIGEN,8571,0000008571,COC ROSA MIX,KIT,0041,EVENTOS/TEMPORADA,,9900857100001,PZ,PZ
ORIGEN,0000001077 - POS ORIGEN,9922,0000009922,FILETE DE MIGNON,KIT,0041,EVENTOS/TEMPORADA,,9900992200000,PZ,PZ
ORIGEN,0000001077 - POS ORIGEN,9134,0000009134,PUMPKIN CAKE,KIT,0041,EVENTOS/TEMPORADA,,9900913400007,PZ,PZ
ORIGEN,0000001077 - POS ORIGEN,9598,0000009598,FETUCCINI ALFREDO C. POLLO KIDS,KIT,0043,MENU INFANTIL,,9900959800007,PZ,PZ
ORIGEN,0000001077 - POS ORIGEN,8073,0000008073,HAMBURGUESA NIÑO ORIGEN,KIT,0043,MENU INFANTIL,,9900807300000,PZ,PZ
ORIGEN,0000001077 - POS ORIGEN,9597,0000009597,MAC AND CHEESE KIDS,KIT,0043,MENU INFANTIL,,9900959700000,PZ,PZ
ORIGEN,0000001077 - POS ORIGEN,1095,0000001095,ARRACHERA PRIME CON HUEVO DE RANCHO,KIT,0044,DESAYUNOS,,9900109700003,PZ,PZ
ORIGEN,0000001077 - POS ORIGEN,9392,0000009392,BIRRIA DE ES,KIT,0044,DESAYUNOS,,9900939200001,PZ,PZ
ORIGEN,0000001077 - POS ORIGEN,841,0000000841,BRIOCHE DULCE ORIGEN,KIT,0044,DESAYUNOS,,9900084300007,PZ,PZ
ORIGEN,0000001077 - POS ORIGEN,9022,0000009022,CHILAQUILES ROJOS,KIT,0044,DESAYUNOS,,9900902200007,PZ,PZ
ORIGEN,0000001077 - POS ORIGEN,9391,0000009391,COCHINITA PIBIL,KIT,0044,DESAYUNOS,,9900939100004,PZ,PZ
ORIGEN,0000001077 - POS ORIGEN,9064,0000009064,CONCHA CHOCOLATE C/NATA,KIT,0044,DESAYUNOS,,9900906400007,PZ,PZ
ORIGEN,0000001077 - POS ORIGEN,9063,0000009063,CONCHA CHOCOLATE S/NATA,KIT,0044,DESAYUNOS,,9900906300000,PZ,PZ
ORIGEN,0000001077 - POS ORIGEN,9060,0000009060,GALLETAS EN SARTEN,KIT,0044,DESAYUNOS,,9900906000009,PZ,PZ
ORIGEN,0000001077 - POS ORIGEN,9062,0000009062,HOT CAKES,KIT,0044,DESAYUNOS,,9900906200003,PZ,PZ
ORIGEN,0000001077 - POS ORIGEN,9012,0000009012,HUEVOS A CABALLO,KIT,0044,DESAYUNOS,,9900901200008,PZ,PZ
ORIGEN,0000001077 - POS ORIGEN,9010,0000009010,HUEVOS AHOGADOS DIVORCIADOS,KIT,0044,DESAYUNOS,,9900901000004,PZ,PZ
ORIGEN,0000001077 - POS ORIGEN,9014,0000009014,HUEVOS AL GUSTO,KIT,0044,DESAYUNOS,,9900901400002,PZ,PZ
ORIGEN,0000001077 - POS ORIGEN,9013,0000009013,HUEVOS C. HUITLACOCHE,KIT,0044,DESAYUNOS,,9900901300005,PZ,PZ
ORIGEN,0000001077 - POS ORIGEN,9016,0000009016,HUEVOS C/CHAMPIÑONES,KIT,0044,DESAYUNOS,,9900901600006,PZ,PZ
ORIGEN,0000001077 - POS ORIGEN,9017,0000009017,HUEVOS C/JAMON,KIT,0044,DESAYUNOS,,9900901700003,PZ,PZ
ORIGEN,0000001077 - POS ORIGEN,9019,0000009019,HUEVOS C/QUESO OAXACA,KIT,0044,DESAYUNOS,,9900901900007,PZ,PZ
ORIGEN,0000001077 - POS ORIGEN,9018,0000009018,HUEVOS C/QUESO PAÑELA,KIT,0044,DESAYUNOS,,9900901800000,PZ,PZ
ORIGEN,0000001077 - POS ORIGEN,9015,0000009015,HUEVOS C/TOCINO,KIT,0044,DESAYUNOS,,9900901500009,PZ,PZ
ORIGEN,0000001077 - POS ORIGEN,9007,0000009007,HUEVOS CRUNCHY,KIT,0044,DESAYUNOS,,9900900700004,PZ,PZ
ORIGEN,0000001077 - POS ORIGEN,9008,0000009008,HUEVOS MACHACADO NORTEÑO SALSA ROJA,KIT,0044,DESAYUNOS,,9900900800001,PZ,PZ
ORIGEN,0000001077 - POS ORIGEN,9009,0000009009,HUEVOS MACHADADOS A LA MEXICANA,KIT,0044,DESAYUNOS,,9900900900008,PZ,PZ
ORIGEN,0000001077 - POS ORIGEN,1078,0000001078,HUEVOS RANCHEROS A LA PASILLA CON PICAÑA,KIT,0044,DESAYUNOS,,9900108000005,PZ,PZ
ORIGEN,0000001077 - POS ORIGEN,9390,0000009390,LECHON AL HORNO,KIT,0044,DESAYUNOS,,9900939000007,PZ,PZ
ORIGEN,0000001077 - POS ORIGEN,1042,0000001042,MIGAS TRADICIONALES VALLADOLID,KIT,0044,DESAYUNOS,,9900104400007,PZ,PZ
ORIGEN,0000001077 - POS ORIGEN,9054,0000009054,MOLLETES C/CHISTORRA,KIT,0044,DESAYUNOS,,9900905400008,PZ,PZ
ORIGEN,0000001077 - POS ORIGEN,9055,0000009055,MOLLETES C/JAMON,KIT,0044,DESAYUNOS,,9900905500005,PZ,PZ
ORIGEN,0000001077 - POS ORIGEN,9053,0000009053,MOLLETES CLASICOS,KIT,0044,DESAYUNOS,,9900905300001,PZ,PZ
ORIGEN,0000001077 - POS ORIGEN,9011,0000009011,MONTADO DE AGUACATE,KIT,0044,DESAYUNOS,,9900901100001,PZ,PZ
ORIGEN,0000001077 - POS ORIGEN,9020,0000009020,OMELETE DE CLARA,KIT,0044,DESAYUNOS,,9900902000003,PZ,PZ
ORIGEN,0000001077 - POS ORIGEN,9058,0000009058,PLATO DE FRUTAS DE TEMPORADA,KIT,0044,DESAYUNOS,,9900905800006,PZ,PZ
ORIGEN,0000001077 - POS ORIGEN,9065,0000009065,ROL DE CANELA,KIT,0044,DESAYUNOS,,9900906500004,PZ,PZ
ORIGEN,0000001077 - POS ORIGEN,9057,0000009057,SOPA DE MEDULA,KIT,0044,DESAYUNOS,,9900905700009,PZ,PZ
ORIGEN,0000001077 - POS ORIGEN,9037,0000009037,TACO DE BARBACOA,KIT,0044,DESAYUNOS,,9900903700001,PZ,PZ
ORIGEN,0000001077 - POS ORIGEN,9033,0000009033,TACO DE SHORT RIB,KIT,0044,DESAYUNOS,,9900903300003,PZ,PZ
ORIGEN,0000001077 - POS ORIGEN,9059,0000009059,TACOS DE BIRRIA,KIT,0044,DESAYUNOS,,9900905900003,PZ,PZ
ORIGEN,0000001077 - POS ORIGEN,9052,0000009052,TACOS DE CHICHARRON PRENSADO E/SALSA ROJA,KIT,0044,DESAYUNOS,,9900905200004,PZ,PZ
ORIGEN,0000001077 - POS ORIGEN,9051,0000009051,TACOS DE CHICHARRON PRENSADO E/SALSA VERDE,KIT,0044,DESAYUNOS,,9900905100007,PZ,PZ
ORIGEN,0000001077 - POS ORIGEN,9029,0000009029,TACOS DE COCHINITA PIBIL,KIT,0044,DESAYUNOS,,9900902900006,PZ,PZ
ORIGEN,0000001077 - POS ORIGEN,9035,0000009035,TACOS DE HUEVO C. LONGANIZA,KIT,0044,DESAYUNOS,,9900903500007,PZ,PZ
ORIGEN,0000001077 - POS ORIGEN,9027,0000009027,TACOS DE LECHON AL HORNO,KIT,0044,DESAYUNOS,,9900902700002,PZ,PZ
ORIGEN,0000001077 - POS ORIGEN,9031,0000009031,TACOS DE MACHACA,KIT,0044,DESAYUNOS,,9900903100009,PZ,PZ
ORIGEN,0000001077 - POS ORIGEN,9050,0000009050,TACOS DE QUESO C/RAJAS,KIT,0044,DESAYUNOS,,9900905000000,PZ,PZ
ORIGEN,0000001077 - POS ORIGEN,9036,0000009036,TORTA DE BARBACOA,KIT,0044,DESAYUNOS,,9900903600004,PZ,PZ
ORIGEN,0000001077 - POS ORIGEN,9028,0000009028,TORTA DE COCHINITA PIBIL,KIT,0044,DESAYUNOS,,9900902800009,PZ,PZ
ORIGEN,0000001077 - POS ORIGEN,9034,0000009034,TORTA DE HUEVO C/LONGANIZA,KIT,0044,DESAYUNOS,,9900903400000,PZ,PZ
ORIGEN,0000001077 - POS ORIGEN,9026,0000009026,TORTA DE LECHON,KIT,0044,DESAYUNOS,,9900902600005,PZ,PZ
ORIGEN,0000001077 - POS ORIGEN,9030,0000009030,TORTA DE MACHACA,KIT,0044,DESAYUNOS,,9900903000002,PZ,PZ
ORIGEN,0000001077 - POS ORIGEN,9032,0000009032,TORTA DE SHORT RIB,KIT,0044,DESAYUNOS,,9900903200006,PZ,PZ
ORIGEN,0000001077 - POS ORIGEN,8952,0000008952,PAQUETE 1 AMIGOS,SERVICIO,0048,PARA LLEVAR,,9900895200008,PZ,PZ
ORIGEN,0000001077 - POS ORIGEN,8948,0000008948,PAQUETE 1 DUO,SERVICIO,0048,PARA LLEVAR,,9900894800001,PZ,PZ
ORIGEN,0000001077 - POS ORIGEN,8945,0000008945,PAQUETE 1 INDIVIDUAL,SERVICIO,0048,PARA LLEVAR,,9900894500000,PZ,PZ
ORIGEN,0000001077 - POS ORIGEN,8946,0000008946,PAQUETE 2 INDIVIDUAL,SERVICIO,0048,PARA LLEVAR,,9900894600007,PZ,PZ
ORIGEN,0000001077 - POS ORIGEN,8950,0000008950,PAQUETE 3 DUO,SERVICIO,0048,PARA LLEVAR,,9900895000004,PZ,PZ
ORIGEN,0000001077 - POS ORIGEN,8947,0000008947,PAQUETE 3 INDIVIDUAL,SERVICIO,0048,PARA LLEVAR,,9900894700004,PZ,PZ
ORIGEN,0000001077 - POS ORIGEN,8951,0000008951,PAQUETE 4 ARRACHERA DUO,KIT,0048,PARA LLEVAR,,9900895100001,PZ,PZ
ORIGEN,0000001077 - POS ORIGEN,8955,0000008955,PAQUETE 4 PREMIUM AMIGOS,KIT,0048,PARA LLEVAR,,9900895500009,PZ,PZ
ORIGEN,0000001077 - POS ORIGEN,8958,0000008958,PAQUETE AMIGOS,SERVICIO,0048,PARA LLEVAR,,9900895800000,PZ,PZ
ORIGEN,0000001077 - POS ORIGEN,8957,0000008957,PAQUETE DUO,SERVICIO,0048,PARA LLEVAR,,9900895700003,PZ,PZ
ORIGEN,0000001077 - POS ORIGEN,8956,0000008956,PAQUETE INDIVIDUAL,SERVICIO,0048,PARA LLEVAR,,9900895600006,PZ,PZ
ORIGEN,0000001077 - POS ORIGEN,8978,0000008978,PICAÑA NACIONAL P. PAQUETE 2 GR,KIT,0048,PARA LLEVAR,,9900897800008,GR,GR
ORIGEN,0000001077 - POS ORIGEN,9040,0000009040,JUGO VERDE,KIT,0050,JUGOS DESYUNOS,,9900904000001,PZ,PZ
ORIGEN,0000001077 - POS ORIGEN,9078,0000009078,LIMONADA DESAYUNOS,SERVICIO,0050,JUGOS DESYUNOS,,9900907800004,PZ,PZ
ORIGEN,0000001077 - POS ORIGEN,9079,0000009079,SMOOTHIE,SERVICIO,0050,JUGOS DESYUNOS,,9900907900001,PZ,PZ
ORIGEN,0000001077 - POS ORIGEN,9228,0000009228,CH LA FLEUR DE FRANCOIS BLANC,KIT,0058,CHAMPAGNES Y COGNACS,,9900922800003,PZ,PZ
ORIGEN,0000001077 - POS ORIGEN,9229,0000009229,CH LA FLEUR DE FRANCOIS BLANC COPA,KIT,0058,CHAMPAGNES Y COGNACS,,9900922900000,PZ,PZ
ORIGEN,0000001077 - POS ORIGEN,9230,0000009230,CH LA FLEUR DE FRANCOIS ROSE,KIT,0058,CHAMPAGNES Y COGNACS,,9900923000006,PZ,PZ
ORIGEN,0000001077 - POS ORIGEN,9231,0000009231,CH LA FLEUR DE FRANCOIS ROSE COPA,KIT,0058,CHAMPAGNES Y COGNACS,,9900923100003,PZ,PZ
ORIGEN,0000001077 - POS ORIGEN,8399,0000008399,COG MARTELL BLUE SWIFT,KIT,0058,CHAMPAGNES Y COGNACS,,9900839900001,PZ,PZ
ORIGEN,0000001077 - POS ORIGEN,8400,0000008400,COG MARTELL BLUE SWIFT COPA,KIT,0058,CHAMPAGNES Y COGNACS,,9900840000004,PZ,PZ
ORIGEN,0000001077 - POS ORIGEN,4613,0000004613,COG MARTELL VS,KIT,0058,CHAMPAGNES Y COGNACS,,9900461300002,PZ,PZ
ORIGEN,0000001077 - POS ORIGEN,3990,0000003990,COG MARTELL VS COPA,KIT,0058,CHAMPAGNES Y COGNACS,,9900399000005,PZ,PZ
ORIGEN,0000001077 - POS ORIGEN,4366,0000004366,BRA CARLOS I,KIT,0059,RONES Y BRANDYS,,9900436600007,PZ,PZ
ORIGEN,0000001077 - POS ORIGEN,5558,0000005558,BRA CARLOS I COPA,KIT,0059,RONES Y BRANDYS,,9900555800005,PZ,PZ
ORIGEN,0000001077 - POS ORIGEN,4518,0000004518,BRA TORRES ALTA LUZ,KIT,0059,RONES Y BRANDYS,,9900451800000,PZ,PZ
ORIGEN,0000001077 - POS ORIGEN,4361,0000004361,BRA TORRES ALTA LUZ COPA,KIT,0059,RONES Y BRANDYS,,9900436100002,PZ,PZ
ORIGEN,0000001077 - POS ORIGEN,3991,0000003991,RON APPLETON ESTATE 08 AÑOS,KIT,0059,RONES Y BRANDYS,,9900399100002,PZ,PZ
ORIGEN,0000001077 - POS ORIGEN,3623,0000003623,RON APPLETON ESTATE 08 AÑOS COPA,KIT,0059,RONES Y BRANDYS,,9900362300002,PZ,PZ
ORIGEN,0000001077 - POS ORIGEN,4410,0000004410,RON CHARANDA SOL TARASCO,KIT,0059,RONES Y BRANDYS,,9900441000007,PZ,PZ
ORIGEN,0000001077 - POS ORIGEN,4423,0000004423,RON CHARANDA SOL TARASCO COPA,KIT,0059,RONES Y BRANDYS,,9900442300007,PZ,PZ
ORIGEN,0000001077 - POS ORIGEN,8204,0000008204,SMALT GLENLIVET 12 AÑOS,KIT,0060,SMALTS,,9900820400008,PZ,PZ
ORIGEN,0000001077 - POS ORIGEN,8205,0000008205,SMALT GLENLIVET 12 AÑOS COPA,KIT,0060,SMALTS,,9900820500005,PZ,PZ
ORIGEN,0000001077 - POS ORIGEN,8809,0000008809,SMALT GLENLIVET 18 AÑOS,KIT,0060,SMALTS,,9900880900005,PZ,PZ
ORIGEN,0000001077 - POS ORIGEN,8403,0000008403,SMALT MACALLAN HARMONY COPA,KIT,0060,SMALTS,,9900840300005,PZ,PZ
ORIGEN,0000001077 - POS ORIGEN,8406,0000008406,SMALT MACALLAN NIGHT ON EARTH COPA,KIT,0060,SMALTS,,9900840600006,PZ,PZ
ORIGEN,0000001077 - POS ORIGEN,8405,0000008405,SMALT MACALLAN NIGTH ON EARTH,KIT,0060,SMALTS,,9900840500009,PZ,PZ
ORIGEN,0000001077 - POS ORIGEN,8402,0000008402,SMALT MACALLAN THE HARMONY,KIT,0060,SMALTS,,9900840200008,PZ,PZ
ORIGEN,0000001077 - POS ORIGEN,8215,0000008215,CATAFIXIA 400 CONEJOS COPA,KIT,0062,TEQUILAS Y MEZCALES,,9900821500004,PZ,PZ
ORIGEN,0000001077 - POS ORIGEN,9451,0000009451,MEZ CORAZON DE MAGUEY ARROQUEÑO,KIT,0062,TEQUILAS Y MEZCALES,,9900945100005,PZ,PZ
ORIGEN,0000001077 - POS ORIGEN,9452,0000009452,MEZ CORAZON DE MAGUEY ARROQUEÑO COPA,KIT,0062,TEQUILAS Y MEZCALES,,9900945200002,PZ,PZ
ORIGEN,0000001077 - POS ORIGEN,9454,0000009454,MEZ CORAZON DE MAGUEY ESPADIN,KIT,0062,TEQUILAS Y MEZCALES,,9900945400006,PZ,PZ
ORIGEN,0000001077 - POS ORIGEN,9455,0000009455,MEZ CORAZON DE MAGUEY ESPADIN COPA,KIT,0062,TEQUILAS Y MEZCALES,,9900945500003,PZ,PZ
ORIGEN,0000001077 - POS ORIGEN,9457,0000009457,MEZ CORAZON DE MAGUEY ROSA,KIT,0062,TEQUILAS Y MEZCALES,,9900945700007,PZ,PZ
ORIGEN,0000001077 - POS ORIGEN,9458,0000009458,MEZ CORAZON DE MAGUEY ROSA COPA,KIT,0062,TEQUILAS Y MEZCALES,,9900945800004,PZ,PZ
ORIGEN,0000001077 - POS ORIGEN,5334,0000005334,MEZ MONTELOBOS ENSAMBLE,KIT,0062,TEQUILAS Y MEZCALES,,9900533400005,PZ,PZ
ORIGEN,0000001077 - POS ORIGEN,4336,0000004336,MEZ MONTELOBOS ENSAMBLE COPA,KIT,0062,TEQUILAS Y MEZCALES,,9900433600000,PZ,PZ
ORIGEN,0000001077 - POS ORIGEN,4824,0000004824,MEZ MONTELOBOS ESPADIN,KIT,0062,TEQUILAS Y MEZCALES,,9900482400002,PZ,PZ
ORIGEN,0000001077 - POS ORIGEN,4325,0000004325,MEZ MONTELOBOS ESPADIN COPA,KIT,0062,TEQUILAS Y MEZCALES,,9900432500004,PZ,PZ
ORIGEN,0000001077 - POS ORIGEN,4498,0000004498,MEZ MONTELOBOS PECHUGA,KIT,0062,TEQUILAS Y MEZCALES,,9900449800005,PZ,PZ
ORIGEN,0000001077 - POS ORIGEN,4386,0000004386,MEZ MONTELOBOS PECHUGA COPA,KIT,0062,TEQUILAS Y MEZCALES,,9900438600005,PZ,PZ
ORIGEN,0000001077 - POS ORIGEN,8176,0000008176,TEQ ALTOS,KIT,0062,TEQUILAS Y MEZCALES,,9900817600008,PZ,PZ
ORIGEN,0000001077 - POS ORIGEN,8177,0000008177,TEQ ALTOS COPA,KIT,0062,TEQUILAS Y MEZCALES,,9900817700005,PZ,PZ
ORIGEN,0000001077 - POS ORIGEN,8586,0000008586,TEQ ALTOS INFUSIONADO C. CAFE,KIT,0062,TEQUILAS Y MEZCALES,,9900858600005,PZ,PZ
ORIGEN,0000001077 - POS ORIGEN,8589,0000008589,TEQ ALTOS INFUSIONADO C. CITRICOS,KIT,0062,TEQUILAS Y MEZCALES,,9900858900006,PZ,PZ
ORIGEN,0000001077 - POS ORIGEN,8179,0000008179,TEQ AVION RSVA. CRISTALINO,KIT,0062,TEQUILAS Y MEZCALES,,9900817900009,PZ,PZ
ORIGEN,0000001077 - POS ORIGEN,9125,0000009125,TEQ G. CENTENARIO AÑEJO,KIT,0062,TEQUILAS Y MEZCALES,,9900912500005,PZ,PZ
ORIGEN,0000001077 - POS ORIGEN,9126,0000009126,TEQ G. CENTENARIO AÑEJO COPA,KIT,0062,TEQUILAS Y MEZCALES,,9900912600002,PZ,PZ
ORIGEN,0000001077 - POS ORIGEN,8347,0000008347,TEQ G. CENTENARIO CRISTALINO,KIT,0062,TEQUILAS Y MEZCALES,,9900834700002,PZ,PZ
ORIGEN,0000001077 - POS ORIGEN,8348,0000008348,TEQ G. CENTENARIO CRISTALINO COPA,KIT,0062,TEQUILAS Y MEZCALES,,9900834800009,PZ,PZ
ORIGEN,0000001077 - POS ORIGEN,5345,0000005345,TEQ PATRON REPOSADO,KIT,0062,TEQUILAS Y MEZCALES,,9900534500001,PZ,PZ
ORIGEN,0000001077 - POS ORIGEN,5347,0000005347,TEQ PATRON REPOSADO COPA,KIT,0062,TEQUILAS Y MEZCALES,,9900534700005,PZ,PZ
ORIGEN,0000001077 - POS ORIGEN,7523,0000007523,TEQ PATRON SILVER,KIT,0062,TEQUILAS Y MEZCALES,,9900752300001,PZ,PZ
ORIGEN,0000001077 - POS ORIGEN,7524,0000007524,TEQ PATRON SILVER COPA,KIT,0062,TEQUILAS Y MEZCALES,,9900752400008,PZ,PZ
ORIGEN,0000001077 - POS ORIGEN,4439,0000004439,GIN BEEFEATER BLACKBERRY,KIT,0063,VODKAS Y GINEBRAS,,9900443900008,PZ,PZ
ORIGEN,0000001077 - POS ORIGEN,4438,0000004438,GIN BEEFEATER BLACKBERRY COPA,KIT,0063,VODKAS Y GINEBRAS,,9900443800001,PZ,PZ
ORIGEN,0000001077 - POS ORIGEN,8427,0000008427,GIN BEEFEATER BOTANICS,KIT,0063,VODKAS Y GINEBRAS,,9900842700001,PZ,PZ
ORIGEN,0000001077 - POS ORIGEN,8428,0000008428,GIN BEEFEATER BOTANICS COPA,KIT,0063,VODKAS Y GINEBRAS,,9900842800008,PZ,PZ
ORIGEN,0000001077 - POS ORIGEN,5291,0000005291,GIN BEEFEATER PINK,KIT,0063,VODKAS Y GINEBRAS,,9900529100001,PZ,PZ
ORIGEN,0000001077 - POS ORIGEN,4063,0000004063,GIN BULLDOG,KIT,0063,VODKAS Y GINEBRAS,,9900406300005,PZ,PZ
ORIGEN,0000001077 - POS ORIGEN,4062,0000004062,GIN BULLDOG COPA,KIT,0063,VODKAS Y GINEBRAS,,9900406200008,PZ,PZ
ORIGEN,0000001077 - POS ORIGEN,9846,0000009846,GIN CANTERA VERDE,KIT,0063,VODKAS Y GINEBRAS,,9900984600009,PZ,PZ
ORIGEN,0000001077 - POS ORIGEN,9847,0000009847,GIN CANTERA VERDE COPA,KIT,0063,VODKAS Y GINEBRAS,,9900984700006,PZ,PZ
ORIGEN,0000001077 - POS ORIGEN,3185,0000003185,GIN KATUN,KIT,0063,VODKAS Y GINEBRAS,,9900318500005,PZ,PZ
ORIGEN,0000001077 - POS ORIGEN,4776,0000004776,GIN KATUN COPA,KIT,0063,VODKAS Y GINEBRAS,,9900477600004,PZ,PZ
ORIGEN,0000001077 - POS ORIGEN,4060,0000004060,GIN STAR OF BOMBAY,KIT,0063,VODKAS Y GINEBRAS,,9900406000004,PZ,PZ
ORIGEN,0000001077 - POS ORIGEN,4059,0000004059,GIN STAR OF BOMBAY COPA,KIT,0063,VODKAS Y GINEBRAS,,9900405900008,PZ,PZ
ORIGEN,0000001077 - POS ORIGEN,6701,0000006701,GIN STAR OF BOMBAY COPA,KIT,0063,VODKAS Y GINEBRAS,,9900664100003,PZ,PZ
ORIGEN,0000001077 - POS ORIGEN,8390,0000008390,VOD ABSOLUT ELIXIR,KIT,0063,VODKAS Y GINEBRAS,,9900839000008,PZ,PZ
ORIGEN,0000001077 - POS ORIGEN,8391,0000008391,VOD ABSOLUT ELIXIR COPA,KIT,0063,VODKAS Y GINEBRAS,,9900839100005,PZ,PZ
ORIGEN,0000001077 - POS ORIGEN,3846,0000003846,VOD ABSOLUT SANDIA,KIT,0063,VODKAS Y GINEBRAS,,9900384600005,PZ,PZ
ORIGEN,0000001077 - POS ORIGEN,1059,0000001059,VOD ABSOLUT SANDIA COPA,KIT,0063,VODKAS Y GINEBRAS,,9900106100004,PZ,PZ
ORIGEN,0000001077 - POS ORIGEN,4343,0000004343,VOD SMIRNOFF TAMARINDO,KIT,0063,VODKAS Y GINEBRAS,,9900434300008,PZ,PZ
ORIGEN,0000001077 - POS ORIGEN,4332,0000004332,VOD SMIRNOFF TAMARINDO COPA,KIT,0063,VODKAS Y GINEBRAS,,9900433200002,PZ,PZ
ORIGEN,0000001077 - POS ORIGEN,628,0000000628,VOD TITOS,KIT,0063,VODKAS Y GINEBRAS,,9900062800000,PZ,PZ
ORIGEN,0000001077 - POS ORIGEN,8393,0000008393,VOD WYBOROWA TAMANRINDO,KIT,0063,VODKAS Y GINEBRAS,,9900839300009,PZ,PZ
ORIGEN,0000001077 - POS ORIGEN,8394,0000008394,VOD WYBOROWA TAMARINDO COPA,KIT,0063,VODKAS Y GINEBRAS,,9900839400006,PZ,PZ
ORIGEN,0000001077 - POS ORIGEN,8682,0000008682,AGUJA NORTEÑA NACIONAL PZ,KIT,0064,PIEZAS,,9900868200004,PZ,PZ
ORIGEN,0000001077 - POS ORIGEN,7434,0000007434,ARRACHERA USDA CHOICE PZ,KIT,0064,PIEZAS,,9900743400000,PZ,PZ
ORIGEN,0000001077 - POS ORIGEN,10010,0000010010,FUEGO DE MAR PZ,KIT,0064,PIEZAS,,9901001000000,PZ,PZ
ORIGEN,0000001077 - POS ORIGEN,7431,0000007431,NEW YORK COLGANTE PZ,KIT,0064,PIEZAS,,9900743100009,PZ,PZ
ORIGEN,0000001077 - POS ORIGEN,8636,0000008636,PICAÑA NACIONAL PZ,KIT,0064,PIEZAS,,9900863600007,PZ,PZ
ORIGEN,0000001077 - POS ORIGEN,7432,0000007432,RIB EYE COLGANTE PZ,KIT,0064,PIEZAS,,9900743200006,PZ,PZ
ORIGEN,0000001077 - POS ORIGEN,8632,0000008632,RIB EYE NACIONAL PZ,KIT,0064,PIEZAS,,9900863200009,PZ,PZ
ORIGEN,0000001077 - POS ORIGEN,7433,0000007433,SHORT RIB PARRILLA COLGANTE PZ,KIT,0064,PIEZAS,,9900743300003,PZ,PZ
ORIGEN,0000001077 - POS ORIGEN,9683,0000009683,COC ELIXIR,KIT,0071,PROMOCIONES,,9900968300000,PZ,PZ
ORIGEN,0000001077 - POS ORIGEN,9338,0000009338,COC GREEN SOUR,KIT,0071,PROMOCIONES,,9900933800009,PZ,PZ
ORIGEN,0000001077 - POS ORIGEN,9684,0000009684,COC LIMONATA FRESCA,KIT,0071,PROMOCIONES,,9900968400007,PZ,PZ
ORIGEN,0000001077 - POS ORIGEN,9700,0000009700,COC MARGARITA (SABORES),KIT,0071,PROMOCIONES,,9900970000004,PZ,PZ
ORIGEN,0000001077 - POS ORIGEN,9701,0000009701,COC MARTINI (SABORES),KIT,0071,PROMOCIONES,,9900970100001,PZ,PZ
ORIGEN,0000001077 - POS ORIGEN,429,0000000429,COC MEZCALITA (SABORES),KIT,0071,PROMOCIONES,,9900042900003,PZ,PZ
ORIGEN,0000001077 - POS ORIGEN,8887,0000008887,COC MOJAVE,KIT,0071,PROMOCIONES,,9900888700003,PZ,PZ
ORIGEN,0000001077 - POS ORIGEN,8881,0000008881,COC OASIS,KIT,0071,PROMOCIONES,,9900888100001,PZ,PZ
ORIGEN,0000001077 - POS ORIGEN,9682,0000009682,COC ORIGEN FAMOUS,KIT,0071,PROMOCIONES,,9900968200003,PZ,PZ
ORIGEN,0000001077 - POS ORIGEN,9681,0000009681,COC SPICY RABBIT,KIT,0071,PROMOCIONES,,9900968100006,PZ,PZ
ORIGEN,0000001077 - POS ORIGEN,9209,0000009209,PAQUETE 1 DESAYUNO ORIGEN,SERVICIO,0079,PAQUETES,,9900920900002,PZ,PZ
ORIGEN,0000001077 - POS ORIGEN,8953,0000008953,PAQUETE 2 AMIGOS,KIT,0079,PAQUETES,,9900895300005,PZ,PZ
ORIGEN,0000001077 - POS ORIGEN,9210,0000009210,PAQUETE 2 DESAYUNO ORIGEN,SERVICIO,0079,PAQUETES,,9900921000008,PZ,PZ
ORIGEN,0000001077 - POS ORIGEN,8949,0000008949,PAQUETE 2 DUO,SERVICIO,0079,PAQUETES,,9900894900008,PZ,PZ
ORIGEN,0000001077 - POS ORIGEN,9211,0000009211,PAQUETE 3 DESAYUNO ORIGEN,SERVICIO,0079,PAQUETES,,9900921100005,PZ,PZ
ORIGEN,0000001077 - POS ORIGEN,8954,0000008954,PAQUETE 3 PREMIUM AMIGOS,KIT,0079,PAQUETES,,9900895400002,PZ,PZ
ORIGEN,0000001077 - POS ORIGEN,10066,0000010066,PAQUETE AMIGAS,SERVICIO,0079,PAQUETES,,9901006600007,PZ,PZ
ORIGEN,0000001077 - POS ORIGEN,9656,0000009656,PROMOCION BEIDAS,SERVICIO,0079,PAQUETES,,9900965600004,PZ,PZ
QRO,0000000696 - POS QRO,5853,0000005853,CONSUMO DE ALIMENTOS Y BEBIDAS,SERVICIO,0000,SIN FAMILIA,,9900585300001,SR,SR
QRO,0000000696 - POS QRO,9901,0000009901,ACEITUNAS VERDES PREPARADAS,KIT,0002,EXTRAS Y TOOPPING,,9900990100005,PZ,PZ
QRO,0000000696 - POS QRO,9538,0000009538,EXTRA ALMEJA FUEGO (1),KIT,0002,EXTRAS Y TOOPPING,,9900953800003,PZ,PZ
QRO,0000000696 - POS QRO,8158,0000008158,EXTRA DE CREMA DE CILANTRO,KIT,0002,EXTRAS Y TOOPPING,,9900815800004,PZ,PZ
QRO,0000000696 - POS QRO,9512,0000009512,EXTRA DE MANTEQUILLA,KIT,0002,EXTRAS Y TOOPPING,,9900951200003,PZ,PZ
QRO,0000000696 - POS QRO,9511,0000009511,EXTRA DE SALSA HABANERO,KIT,0002,EXTRAS Y TOOPPING,,9900951100006,PZ,PZ
QRO,0000000696 - POS QRO,9510,0000009510,EXTRA DE SALSA VERDE,KIT,0002,EXTRAS Y TOOPPING,,9900951000009,PZ,PZ
QRO,0000000696 - POS QRO,9840,0000009840,EXTRA FRUTO ROJO FRESCO,KIT,0002,EXTRAS Y TOOPPING,,9900984000007,PZ,PZ
QRO,0000000696 - POS QRO,9942,0000009942,CAFE 130 QUERETARO,SERVICIO,0003,CAFES Y TES,,9900994200008,PZ,PZ
QRO,0000000696 - POS QRO,4055,0000004055,CAFE DESCAFEINADO,KIT,0003,CAFES Y TES,,9900405500000,PZ,PZ
QRO,0000000696 - POS QRO,9504,0000009504,CAFE IRLANDES,KIT,0003,CAFES Y TES,,9900950400008,PZ,PZ
QRO,0000000696 - POS QRO,4021,0000004021,CERVEZA HEINEKEN DE BARRIL,KIT,0004,CERVEZAS,,9900402100005,PZ,PZ
QRO,0000000696 - POS QRO,4022,0000004022,CERVEZA INDIO DE BARRIL,KIT,0004,CERVEZAS,,9900402200002,PZ,PZ
QRO,0000000696 - POS QRO,363,0000000363,CERVEZA PATITO PILSNER,KIT,0004,CERVEZAS,,9900036300000,PZ,PZ
QRO,0000000696 - POS QRO,1145,0000001145,CERVEZA PATITO DRY STOUT,KIT,0004,CERVEZAS,,9900114700005,PZ,PZ
QRO,0000000696 - POS QRO,4099,0000004099,CERVEZA SOL,KIT,0004,CERVEZAS,,9900409900004,PZ,PZ
QRO,0000000696 - POS QRO,4112,0000004112,CERVEZA XX LAGER ULTRA,KIT,0004,CERVEZAS,,9900411200000,PZ,PZ
QRO,0000000696 - POS QRO,8897,0000008897,ENSALADA DI BUFALA Y SERRANO,KIT,0005,ENSALADAS,,9900889700002,PZ,PZ
QRO,0000000696 - POS QRO,8894,0000008894,AGUACHILE DE PAPADA,KIT,0006,ENTRADAS Y COMPLEMENTOS,,9900889400001,PZ,PZ
QRO,0000000696 - POS QRO,8909,0000008909,ALCACHOFAS 130,KIT,0006,ENTRADAS Y COMPLEMENTOS,,9900890900002,PZ,PZ
QRO,0000000696 - POS QRO,8896,0000008896,ALMEJAS CALLO MARGARITA,KIT,0006,ENTRADAS Y COMPLEMENTOS,,9900889600005,PZ,PZ
QRO,0000000696 - POS QRO,6774,0000006774,CANASTA DE PAN,KIT,0006,ENTRADAS Y COMPLEMENTOS,,9900677400008,PZ,PZ
QRO,0000000696 - POS QRO,8048,0000008048,CARPACCIO DE RES,KIT,0006,ENTRADAS Y COMPLEMENTOS,,9900804800008,PZ,PZ
QRO,0000000696 - POS QRO,4647,0000004647,CAZUELITA DE FIDEO SECO,KIT,0006,ENTRADAS Y COMPLEMENTOS,,9900464700007,PZ,PZ
QRO,0000000696 - POS QRO,9143,0000009143,FIDEO C. BURRRATA,KIT,0006,ENTRADAS Y COMPLEMENTOS,,9900914300009,PZ,PZ
QRO,0000000696 - POS QRO,9092,0000009092,JAMON IBERICO 80 GR,KIT,0006,ENTRADAS Y COMPLEMENTOS,,9900909200000,PZ,PZ
QRO,0000000696 - POS QRO,8345,0000008345,SUSHI,SERVICIO,0006,ENTRADAS Y COMPLEMENTOS,,9900834500008,PZ,PZ
QRO,0000000696 - POS QRO,8893,0000008893,TACOS DE ATUN,KIT,0006,ENTRADAS Y COMPLEMENTOS,,9900889300004,PZ,PZ
QRO,0000000696 - POS QRO,8895,0000008895,TACOS DE BERENJENA,KIT,0006,ENTRADAS Y COMPLEMENTOS,,9900889500008,PZ,PZ
QRO,0000000696 - POS QRO,8188,0000008188,TOPPING DE LANGOSTA OZ,KIT,0006,ENTRADAS Y COMPLEMENTOS,,9900818800001,OZ,OZ
QRO,0000000696 - POS QRO,4778,0000004778,TOSTADAS DE ATUN (2),KIT,0006,ENTRADAS Y COMPLEMENTOS,,9900477800008,PZ,PZ
QRO,0000000696 - POS QRO,3656,0000003656,LI ANIS LAS CADENAS,KIT,0008,LICORES Y DIGESTIVOS,,9900365600000,PZ,PZ
QRO,0000000696 - POS QRO,4460,0000004460,LI ANIS LAS CADENAS COPA,KIT,0008,LICORES Y DIGESTIVOS,,9900446000002,PZ,PZ
QRO,0000000696 - POS QRO,4108,0000004108,LI CHARTRUSE AMARILLO,KIT,0008,LICORES Y DIGESTIVOS,,9900410800003,PZ,PZ
QRO,0000000696 - POS QRO,4470,0000004470,LI JAGERMEISTER MANIFEST,KIT,0008,LICORES Y DIGESTIVOS,,9900447000001,PZ,PZ
QRO,0000000696 - POS QRO,4471,0000004471,LI JAGERMEISTER MANIFEST COPA,KIT,0008,LICORES Y DIGESTIVOS,,9900447100008,PZ,PZ
QRO,0000000696 - POS QRO,3669,0000003669,LI LICOR DEL 43 ORO CHATA,KIT,0008,LICORES Y DIGESTIVOS,,9900366900000,PZ,PZ
QRO,0000000696 - POS QRO,3668,0000003668,LI LICOR DEL 43 ORO CHATA COPA,KIT,0008,LICORES Y DIGESTIVOS,,9900366800003,PZ,PZ
QRO,0000000696 - POS QRO,3639,0000003639,LI MARTINI ROSSI DULCE,KIT,0008,LICORES Y DIGESTIVOS,,9900363900003,PZ,PZ
QRO,0000000696 - POS QRO,3640,0000003640,LI MARTINI ROSSI DULCE COPA,KIT,0008,LICORES Y DIGESTIVOS,,9900364000009,PZ,PZ
QRO,0000000696 - POS QRO,10029,0000010029,LI OPORTO RAMOS PINTO 10 AÑOS,KIT,0008,LICORES Y DIGESTIVOS,,9901002900002,PZ,PZ
QRO,0000000696 - POS QRO,10030,0000010030,LI OPORTO RAMOS PINTO 10 AÑOS COPA,KIT,0008,LICORES Y DIGESTIVOS,,9901003000008,PZ,PZ
QRO,0000000696 - POS QRO,3674,0000003674,LI OPORTO RAMOS PINTO 20 AÑOS,KIT,0008,LICORES Y DIGESTIVOS,,9900367400004,PZ,PZ
QRO,0000000696 - POS QRO,3675,0000003675,LI OPORTO RAMOS PINTO 20 AÑOS COPA,KIT,0008,LICORES Y DIGESTIVOS,,9900367500001,PZ,PZ
QRO,0000000696 - POS QRO,3678,0000003678,LI PACHARAN BASARANA,KIT,0008,LICORES Y DIGESTIVOS,,9900367800002,PZ,PZ
QRO,0000000696 - POS QRO,3679,0000003679,LI PACHARAN BASARANA COPA,KIT,0008,LICORES Y DIGESTIVOS,,9900367900009,PZ,PZ
QRO,0000000696 - POS QRO,6631,0000006631,ALASKA 130,KIT,0011,POSTRES,,9900657000006,PZ,PZ
QRO,0000000696 - POS QRO,8900,0000008900,ARROZ C. LECHE,KIT,0011,POSTRES,,9900890000009,PZ,PZ
QRO,0000000696 - POS QRO,8911,0000008911,ATE C. QUESO FLAMEADO,KIT,0011,POSTRES,,9900891100005,PZ,PZ
QRO,0000000696 - POS QRO,354,0000000354,BOLA DE HELADO DE VAINILLA,KIT,0011,POSTRES,,9900035400008,PZ,PZ
QRO,0000000696 - POS QRO,9664,0000009664,CHEESECAKE 130,SERVICIO,0011,POSTRES,,9900966400009,PZ,PZ
QRO,0000000696 - POS QRO,4680,0000004680,FUDGE DE CHOCOLATE,KIT,0011,POSTRES,,9900468000004,PZ,PZ
QRO,0000000696 - POS QRO,9561,0000009561,HELADO KETO,KIT,0011,POSTRES,,9900956100001,PZ,PZ
QRO,0000000696 - POS QRO,1637,0000001637,KEY LEMON,SERVICIO,0011,POSTRES,,9900163900005,PZ,PZ
QRO,0000000696 - POS QRO,7331,0000007331,MINI PASTEL DIA DEL NIÑO,KIT,0011,POSTRES,,9900733100002,PZ,PZ
QRO,0000000696 - POS QRO,9107,0000009107,PURE DE MANZANA,KIT,0011,POSTRES,,9900910700001,PZ,PZ
QRO,0000000696 - POS QRO,8898,0000008898,TARTALETA KETO,KIT,0011,POSTRES,,9900889800009,PZ,PZ
QRO,0000000696 - POS QRO,6885,0000006885,PRIME RIB ROAST OZ,KIT,0012,CERTIFIED PRIME BEEF,,9900688500001,OZ,OZ
QRO,0000000696 - POS QRO,9581,0000009581,RACK DE CORDERO OZ,KIT,0012,CERTIFIED PRIME BEEF,,9900958100009,OZ,OZ
QRO,0000000696 - POS QRO,9144,0000009144,CEVICHE PERUANO,KIT,0013,CARNES Y ESPECIALIDADES,,9900914400006,PZ,PZ
QRO,0000000696 - POS QRO,9109,0000009109,FILETE EN NOGADA,KIT,0013,CARNES Y ESPECIALIDADES,,9900910900005,PZ,PZ
QRO,0000000696 - POS QRO,8495,0000008495,OSOBUCO DE CORDERO,KIT,0013,CARNES Y ESPECIALIDADES,,9900849500000,PZ,PZ
QRO,0000000696 - POS QRO,7428,0000007428,POLLO BRASA,KIT,0013,CARNES Y ESPECIALIDADES,,9900742800009,PZ,PZ
QRO,0000000696 - POS QRO,8910,0000008910,TORRE DE MARISCOS,KIT,0013,CARNES Y ESPECIALIDADES,,9900891000008,PZ,PZ
QRO,0000000696 - POS QRO,1460,0000001460,AGUA MINERAL 130 GRADOS,KIT,0015,REFRESCOS Y MEZCLADORES,,9900146200009,PZ,PZ
QRO,0000000696 - POS QRO,9160,0000009160,AGUA MINERAL BUI 946 ML,KIT,0015,REFRESCOS Y MEZCLADORES,,9900916000006,PZ,PZ
QRO,0000000696 - POS QRO,6933,0000006933,AGUA MINERAL DE PIEDRA 360 ML,KIT,0015,REFRESCOS Y MEZCLADORES,,9900693300009,PZ,PZ
QRO,0000000696 - POS QRO,4383,0000004383,AGUA MINERAL DE PIEDRA 650 ML,KIT,0015,REFRESCOS Y MEZCLADORES,,9900438300004,PZ,PZ
QRO,0000000696 - POS QRO,5025,0000005025,AGUA MINERAL SAN PELLEGRINO 250 ML,KIT,0015,REFRESCOS Y MEZCLADORES,,9900502500002,PZ,PZ
QRO,0000000696 - POS QRO,8814,0000008814,AGUA MINERAL SAN PELLEGRINO 750 ML,KIT,0015,REFRESCOS Y MEZCLADORES,,9900881400009,PZ,PZ
QRO,0000000696 - POS QRO,9162,0000009162,AGUA NATURAL BUI 946 ML,KIT,0015,REFRESCOS Y MEZCLADORES,,9900916200000,PZ,PZ
QRO,0000000696 - POS QRO,3537,0000003537,AGUA SODA VELVET LYCHEE 275 ML,KIT,0015,REFRESCOS Y MEZCLADORES,,9900353700002,PZ,PZ
QRO,0000000696 - POS QRO,4133,0000004133,AGUA VELVET SODA SELTZER 275 ML,KIT,0015,REFRESCOS Y MEZCLADORES,,9900413300005,PZ,PZ
QRO,0000000696 - POS QRO,4523,0000004523,COC SANGRITA,KIT,0015,REFRESCOS Y MEZCLADORES,,9900452300004,PZ,PZ
QRO,0000000696 - POS QRO,331,0000000331,FANTA DE NARANJA 355 ML,KIT,0015,REFRESCOS Y MEZCLADORES,,9900033100009,PZ,PZ
QRO,0000000696 - POS QRO,9904,0000009904,JUGO DE ARANDANO,KIT,0015,REFRESCOS Y MEZCLADORES,,9900990400006,PZ,PZ
QRO,0000000696 - POS QRO,4197,0000004197,VT ACHAVAL FERRER MALBEC,KIT,0018,VINOS TINTOS,,9900419700007,PZ,PZ
QRO,0000000696 - POS QRO,4199,0000004199,VT ANXELIN SHIRAZ,KIT,0018,VINOS TINTOS,,9900419900001,PZ,PZ
QRO,0000000696 - POS QRO,8837,0000008837,VT ARTESA LOS CARNEROS,KIT,0018,VINOS TINTOS,,9900883700008,PZ,PZ
QRO,0000000696 - POS QRO,8838,0000008838,VT ARTESA LOS CARNEROS COPA,KIT,0018,VINOS TINTOS,,9900883800005,PZ,PZ
QRO,0000000696 - POS QRO,8834,0000008834,VT ARTESA NAPA,KIT,0018,VINOS TINTOS,,9900883400007,PZ,PZ
QRO,0000000696 - POS QRO,8835,0000008835,VT ARTESA NAPA COPA,KIT,0018,VINOS TINTOS,,9900883500004,PZ,PZ
QRO,0000000696 - POS QRO,6876,0000006876,VT ARZUAGA LA PLANTA TEMPRANILLO,KIT,0018,VINOS TINTOS,,9900687600009,PZ,PZ
QRO,0000000696 - POS QRO,6864,0000006864,VT ARZUAGA NAVARRO CRIANZA,KIT,0018,VINOS TINTOS,,9900686400006,PZ,PZ
QRO,0000000696 - POS QRO,10008,0000010008,VT ARZUAGA NAVARRO CRIANZA COPA,KIT,0018,VINOS TINTOS,,9901000800007,PZ,PZ
QRO,0000000696 - POS QRO,6865,0000006865,VT ARZUAGA NAVARRO G. RSVA.,KIT,0018,VINOS TINTOS,,9900686500003,PZ,PZ
QRO,0000000696 - POS QRO,6866,0000006866,VT ARZUAGA NAVARRO RSVA.,KIT,0018,VINOS TINTOS,,9900686600000,PZ,PZ
QRO,0000000696 - POS QRO,6948,0000006948,VT ATEMPO MERLOT,KIT,0018,VINOS TINTOS,,9900694800003,PZ,PZ
QRO,0000000696 - POS QRO,6946,0000006946,VT ATEMPO TEMPRANILLO SHIRAZ,KIT,0018,VINOS TINTOS,,9900694600009,PZ,PZ
QRO,0000000696 - POS QRO,4568,0000004568,VT BONANZA CS,KIT,0018,VINOS TINTOS,,9900456800005,PZ,PZ
QRO,0000000696 - POS QRO,6988,0000006988,VT CAHUAYO,KIT,0018,VINOS TINTOS,,9900698800009,PZ,PZ
QRO,0000000696 - POS QRO,856,0000000856,VT CASA MADERO 3V,KIT,0018,VINOS TINTOS,,9900085800001,PZ,PZ
QRO,0000000696 - POS QRO,8607,0000008607,VT CASA MADERO 3V G. RSVA. ANIVERSARIO,KIT,0018,VINOS TINTOS,,9900860700007,PZ,PZ
QRO,0000000696 - POS QRO,8780,0000008780,VT CASAS PATRONALES G. RSVA. CS,KIT,0018,VINOS TINTOS,,9900878000007,PZ,PZ
QRO,0000000696 - POS QRO,8781,0000008781,VT CASAS PATRONALES G. RSVA. CS COPA,KIT,0018,VINOS TINTOS,,9900878100004,PZ,PZ
QRO,0000000696 - POS QRO,8816,0000008816,VT CASAS PATRONALES G. RSVA. SYRAH,KIT,0018,VINOS TINTOS,,9900881600003,PZ,PZ
QRO,0000000696 - POS QRO,8829,0000008829,VT CASAS PATRONALES G. RSVA. SYRAH COPA,KIT,0018,VINOS TINTOS,,9900882900003,PZ,PZ
QRO,0000000696 - POS QRO,9955,0000009955,VT CASAS PATRONALES LEAL CARMENERE BELLA COPA,KIT,0018,VINOS TINTOS,,9900995500008,PZ,PZ
QRO,0000000696 - POS QRO,9954,0000009954,VT CASAS PATRONALES LEAL CARMENERE BLLA,KIT,0018,VINOS TINTOS,,9900995400001,PZ,PZ
QRO,0000000696 - POS QRO,10007,0000010007,VT CAYMUS NAPA VALLERY COPA,KIT,0018,VINOS TINTOS,,9901000700000,PZ,PZ
QRO,0000000696 - POS QRO,6761,0000006761,VT CAYMUS SELECCION ESPECIAL CS,KIT,0018,VINOS TINTOS,,9900676100008,PZ,PZ
QRO,0000000696 - POS QRO,9966,0000009966,VT CHATEAU DE LA BREDE BLLA,KIT,0018,VINOS TINTOS,,9900996600004,PZ,PZ
QRO,0000000696 - POS QRO,9967,0000009967,VT CHATEAU DE LA BREDE BLLA COPA,KIT,0018,VINOS TINTOS,,9900996700001,PZ,PZ
QRO,0000000696 - POS QRO,6775,0000006775,VT CHATEAU DE MONTGAIARD CS,KIT,0018,VINOS TINTOS,,9900677500005,PZ,PZ
QRO,0000000696 - POS QRO,6879,0000006879,VT CHIARO PRIMITIVO,KIT,0018,VINOS TINTOS,,9900687900000,PZ,PZ
QRO,0000000696 - POS QRO,4214,0000004214,VT CICLO NEBBIOLO,KIT,0018,VINOS TINTOS,,9900421400001,PZ,PZ
QRO,0000000696 - POS QRO,4583,0000004583,VT CONUNDRUM RED CRIANZA,KIT,0018,VINOS TINTOS,,9900458300008,PZ,PZ
QRO,0000000696 - POS QRO,6956,0000006956,VT DOLORES 4 REGIONES,KIT,0018,VINOS TINTOS,,9900695600008,PZ,PZ
QRO,0000000696 - POS QRO,4222,0000004222,VT DON LEO G. RSVA. CARBENET,KIT,0018,VINOS TINTOS,,9900422200006,PZ,PZ
QRO,0000000696 - POS QRO,9541,0000009541,VT DON LEO LINDE CS,KIT,0018,VINOS TINTOS,,9900954100003,PZ,PZ
QRO,0000000696 - POS QRO,9547,0000009547,VT DON LEO PINOT NOIR,KIT,0018,VINOS TINTOS,,9900954700005,PZ,PZ
QRO,0000000696 - POS QRO,9544,0000009544,VT DON LEON KOSHER,KIT,0018,VINOS TINTOS,,9900954400004,PZ,PZ
QRO,0000000696 - POS QRO,10012,0000010012,VT DON SILVESTRE G. RSVA. CARMENERE,KIT,0018,VINOS TINTOS,,9901001200004,PZ,PZ
QRO,0000000696 - POS QRO,10013,0000010013,VT DON SILVESTRE G. RSVA. CARMENERE COPA,KIT,0018,VINOS TINTOS,,9901001300001,PZ,PZ
QRO,0000000696 - POS QRO,6950,0000006950,VT DOÑA DOLORES CRIANZA,KIT,0018,VINOS TINTOS,,9900695000006,PZ,PZ
QRO,0000000696 - POS QRO,6978,0000006978,VT DOS TERRUÑOS,KIT,0018,VINOS TINTOS,,9900697800000,PZ,PZ
QRO,0000000696 - POS QRO,4024,0000004024,VT EL AVION DE JUGUETTE,KIT,0018,VINOS TINTOS,,9900402400006,PZ,PZ
QRO,0000000696 - POS QRO,8616,0000008616,VT EL ENEMIGO CF,KIT,0018,VINOS TINTOS,,9900861600009,PZ,PZ
QRO,0000000696 - POS QRO,4025,0000004025,VT EL TROMPO DE JUGETTE,KIT,0018,VINOS TINTOS,,9900402500003,PZ,PZ
QRO,0000000696 - POS QRO,8610,0000008610,VT EMILIO MORO,KIT,0018,VINOS TINTOS,,9900861000007,PZ,PZ
QRO,0000000696 - POS QRO,5357,0000005357,VT EMMOLO MERLOT,KIT,0018,VINOS TINTOS,,9900535700004,PZ,PZ
QRO,0000000696 - POS QRO,4226,0000004226,VT FINCAS DE GANUZA,KIT,0018,VINOS TINTOS,,9900422600004,PZ,PZ
QRO,0000000696 - POS QRO,4574,0000004574,VT GNARLY HEAD OLD VINE ZINFANDEL,KIT,0018,VINOS TINTOS,,9900457400006,PZ,PZ
QRO,0000000696 - POS QRO,8613,0000008613,VT GRAN AMADO,KIT,0018,VINOS TINTOS,,9900861300008,PZ,PZ
QRO,0000000696 - POS QRO,8736,0000008736,VT ICONO CS,KIT,0018,VINOS TINTOS,,9900873600004,PZ,PZ
QRO,0000000696 - POS QRO,8831,0000008831,VT ICONO OCAGAVIA DS,KIT,0018,VINOS TINTOS,,9900883100006,PZ,PZ
QRO,0000000696 - POS QRO,9951,0000009951,VT ICONO OCHAGAVIA DN SLV G. RSVA BLLA,KIT,0018,VINOS TINTOS,,9900995100000,PZ,PZ
QRO,0000000696 - POS QRO,9952,0000009952,VT ICONO OCHOGAVIA DN SLV G. RSVA BLLA COPA,KIT,0018,VINOS TINTOS,,9900995200007,PZ,PZ
QRO,0000000696 - POS QRO,4326,0000004326,VT INDIGO EYES CS,KIT,0018,VINOS TINTOS,,9900432600001,PZ,PZ
QRO,0000000696 - POS QRO,4327,0000004327,VT INDIGO EYES CS COPA,KIT,0018,VINOS TINTOS,,9900432700008,PZ,PZ
QRO,0000000696 - POS QRO,6944,0000006944,VT INEDITO TINTO ROBLE,KIT,0018,VINOS TINTOS,,9900694400005,PZ,PZ
QRO,0000000696 - POS QRO,4227,0000004227,VT J. LOHR MERLOT,KIT,0018,VINOS TINTOS,,9900422700001,PZ,PZ
QRO,0000000696 - POS QRO,4026,0000004026,VT JUGUETTE CABERNET SHIRAZ,KIT,0018,VINOS TINTOS,,9900402600000,PZ,PZ
QRO,0000000696 - POS QRO,9652,0000009652,VT KURDO BODEGAS DEL VIENTO,KIT,0018,VINOS TINTOS,,9900965200006,PZ,PZ
QRO,0000000696 - POS QRO,9934,0000009934,VT LA CASONA CABERNET MERLOT COPA,KIT,0018,VINOS TINTOS,,9900993400003,PZ,PZ
QRO,0000000696 - POS QRO,9996,0000009996,VT LA TERQUEDAD MERLOT BLLA,KIT,0018,VINOS TINTOS,,9900999600001,PZ,PZ
QRO,0000000696 - POS QRO,9997,0000009997,VT LA TERQUEDAD MERLOT BLLA COPA,KIT,0018,VINOS TINTOS,,9900999700008,PZ,PZ
QRO,0000000696 - POS QRO,4233,0000004233,VT LLEIROSO CRIANZA COPA,KIT,0018,VINOS TINTOS,,9900423300002,PZ,PZ
QRO,0000000696 - POS QRO,8601,0000008601,VT M DE MARIATINTO,KIT,0018,VINOS TINTOS,,9900860100005,PZ,PZ
QRO,0000000696 - POS QRO,6869,0000006869,VT MAGNUM MONTEABELLON 14 MESES,KIT,0018,VINOS TINTOS,,9900686900001,PZ,PZ
QRO,0000000696 - POS QRO,6870,0000006870,VT MAGNUM MONTEABELLON 5 MESES,KIT,0018,VINOS TINTOS,,9900687000007,PZ,PZ
QRO,0000000696 - POS QRO,6877,0000006877,VT MAGONI ORIGEN 43,KIT,0018,VINOS TINTOS,,9900687700006,PZ,PZ
QRO,0000000696 - POS QRO,1675,0000001675,VT MARIATINTO,KIT,0018,VINOS TINTOS,,9900167700007,PZ,PZ
QRO,0000000696 - POS QRO,4243,0000004243,VT MAS DE 10 MERLOT COPA,KIT,0018,VINOS TINTOS,,9900424300001,PZ,PZ
QRO,0000000696 - POS QRO,5363,0000005363,VT MAURO CRIANZA,KIT,0018,VINOS TINTOS,,9900536300005,PZ,PZ
QRO,0000000696 - POS QRO,9960,0000009960,VT METTLER EPICENTER ZINFANDEL BLLA,KIT,0018,VINOS TINTOS,,9900996000002,PZ,PZ
QRO,0000000696 - POS QRO,9961,0000009961,VT METTLER EPICENTER ZINFANDEL COPA,KIT,0018,VINOS TINTOS,,9900996100009,PZ,PZ
QRO,0000000696 - POS QRO,8727,0000008727,VT MIXTURA RED BLEND,KIT,0018,VINOS TINTOS,,9900872700002,PZ,PZ
QRO,0000000696 - POS QRO,9155,0000009155,VT MONTE XANIC G. RICARDO COPA,KIT,0018,VINOS TINTOS,,9900915500002,PZ,PZ
QRO,0000000696 - POS QRO,9153,0000009153,VT MONTE XANIC SELECCION COPA,KIT,0018,VINOS TINTOS,,9900915300008,PZ,PZ
QRO,0000000696 - POS QRO,6871,0000006871,VT MONTEABELLON 14 MESES,KIT,0018,VINOS TINTOS,,9900687100004,PZ,PZ
QRO,0000000696 - POS QRO,6872,0000006872,VT MONTEABELLON 20 MESES FINCAS MATAMBRES,KIT,0018,VINOS TINTOS,,9900687200001,PZ,PZ
QRO,0000000696 - POS QRO,6873,0000006873,VT MONTEABELLON 5 MESES,KIT,0018,VINOS TINTOS,,9900687300008,PZ,PZ
QRO,0000000696 - POS QRO,9969,0000009969,VT MONTECATONE ANNATA SANGIOVESE RSVA BLLA,KIT,0018,VINOS TINTOS,,9900996900005,PZ,PZ
QRO,0000000696 - POS QRO,9970,0000009970,VT MONTECATONE ANNATA SANGIOVESE RSVA BLLA COPA,KIT,0018,VINOS TINTOS,,9900997000001,PZ,PZ
QRO,0000000696 - POS QRO,9957,0000009957,VT MONTES TOSCANNI CRIADO ROBLE BLLA,KIT,0018,VINOS TINTOS,,9900995700002,PZ,PZ
QRO,0000000696 - POS QRO,9958,0000009958,VT MONTES TOSCANNI CRIADO ROBLE BLLA COPA,KIT,0018,VINOS TINTOS,,9900995800009,PZ,PZ
QRO,0000000696 - POS QRO,9963,0000009963,VT MURPHY GOODE C. SAUV BLLA,KIT,0018,VINOS TINTOS,,9900996300003,PZ,PZ
QRO,0000000696 - POS QRO,9964,0000009964,VT MURPHY GOODE C. SAUV BLLA COPA,KIT,0018,VINOS TINTOS,,9900996400000,PZ,PZ
QRO,0000000696 - POS QRO,6982,0000006982,VT MUSICA DEL MARQUES SYRAH,KIT,0018,VINOS TINTOS,,9900698200007,PZ,PZ
QRO,0000000696 - POS QRO,6980,0000006980,VT MUSICA DEL MARQUES TEMPRANILLO,KIT,0018,VINOS TINTOS,,9900698000003,PZ,PZ
QRO,0000000696 - POS QRO,8724,0000008724,VT NIMBUS CS,KIT,0018,VINOS TINTOS,,9900872400001,PZ,PZ
QRO,0000000696 - POS QRO,8725,0000008725,VT NIMBUS CS COPA,KIT,0018,VINOS TINTOS,,9900872500008,PZ,PZ
QRO,0000000696 - POS QRO,5353,0000005353,VT NOVELLUM CRIANZA,KIT,0018,VINOS TINTOS,,9900535300006,PZ,PZ
QRO,0000000696 - POS QRO,4825,0000004825,VT OPUS ONE CS,KIT,0018,VINOS TINTOS,,9900482500009,PZ,PZ
QRO,0000000696 - POS QRO,6875,0000006875,VT PAGO DE CARRAOVEJAS CABERNET MERLOT,KIT,0018,VINOS TINTOS,,9900687500002,PZ,PZ
QRO,0000000696 - POS QRO,10009,0000010009,VT PAGO DE CARRAOVEJAS CABERNET MERLOT COPA,KIT,0018,VINOS TINTOS,,9901000900004,PZ,PZ
QRO,0000000696 - POS QRO,9975,0000009975,VT PARVADA SYRAH BLLA,KIT,0018,VINOS TINTOS,,9900997500006,PZ,PZ
QRO,0000000696 - POS QRO,9976,0000009976,VT PARVADA SYRAH BLLA COPA,KIT,0018,VINOS TINTOS,,9900997600003,PZ,PZ
QRO,0000000696 - POS QRO,9978,0000009978,VT PASSION BRAVA CAB SAUV BLLA,KIT,0018,VINOS TINTOS,,9900997800007,PZ,PZ
QRO,0000000696 - POS QRO,9979,0000009979,VT PASSION BRAVA CAB SAUV BLLA COPA,KIT,0018,VINOS TINTOS,,9900997900004,PZ,PZ
QRO,0000000696 - POS QRO,8598,0000008598,VT PICABUEY,KIT,0018,VINOS TINTOS,,9900859800008,PZ,PZ
QRO,0000000696 - POS QRO,9388,0000009388,VT PINTIA TEMPRANILLO,KIT,0018,VINOS TINTOS,,9900938800004,PZ,PZ
QRO,0000000696 - POS QRO,6962,0000006962,VT PL TINTO JOVEN,KIT,0018,VINOS TINTOS,,9900696200009,PZ,PZ
QRO,0000000696 - POS QRO,6990,0000006990,VT PRETEXTO,KIT,0018,VINOS TINTOS,,9900699000002,PZ,PZ
QRO,0000000696 - POS QRO,8296,0000008296,VT PUGNUS RSVA.,KIT,0018,VINOS TINTOS,,9900829600003,PZ,PZ
QRO,0000000696 - POS QRO,6868,0000006868,VT RAMIREZ DE GANUZA RSVA. TEMPRANILLO,KIT,0018,VINOS TINTOS,,9900686800004,PZ,PZ
QRO,0000000696 - POS QRO,4263,0000004263,VT RED SCHOONER,KIT,0018,VINOS TINTOS,,9900426300009,PZ,PZ
QRO,0000000696 - POS QRO,6992,0000006992,VT RETINTO,KIT,0018,VINOS TINTOS,,9900699200006,PZ,PZ
QRO,0000000696 - POS QRO,6968,0000006968,VT SAN JUANITO G. RSVA. SYRAH,KIT,0018,VINOS TINTOS,,9900696800001,PZ,PZ
QRO,0000000696 - POS QRO,9972,0000009972,VT SAN SILVESTRO NEBBIOLO BLLA,KIT,0018,VINOS TINTOS,,9900997200005,PZ,PZ
QRO,0000000696 - POS QRO,9973,0000009973,VT SAN SILVESTRO NEBBIOLO BLLA COPA,KIT,0018,VINOS TINTOS,,9900997300002,PZ,PZ
QRO,0000000696 - POS QRO,4270,0000004270,VT SANTOS BRUJOS TEMPRANILLO COPA,KIT,0018,VINOS TINTOS,,9900427000007,PZ,PZ
QRO,0000000696 - POS QRO,9993,0000009993,VT SASSICAIA CAB SAUV T CAB FRANC,KIT,0018,VINOS TINTOS,,9900999300000,PZ,PZ
QRO,0000000696 - POS QRO,9994,0000009994,VT SASSICAIA CAB SAUV T CAB FRANC COPA,KIT,0018,VINOS TINTOS,,9900999400007,PZ,PZ
QRO,0000000696 - POS QRO,9948,0000009948,VT SEPTIMA OBRA CAB FRANC BLLA,KIT,0018,VINOS TINTOS,,9900994800000,PZ,PZ
QRO,0000000696 - POS QRO,6880,0000006880,VT SILVIA CELLARS OLD ZINFANDEL,KIT,0018,VINOS TINTOS,,9900688000006,PZ,PZ
QRO,0000000696 - POS QRO,6966,0000006966,VT SJ AMANECER,KIT,0018,VINOS TINTOS,,9900696600007,PZ,PZ
QRO,0000000696 - POS QRO,6970,0000006970,VT SJ MALBEC,KIT,0018,VINOS TINTOS,,9900697000004,PZ,PZ
QRO,0000000696 - POS QRO,4204,0000004204,VT SOKATIRA CRIANZA COPA,KIT,0018,VINOS TINTOS,,9900420400002,PZ,PZ
QRO,0000000696 - POS QRO,9649,0000009649,VT SOL DE NOCHE BODEGAS DEL VIENTO,KIT,0018,VINOS TINTOS,,9900964900006,PZ,PZ
QRO,0000000696 - POS QRO,4275,0000004275,VT STAGS LEAP CS,KIT,0018,VINOS TINTOS,,9900427500002,PZ,PZ
QRO,0000000696 - POS QRO,6878,0000006878,VT SURCO 2.7 CS,KIT,0018,VINOS TINTOS,,9900687800003,PZ,PZ
QRO,0000000696 - POS QRO,4278,0000004278,VT TERRAZAS MALBEC COPA,KIT,0018,VINOS TINTOS,,9900427800003,PZ,PZ
QRO,0000000696 - POS QRO,6974,0000006974,VT TERRUÑO BAJIO,KIT,0018,VINOS TINTOS,,9900697400002,PZ,PZ
QRO,0000000696 - POS QRO,8595,0000008595,VT TIO NETO RSVA. DE LA FAMILIA,KIT,0018,VINOS TINTOS,,9900859500007,PZ,PZ
QRO,0000000696 - POS QRO,8596,0000008596,VT TIO NETO RSVA. DE LA FAMILIA COPA,KIT,0018,VINOS TINTOS,,9900859600004,PZ,PZ
QRO,0000000696 - POS QRO,4279,0000004279,VT TORNO CRIANZA TEMPRANILLO,KIT,0018,VINOS TINTOS,,9900427900000,PZ,PZ
QRO,0000000696 - POS QRO,8604,0000008604,VT UNICO SANTO TOMAS,KIT,0018,VINOS TINTOS,,9900860400006,PZ,PZ
QRO,0000000696 - POS QRO,3931,0000003931,VT UNICO VEGA SICILIA,KIT,0018,VINOS TINTOS,,9900393100008,PZ,PZ
QRO,0000000696 - POS QRO,8733,0000008733,VT VIÑA POMAL EDICION LIMITADA,KIT,0018,VINOS TINTOS,,9900873300003,PZ,PZ
QRO,0000000696 - POS QRO,8730,0000008730,VT VIÑA POMAL RSVA.,KIT,0018,VINOS TINTOS,,9900873000002,PZ,PZ
QRO,0000000696 - POS QRO,4287,0000004287,VT ZUCCARDI JOSE MALBEC CABERNET,KIT,0018,VINOS TINTOS,,9900428700005,PZ,PZ
QRO,0000000696 - POS QRO,9638,0000009638,WHI BALLENTINES 07 AÑOS,KIT,0029,WHISKYS,,9900963800000,PZ,PZ
QRO,0000000696 - POS QRO,9639,0000009639,WHI BALLENTINES 07 AÑOS COPA,KIT,0029,WHISKYS,,9900963900007,PZ,PZ
QRO,0000000696 - POS QRO,5332,0000005332,WHI BUCHANANS 12 AÑOS 1 LT,KIT,0029,WHISKYS,,9900533200001,PZ,PZ
QRO,0000000696 - POS QRO,9880,0000009880,WHI CHIVAS REGAL 20 ULTIS COPA,KIT,0029,WHISKYS,,9900988000003,PZ,PZ
QRO,0000000696 - POS QRO,9879,0000009879,WHI CHIVAS REGAL 20 ULTIS,KIT,0029,WHISKYS,,9900987900007,PZ,PZ
QRO,0000000696 - POS QRO,9883,0000009883,WHI CHIVAS REGAL 25 AÑOS COPA,KIT,0029,WHISKYS,,9900988300004,PZ,PZ
QRO,0000000696 - POS QRO,9882,0000009882,WHI CHIVAS REGAL 25 AÑOS,KIT,0029,WHISKYS,,9900988200007,PZ,PZ
QRO,0000000696 - POS QRO,9889,0000009889,WHI CHIVAS REGAL CRISTALINO COPA,KIT,0029,WHISKYS,,9900988900006,PZ,PZ
QRO,0000000696 - POS QRO,9888,0000009888,WHI CHIVAS REGAL CRISTALINO,KIT,0029,WHISKYS,,9900988800009,PZ,PZ
QRO,0000000696 - POS QRO,9886,0000009886,WHI CHIVAS REGAL ROYAL SALUTE 21 AÑOS COPA,KIT,0029,WHISKYS,,9900988600005,PZ,PZ
QRO,0000000696 - POS QRO,9885,0000009885,WHI CHIVAS REGAL ROYAL SALUTE 21 AÑOS,KIT,0029,WHISKYS,,9900988500008,PZ,PZ
QRO,0000000696 - POS QRO,9892,0000009892,WHI DEGUSTACION DE LA CASA COPA,KIT,0029,WHISKYS,,9900989200006,PZ,PZ
QRO,0000000696 - POS QRO,9893,0000009893,WHI DEGUSTACION PRESTIGE COPA,KIT,0029,WHISKYS,,9900989300003,PZ,PZ
QRO,0000000696 - POS QRO,3746,0000003746,WHI J. DANIELS SINATRA,KIT,0029,WHISKYS,,9900374600008,PZ,PZ
QRO,0000000696 - POS QRO,9523,0000009523,WHISKY NIKKA FROM THE BARREL,KIT,0029,WHISKYS,,9900952300009,PZ,PZ
QRO,0000000696 - POS QRO,9524,0000009524,WHISKY NIKKA FROM THE BARREL COPA,KIT,0029,WHISKYS,,9900952400006,PZ,PZ
QRO,0000000696 - POS QRO,6984,0000006984,VR DANZA DE LA MARQUESA VINO ROSE,KIT,0030,VINOS ROSADOS,,9900698400001,PZ,PZ
QRO,0000000696 - POS QRO,4290,0000004290,VR DON LEO ZINFANDEL,KIT,0030,VINOS ROSADOS,,9900429000005,PZ,PZ
QRO,0000000696 - POS QRO,4333,0000004333,VR DON LEO ZINFANDEL COPA,KIT,0030,VINOS ROSADOS,,9900433300009,PZ,PZ
QRO,0000000696 - POS QRO,6936,0000006936,VR DOS SECRETOS,KIT,0030,VINOS ROSADOS,,9900693600000,PZ,PZ
QRO,0000000696 - POS QRO,6972,0000006972,VR ESPUMA BAJIO ROSE,KIT,0030,VINOS ROSADOS,,9900697200008,PZ,PZ
QRO,0000000696 - POS QRO,9158,0000009158,VR MONTE XANIC GRENACHE ROSE COPA,KIT,0030,VINOS ROSADOS,,9900915800003,PZ,PZ
QRO,0000000696 - POS QRO,6960,0000006960,VR PL SHYRA ROSADO,KIT,0030,VINOS ROSADOS,,9900696000005,PZ,PZ
QRO,0000000696 - POS QRO,6863,0000006863,VR PROSECCO CHIARO ROSADO,KIT,0030,VINOS ROSADOS,,9900686300009,PZ,PZ
QRO,0000000696 - POS QRO,8592,0000008592,VR PUERTA DE LOBO,KIT,0030,VINOS ROSADOS,,9900859200006,PZ,PZ
QRO,0000000696 - POS QRO,8593,0000008593,VR PUERTA DE LOBO COPA,KIT,0030,VINOS ROSADOS,,9900859300003,PZ,PZ
QRO,0000000696 - POS QRO,6954,0000006954,VR SALA VIVE BRUT ROSE,KIT,0030,VINOS ROSADOS,,9900695400004,PZ,PZ
QRO,0000000696 - POS QRO,9990,0000009990,VR VIÑA POMAL ROSADO BLLA,KIT,0030,VINOS ROSADOS,,9900999000009,PZ,PZ
QRO,0000000696 - POS QRO,9991,0000009991,VR VIÑA POMAL ROSADO BLLA COPA,KIT,0030,VINOS ROSADOS,,9900999100006,PZ,PZ
QRO,0000000696 - POS QRO,6986,0000006986,VB APERTURA,KIT,0031,VINOS BLANCOS,,9900698600005,PZ,PZ
QRO,0000000696 - POS QRO,5324,0000005324,VB BOGLE CHARDONNAY,KIT,0031,VINOS BLANCOS,,9900532400006,PZ,PZ
QRO,0000000696 - POS QRO,9550,0000009550,VB DON LEO S. BLANC,KIT,0031,VINOS BLANCOS,,9900955000005,PZ,PZ
QRO,0000000696 - POS QRO,9984,0000009984,VB GRANITE HILL CELLAR CHARDONNAY BLLA,KIT,0031,VINOS BLANCOS,,9900998400008,PZ,PZ
QRO,0000000696 - POS QRO,9985,0000009985,VB GRANITE HILL CELLAR CHARDONNAY BLLA COPA,KIT,0031,VINOS BLANCOS,,9900998500005,PZ,PZ
QRO,0000000696 - POS QRO,6942,0000006942,VB INEDITO BLANCO,KIT,0031,VINOS BLANCOS,,9900694200001,PZ,PZ
QRO,0000000696 - POS QRO,3665,0000003665,VB LATE HARVEST LUJURIA Y PASION,KIT,0031,VINOS BLANCOS,,9900366500002,PZ,PZ
QRO,0000000696 - POS QRO,6860,0000006860,VB MAGONI CHARDONAY VERMENTINO,KIT,0031,VINOS BLANCOS,,9900686000008,PZ,PZ
QRO,0000000696 - POS QRO,7301,0000007301,VB MAGONI CHARDONAY VERMENTINO COPA,KIT,0031,VINOS BLANCOS,,9900730100005,PZ,PZ
QRO,0000000696 - POS QRO,6861,0000006861,VB MAGONI FIANO,KIT,0031,VINOS BLANCOS,,9900686100005,PZ,PZ
QRO,0000000696 - POS QRO,8721,0000008721,VB NIMBUS SAUVIGNON BLANC,KIT,0031,VINOS BLANCOS,,9900872100000,PZ,PZ
QRO,0000000696 - POS QRO,8722,0000008722,VB NIMBUS SAUVIGNON BLANC COPA,KIT,0031,VINOS BLANCOS,,9900872200007,PZ,PZ
QRO,0000000696 - POS QRO,6940,0000006940,VB PALOMAS BRUT,KIT,0031,VINOS BLANCOS,,9900694000007,PZ,PZ
QRO,0000000696 - POS QRO,6958,0000006958,VB PL SAUVIGNON BLANC,KIT,0031,VINOS BLANCOS,,9900695800002,PZ,PZ
QRO,0000000696 - POS QRO,6964,0000006964,VB PL VERDEJO,KIT,0031,VINOS BLANCOS,,9900696400003,PZ,PZ
QRO,0000000696 - POS QRO,9981,0000009981,VB RAIMAT ALBARIÑO ECOLOGICO BLLA,KIT,0031,VINOS BLANCOS,,9900998100007,PZ,PZ
QRO,0000000696 - POS QRO,9982,0000009982,VB RAIMAT ALBARIÑO ECOLOGICO BLLA COPA,KIT,0031,VINOS BLANCOS,,9900998200004,PZ,PZ
QRO,0000000696 - POS QRO,4188,0000004188,VB SOKATIRA CHARDONNAY,KIT,0031,VINOS BLANCOS,,9900418800005,PZ,PZ
QRO,0000000696 - POS QRO,6976,0000006976,VB TERRUÑO BLANCO,KIT,0031,VINOS BLANCOS,,9900697600006,PZ,PZ
QRO,0000000696 - POS QRO,10018,0000010018,130° BRAMBLE,KIT,0035,COCKTAILS Y MIXOLOGIA,,9901001800006,PZ,PZ
QRO,0000000696 - POS QRO,425,0000000425,BEBIDA DE TEMPORADA,SERVICIO,0035,COCKTAILS Y MIXOLOGIA,,9900042500005,PZ,PZ
QRO,0000000696 - POS QRO,948,0000000948,BERRY FRESH,KIT,0035,COCKTAILS Y MIXOLOGIA,,9900095000002,PZ,PZ
QRO,0000000696 - POS QRO,754,0000000754,CARIBEAN 43,KIT,0035,COCKTAILS Y MIXOLOGIA,,9900075400006,PZ,PZ
QRO,0000000696 - POS QRO,9623,0000009623,COC (A)MAR SPRITZ,KIT,0035,COCKTAILS Y MIXOLOGIA,,9900962300006,PZ,PZ
QRO,0000000696 - POS QRO,4441,0000004441,COC 130 GIN,KIT,0035,COCKTAILS Y MIXOLOGIA,,9900444100001,PZ,PZ
QRO,0000000696 - POS QRO,9855,0000009855,COC 1315,KIT,0035,COCKTAILS Y MIXOLOGIA,,9900985500001,PZ,PZ
QRO,0000000696 - POS QRO,10038,0000010038,COC ALFONSO XIII,KIT,0035,COCKTAILS Y MIXOLOGIA,,9901003800004,PZ,PZ
QRO,0000000696 - POS QRO,9624,0000009624,COC ATARDECER FIZZ,KIT,0035,COCKTAILS Y MIXOLOGIA,,9900962400003,PZ,PZ
QRO,0000000696 - POS QRO,9844,0000009844,COC AUTUMN SAHUMERIO,KIT,0035,COCKTAILS Y MIXOLOGIA,,9900984400005,PZ,PZ
QRO,0000000696 - POS QRO,9625,0000009625,COC BALANDRA,KIT,0035,COCKTAILS Y MIXOLOGIA,,9900962500000,PZ,PZ
QRO,0000000696 - POS QRO,9496,0000009496,COC BLACK DEMY,KIT,0035,COCKTAILS Y MIXOLOGIA,,9900949600006,PZ,PZ
QRO,0000000696 - POS QRO,9098,0000009098,COC BLACK DIAMOND,KIT,0035,COCKTAILS Y MIXOLOGIA,,9900909800002,PZ,PZ
QRO,0000000696 - POS QRO,9100,0000009100,COC BLACKBERRY SOUR,KIT,0035,COCKTAILS Y MIXOLOGIA,,9900910000002,PZ,PZ
QRO,0000000696 - POS QRO,10035,0000010035,COC BULL,KIT,0035,COCKTAILS Y MIXOLOGIA,,9901003500003,PZ,PZ
QRO,0000000696 - POS QRO,9856,0000009856,COC BUTTERFLY TONIC,KIT,0035,COCKTAILS Y MIXOLOGIA,,9900985600008,PZ,PZ
QRO,0000000696 - POS QRO,9102,0000009102,COC CRAZY GUABA,KIT,0035,COCKTAILS Y MIXOLOGIA,,9900910200006,PZ,PZ
QRO,0000000696 - POS QRO,9910,0000009910,COC EMBER FROST,KIT,0035,COCKTAILS Y MIXOLOGIA,,9900991000007,PZ,PZ
QRO,0000000696 - POS QRO,9857,0000009857,COC ENCANTO DULCE,KIT,0035,COCKTAILS Y MIXOLOGIA,,9900985700005,PZ,PZ
QRO,0000000696 - POS QRO,6781,0000006781,COC ESPRESSO MARTINI,KIT,0035,COCKTAILS Y MIXOLOGIA,,9900678100006,PZ,PZ
QRO,0000000696 - POS QRO,9099,0000009099,COC FAKE JUPEP,KIT,0035,COCKTAILS Y MIXOLOGIA,,9900909900009,PZ,PZ
QRO,0000000696 - POS QRO,9622,0000009622,COC FLOR DE GERALDINE,KIT,0035,COCKTAILS Y MIXOLOGIA,,9900962200009,PZ,PZ
QRO,0000000696 - POS QRO,4840,0000004840,COC GINLANTRO,KIT,0035,COCKTAILS Y MIXOLOGIA,,9900484000002,PZ,PZ
QRO,0000000696 - POS QRO,9103,0000009103,COC GREEN BUG,KIT,0035,COCKTAILS Y MIXOLOGIA,,9900910300003,PZ,PZ
QRO,0000000696 - POS QRO,10039,0000010039,COC JUVENTINA,KIT,0035,COCKTAILS Y MIXOLOGIA,,9901003900001,PZ,PZ
QRO,0000000696 - POS QRO,9101,0000009101,COC MANGO TANGO,KIT,0035,COCKTAILS Y MIXOLOGIA,,9900910100009,PZ,PZ
QRO,0000000696 - POS QRO,428,0000000428,COC MARGARITA PINK ROSE,KIT,0035,COCKTAILS Y MIXOLOGIA,,9900042800006,PZ,PZ
QRO,0000000696 - POS QRO,432,0000000432,COC MAYAHUEL,KIT,0035,COCKTAILS Y MIXOLOGIA,,9900043200003,PZ,PZ
QRO,0000000696 - POS QRO,4504,0000004504,COC MAYAN GIN,KIT,0035,COCKTAILS Y MIXOLOGIA,,9900450400003,PZ,PZ
QRO,0000000696 - POS QRO,9495,0000009495,COC MERAKY,KIT,0035,COCKTAILS Y MIXOLOGIA,,9900949500009,PZ,PZ
QRO,0000000696 - POS QRO,9097,0000009097,COC MEXICAN MULE,KIT,0035,COCKTAILS Y MIXOLOGIA,,9900909700005,PZ,PZ
QRO,0000000696 - POS QRO,4153,0000004153,COC MEZCALITA 130,KIT,0035,COCKTAILS Y MIXOLOGIA,,9900415300003,PZ,PZ
QRO,0000000696 - POS QRO,9509,0000009509,COC MEZCALITA 8M,KIT,0035,COCKTAILS Y MIXOLOGIA,,9900950900003,PZ,PZ
QRO,0000000696 - POS QRO,10040,0000010040,COC MEZCART,KIT,0035,COCKTAILS Y MIXOLOGIA,,9901004000007,PZ,PZ
QRO,0000000696 - POS QRO,9854,0000009854,COC OLD FASHIONED 130,KIT,0035,COCKTAILS Y MIXOLOGIA,,9900985400004,PZ,PZ
QRO,0000000696 - POS QRO,430,0000000430,COC PALOMA DIAMANTE,KIT,0035,COCKTAILS Y MIXOLOGIA,,9900043000009,PZ,PZ
QRO,0000000696 - POS QRO,9627,0000009627,COC PERFECT SERV AMARO MONTENEGRO,KIT,0035,COCKTAILS Y MIXOLOGIA,,9900962700004,PZ,PZ
QRO,0000000696 - POS QRO,9626,0000009626,COC PERFECT SERV COCCHI AMERICANO,KIT,0035,COCKTAILS Y MIXOLOGIA,,9900962600007,PZ,PZ
QRO,0000000696 - POS QRO,10036,0000010036,COC PIEDRA,KIT,0035,COCKTAILS Y MIXOLOGIA,,9901003600000,PZ,PZ
QRO,0000000696 - POS QRO,9677,0000009677,COC REULET SPRITZ,KIT,0035,COCKTAILS Y MIXOLOGIA,,9900967700009,PZ,PZ
QRO,0000000696 - POS QRO,5322,0000005322,COC WELCOME DRINK,KIT,0035,COCKTAILS Y MIXOLOGIA,,9900532200002,PZ,PZ
QRO,0000000696 - POS QRO,4162,0000004162,GIN APPLE TWIST,KIT,0035,COCKTAILS Y MIXOLOGIA,,9900416200005,PZ,PZ
QRO,0000000696 - POS QRO,1622,0000001622,MARSHMALLOW SIP,KIT,0035,COCKTAILS Y MIXOLOGIA,,9900162400001,PZ,PZ
QRO,0000000696 - POS QRO,4165,0000004165,MIXO GREEN TEA GIN,KIT,0035,COCKTAILS Y MIXOLOGIA,,9900416500006,PZ,PZ
QRO,0000000696 - POS QRO,4517,0000004517,MIXO PEPPER GIN,KIT,0035,COCKTAILS Y MIXOLOGIA,,9900451700003,PZ,PZ
QRO,0000000696 - POS QRO,4169,0000004169,MIXO RED GIN,KIT,0035,COCKTAILS Y MIXOLOGIA,,9900416900004,PZ,PZ
QRO,0000000696 - POS QRO,4170,0000004170,MIXO REFRESH GIN,KIT,0035,COCKTAILS Y MIXOLOGIA,,9900417000000,PZ,PZ
QRO,0000000696 - POS QRO,4171,0000004171,MIXO TROPIC GRILL GIN,KIT,0035,COCKTAILS Y MIXOLOGIA,,9900417100007,PZ,PZ
QRO,0000000696 - POS QRO,8422,0000008422,MOC FRUTOS ROJOS LICHY,KIT,0035,COCKTAILS Y MIXOLOGIA,,9900842200006,PZ,PZ
QRO,0000000696 - POS QRO,8637,0000008637,MOC LIMONADA GUANABANA,KIT,0035,COCKTAILS Y MIXOLOGIA,,9900863700004,PZ,PZ
QRO,0000000696 - POS QRO,8421,0000008421,MOC MANGO MARACUYA,KIT,0035,COCKTAILS Y MIXOLOGIA,,9900842100009,PZ,PZ
QRO,0000000696 - POS QRO,8425,0000008425,MOC MANZANA ALBHACA,KIT,0035,COCKTAILS Y MIXOLOGIA,,9900842500007,PZ,PZ
QRO,0000000696 - POS QRO,8423,0000008423,MOC MOCKTAIL TORONJA PEPINO,KIT,0035,COCKTAILS Y MIXOLOGIA,,9900842300003,PZ,PZ
QRO,0000000696 - POS QRO,8424,0000008424,MOC NARANJA-HIERBABUENA,KIT,0035,COCKTAILS Y MIXOLOGIA,,9900842400000,PZ,PZ
QRO,0000000696 - POS QRO,637,0000000637,PINK DIAMOND,KIT,0035,COCKTAILS Y MIXOLOGIA,,9900063700002,PZ,PZ
QRO,0000000696 - POS QRO,9987,0000009987,VE ANNA DE CODORNIU BLANC DE BLANC BLLA,KIT,0036,VINOS ESPUMOSOS/POSTRE,,9900998700009,PZ,PZ
QRO,0000000696 - POS QRO,9988,0000009988,VE ANNA DE CODORNIU BLANC DE BLANC BLLA COPA,KIT,0036,VINOS ESPUMOSOS/POSTRE,,9900998800006,PZ,PZ
QRO,0000000696 - POS QRO,9890,0000009890,VE CINZANO PRO-SPRITZ,KIT,0036,VINOS ESPUMOSOS/POSTRE,,9900989000002,PZ,PZ
QRO,0000000696 - POS QRO,9891,0000009891,VE CINZANO PRO-SPRITZ COPA,KIT,0036,VINOS ESPUMOSOS/POSTRE,,9900989100009,PZ,PZ
QRO,0000000696 - POS QRO,6862,0000006862,VE PROSECCO CHIARO BRUT,KIT,0036,VINOS ESPUMOSOS/POSTRE,,9900686200002,PZ,PZ
QRO,0000000696 - POS QRO,8843,0000008843,VECAVA ARS COLECTA BLANC,KIT,0036,VINOS ESPUMOSOS/POSTRE,,9900884300009,PZ,PZ
QRO,0000000696 - POS QRO,9553,0000009553,VP DON LEO STELLAR,KIT,0036,VINOS ESPUMOSOS/POSTRE,,9900955300006,PZ,PZ
QRO,0000000696 - POS QRO,3672,0000003672,VP MOSCATO MOSCATEL DE ALEJANDRIA,KIT,0036,VINOS ESPUMOSOS/POSTRE,,9900367200000,PZ,PZ
QRO,0000000696 - POS QRO,3673,0000003673,VP MOSCATO MOSCATEL DE ALEJANDRIA COPA,KIT,0036,VINOS ESPUMOSOS/POSTRE,,9900367300007,PZ,PZ
QRO,0000000696 - POS QRO,4236,0000004236,VT MALAMADO MALBEC COPA,KIT,0036,VINOS ESPUMOSOS/POSTRE,,9900423600003,PZ,PZ
QRO,0000000696 - POS QRO,4235,0000004235,VT MALAMADO MALBEC,KIT,0036,VINOS ESPUMOSOS/POSTRE,,9900423500006,PZ,PZ
QRO,0000000696 - POS QRO,8986,0000008986,CARNE E. SU JUGO,KIT,0039,SOPAS Y PASTAS,,9900898600003,PZ,PZ
QRO,0000000696 - POS QRO,8982,0000008982,PASTA P/NIÑOS,KIT,0039,SOPAS Y PASTAS,,9900898200005,PZ,PZ
QRO,0000000696 - POS QRO,9906,0000009906,ANIVERSARIO QRO,KIT,0041,EVENTOS/TEMPORADA,,9900990600000,PZ,PZ
QRO,0000000696 - POS QRO,9945,0000009945,BOMBA DE CHOCOLATE SAN VALENTIN,KIT,0041,EVENTOS/TEMPORADA,,9900994500009,PZ,PZ
QRO,0000000696 - POS QRO,9916,0000009916,CH MUMM CORDON ROUGE COPA,KIT,0041,EVENTOS/TEMPORADA,,9900991600009,PZ,PZ
QRO,0000000696 - POS QRO,9851,0000009851,COC BELLADONA,KIT,0041,EVENTOS/TEMPORADA,,9900985100003,PZ,PZ
QRO,0000000696 - POS QRO,8638,0000008638,DESCORCHE TEMPORADA,SERVICIO,0041,EVENTOS/TEMPORADA,,9900863800001,PZ,PZ
QRO,0000000696 - POS QRO,9917,0000009917,FOIE GRAS SALSA KALHUA,KIT,0041,EVENTOS/TEMPORADA,,9900991700006,PZ,PZ
QRO,0000000696 - POS QRO,8672,0000008672,POSADAS,SERVICIO,0041,EVENTOS/TEMPORADA,,9900867200005,SR,SR
QRO,0000000696 - POS QRO,9493,0000009493,RIB EYE A LA PIEDRA C. TEPPANYAKI,KIT,0041,EVENTOS/TEMPORADA,,9900949300005,PZ,PZ
QRO,0000000696 - POS QRO,9490,0000009490,SUSHI DE SALMON CATA,KIT,0041,EVENTOS/TEMPORADA,,9900949000004,PZ,PZ
QRO,0000000696 - POS QRO,9491,0000009491,TAQUITOS DE PORK BELLY CATA,KIT,0041,EVENTOS/TEMPORADA,,9900949100001,PZ,PZ
QRO,0000000696 - POS QRO,1203,0000001203,UVAS CELEBRACION FIN DE AÑO,KIT,0041,EVENTOS/TEMPORADA,,9900120500002,PZ,PZ
QRO,0000000696 - POS QRO,9494,0000009494,VOLCAN DE CHOCOLATE HELADO MATCHA,KIT,0041,EVENTOS/TEMPORADA,,9900949400002,PZ,PZ
QRO,0000000696 - POS QRO,9559,0000009559,DEDOS DE PESCADO C/PAPAS FRANCESAS,KIT,0043,MENU INFANTIL,,9900955900008,PZ,PZ
QRO,0000000696 - POS QRO,9560,0000009560,HELADO C. DE A. INFLADO Y S. DE CAJETA,KIT,0043,MENU INFANTIL,,9900956000004,PZ,PZ
QRO,0000000696 - POS QRO,9558,0000009558,MINI HAMBURGUESA C/CHEDDAR Y PAPA FRANCESA,KIT,0043,MENU INFANTIL,,9900955800001,PZ,PZ
QRO,0000000696 - POS QRO,9557,0000009557,PASTA A LA CREMA C/DEDOS DE POLLO,KIT,0043,MENU INFANTIL,,9900955700004,PZ,PZ
QRO,0000000696 - POS QRO,9184,0000009184,COPA DE FRUTAS DE TEMPORADA,KIT,0044,DESAYUNOS,,9900918400002,PZ,PZ
QRO,0000000696 - POS QRO,9181,0000009181,CREPA RELLENA DE POLLO C. CHAMPIÑON,KIT,0044,DESAYUNOS,,9900918100001,PZ,PZ
QRO,0000000696 - POS QRO,5177,0000005177,CH DOM PERIGNON BRUT VINTAGE,KIT,0058,CHAMPAGNES Y COGNACS,,9900517700008,PZ,PZ
QRO,0000000696 - POS QRO,4036,0000004036,CH M&C ICE IMPERIAL,KIT,0058,CHAMPAGNES Y COGNACS,,9900403600009,PZ,PZ
QRO,0000000696 - POS QRO,4053,0000004053,CH M&C ICE ROSE IMPERIAL,KIT,0058,CHAMPAGNES Y COGNACS,,9900405300006,PZ,PZ
QRO,0000000696 - POS QRO,6764,0000006764,CH M&C NECTAR IMPERIAL ROSE,KIT,0058,CHAMPAGNES Y COGNACS,,9900676400009,PZ,PZ
QRO,0000000696 - POS QRO,4040,0000004040,CH M&C ROSE IMPERIAL,KIT,0058,CHAMPAGNES Y COGNACS,,9900404000006,PZ,PZ
QRO,0000000696 - POS QRO,9915,0000009915,CH MUMM CORDON ROUGE,KIT,0058,CHAMPAGNES Y COGNACS,,9900991500002,PZ,PZ
QRO,0000000696 - POS QRO,8172,0000008172,CH TAITTINGER BRUT,KIT,0058,CHAMPAGNES Y COGNACS,,9900817200000,PZ,PZ
QRO,0000000696 - POS QRO,4042,0000004042,CH VEUVE CLICQUOT BRUT,KIT,0058,CHAMPAGNES Y COGNACS,,9900404200000,PZ,PZ
QRO,0000000696 - POS QRO,4047,0000004047,COG HENNESSY XO,KIT,0058,CHAMPAGNES Y COGNACS,,9900404700005,PZ,PZ
QRO,0000000696 - POS QRO,8542,0000008542,COG REMY MARTIN LOUIS XII,KIT,0058,CHAMPAGNES Y COGNACS,,9900854200001,PZ,PZ
QRO,0000000696 - POS QRO,8543,0000008543,COG REMY MARTIN LOUIS XII COPA,KIT,0058,CHAMPAGNES Y COGNACS,,9900854300008,PZ,PZ
QRO,0000000696 - POS QRO,3713,0000003713,COG REMY MARTIN XO,KIT,0058,CHAMPAGNES Y COGNACS,,9900371300000,PZ,PZ
QRO,0000000696 - POS QRO,4050,0000004050,COG REMY MARTIN XO COPA,KIT,0058,CHAMPAGNES Y COGNACS,,9900405000005,PZ,PZ
QRO,0000000696 - POS QRO,3984,0000003984,RON BACARDI LIMON,KIT,0059,RONES Y BRANDYS,,9900398400004,PZ,PZ
QRO,0000000696 - POS QRO,3985,0000003985,RON BACARDI LIMON COPA,KIT,0059,RONES Y BRANDYS,,9900398500001,PZ,PZ
QRO,0000000696 - POS QRO,9821,0000009821,RON BOTRAN 15 AÑOS RSVA.,KIT,0059,RONES Y BRANDYS,,9900982100006,PZ,PZ
QRO,0000000696 - POS QRO,9822,0000009822,RON BOTRAN 15 AÑOS RSVA. COPA,KIT,0059,RONES Y BRANDYS,,9900982200003,PZ,PZ
QRO,0000000696 - POS QRO,3998,0000003998,RON FLOR DE CAÑA 18 AÑOS,KIT,0059,RONES Y BRANDYS,,9900399800001,PZ,PZ
QRO,0000000696 - POS QRO,3999,0000003999,RON FLOR DE CAÑA 18 AÑOS COPA,KIT,0059,RONES Y BRANDYS,,9900399900008,PZ,PZ
QRO,0000000696 - POS QRO,4000,0000004000,RON FLOR DE CAÑA 25 AÑOS,KIT,0059,RONES Y BRANDYS,,9900400000000,PZ,PZ
QRO,0000000696 - POS QRO,4001,0000004001,RON FLOR DE CAÑA 25 AÑOS COPA,KIT,0059,RONES Y BRANDYS,,9900400100007,PZ,PZ
QRO,0000000696 - POS QRO,4618,0000004618,RON ZACAPA AMBAR 12 AÑOS CENTENARIO,KIT,0059,RONES Y BRANDYS,,9900461800007,PZ,PZ
QRO,0000000696 - POS QRO,4619,0000004619,RON ZACAPA AMBAR 12 AÑOS CENTENARIO COPA,KIT,0059,RONES Y BRANDYS,,9900461900004,PZ,PZ
QRO,0000000696 - POS QRO,3759,0000003759,SMALT ARDBEG 10 AÑOS,KIT,0060,SMALTS,,9900375900008,PZ,PZ
QRO,0000000696 - POS QRO,3760,0000003760,SMALT ARDBEG 10 AÑOS COPA,KIT,0060,SMALTS,,9900376000004,PZ,PZ
QRO,0000000696 - POS QRO,3769,0000003769,SMALT GLEN GRANT,KIT,0060,SMALTS,,9900376900007,PZ,PZ
QRO,0000000696 - POS QRO,3770,0000003770,SMALT GLEN GRANT COPA,KIT,0060,SMALTS,,9900377000003,PZ,PZ
QRO,0000000696 - POS QRO,3784,0000003784,SMALT GLENMORANGIE 18 AÑOS,KIT,0060,SMALTS,,9900378400000,PZ,PZ
QRO,0000000696 - POS QRO,3785,0000003785,SMALT GLENMORANGIE 18 AÑOS COPA,KIT,0060,SMALTS,,9900378500007,PZ,PZ
QRO,0000000696 - POS QRO,3792,0000003792,SMALT GLENMORANGIE SIGNET,KIT,0060,SMALTS,,9900379200005,PZ,PZ
QRO,0000000696 - POS QRO,3793,0000003793,SMALT GLENMORANGIE SIGNET COPA,KIT,0060,SMALTS,,9900379300002,PZ,PZ
QRO,0000000696 - POS QRO,5290,0000005290,SMALT GLENROTHES 10 AÑOS,KIT,0060,SMALTS,,9900529000004,PZ,PZ
QRO,0000000696 - POS QRO,3795,0000003795,SMALT GLENROTHES 10 AÑOS COPA,KIT,0060,SMALTS,,9900379500006,PZ,PZ
QRO,0000000696 - POS QRO,3794,0000003794,SMALT GLENROTHES 12 AÑOS,KIT,0060,SMALTS,,9900379400009,PZ,PZ
QRO,0000000696 - POS QRO,4529,0000004529,SMALT GLENROTHES 12 AÑOS COPA,KIT,0060,SMALTS,,9900452900006,PZ,PZ
QRO,0000000696 - POS QRO,4527,0000004527,SMALT GLENROTHES 18 AÑOS,KIT,0060,SMALTS,,9900452700002,PZ,PZ
QRO,0000000696 - POS QRO,4528,0000004528,SMALT GLENROTHES 18 AÑOS COPA,KIT,0060,SMALTS,,9900452800009,PZ,PZ
QRO,0000000696 - POS QRO,3797,0000003797,SMALT HIGHLAND PARK 12 AÑOS COPA,KIT,0060,SMALTS,,9900379700000,PZ,PZ
QRO,0000000696 - POS QRO,4530,0000004530,SMALT HIGHLAND PARK 15 AÑOS,KIT,0060,SMALTS,,9900453000002,PZ,PZ
QRO,0000000696 - POS QRO,4531,0000004531,SMALT HIGHLAND PARK 15 AÑOS COPA,KIT,0060,SMALTS,,9900453100009,PZ,PZ
QRO,0000000696 - POS QRO,4532,0000004532,SMALT HIGHLAND PARK 18 AÑOS,KIT,0060,SMALTS,,9900453200006,PZ,PZ
QRO,0000000696 - POS QRO,4533,0000004533,SMALT HIGHLAND PARK 18 AÑOS COPA,KIT,0060,SMALTS,,9900453300003,PZ,PZ
QRO,0000000696 - POS QRO,3798,0000003798,SMALT LAPHROIAG 10 AÑOS,KIT,0060,SMALTS,,9900379800007,PZ,PZ
QRO,0000000696 - POS QRO,4552,0000004552,SMALT MACALLAN 12 AÑOS SHERRY OAK,KIT,0060,SMALTS,,9900455200004,PZ,PZ
QRO,0000000696 - POS QRO,4553,0000004553,SMALT MACALLAN 12 AÑOS SHERRY OAK COPA,KIT,0060,SMALTS,,9900455300001,PZ,PZ
QRO,0000000696 - POS QRO,4559,0000004559,SMALT MACALLAN 15 AÑOS DOUBLE CASK,KIT,0060,SMALTS,,9900455900003,PZ,PZ
QRO,0000000696 - POS QRO,3808,0000003808,SMALT MACALLAN 15 AÑOS DOUBLE CASK COPA,KIT,0060,SMALTS,,9900380800003,PZ,PZ
QRO,0000000696 - POS QRO,4560,0000004560,SMALT MACALLAN 18 AÑOS BOUBLE CASK,KIT,0060,SMALTS,,9900456000009,PZ,PZ
QRO,0000000696 - POS QRO,4502,0000004502,SMALT MACALLAN 18 AÑOS DOUBLE CASK COPA,KIT,0060,SMALTS,,9900450200009,PZ,PZ
QRO,0000000696 - POS QRO,3803,0000003803,SMALT MACALLAN 18 AÑOS TRIPLE CASK,KIT,0060,SMALTS,,9900380300008,PZ,PZ
QRO,0000000696 - POS QRO,3804,0000003804,SMALT MACALLAN 18 AÑOS TRIPLE CASK COPA,KIT,0060,SMALTS,,9900380400005,PZ,PZ
QRO,0000000696 - POS QRO,4540,0000004540,SMALT MACALLAN 25 AÑOS SHERRY OAK,KIT,0060,SMALTS,,9900454000001,PZ,PZ
QRO,0000000696 - POS QRO,3945,0000003945,SMALT MACALLAN 25 AÑOS SHERRY OAK COPA,KIT,0060,SMALTS,,9900394500005,PZ,PZ
QRO,0000000696 - POS QRO,7109,0000007109,SMALT MACALLAN EASTER BLACK COPA,KIT,0060,SMALTS,,9900710900007,PZ,PZ
QRO,0000000696 - POS QRO,4274,0000004274,SMALT MACALLAN M,KIT,0060,SMALTS,,9900427400005,PZ,PZ
QRO,0000000696 - POS QRO,6703,0000006703,SMALT MACALLAN M BLACK,KIT,0060,SMALTS,,9900670300008,PZ,PZ
QRO,0000000696 - POS QRO,7111,0000007111,SMALT MACALLAN M BLACK COPA,KIT,0060,SMALTS,,9900711100000,PZ,PZ
QRO,0000000696 - POS QRO,7110,0000007110,SMALT MACALLAN M COPA,KIT,0060,SMALTS,,9900711000003,PZ,PZ
QRO,0000000696 - POS QRO,3813,0000003813,SMALT MACALLAN NO. 6,KIT,0060,SMALTS,,9900381300007,PZ,PZ
QRO,0000000696 - POS QRO,3815,0000003815,SMALT MACALLAN RARE CASK,KIT,0060,SMALTS,,9900381500001,PZ,PZ
QRO,0000000696 - POS QRO,3816,0000003816,SMALT MACALLAN RARE CASK COPA,KIT,0060,SMALTS,,9900381600008,PZ,PZ
QRO,0000000696 - POS QRO,3817,0000003817,SMALT MACALLAN REFLEXION,KIT,0060,SMALTS,,9900381700005,PZ,PZ
QRO,0000000696 - POS QRO,3821,0000003821,SMALT MACALLAN SIENNA,KIT,0060,SMALTS,,9900382100002,PZ,PZ
QRO,0000000696 - POS QRO,9526,0000009526,SMALT NIKKA YOICHI SINGLE MALT,KIT,0060,SMALTS,,9900952600000,PZ,PZ
QRO,0000000696 - POS QRO,9527,0000009527,SMALT NIKKA YOICHI SINGLE MALT COPA,KIT,0060,SMALTS,,9900952700007,PZ,PZ
QRO,0000000696 - POS QRO,9675,0000009675,MEZ 400 CONEJOS CRISTALINO,KIT,0062,TEQUILAS Y MEZCALES,,9900967500005,PZ,PZ
QRO,0000000696 - POS QRO,9676,0000009676,MEZ 400 CONEJOS CRISTALINO COPA,KIT,0062,TEQUILAS Y MEZCALES,,9900967600002,PZ,PZ
QRO,0000000696 - POS QRO,8077,0000008077,MEZ CREYENTE CRISTALINO,KIT,0062,TEQUILAS Y MEZCALES,,9900807700008,PZ,PZ
QRO,0000000696 - POS QRO,4565,0000004565,MEZ MONTELOBOS TOBALA,KIT,0062,TEQUILAS Y MEZCALES,,9900456500004,PZ,PZ
QRO,0000000696 - POS QRO,9425,0000009425,MEZ OJO DE TIGRE JOVEN,KIT,0062,TEQUILAS Y MEZCALES,,9900942500006,PZ,PZ
QRO,0000000696 - POS QRO,9426,0000009426,MEZ OJO DE TIGRE JOVEN COPA,KIT,0062,TEQUILAS Y MEZCALES,,9900942600003,PZ,PZ
QRO,0000000696 - POS QRO,7176,0000007176,MEZ SIRIACO ALEBRIJE,KIT,0062,TEQUILAS Y MEZCALES,,9900717600009,PZ,PZ
QRO,0000000696 - POS QRO,7175,0000007175,MEZ SIRIACO ALEBRIJE COPA,KIT,0062,TEQUILAS Y MEZCALES,,9900717500002,PZ,PZ
QRO,0000000696 - POS QRO,7172,0000007172,MEZ SIRIACO HUICHOL,KIT,0062,TEQUILAS Y MEZCALES,,9900717200001,PZ,PZ
QRO,0000000696 - POS QRO,7171,0000007171,MEZ SIRIACO HUICHOL COPA,KIT,0062,TEQUILAS Y MEZCALES,,9900717100004,PZ,PZ
QRO,0000000696 - POS QRO,7174,0000007174,MEZ SIRIACO WHITE OR BLACK,KIT,0062,TEQUILAS Y MEZCALES,,9900717400005,PZ,PZ
QRO,0000000696 - POS QRO,7173,0000007173,MEZ SIRIACO WHITE OR BLACK COPA,KIT,0062,TEQUILAS Y MEZCALES,,9900717300008,PZ,PZ
QRO,0000000696 - POS QRO,6699,0000006699,MEZ TULIO ENSAMBLE,KIT,0062,TEQUILAS Y MEZCALES,,9900663900000,PZ,PZ
QRO,0000000696 - POS QRO,9587,0000009587,TEQ 1800 AÑEJO,KIT,0062,TEQUILAS Y MEZCALES,,9900958700001,PZ,PZ
QRO,0000000696 - POS QRO,9586,0000009586,TEQ 1800 AÑEJO COPA,KIT,0062,TEQUILAS Y MEZCALES,,9900958600004,PZ,PZ
QRO,0000000696 - POS QRO,9620,0000009620,TEQ 1800 MILENIO EXTRA AÑEJO,KIT,0062,TEQUILAS Y MEZCALES,,9900962000005,PZ,PZ
QRO,0000000696 - POS QRO,9621,0000009621,TEQ 1800 MILENIO EXTRA AÑEJO COPA,KIT,0062,TEQUILAS Y MEZCALES,,9900962100002,PZ,PZ
QRO,0000000696 - POS QRO,4536,0000004536,TEQ AMBHAR AÑEJO,KIT,0062,TEQUILAS Y MEZCALES,,9900453600004,PZ,PZ
QRO,0000000696 - POS QRO,4537,0000004537,TEQ AMBHAR AÑEJO COPA,KIT,0062,TEQUILAS Y MEZCALES,,9900453700001,PZ,PZ
QRO,0000000696 - POS QRO,4625,0000004625,TEQ AMBHAR PLATA,KIT,0062,TEQUILAS Y MEZCALES,,9900462500005,PZ,PZ
QRO,0000000696 - POS QRO,3943,0000003943,TEQ AMBHAR PLATA COPA,KIT,0062,TEQUILAS Y MEZCALES,,9900394300001,PZ,PZ
QRO,0000000696 - POS QRO,3954,0000003954,TEQ AMBHAR REPOSADO,KIT,0062,TEQUILAS Y MEZCALES,,9900395400007,PZ,PZ
QRO,0000000696 - POS QRO,3915,0000003915,TEQ AMBHAR REPOSADO COPA,KIT,0062,TEQUILAS Y MEZCALES,,9900391500008,PZ,PZ
QRO,0000000696 - POS QRO,3883,0000003883,TEQ EL AMO PREMIUM AÑEJO,KIT,0062,TEQUILAS Y MEZCALES,,9900388300000,PZ,PZ
QRO,0000000696 - POS QRO,3889,0000003889,TEQ EL AMO PREMIUM BLANCO,KIT,0062,TEQUILAS Y MEZCALES,,9900388900002,PZ,PZ
QRO,0000000696 - POS QRO,3890,0000003890,TEQ EL AMO PREMIUM BLANCO COPA,KIT,0062,TEQUILAS Y MEZCALES,,9900389000008,PZ,PZ
QRO,0000000696 - POS QRO,3885,0000003885,TEQ EL AMO PREMIUM EXTRA AÑEJO,KIT,0062,TEQUILAS Y MEZCALES,,9900388500004,PZ,PZ
QRO,0000000696 - POS QRO,3887,0000003887,TEQ EL AMO PREMIUM REPOSADO,KIT,0062,TEQUILAS Y MEZCALES,,9900388700008,PZ,PZ
QRO,0000000696 - POS QRO,9672,0000009672,TEQ G. CENTENARIO ULTRA CRISTALINO,KIT,0062,TEQUILAS Y MEZCALES,,9900967200004,PZ,PZ
QRO,0000000696 - POS QRO,9673,0000009673,TEQ G. CENTENARIO ULTRA CRISTALINO COPA,KIT,0062,TEQUILAS Y MEZCALES,,9900967300001,PZ,PZ
QRO,0000000696 - POS QRO,3904,0000003904,TEQ HERRADURA ANTIGUO REPOSADO,KIT,0062,TEQUILAS Y MEZCALES,,9900390400002,PZ,PZ
QRO,0000000696 - POS QRO,3905,0000003905,TEQ HERRADURA ANTIGUO REPOSADO COPA,KIT,0062,TEQUILAS Y MEZCALES,,9900390500009,PZ,PZ
QRO,0000000696 - POS QRO,3960,0000003960,TEQ HERRADURA DIRECTO DE ALAMBIQUE,KIT,0062,TEQUILAS Y MEZCALES,,9900396000008,PZ,PZ
QRO,0000000696 - POS QRO,3961,0000003961,TEQ HERRADURA DIRECTO DE ALAMBIQUE COPA,KIT,0062,TEQUILAS Y MEZCALES,,9900396100005,PZ,PZ
QRO,0000000696 - POS QRO,443,0000000443,TEQ HERRADURA PLATA COPA,KIT,0062,TEQUILAS Y MEZCALES,,9900044300009,PZ,PZ
QRO,0000000696 - POS QRO,3924,0000003924,TEQ HERRADURA SELECCION SUPREMA,KIT,0062,TEQUILAS Y MEZCALES,,9900392400000,PZ,PZ
QRO,0000000696 - POS QRO,3925,0000003925,TEQ HERRADURA SELECCION SUPREMA COPA,KIT,0062,TEQUILAS Y MEZCALES,,9900392500007,PZ,PZ
QRO,0000000696 - POS QRO,8961,0000008961,TEQ J CUERVO RSVA. DE LA FAMILIA AÑEJO CRISTALINO,KIT,0062,TEQUILAS Y MEZCALES,,9900896100000,PZ,PZ
QRO,0000000696 - POS QRO,8960,0000008960,TEQ J CUERVO RSVA. DE LA FAMILIA AÑEJO CRISTALINO COPA,KIT,0062,TEQUILAS Y MEZCALES,,9900896000003,PZ,PZ
QRO,0000000696 - POS QRO,3939,0000003939,TEQ LEY .925 AÑEJO,KIT,0062,TEQUILAS Y MEZCALES,,9900393900004,PZ,PZ
QRO,0000000696 - POS QRO,3909,0000003909,TEQ LEY .925 BLANCO,KIT,0062,TEQUILAS Y MEZCALES,,9900390900007,PZ,PZ
QRO,0000000696 - POS QRO,5249,0000005249,TEQ LEY .925 EXTRA AÑEJO,KIT,0062,TEQUILAS Y MEZCALES,,9900524900002,PZ,PZ
QRO,0000000696 - POS QRO,9517,0000009517,TEQ LOCO AMBAR,KIT,0062,TEQUILAS Y MEZCALES,,9900951700008,PZ,PZ
QRO,0000000696 - POS QRO,9518,0000009518,TEQ LOCO AMBAR COPA,KIT,0062,TEQUILAS Y MEZCALES,,9900951800005,PZ,PZ
QRO,0000000696 - POS QRO,9514,0000009514,TEQ LOCO BLANCO,KIT,0062,TEQUILAS Y MEZCALES,,9900951400007,PZ,PZ
QRO,0000000696 - POS QRO,9515,0000009515,TEQ LOCO BLANCO COPA,KIT,0062,TEQUILAS Y MEZCALES,,9900951500004,PZ,PZ
QRO,0000000696 - POS QRO,9520,0000009520,TEQ LOCO BLANCO PURO CORAZON,KIT,0062,TEQUILAS Y MEZCALES,,9900952000008,PZ,PZ
QRO,0000000696 - POS QRO,9521,0000009521,TEQ LOCO BLANCO PURO CORAZON COPA,KIT,0062,TEQUILAS Y MEZCALES,,9900952100005,PZ,PZ
QRO,0000000696 - POS QRO,4550,0000004550,TEQ MAESTRO DOBEL 50 EXTRA AÑEJO 1968,KIT,0062,TEQUILAS Y MEZCALES,,9900455000000,PZ,PZ
QRO,0000000696 - POS QRO,4551,0000004551,TEQ MAESTRO DOBEL 50 EXTRA AÑEJO 1968 COPA,KIT,0062,TEQUILAS Y MEZCALES,,9900455100007,PZ,PZ
QRO,0000000696 - POS QRO,9629,0000009629,TEQ MAESTRO DOBEL HUMITO,KIT,0062,TEQUILAS Y MEZCALES,,9900962900008,PZ,PZ
QRO,0000000696 - POS QRO,9630,0000009630,TEQ MAESTRO DOBEL HUMITO COPA,KIT,0062,TEQUILAS Y MEZCALES,,9900963000004,PZ,PZ
QRO,0000000696 - POS QRO,10001,0000010001,TEQ MAESTRO DOBEL TAHOMA,KIT,0062,TEQUILAS Y MEZCALES,,9901000100008,PZ,PZ
QRO,0000000696 - POS QRO,10002,0000010002,TEQ MAESTRO DOBEL TAHOMA COPA,KIT,0062,TEQUILAS Y MEZCALES,,9901000200005,PZ,PZ
QRO,0000000696 - POS QRO,9635,0000009635,TEQ MESTRO DOBEL ATELIER ANIMALES ENDEMICOS,KIT,0062,TEQUILAS Y MEZCALES,,9900963500009,PZ,PZ
QRO,0000000696 - POS QRO,9636,0000009636,TEQ MESTRO DOBEL ATELIER ANIMALES ENDEMICOS COPA,KIT,0062,TEQUILAS Y MEZCALES,,9900963600006,PZ,PZ
QRO,0000000696 - POS QRO,9632,0000009632,TEQ MESTRO DOBEL ATELIER TRAJINERAS,KIT,0062,TEQUILAS Y MEZCALES,,9900963200008,PZ,PZ
QRO,0000000696 - POS QRO,9633,0000009633,TEQ MESTRO DOBEL ATELIER TRAJINERAS COPA,KIT,0062,TEQUILAS Y MEZCALES,,9900963300005,PZ,PZ
QRO,0000000696 - POS QRO,4558,0000004558,TEQ SAUZA HORNITOS REPOSADO COPA,KIT,0062,TEQUILAS Y MEZCALES,,9900455800006,PZ,PZ
QRO,0000000696 - POS QRO,4451,0000004451,COC FUEGO SAGRADO,KIT,0063,VODKAS Y GINEBRAS,,9900445100000,PZ,PZ
QRO,0000000696 - POS QRO,3946,0000003946,GIN BOODLES MULBERRY,KIT,0063,VODKAS Y GINEBRAS,,9900394600002,PZ,PZ
QRO,0000000696 - POS QRO,3953,0000003953,GIN BOODLES MULBERRY COPA,KIT,0063,VODKAS Y GINEBRAS,,9900395300000,PZ,PZ
QRO,0000000696 - POS QRO,3956,0000003956,GIN BOODLES ROSE,KIT,0063,VODKAS Y GINEBRAS,,9900395600001,PZ,PZ
QRO,0000000696 - POS QRO,4452,0000004452,GIN BOODLES ROSE COPA,KIT,0063,VODKAS Y GINEBRAS,,9900445200007,PZ,PZ
QRO,0000000696 - POS QRO,9842,0000009842,GIN CONDESA SAHUMERIO,KIT,0063,VODKAS Y GINEBRAS,,9900984200001,PZ,PZ
QRO,0000000696 - POS QRO,9843,0000009843,GIN CONDESA SAHUMERIO COPA,KIT,0063,VODKAS Y GINEBRAS,,9900984300008,PZ,PZ
QRO,0000000696 - POS QRO,4354,0000004354,GIN TANQUERAY TEN,KIT,0063,VODKAS Y GINEBRAS,,9900435400004,PZ,PZ
QRO,0000000696 - POS QRO,4561,0000004561,GIN TANQUERAY TEN COPA,KIT,0063,VODKAS Y GINEBRAS,,9900456100006,PZ,PZ
QRO,0000000696 - POS QRO,3841,0000003841,VOD BELUGA,KIT,0063,VODKAS Y GINEBRAS,,9900384100000,PZ,PZ
QRO,0000000696 - POS QRO,3842,0000003842,VOD BELUGA COPA,KIT,0063,VODKAS Y GINEBRAS,,9900384200007,PZ,PZ
QRO,0000000696 - POS QRO,3845,0000003845,VOD CRISTAL HEAD,KIT,0063,VODKAS Y GINEBRAS,,9900384500008,PZ,PZ
QRO,0000000696 - POS QRO,4809,0000004809,VOD CRISTAL HEAD COPA,KIT,0063,VODKAS Y GINEBRAS,,9900480900009,PZ,PZ
QRO,0000000696 - POS QRO,3853,0000003853,VOD STOLICHNAYA ELITE COPA,KIT,0063,VODKAS Y GINEBRAS,,9900385300003,PZ,PZ
QRO,0000000696 - POS QRO,6886,0000006886,PRIME RIB ROAST PZ,KIT,0064,PIEZAS,,9900688600008,PZ,PZ
QRO,0000000696 - POS QRO,9582,0000009582,RACK DE CORDERO PZ,KIT,0064,PIEZAS,,9900958200006,PZ,PZ
QRO,0000000696 - POS QRO,8189,0000008189,TOPPING DE LANGOSTA PZ,KIT,0064,PIEZAS,,9900818900008,PZ,PZ
QRO,0000000696 - POS QRO,9361,0000009361,CAVA AJUSTE SUSCRIPCION ANUAL,SERVICIO,0066,CAVAS,,9900936100007,PZ,PZ
QRO,0000000696 - POS QRO,7507,0000007507,CUCHILLO 130,KIT,0066,CAVAS,,9900750700001,PZ,PZ
QRO,0000000696 - POS QRO,8121,0000008121,ARMA TU POSTRE,KIT,0067,AMENIDADES,,9900812100008,PZ,PZ
QRO,0000000696 - POS QRO,8934,0000008934,PURO BLACK ROBUSTO,KIT,0077,PUROS Y CIGARROS,,9900893400004,PZ,PZ
QRO,0000000696 - POS QRO,8962,0000008962,PURO BLACK SHORT,KIT,0077,PUROS Y CIGARROS,,9900896200007,PZ,PZ
QRO,0000000696 - POS QRO,8965,0000008965,PURO BLACK TORPEDO,KIT,0077,PUROS Y CIGARROS,,9900896500008,PZ,PZ
QRO,0000000696 - POS QRO,9835,0000009835,PURO COHIBA SIGLO I PETIT CORONA,KIT,0077,PUROS Y CIGARROS,,9900983500003,PZ,PZ
QRO,0000000696 - POS QRO,9591,0000009591,PURO DAVIDOFF ROBUSTO,KIT,0077,PUROS Y CIGARROS,,9900959100008,PZ,PZ
QRO,0000000696 - POS QRO,9593,0000009593,PURO DAVIDOFF TORPEDO,KIT,0077,PUROS Y CIGARROS,,9900959300002,PZ,PZ
QRO,0000000696 - POS QRO,9592,0000009592,PURO DAVIDOFF TORPEDO MILENIUM,KIT,0077,PUROS Y CIGARROS,,9900959200005,PZ,PZ
QRO,0000000696 - POS QRO,8964,0000008964,PURO HABANA ROBUSTO,KIT,0077,PUROS Y CIGARROS,,9900896400001,PZ,PZ
QRO,0000000696 - POS QRO,8963,0000008963,PURO HABANA SHORT,KIT,0077,PUROS Y CIGARROS,,9900896300004,PZ,PZ
QRO,0000000696 - POS QRO,8966,0000008966,PURO HABANA TORPEDO,KIT,0077,PUROS Y CIGARROS,,9900896600005,PZ,PZ
QRO,0000000696 - POS QRO,9836,0000009836,PURO JAUJA NICARAGUA ROBUSTO,KIT,0077,PUROS Y CIGARROS,,9900983600000,PZ,PZ
QRO,0000000696 - POS QRO,9837,0000009837,PURO JAURA TOSCANO,KIT,0077,PUROS Y CIGARROS,,9900983700007,PZ,PZ
QRO,0000000696 - POS QRO,9834,0000009834,PURO MONTECRISTO #4 MAREVA,KIT,0077,PUROS Y CIGARROS,,9900983400006,PZ,PZ
QRO,0000000696 - POS QRO,9832,0000009832,PURO PARTAGAS SERIE D SHORT CHURCHIL,KIT,0077,PUROS Y CIGARROS,,9900983200002,PZ,PZ
QRO,0000000696 - POS QRO,9833,0000009833,PURO ROMEO Y JULIETA SHORT CHURCHILL,KIT,0077,PUROS Y CIGARROS,,9900983300009,PZ,PZ
TODOS,0000000488 - POS TODOS,7773,0000007773,ANTICIPO CONSUMO DE ALIMENTOS Y BEBIDAS,SERVICIO,0000,SIN FAMILIA,,9900777300000,SR,SR
TODOS,0000000488 - POS TODOS,VENGL,VENGL,VENTA GLOBAL,NORMAL,0000,SIN FAMILIA,,9900082300009,ACT,ACT
TODOS,0000000488 - POS TODOS,4083,0000004083,EXTRA DE AGUACATE,KIT,0002,EXTRAS Y TOOPPING,,9900408300003,PZ,PZ
TODOS,0000000488 - POS TODOS,1666,0000001666,TORTILLA KETO (4),KIT,0002,EXTRAS Y TOOPPING,,9900166800005,PZ,PZ
TODOS,0000000488 - POS TODOS,1668,0000001668,TOTOPOS KETO (200 GR),KIT,0002,EXTRAS Y TOOPPING,,9900167000008,PZ,PZ
TODOS,0000000488 - POS TODOS,503,0000000503,CAFE AMERICANO,KIT,0003,CAFES Y TES,,9900050300000,PZ,PZ
TODOS,0000000488 - POS TODOS,506,0000000506,CAFE CAPUCHINO,KIT,0003,CAFES Y TES,,9900050600001,PZ,PZ
TODOS,0000000488 - POS TODOS,502,0000000502,CAFE ESPRESSO,KIT,0003,CAFES Y TES,,9900050200003,PZ,PZ
TODOS,0000000488 - POS TODOS,8089,0000008089,SELECCION DE TES,SERVICIO,0003,CAFES Y TES,,9900808900001,PZ,PZ
TODOS,0000000488 - POS TODOS,4445,0000004445,CERVEZA 130,KIT,0004,CERVEZAS,,9900444500009,PZ,PZ
TODOS,0000000488 - POS TODOS,4102,0000004102,CERVEZA AMSTEL ULTRA,KIT,0004,CERVEZAS,,9900410200001,PZ,PZ
TODOS,0000000488 - POS TODOS,4089,0000004089,CERVEZA BOHEMIA CLARA,KIT,0004,CERVEZAS,,9900408900005,PZ,PZ
TODOS,0000000488 - POS TODOS,4116,0000004116,CERVEZA BOHEMIA OSCURA,KIT,0004,CERVEZAS,,9900411600008,PZ,PZ
TODOS,0000000488 - POS TODOS,1410,0000001410,CERVEZA CIENFUEGOS CALAVERA,KIT,0004,CERVEZAS,,9900141200004,PZ,PZ
TODOS,0000000488 - POS TODOS,4590,0000004590,CERVEZA HEINEKEN,KIT,0004,CERVEZAS,,9900459000006,PZ,PZ
TODOS,0000000488 - POS TODOS,446,0000000446,CERVEZA HEINEKEN CERO,KIT,0004,CERVEZAS,,9900044600000,PZ,PZ
TODOS,0000000488 - POS TODOS,7753,0000007753,CERVEZA HEINEKEN SILVER,KIT,0004,CERVEZAS,,9900775300002,PZ,PZ
TODOS,0000000488 - POS TODOS,4096,0000004096,CERVEZA INDIO,KIT,0004,CERVEZAS,,9900409600003,PZ,PZ
TODOS,0000000488 - POS TODOS,4317,0000004317,CERVEZA ORIGEN,KIT,0004,CERVEZAS,,9900431700009,PZ,PZ
TODOS,0000000488 - POS TODOS,4101,0000004101,CERVEZA TECATE LIGHT,KIT,0004,CERVEZAS,,9900410100004,PZ,PZ
TODOS,0000000488 - POS TODOS,4106,0000004106,CERVEZA XX AMBAR,KIT,0004,CERVEZAS,,9900410600009,PZ,PZ
TODOS,0000000488 - POS TODOS,4107,0000004107,CERVEZA XX LAGER,KIT,0004,CERVEZAS,,9900410700006,PZ,PZ
TODOS,0000000488 - POS TODOS,904,0000000904,CHELADA,KIT,0004,CERVEZAS,,9900090600009,PZ,PZ
TODOS,0000000488 - POS TODOS,4035,0000004035,CLAMATO PREPARADO,KIT,0004,CERVEZAS,,9900403500002,PZ,PZ
TODOS,0000000488 - POS TODOS,905,0000000905,MICHELADA,KIT,0004,CERVEZAS,,9900090700006,PZ,PZ
TODOS,0000000488 - POS TODOS,906,0000000906,OJOS ROJOS,KIT,0004,CERVEZAS,,9900090800003,PZ,PZ
TODOS,0000000488 - POS TODOS,1217,0000001217,CHICHARRON DE RIB EYE,KIT,0006,ENTRADAS Y COMPLEMENTOS,,9900121900009,PZ,PZ
TODOS,0000000488 - POS TODOS,8084,0000008084,GUACAMOLE,SERVICIO,0006,ENTRADAS Y COMPLEMENTOS,,9900808400006,PZ,PZ
TODOS,0000000488 - POS TODOS,4685,0000004685,INFARTITOS 130,KIT,0006,ENTRADAS Y COMPLEMENTOS,,9900468500009,PZ,PZ
TODOS,0000000488 - POS TODOS,8091,0000008091,PLATON DE TUETANOS,SERVICIO,0006,ENTRADAS Y COMPLEMENTOS,,9900809100004,PZ,PZ
TODOS,0000000488 - POS TODOS,4717,0000004717,PURE DE PAPA 130,KIT,0006,ENTRADAS Y COMPLEMENTOS,,9900471700007,PZ,PZ
TODOS,0000000488 - POS TODOS,8086,0000008086,QUESO FUNDIDO,SERVICIO,0006,ENTRADAS Y COMPLEMENTOS,,9900808600000,PZ,PZ
TODOS,0000000488 - POS TODOS,3649,0000003649,LI AMARETTO DI SARONNO,KIT,0008,LICORES Y DIGESTIVOS,,9900364900002,PZ,PZ
TODOS,0000000488 - POS TODOS,3650,0000003650,LI AMARETTO DI SARONNO COPA,KIT,0008,LICORES Y DIGESTIVOS,,9900365000008,PZ,PZ
TODOS,0000000488 - POS TODOS,4592,0000004592,LI APEROL,KIT,0008,LICORES Y DIGESTIVOS,,9900459200000,PZ,PZ
TODOS,0000000488 - POS TODOS,4594,0000004594,LI BITTER CAMPARI,KIT,0008,LICORES Y DIGESTIVOS,,9900459400004,PZ,PZ
TODOS,0000000488 - POS TODOS,3627,0000003627,LI BITTER CAMPARI COPA,KIT,0008,LICORES Y DIGESTIVOS,,9900362700000,PZ,PZ
TODOS,0000000488 - POS TODOS,3657,0000003657,LI CHARTREUSE VERDE,KIT,0008,LICORES Y DIGESTIVOS,,9900365700007,PZ,PZ
TODOS,0000000488 - POS TODOS,3658,0000003658,LI CHARTREUSE VERDE COPA,KIT,0008,LICORES Y DIGESTIVOS,,9900365800004,PZ,PZ
TODOS,0000000488 - POS TODOS,4109,0000004109,LI CHARTRUSE AMARILLO COPA,KIT,0008,LICORES Y DIGESTIVOS,,9900410900000,PZ,PZ
TODOS,0000000488 - POS TODOS,1629,0000001629,LI CHINCHON CAMPECHANO,KIT,0008,LICORES Y DIGESTIVOS,,9900163100009,PZ,PZ
TODOS,0000000488 - POS TODOS,4596,0000004596,LI CHINCHON CAMPECHANO COPA,KIT,0008,LICORES Y DIGESTIVOS,,9900459600008,PZ,PZ
TODOS,0000000488 - POS TODOS,3651,0000003651,LI CHINCHON DULCE,KIT,0008,LICORES Y DIGESTIVOS,,9900365100005,PZ,PZ
TODOS,0000000488 - POS TODOS,4457,0000004457,LI CHINCHON DULCE COPA,KIT,0008,LICORES Y DIGESTIVOS,,9900445700002,PZ,PZ
TODOS,0000000488 - POS TODOS,3659,0000003659,LI CREMA BAILEYS,KIT,0008,LICORES Y DIGESTIVOS,,9900365900001,PZ,PZ
TODOS,0000000488 - POS TODOS,4464,0000004464,LI CREMA BAILEYS COPA,KIT,0008,LICORES Y DIGESTIVOS,,9900446400000,PZ,PZ
TODOS,0000000488 - POS TODOS,3633,0000003633,LI FRANGELICO,KIT,0008,LICORES Y DIGESTIVOS,,9900363300001,PZ,PZ
TODOS,0000000488 - POS TODOS,3634,0000003634,LI FRANGELICO COPA,KIT,0008,LICORES Y DIGESTIVOS,,9900363400008,PZ,PZ
TODOS,0000000488 - POS TODOS,3660,0000003660,LI GALLIANO,KIT,0008,LICORES Y DIGESTIVOS,,9900366000007,PZ,PZ
TODOS,0000000488 - POS TODOS,3661,0000003661,LI GALLIANO COPA,KIT,0008,LICORES Y DIGESTIVOS,,9900366100004,PZ,PZ
TODOS,0000000488 - POS TODOS,3662,0000003662,LI GRAND MARNIER,KIT,0008,LICORES Y DIGESTIVOS,,9900366200001,PZ,PZ
TODOS,0000000488 - POS TODOS,3663,0000003663,LI GRAND MARNIER COPA,KIT,0008,LICORES Y DIGESTIVOS,,9900366300008,PZ,PZ
TODOS,0000000488 - POS TODOS,3636,0000003636,LI JAGERMEISTER COPA,KIT,0008,LICORES Y DIGESTIVOS,,9900363600002,PZ,PZ
TODOS,0000000488 - POS TODOS,4486,0000004486,LI KAHLUA COPA,KIT,0008,LICORES Y DIGESTIVOS,,9900448600002,PZ,PZ
TODOS,0000000488 - POS TODOS,3667,0000003667,LI LICOR DEL 43,KIT,0008,LICORES Y DIGESTIVOS,,9900366700006,PZ,PZ
TODOS,0000000488 - POS TODOS,478,0000000478,LI LICOR DEL 43 COPA,KIT,0008,LICORES Y DIGESTIVOS,,9900047800001,PZ,PZ
TODOS,0000000488 - POS TODOS,3642,0000003642,LI MARTINI ROSSI EXTRA SECO COPA,KIT,0008,LICORES Y DIGESTIVOS,,9900364200003,PZ,PZ
TODOS,0000000488 - POS TODOS,3644,0000003644,LI MARTINI ROSSI ROJO COPA,KIT,0008,LICORES Y DIGESTIVOS,,9900364400007,PZ,PZ
TODOS,0000000488 - POS TODOS,3683,0000003683,LI SAINT GERMAIN,KIT,0008,LICORES Y DIGESTIVOS,,9900368300006,PZ,PZ
TODOS,0000000488 - POS TODOS,4601,0000004601,LI SAINT GERMAIN COPA,KIT,0008,LICORES Y DIGESTIVOS,,9900460100009,PZ,PZ
TODOS,0000000488 - POS TODOS,3646,0000003646,LI SAMBUCA VACCARI BLANCO,KIT,0008,LICORES Y DIGESTIVOS,,9900364600001,PZ,PZ
TODOS,0000000488 - POS TODOS,3647,0000003647,LI SAMBUCA VACCARI BLANCO COPA,KIT,0008,LICORES Y DIGESTIVOS,,9900364700008,PZ,PZ
TODOS,0000000488 - POS TODOS,4604,0000004604,LI SAMBUCA VACCARI NEGRO,KIT,0008,LICORES Y DIGESTIVOS,,9900460400000,PZ,PZ
TODOS,0000000488 - POS TODOS,4605,0000004605,LI SAMBUCA VACCARI NEGRO COPA,KIT,0008,LICORES Y DIGESTIVOS,,9900460500007,PZ,PZ
TODOS,0000000488 - POS TODOS,3680,0000003680,LI STREGA,KIT,0008,LICORES Y DIGESTIVOS,,9900368000005,PZ,PZ
TODOS,0000000488 - POS TODOS,3681,0000003681,LI STREGA COPA,KIT,0008,LICORES Y DIGESTIVOS,,9900368100002,PZ,PZ
TODOS,0000000488 - POS TODOS,4608,0000004608,LI XTABENTUN D ARISTI DULCE,KIT,0008,LICORES Y DIGESTIVOS,,9900460800008,PZ,PZ
TODOS,0000000488 - POS TODOS,4609,0000004609,LI XTABENTUN D ARISTI DULCE COPA,KIT,0008,LICORES Y DIGESTIVOS,,9900460900005,PZ,PZ
TODOS,0000000488 - POS TODOS,8088,0000008088,BROWNIE,SERVICIO,0011,POSTRES,,9900808800004,PZ,PZ
TODOS,0000000488 - POS TODOS,8100,0000008100,CHEESECAKE,SERVICIO,0011,POSTRES,,9900810000003,PZ,PZ
TODOS,0000000488 - POS TODOS,9404,0000009404,TARTA DE MANZANA,KIT,0011,POSTRES,,9900940400001,PZ,PZ
TODOS,0000000488 - POS TODOS,4769,0000004769,TOMAHAWK OZ,KIT,0012,CERTIFIED PRIME BEEF,,9900476900006,PZ,PZ
TODOS,0000000488 - POS TODOS,8492,0000008492,TAMAL DE SHORT RIB,KIT,0013,CARNES Y ESPECIALIDADES,,9900849200009,PZ,PZ
TODOS,0000000488 - POS TODOS,6685,0000006685,AGUA MINERAL PEÑAFIEL 355 ML,KIT,0015,REFRESCOS Y MEZCLADORES,,9900662500003,PZ,PZ
TODOS,0000000488 - POS TODOS,387,0000000387,AGUA MINERAL PERRIER 330 ML,KIT,0015,REFRESCOS Y MEZCLADORES,,9900038700006,PZ,PZ
TODOS,0000000488 - POS TODOS,4260,0000004260,AGUA MINERAL TOPO CHICO 355 ML,KIT,0015,REFRESCOS Y MEZCLADORES,,9900426000008,PZ,PZ
TODOS,0000000488 - POS TODOS,4127,0000004127,AGUA TONICA SCHWEPPES 355 ML,KIT,0015,REFRESCOS Y MEZCLADORES,,9900412700004,PZ,PZ
TODOS,0000000488 - POS TODOS,159,0000000159,COCA COLA LIGHT 355 ML,KIT,0015,REFRESCOS Y MEZCLADORES,,9900015900009,PZ,PZ
TODOS,0000000488 - POS TODOS,157,0000000157,COCA COLA REGULAR 355 ML,KIT,0015,REFRESCOS Y MEZCLADORES,,9900015700005,PZ,PZ
TODOS,0000000488 - POS TODOS,6677,0000006677,COCA COLA S/AZUCAR 355 ML,KIT,0015,REFRESCOS Y MEZCLADORES,,9900661700008,PZ,PZ
TODOS,0000000488 - POS TODOS,1159,0000001159,FRESCA 355 ML,KIT,0015,REFRESCOS Y MEZCLADORES,,9900116100001,PZ,PZ
TODOS,0000000488 - POS TODOS,7364,0000007364,GINGER ALE SCHWEPPES 355 ML,KIT,0015,REFRESCOS Y MEZCLADORES,,9900736400000,PZ,PZ
TODOS,0000000488 - POS TODOS,420,0000000420,LIMONADA,KIT,0015,REFRESCOS Y MEZCLADORES,,9900042000000,PZ,PZ
TODOS,0000000488 - POS TODOS,500,0000000500,NARANJADA,KIT,0015,REFRESCOS Y MEZCLADORES,,9900050000009,PZ,PZ
TODOS,0000000488 - POS TODOS,164,0000000164,SIDRAL MUNDET 355 ML,KIT,0015,REFRESCOS Y MEZCLADORES,,9900016400003,PZ,PZ
TODOS,0000000488 - POS TODOS,165,0000000165,SPRITE 355 ML,KIT,0015,REFRESCOS Y MEZCLADORES,,9900016500000,PZ,PZ
TODOS,0000000488 - POS TODOS,4142,0000004142,SPRITE S. AZUCAR 355 ML,KIT,0015,REFRESCOS Y MEZCLADORES,,9900414200007,PZ,PZ
TODOS,0000000488 - POS TODOS,8016,0000008016,PLAQUE LOZA Y CRISTALERIA,SERVICIO,0016,CRISTALERIA,,9900801600007,PZ,PZ
TODOS,0000000488 - POS TODOS,8015,0000008015,DESCORCHE,SERVICIO,0018,VINOS TINTOS,,9900801500000,PZ,PZ
TODOS,0000000488 - POS TODOS,8162,0000008162,VT 130 GRADOS,KIT,0018,VINOS TINTOS,,9900816200001,PZ,PZ
TODOS,0000000488 - POS TODOS,8163,0000008163,VT 130 GRADOS COPA,KIT,0018,VINOS TINTOS,,9900816300008,PZ,PZ
TODOS,0000000488 - POS TODOS,4196,0000004196,VT 14 HANDS MERLOT,KIT,0018,VINOS TINTOS,,9900419600000,PZ,PZ
TODOS,0000000488 - POS TODOS,4198,0000004198,VT ALION,KIT,0018,VINOS TINTOS,,9900419800004,PZ,PZ
TODOS,0000000488 - POS TODOS,4200,0000004200,VT BALOYAN TRES TINTOS BLEND,KIT,0018,VINOS TINTOS,,9900420000004,PZ,PZ
TODOS,0000000488 - POS TODOS,4203,0000004203,VT CARMELO RODERO CRIANZA,KIT,0018,VINOS TINTOS,,9900420300005,PZ,PZ
TODOS,0000000488 - POS TODOS,8840,0000008840,VT CASA IZAMAL,KIT,0018,VINOS TINTOS,,9900884000008,PZ,PZ
TODOS,0000000488 - POS TODOS,8841,0000008841,VT CASA IZAMAL COPA,KIT,0018,VINOS TINTOS,,9900884100005,PZ,PZ
TODOS,0000000488 - POS TODOS,4205,0000004205,VT CAYMUS NAPA VALLEY CS,KIT,0018,VINOS TINTOS,,9900420500009,PZ,PZ
TODOS,0000000488 - POS TODOS,4313,0000004313,VT CERO ORIGEN,KIT,0018,VINOS TINTOS,,9900431300001,PZ,PZ
TODOS,0000000488 - POS TODOS,7527,0000007527,VT CERO ORIGEN COPA,KIT,0018,VINOS TINTOS,,9900752700009,PZ,PZ
TODOS,0000000488 - POS TODOS,1677,0000001677,VT CIENFUEGOS,KIT,0018,VINOS TINTOS,,9900167900001,PZ,PZ
TODOS,0000000488 - POS TODOS,4307,0000004307,VT CIENFUEGOS COPA,KIT,0018,VINOS TINTOS,,9900430700000,PZ,PZ
TODOS,0000000488 - POS TODOS,4221,0000004221,VT DON LEO CS SHIRAZ,KIT,0018,VINOS TINTOS,,9900422100009,PZ,PZ
TODOS,0000000488 - POS TODOS,7097,0000007097,VT GUELBENZU AZUL,KIT,0018,VINOS TINTOS,,9900709700007,PZ,PZ
TODOS,0000000488 - POS TODOS,4577,0000004577,VT IRONSTONE,KIT,0018,VINOS TINTOS,,9900457700007,PZ,PZ
TODOS,0000000488 - POS TODOS,4230,0000004230,VT LA CASONA CABERNET MERLOT,KIT,0018,VINOS TINTOS,,9900423000001,PZ,PZ
TODOS,0000000488 - POS TODOS,7103,0000007103,VT LUZ MILLAR,KIT,0018,VINOS TINTOS,,9900710300005,PZ,PZ
TODOS,0000000488 - POS TODOS,4245,0000004245,VT MATARROMERA CRIANZA,KIT,0018,VINOS TINTOS,,9900424500005,PZ,PZ
TODOS,0000000488 - POS TODOS,4248,0000004248,VT MEGACERO BLEND,KIT,0018,VINOS TINTOS,,9900424800006,PZ,PZ
TODOS,0000000488 - POS TODOS,4578,0000004578,VT MONTE XANIC SELECCION,KIT,0018,VINOS TINTOS,,9900457800004,PZ,PZ
TODOS,0000000488 - POS TODOS,4258,0000004258,VT PESQUERA CRIANZA,KIT,0018,VINOS TINTOS,,9900425800005,PZ,PZ
TODOS,0000000488 - POS TODOS,4269,0000004269,VT SANTOS BRUJOS TEMPRANILLO,KIT,0018,VINOS TINTOS,,9900426900001,PZ,PZ
TODOS,0000000488 - POS TODOS,4277,0000004277,VT TERRAZAS MALBEC,KIT,0018,VINOS TINTOS,,9900427700006,PZ,PZ
TODOS,0000000488 - POS TODOS,4283,0000004283,VT VEGA SICILIA VALBUENA,KIT,0018,VINOS TINTOS,,9900428300007,PZ,PZ
TODOS,0000000488 - POS TODOS,4819,0000004819,VT ZUCCARDI SERIE A,KIT,0018,VINOS TINTOS,,9900481900008,PZ,PZ
TODOS,0000000488 - POS TODOS,8105,0000008105,TERMINO 130 GRADOS,SERVICIO,0027,TERMINOS DE COCCION,,9900810500008,PZ,PZ
TODOS,0000000488 - POS TODOS,8106,0000008106,TERMINO 3/4,SERVICIO,0027,TERMINOS DE COCCION,,9900810600005,PZ,PZ
TODOS,0000000488 - POS TODOS,8107,0000008107,TERMINO BIEN COCIDO,SERVICIO,0027,TERMINOS DE COCCION,,9900810700002,PZ,PZ
TODOS,0000000488 - POS TODOS,8108,0000008108,TERMINO BLACK&BLUE,SERVICIO,0027,TERMINOS DE COCCION,,9900810800009,PZ,PZ
TODOS,0000000488 - POS TODOS,8109,0000008109,TERMINO MEDIO,SERVICIO,0027,TERMINOS DE COCCION,,9900810900006,PZ,PZ
TODOS,0000000488 - POS TODOS,8110,0000008110,TERMINO ROJO,SERVICIO,0027,TERMINOS DE COCCION,,9900811000002,PZ,PZ
TODOS,0000000488 - POS TODOS,153,0000000153,AGUA MINERAL CIEL 355 ML,KIT,0028,REFRESCOS Y MEZCLADORES GRATIS,,9900015300007,PZ,PZ
TODOS,0000000488 - POS TODOS,6915,0000006915,AGUA TONICA SCHWEPPES 237 ML,KIT,0028,REFRESCOS Y MEZCLADORES GRATIS,,9900691500005,PZ,PZ
TODOS,0000000488 - POS TODOS,9358,0000009358,COC MEZCALITA DE JAMAICA,SERVICIO,0028,REFRESCOS Y MEZCLADORES GRATIS,,9900935800007,PZ,PZ
TODOS,0000000488 - POS TODOS,419,0000000419,VASO DE AGUA,KIT,0028,REFRESCOS Y MEZCLADORES GRATIS,,9900041900004,PZ,PZ
TODOS,0000000488 - POS TODOS,1121,0000001121,WHI BUCHANANS 12 AÑOS 750 ML,KIT,0029,WHISKYS,,9900112300009,PZ,PZ
TODOS,0000000488 - POS TODOS,454,0000000454,WHI BUCHANANS 12 AÑOS COPA,KIT,0029,WHISKYS,,9900045400005,PZ,PZ
TODOS,0000000488 - POS TODOS,3729,0000003729,WHI BUCHANANS 18 AÑOS,KIT,0029,WHISKYS,,9900372900001,PZ,PZ
TODOS,0000000488 - POS TODOS,3730,0000003730,WHI BUCHANANS 18 AÑOS COPA,KIT,0029,WHISKYS,,9900373000007,PZ,PZ
TODOS,0000000488 - POS TODOS,3733,0000003733,WHI BULLEIT BOURBON,KIT,0029,WHISKYS,,9900373300008,PZ,PZ
TODOS,0000000488 - POS TODOS,1531,0000001531,WHI BULLEIT BOURBON COPA,KIT,0029,WHISKYS,,9900153300006,PZ,PZ
TODOS,0000000488 - POS TODOS,3519,0000003519,WHI BUSHMILLS 10 AÑOS,KIT,0029,WHISKYS,,9900351900008,PZ,PZ
TODOS,0000000488 - POS TODOS,3523,0000003523,WHI BUSHMILLS 10 AÑOS COPA,KIT,0029,WHISKYS,,9900352300005,PZ,PZ
TODOS,0000000488 - POS TODOS,3764,0000003764,WHI BUSHMILLS 16 AÑOS COPA,KIT,0029,WHISKYS,,9900376400002,PZ,PZ
TODOS,0000000488 - POS TODOS,3726,0000003726,WHI BUSHMILLS BLACK BUSH,KIT,0029,WHISKYS,,9900372600000,PZ,PZ
TODOS,0000000488 - POS TODOS,3727,0000003727,WHI BUSHMILLS BLACK BUSH COPA,KIT,0029,WHISKYS,,9900372700007,PZ,PZ
TODOS,0000000488 - POS TODOS,3734,0000003734,WHI CHIVAS REGAL 12 AÑOS,KIT,0029,WHISKYS,,9900373400005,PZ,PZ
TODOS,0000000488 - POS TODOS,455,0000000455,WHI CHIVAS REGAL 12 AÑOS COPA,KIT,0029,WHISKYS,,9900045500002,PZ,PZ
TODOS,0000000488 - POS TODOS,3735,0000003735,WHI CHIVAS REGAL 18 AÑOS,KIT,0029,WHISKYS,,9900373500002,PZ,PZ
TODOS,0000000488 - POS TODOS,3736,0000003736,WHI CHIVAS REGAL 18 AÑOS COPA,KIT,0029,WHISKYS,,9900373600009,PZ,PZ
TODOS,0000000488 - POS TODOS,3750,0000003750,WHI J. DANIELS GENTLEMAN,KIT,0029,WHISKYS,,9900375000005,PZ,PZ
TODOS,0000000488 - POS TODOS,3744,0000003744,WHI J. DANIELS HONEY,KIT,0029,WHISKYS,,9900374400004,PZ,PZ
TODOS,0000000488 - POS TODOS,3742,0000003742,WHI J. DANIELS NO. 7,KIT,0029,WHISKYS,,9900374200000,PZ,PZ
TODOS,0000000488 - POS TODOS,3743,0000003743,WHI J. DANIELS NO. 7 COPA,KIT,0029,WHISKYS,,9900374300007,PZ,PZ
TODOS,0000000488 - POS TODOS,3748,0000003748,WHI J. DANIELS SINGLE BAREL,KIT,0029,WHISKYS,,9900374800002,PZ,PZ
TODOS,0000000488 - POS TODOS,4615,0000004615,WHI J. WALKER BLACK LABEL,KIT,0029,WHISKYS,,9900461500006,PZ,PZ
TODOS,0000000488 - POS TODOS,3737,0000003737,WHI J. WALKER BLACK LABEL 1 LT,KIT,0029,WHISKYS,,9900373700006,PZ,PZ
TODOS,0000000488 - POS TODOS,457,0000000457,WHI J. WALKER BLACK LABEL COPA,KIT,0029,WHISKYS,,9900045700006,PZ,PZ
TODOS,0000000488 - POS TODOS,4587,0000004587,WHI J. WALKER BLUE LABEL,KIT,0029,WHISKYS,,9900458700006,PZ,PZ
TODOS,0000000488 - POS TODOS,3738,0000003738,WHI J. WALKER DOUBLE BLACK,KIT,0029,WHISKYS,,9900373800003,PZ,PZ
TODOS,0000000488 - POS TODOS,4790,0000004790,WHI J. WALKER DOUBLE BLACK COPA,KIT,0029,WHISKYS,,9900479000000,PZ,PZ
TODOS,0000000488 - POS TODOS,3739,0000003739,WHI J. WALKER GREEN LABEL,KIT,0029,WHISKYS,,9900373900000,PZ,PZ
TODOS,0000000488 - POS TODOS,579,0000000579,WHI J. WALKER RED LABEL,KIT,0029,WHISKYS,,9900057900005,PZ,PZ
TODOS,0000000488 - POS TODOS,778,0000000778,WHI J. WALKER RED LABEL COPA,KIT,0029,WHISKYS,,9900077800002,PZ,PZ
TODOS,0000000488 - POS TODOS,3752,0000003752,WHI WOODFORD RSVE.,KIT,0029,WHISKYS,,9900375200009,PZ,PZ
TODOS,0000000488 - POS TODOS,3753,0000003753,WHI WOODFORD RSVE. COPA,KIT,0029,WHISKYS,,9900375300006,PZ,PZ
TODOS,0000000488 - POS TODOS,8783,0000008783,VR CASA IZAMAL ROSADO,KIT,0030,VINOS ROSADOS,,9900878300008,PZ,PZ
TODOS,0000000488 - POS TODOS,8784,0000008784,VR CASA IZAMAL ROSADO COPA,KIT,0030,VINOS ROSADOS,,9900878400005,PZ,PZ
TODOS,0000000488 - POS TODOS,4342,0000004342,VR SANTOS BRUJOS ROSE,KIT,0030,VINOS ROSADOS,,9900434200001,PZ,PZ
TODOS,0000000488 - POS TODOS,8793,0000008793,VB CASA IZAMAL BLANCO CHENIN,KIT,0031,VINOS BLANCOS,,9900879300007,PZ,PZ
TODOS,0000000488 - POS TODOS,8794,0000008794,VB CASA IZAMAL BLANCO CHENIN COPA,KIT,0031,VINOS BLANCOS,,9900879400004,PZ,PZ
TODOS,0000000488 - POS TODOS,4195,0000004195,VB SANTOS BRUJOS CHARDONAY,KIT,0031,VINOS BLANCOS,,9900419500003,PZ,PZ
TODOS,0000000488 - POS TODOS,9350,0000009350,COC APEROL SPRITZ,SERVICIO,0035,COCKTAILS Y MIXOLOGIA,,9900935000001,PZ,PZ
TODOS,0000000488 - POS TODOS,9352,0000009352,COC BLACKBERRY SPRITZ,SERVICIO,0035,COCKTAILS Y MIXOLOGIA,,9900935200005,PZ,PZ
TODOS,0000000488 - POS TODOS,9360,0000009360,COC CARAJILLO,SERVICIO,0035,COCKTAILS Y MIXOLOGIA,,9900936000000,PZ,PZ
TODOS,0000000488 - POS TODOS,9316,0000009316,COC CLERICOT,SERVICIO,0035,COCKTAILS Y MIXOLOGIA,,9900931600007,PZ,PZ
TODOS,0000000488 - POS TODOS,9328,0000009328,COC COSMOPOLITAN,SERVICIO,0035,COCKTAILS Y MIXOLOGIA,,9900932800000,PZ,PZ
TODOS,0000000488 - POS TODOS,9606,0000009606,COC DIA DE LAS MADRES,SERVICIO,0035,COCKTAILS Y MIXOLOGIA,,9900960600009,PZ,PZ
TODOS,0000000488 - POS TODOS,9326,0000009326,COC DIA DEL TEQUILA,SERVICIO,0035,COCKTAILS Y MIXOLOGIA,,9900932600006,PZ,PZ
TODOS,0000000488 - POS TODOS,9348,0000009348,COC HUGO SPRITZ,SERVICIO,0035,COCKTAILS Y MIXOLOGIA,,9900934800008,PZ,PZ
TODOS,0000000488 - POS TODOS,8520,0000008520,COC LEMON SPRITZ,KIT,0035,COCKTAILS Y MIXOLOGIA,,9900852000009,PZ,PZ
TODOS,0000000488 - POS TODOS,9322,0000009322,COC MANHATTAN,SERVICIO,0035,COCKTAILS Y MIXOLOGIA,,9900932200008,PZ,PZ
TODOS,0000000488 - POS TODOS,8090,0000008090,COC MARGARITA,SERVICIO,0035,COCKTAILS Y MIXOLOGIA,,9900809000007,PZ,PZ
TODOS,0000000488 - POS TODOS,8521,0000008521,COC MIDORI SPRITZ,KIT,0035,COCKTAILS Y MIXOLOGIA,,9900852100006,PZ,PZ
TODOS,0000000488 - POS TODOS,8087,0000008087,COC MOJITO,SERVICIO,0035,COCKTAILS Y MIXOLOGIA,,9900808700007,PZ,PZ
TODOS,0000000488 - POS TODOS,9354,0000009354,COC MOSCOW MULE,SERVICIO,0035,COCKTAILS Y MIXOLOGIA,,9900935400009,PZ,PZ
TODOS,0000000488 - POS TODOS,8102,0000008102,COC NEGRONI,SERVICIO,0035,COCKTAILS Y MIXOLOGIA,,9900810200007,PZ,PZ
TODOS,0000000488 - POS TODOS,1064,0000001064,COC OLD FASHIONED,NORMAL,0035,COCKTAILS Y MIXOLOGIA,,9900106600009,PZ,PZ
TODOS,0000000488 - POS TODOS,9330,0000009330,COC PIÑA COLADA,SERVICIO,0035,COCKTAILS Y MIXOLOGIA,,9900933000003,PZ,PZ
TODOS,0000000488 - POS TODOS,9320,0000009320,COC SANGRIA NATURAL,SERVICIO,0035,COCKTAILS Y MIXOLOGIA,,9900932000004,PZ,PZ
TODOS,0000000488 - POS TODOS,9318,0000009318,COC TINTO DE VERANO,SERVICIO,0035,COCKTAILS Y MIXOLOGIA,,9900931800001,PZ,PZ
TODOS,0000000488 - POS TODOS,9324,0000009324,COC VODKA MARTINI,SERVICIO,0035,COCKTAILS Y MIXOLOGIA,,9900932400002,PZ,PZ
TODOS,0000000488 - POS TODOS,4163,0000004163,MIXO GINDAMOMO,KIT,0035,COCKTAILS Y MIXOLOGIA,,9900416300002,PZ,PZ
TODOS,0000000488 - POS TODOS,9332,0000009332,MIXO PASSION GIN,SERVICIO,0035,COCKTAILS Y MIXOLOGIA,,9900933200007,PZ,PZ
TODOS,0000000488 - POS TODOS,7411,0000007411,JUGO DE CARNE,KIT,0039,SOPAS Y PASTAS,,9900741100001,PZ,PZ
TODOS,0000000488 - POS TODOS,8044,0000008044,CENA FIN DE AÑO,SERVICIO,0041,EVENTOS/TEMPORADA,,9900804400000,PZ,PZ
TODOS,0000000488 - POS TODOS,8075,0000008075,CENA NIÑOS FIN DE AÑO,SERVICIO,0041,EVENTOS/TEMPORADA,,9900807500004,PZ,PZ
TODOS,0000000488 - POS TODOS,320,0000000320,CHAMORRO PIBIL,KIT,0041,EVENTOS/TEMPORADA,,9900032000003,PZ,PZ
TODOS,0000000488 - POS TODOS,8101,0000008101,CHILE EN NOGADA,SERVICIO,0041,EVENTOS/TEMPORADA,,9900810100000,PZ,PZ
TODOS,0000000488 - POS TODOS,8688,0000008688,HAMBURGUESA C. PAPAS,KIT,0041,EVENTOS/TEMPORADA,,9900868800006,PZ,PZ
TODOS,0000000488 - POS TODOS,9440,0000009440,POSTRE 14 DE FEBRERO,NORMAL,0041,EVENTOS/TEMPORADA,,9900944000009,PZ,PZ
TODOS,0000000488 - POS TODOS,8164,0000008164,SERVICIO DE CATERING,SERVICIO,0041,EVENTOS/TEMPORADA,,9900816400005,PZ,PZ
TODOS,0000000488 - POS TODOS,9021,0000009021,CHILAQUILES VERDES,KIT,0044,DESAYUNOS,,9900902100000,PZ,PZ
TODOS,0000000488 - POS TODOS,9183,0000009183,COPA O PLATO DE FRUTAS,NORMAL,0044,DESAYUNOS,,9900918300005,PZ,PZ
TODOS,0000000488 - POS TODOS,8572,0000008572,PUSH,SERVICIO,0045,PUSH,,9900857200008,PZ,PZ
TODOS,0000000488 - POS TODOS,4034,0000004034,CH M&C BRUT IMPERIAL,KIT,0058,CHAMPAGNES Y COGNACS,,9900403400005,PZ,PZ
TODOS,0000000488 - POS TODOS,4038,0000004038,CH M&C NECTAR IMPERIAL,KIT,0058,CHAMPAGNES Y COGNACS,,9900403800003,PZ,PZ
TODOS,0000000488 - POS TODOS,4044,0000004044,COG HENNESSY VS,KIT,0058,CHAMPAGNES Y COGNACS,,9900404400004,PZ,PZ
TODOS,0000000488 - POS TODOS,1541,0000001541,COG HENNESSY VSOP,KIT,0058,CHAMPAGNES Y COGNACS,,9900154300005,PZ,PZ
TODOS,0000000488 - POS TODOS,1017,0000001017,COG HENNESSY VSOP COPA,KIT,0058,CHAMPAGNES Y COGNACS,,9900101900005,PZ,PZ
TODOS,0000000488 - POS TODOS,4048,0000004048,COG HENNESSY XO COPA,KIT,0058,CHAMPAGNES Y COGNACS,,9900404800002,PZ,PZ
TODOS,0000000488 - POS TODOS,3966,0000003966,BRA CARDENAL DE MENDOZA,KIT,0059,RONES Y BRANDYS,,9900396600000,PZ,PZ
TODOS,0000000488 - POS TODOS,3967,0000003967,BRA FUNDADOR,KIT,0059,RONES Y BRANDYS,,9900396700007,PZ,PZ
TODOS,0000000488 - POS TODOS,3969,0000003969,BRA TERRY CENTENARIO,KIT,0059,RONES Y BRANDYS,,9900396900001,PZ,PZ
TODOS,0000000488 - POS TODOS,3971,0000003971,BRA TORRES 10 AÑOS,KIT,0059,RONES Y BRANDYS,,9900397100004,PZ,PZ
TODOS,0000000488 - POS TODOS,1537,0000001537,BRA TORRES 10 AÑOS COPA,KIT,0059,RONES Y BRANDYS,,9900153900008,PZ,PZ
TODOS,0000000488 - POS TODOS,3972,0000003972,BRA TORRES 15 AÑOS,KIT,0059,RONES Y BRANDYS,,9900397200001,PZ,PZ
TODOS,0000000488 - POS TODOS,1538,0000001538,BRA TORRES 15 AÑOS COPA,KIT,0059,RONES Y BRANDYS,,9900154000004,PZ,PZ
TODOS,0000000488 - POS TODOS,3973,0000003973,RON APPLETON BLANCO,KIT,0059,RONES Y BRANDYS,,9900397300008,PZ,PZ
TODOS,0000000488 - POS TODOS,3975,0000003975,RON APPLETON ESPECIAL,KIT,0059,RONES Y BRANDYS,,9900397500002,PZ,PZ
TODOS,0000000488 - POS TODOS,3977,0000003977,RON APPLETON ESTATE SIGNATURE,KIT,0059,RONES Y BRANDYS,,9900397700006,PZ,PZ
TODOS,0000000488 - POS TODOS,3978,0000003978,RON APPLETON ESTATE SIGNATURE COPA,KIT,0059,RONES Y BRANDYS,,9900397800003,PZ,PZ
TODOS,0000000488 - POS TODOS,3979,0000003979,RON BACARDI 08 AÑOS,KIT,0059,RONES Y BRANDYS,,9900397900000,PZ,PZ
TODOS,0000000488 - POS TODOS,3980,0000003980,RON BACARDI 08 AÑOS COPA,KIT,0059,RONES Y BRANDYS,,9900398000006,PZ,PZ
TODOS,0000000488 - POS TODOS,3981,0000003981,RON BACARDI AÑEJO,KIT,0059,RONES Y BRANDYS,,9900398100003,PZ,PZ
TODOS,0000000488 - POS TODOS,3982,0000003982,RON BACARDI AÑEJO COPA,KIT,0059,RONES Y BRANDYS,,9900398200000,PZ,PZ
TODOS,0000000488 - POS TODOS,3983,0000003983,RON BACARDI BLANCO,KIT,0059,RONES Y BRANDYS,,9900398300007,PZ,PZ
TODOS,0000000488 - POS TODOS,464,0000000464,RON BACARDI BLANCO COPA,KIT,0059,RONES Y BRANDYS,,9900046400004,PZ,PZ
TODOS,0000000488 - POS TODOS,3986,0000003986,RON BACARDI SOLERA,KIT,0059,RONES Y BRANDYS,,9900398600008,PZ,PZ
TODOS,0000000488 - POS TODOS,3987,0000003987,RON BACARDI SOLERA COPA,KIT,0059,RONES Y BRANDYS,,9900398700005,PZ,PZ
TODOS,0000000488 - POS TODOS,4520,0000004520,RON BRUGAL 1888,KIT,0059,RONES Y BRANDYS,,9900452000003,PZ,PZ
TODOS,0000000488 - POS TODOS,4521,0000004521,RON BRUGAL 1888 COPA,KIT,0059,RONES Y BRANDYS,,9900452100000,PZ,PZ
TODOS,0000000488 - POS TODOS,3988,0000003988,RON CAPITAN MORGAN SPICED,KIT,0059,RONES Y BRANDYS,,9900398800002,PZ,PZ
TODOS,0000000488 - POS TODOS,3989,0000003989,RON CAPITAN MORGAN SPICED COPA,KIT,0059,RONES Y BRANDYS,,9900398900009,PZ,PZ
TODOS,0000000488 - POS TODOS,3992,0000003992,RON FLOR DE CAÑA 04 AÑOS BLANCO,KIT,0059,RONES Y BRANDYS,,9900399200009,PZ,PZ
TODOS,0000000488 - POS TODOS,3994,0000003994,RON FLOR DE CAÑA 05 AÑOS,KIT,0059,RONES Y BRANDYS,,9900399400003,PZ,PZ
TODOS,0000000488 - POS TODOS,3996,0000003996,RON FLOR DE CAÑA 07 AÑOS,KIT,0059,RONES Y BRANDYS,,9900399600007,PZ,PZ
TODOS,0000000488 - POS TODOS,4801,0000004801,RON FLOR DE CAÑA 07 AÑOS COPA,KIT,0059,RONES Y BRANDYS,,9900480100003,PZ,PZ
TODOS,0000000488 - POS TODOS,3997,0000003997,RON FLOR DE CAÑA 12 AÑOS,KIT,0059,RONES Y BRANDYS,,9900399700004,PZ,PZ
TODOS,0000000488 - POS TODOS,4802,0000004802,RON FLOR DE CAÑA 12 AÑOS COPA,KIT,0059,RONES Y BRANDYS,,9900480200000,PZ,PZ
TODOS,0000000488 - POS TODOS,4002,0000004002,RON HAVANA CLUB 03 AÑOS,KIT,0059,RONES Y BRANDYS,,9900400200004,PZ,PZ
TODOS,0000000488 - POS TODOS,4003,0000004003,RON HAVANA CLUB 03 AÑOS COPA,KIT,0059,RONES Y BRANDYS,,9900400300001,PZ,PZ
TODOS,0000000488 - POS TODOS,4004,0000004004,RON HAVANA CLUB 07 AÑOS,KIT,0059,RONES Y BRANDYS,,9900400400008,PZ,PZ
TODOS,0000000488 - POS TODOS,4614,0000004614,RON HAVANA CLUB 07 AÑOS COPA,KIT,0059,RONES Y BRANDYS,,9900461400009,PZ,PZ
TODOS,0000000488 - POS TODOS,4005,0000004005,RON MALIBU,KIT,0059,RONES Y BRANDYS,,9900400500005,PZ,PZ
TODOS,0000000488 - POS TODOS,4006,0000004006,RON MALIBU COPA,KIT,0059,RONES Y BRANDYS,,9900400600002,PZ,PZ
TODOS,0000000488 - POS TODOS,4007,0000004007,RON MATUSALEM CLASICO,KIT,0059,RONES Y BRANDYS,,9900400700009,PZ,PZ
TODOS,0000000488 - POS TODOS,4008,0000004008,RON MATUSALEM CLASICO COPA,KIT,0059,RONES Y BRANDYS,,9900400800006,PZ,PZ
TODOS,0000000488 - POS TODOS,4009,0000004009,RON MATUSALEM G. RSVA. 15 AÑOS,KIT,0059,RONES Y BRANDYS,,9900400900003,PZ,PZ
TODOS,0000000488 - POS TODOS,4010,0000004010,RON MATUSALEM G. RSVA. 15 AÑOS COPA,KIT,0059,RONES Y BRANDYS,,9900401000009,PZ,PZ
TODOS,0000000488 - POS TODOS,4012,0000004012,RON MATUSALEM G. RSVA. 18 AÑOS,KIT,0059,RONES Y BRANDYS,,9900401200003,PZ,PZ
TODOS,0000000488 - POS TODOS,4011,0000004011,RON MATUSALEM G. RSVA. 18 AÑOS COPA,KIT,0059,RONES Y BRANDYS,,9900401100006,PZ,PZ
TODOS,0000000488 - POS TODOS,4013,0000004013,RON MATUSALEM G. RSVA. 23 AÑOS,KIT,0059,RONES Y BRANDYS,,9900401300000,PZ,PZ
TODOS,0000000488 - POS TODOS,4014,0000004014,RON MATUSALEM G. RSVA. 23 AÑOS COPA,KIT,0059,RONES Y BRANDYS,,9900401400007,PZ,PZ
TODOS,0000000488 - POS TODOS,4015,0000004015,RON MATUSALEM PLATINO,KIT,0059,RONES Y BRANDYS,,9900401500004,PZ,PZ
TODOS,0000000488 - POS TODOS,4016,0000004016,RON MATUSALEM PLATINO COPA,KIT,0059,RONES Y BRANDYS,,9900401600001,PZ,PZ
TODOS,0000000488 - POS TODOS,4017,0000004017,RON ZACAPA CENTENARIO 23 AÑOS,KIT,0059,RONES Y BRANDYS,,9900401700008,PZ,PZ
TODOS,0000000488 - POS TODOS,4793,0000004793,RON ZACAPA CENTENARIO 23 AÑOS COPA,KIT,0059,RONES Y BRANDYS,,9900479300001,PZ,PZ
TODOS,0000000488 - POS TODOS,4018,0000004018,RON ZACAPA CENTENARIO XO,KIT,0059,RONES Y BRANDYS,,9900401800005,PZ,PZ
TODOS,0000000488 - POS TODOS,4019,0000004019,RON ZACAPA CENTENARIO XO COPA,KIT,0059,RONES Y BRANDYS,,9900401900002,PZ,PZ
TODOS,0000000488 - POS TODOS,4526,0000004526,SMALT CARDHU 12 AÑOS COPA,KIT,0060,SMALTS,,9900452600005,PZ,PZ
TODOS,0000000488 - POS TODOS,3767,0000003767,SMALT DALMORE 12 AÑOS,KIT,0060,SMALTS,,9900376700003,PZ,PZ
TODOS,0000000488 - POS TODOS,3768,0000003768,SMALT DALMORE 12 AÑOS COPA,KIT,0060,SMALTS,,9900376800000,PZ,PZ
TODOS,0000000488 - POS TODOS,3771,0000003771,SMALT GLENFIDDICH 12 AÑOS,KIT,0060,SMALTS,,9900377100000,PZ,PZ
TODOS,0000000488 - POS TODOS,4806,0000004806,SMALT GLENFIDDICH 12 AÑOS COPA,KIT,0060,SMALTS,,9900480600008,PZ,PZ
TODOS,0000000488 - POS TODOS,3772,0000003772,SMALT GLENFIDDICH 15 AÑOS,KIT,0060,SMALTS,,9900377200007,PZ,PZ
TODOS,0000000488 - POS TODOS,3773,0000003773,SMALT GLENFIDDICH 15 AÑOS COPA,KIT,0060,SMALTS,,9900377300004,PZ,PZ
TODOS,0000000488 - POS TODOS,3776,0000003776,SMALT GLENFIDDICH 21 AÑOS,KIT,0060,SMALTS,,9900377600005,PZ,PZ
TODOS,0000000488 - POS TODOS,3777,0000003777,SMALT GLENFIDDICH 21 AÑOS COPA,KIT,0060,SMALTS,,9900377700002,PZ,PZ
TODOS,0000000488 - POS TODOS,3778,0000003778,SMALT GLENLIVET 15 AÑOS,KIT,0060,SMALTS,,9900377800009,PZ,PZ
TODOS,0000000488 - POS TODOS,3779,0000003779,SMALT GLENLIVET 15 AÑOS COPA,KIT,0060,SMALTS,,9900377900006,PZ,PZ
TODOS,0000000488 - POS TODOS,8810,0000008810,SMALT GLENLIVET 18 AÑOS COPA,KIT,0060,SMALTS,,9900881000001,PZ,PZ
TODOS,0000000488 - POS TODOS,3780,0000003780,SMALT GLENLIVET FOUNDERS RSVE.,KIT,0060,SMALTS,,9900378000002,PZ,PZ
TODOS,0000000488 - POS TODOS,3781,0000003781,SMALT GLENLIVET FOUNDERS RSVE. COPA,KIT,0060,SMALTS,,9900378100009,PZ,PZ
TODOS,0000000488 - POS TODOS,3782,0000003782,SMALT GLENMORANGIE 10 AÑOS ORIGINAL,KIT,0060,SMALTS,,9900378200006,PZ,PZ
TODOS,0000000488 - POS TODOS,3783,0000003783,SMALT GLENMORANGIE 10 AÑOS ORIGINAL COPA,KIT,0060,SMALTS,,9900378300003,PZ,PZ
TODOS,0000000488 - POS TODOS,3786,0000003786,SMALT GLENMORANGIE LASANTA,KIT,0060,SMALTS,,9900378600004,PZ,PZ
TODOS,0000000488 - POS TODOS,3787,0000003787,SMALT GLENMORANGIE LASANTA COPA,KIT,0060,SMALTS,,9900378700001,PZ,PZ
TODOS,0000000488 - POS TODOS,3791,0000003791,SMALT GLENMORANGIE QTA RUBAN COPA,KIT,0060,SMALTS,,9900379100008,PZ,PZ
TODOS,0000000488 - POS TODOS,3807,0000003807,SMALT MACALLAN 12 AÑOS DOUBLE CASK,KIT,0060,SMALTS,,9900380700006,PZ,PZ
TODOS,0000000488 - POS TODOS,4807,0000004807,SMALT MACALLAN 12 AÑOS DOUBLE CASK COPA,KIT,0060,SMALTS,,9900480700005,PZ,PZ
TODOS,0000000488 - POS TODOS,3800,0000003800,SMALT MACALLAN 12 AÑOS TRIPLE CASK,KIT,0060,SMALTS,,9900380000007,PZ,PZ
TODOS,0000000488 - POS TODOS,459,0000000459,SMALT MACALLAN 12 AÑOS TRIPLE CASK COPA,KIT,0060,SMALTS,,9900045900000,PZ,PZ
TODOS,0000000488 - POS TODOS,3801,0000003801,SMALT MACALLAN 15 AÑOS TRIPLE CASK,KIT,0060,SMALTS,,9900380100004,PZ,PZ
TODOS,0000000488 - POS TODOS,3802,0000003802,SMALT MACALLAN 15 AÑOS TRIPLE CASK COPA,KIT,0060,SMALTS,,9900380200001,PZ,PZ
TODOS,0000000488 - POS TODOS,4539,0000004539,SMALT MACALLAN 18 AÑOS SHERRY OAK,KIT,0060,SMALTS,,9900453900005,PZ,PZ
TODOS,0000000488 - POS TODOS,4462,0000004462,SMALT MACALLAN 18 AÑOS SHERRY OAK COPA,KIT,0060,SMALTS,,9900446200006,PZ,PZ
TODOS,0000000488 - POS TODOS,3920,0000003920,MEZ 400 CONEJOS CUISHE,KIT,0062,TEQUILAS Y MEZCALES,,9900392000002,PZ,PZ
TODOS,0000000488 - POS TODOS,4505,0000004505,MEZ 400 CONEJOS CUISHE COPA,KIT,0062,TEQUILAS Y MEZCALES,,9900450500000,PZ,PZ
TODOS,0000000488 - POS TODOS,3919,0000003919,MEZ 400 CONEJOS ESPADIN JOVEN,KIT,0062,TEQUILAS Y MEZCALES,,9900391900006,PZ,PZ
TODOS,0000000488 - POS TODOS,4610,0000004610,MEZ 400 CONEJOS ESPADIN JOVEN COPA,KIT,0062,TEQUILAS Y MEZCALES,,9900461000001,PZ,PZ
TODOS,0000000488 - POS TODOS,771,0000000771,MEZ 400 CONEJOS REPOSADO,KIT,0062,TEQUILAS Y MEZCALES,,9900077100003,PZ,PZ
TODOS,0000000488 - POS TODOS,449,0000000449,MEZ 400 CONEJOS REPOSADO COPA,KIT,0062,TEQUILAS Y MEZCALES,,9900044900001,PZ,PZ
TODOS,0000000488 - POS TODOS,3863,0000003863,MEZ 400 CONEJOS TOBALA,KIT,0062,TEQUILAS Y MEZCALES,,9900386300002,PZ,PZ
TODOS,0000000488 - POS TODOS,3864,0000003864,MEZ 400 CONEJOS TOBALA COPA,KIT,0062,TEQUILAS Y MEZCALES,,9900386400009,PZ,PZ
TODOS,0000000488 - POS TODOS,4507,0000004507,MEZ AMARAS ESPADIN JOVEN,KIT,0062,TEQUILAS Y MEZCALES,,9900450700004,PZ,PZ
TODOS,0000000488 - POS TODOS,5251,0000005251,MEZ CREYENTE CUISHE,KIT,0062,TEQUILAS Y MEZCALES,,9900525100005,PZ,PZ
TODOS,0000000488 - POS TODOS,4510,0000004510,MEZ CREYENTE CUISHE COPA,KIT,0062,TEQUILAS Y MEZCALES,,9900451000004,PZ,PZ
TODOS,0000000488 - POS TODOS,5641,0000005641,MEZ CREYENTE ESPADIN JOVEN,KIT,0062,TEQUILAS Y MEZCALES,,9900564100004,PZ,PZ
TODOS,0000000488 - POS TODOS,3868,0000003868,MEZ CREYENTE ESPADIN JOVEN COPA,KIT,0062,TEQUILAS Y MEZCALES,,9900386800007,PZ,PZ
TODOS,0000000488 - POS TODOS,3869,0000003869,MEZ CREYENTE TOBALA,KIT,0062,TEQUILAS Y MEZCALES,,9900386900004,PZ,PZ
TODOS,0000000488 - POS TODOS,3870,0000003870,MEZ CREYENTE TOBALA COPA,KIT,0062,TEQUILAS Y MEZCALES,,9900387000000,PZ,PZ
TODOS,0000000488 - POS TODOS,3873,0000003873,MEZ SAN COSME,KIT,0062,TEQUILAS Y MEZCALES,,9900387300001,PZ,PZ
TODOS,0000000488 - POS TODOS,6858,0000006858,MEZ SIN PENA,KIT,0062,TEQUILAS Y MEZCALES,,9900685800005,PZ,PZ
TODOS,0000000488 - POS TODOS,6859,0000006859,MEZ SIN PENA COPA,KIT,0062,TEQUILAS Y MEZCALES,,9900685900002,PZ,PZ
TODOS,0000000488 - POS TODOS,3877,0000003877,MEZ UNION JOVEN,KIT,0062,TEQUILAS Y MEZCALES,,9900387700009,PZ,PZ
TODOS,0000000488 - POS TODOS,3878,0000003878,MEZ UNION JOVEN COPA,KIT,0062,TEQUILAS Y MEZCALES,,9900387800006,PZ,PZ
TODOS,0000000488 - POS TODOS,3879,0000003879,TEQ 1800 CRISTALINO AÑEJO,KIT,0062,TEQUILAS Y MEZCALES,,9900387900003,PZ,PZ
TODOS,0000000488 - POS TODOS,448,0000000448,TEQ 1800 CRISTALINO AÑEJO COPA,KIT,0062,TEQUILAS Y MEZCALES,,9900044800004,PZ,PZ
TODOS,0000000488 - POS TODOS,3881,0000003881,TEQ 1800 MILENIO FERNANDO,KIT,0062,TEQUILAS Y MEZCALES,,9900388100006,PZ,PZ
TODOS,0000000488 - POS TODOS,8587,0000008587,TEQ ALTOS INFUSIONADO C. CAFE COPA,KIT,0062,TEQUILAS Y MEZCALES,,9900858700002,PZ,PZ
TODOS,0000000488 - POS TODOS,8590,0000008590,TEQ ALTOS INFUSIONADO C. CITRICOS COPA,KIT,0062,TEQUILAS Y MEZCALES,,9900859000002,PZ,PZ
TODOS,0000000488 - POS TODOS,8182,0000008182,TEQ AVION RSVA. 44 E.A.,KIT,0062,TEQUILAS Y MEZCALES,,9900818200009,PZ,PZ
TODOS,0000000488 - POS TODOS,8183,0000008183,TEQ AVION RSVA. 44 E.A. COPA,KIT,0062,TEQUILAS Y MEZCALES,,9900818300006,PZ,PZ
TODOS,0000000488 - POS TODOS,8180,0000008180,TEQ AVION RSVA. CRISTALINO COPA,KIT,0062,TEQUILAS Y MEZCALES,,9900818000005,PZ,PZ
TODOS,0000000488 - POS TODOS,3891,0000003891,TEQ CASA DRAGONES JOVEN,KIT,0062,TEQUILAS Y MEZCALES,,9900389100005,PZ,PZ
TODOS,0000000488 - POS TODOS,6856,0000006856,TEQ CENTENARIO PLATA,KIT,0062,TEQUILAS Y MEZCALES,,9900685600001,PZ,PZ
TODOS,0000000488 - POS TODOS,3895,0000003895,TEQ DON JULIO 1942,KIT,0062,TEQUILAS Y MEZCALES,,9900389500003,PZ,PZ
TODOS,0000000488 - POS TODOS,3896,0000003896,TEQ DON JULIO 1942 COPA,KIT,0062,TEQUILAS Y MEZCALES,,9900389600000,PZ,PZ
TODOS,0000000488 - POS TODOS,3897,0000003897,TEQ DON JULIO 70 CRISTALINO AÑEJO,KIT,0062,TEQUILAS Y MEZCALES,,9900389700007,PZ,PZ
TODOS,0000000488 - POS TODOS,3898,0000003898,TEQ DON JULIO 70 CRISTALINO AÑEJO COPA,KIT,0062,TEQUILAS Y MEZCALES,,9900389800004,PZ,PZ
TODOS,0000000488 - POS TODOS,3899,0000003899,TEQ DON JULIO AÑEJO,KIT,0062,TEQUILAS Y MEZCALES,,9900389900001,PZ,PZ
TODOS,0000000488 - POS TODOS,3900,0000003900,TEQ DON JULIO BLANCO,KIT,0062,TEQUILAS Y MEZCALES,,9900390000004,PZ,PZ
TODOS,0000000488 - POS TODOS,4836,0000004836,TEQ DON JULIO BLANCO COPA,KIT,0062,TEQUILAS Y MEZCALES,,9900483600005,PZ,PZ
TODOS,0000000488 - POS TODOS,3901,0000003901,TEQ DON JULIO REPOSADO,KIT,0062,TEQUILAS Y MEZCALES,,9900390100001,PZ,PZ
TODOS,0000000488 - POS TODOS,4621,0000004621,TEQ DON JULIO REPOSADO CLARO,KIT,0062,TEQUILAS Y MEZCALES,,9900462100007,PZ,PZ
TODOS,0000000488 - POS TODOS,4837,0000004837,TEQ DON JULIO REPOSADO COPA,KIT,0062,TEQUILAS Y MEZCALES,,9900483700002,PZ,PZ
TODOS,0000000488 - POS TODOS,8125,0000008125,TEQ DON RAMON PLATA PLATINIUM COPA,KIT,0062,TEQUILAS Y MEZCALES,,9900812500006,PZ,PZ
TODOS,0000000488 - POS TODOS,3902,0000003902,TEQ G. CENTENARIO LEYENDA,KIT,0062,TEQUILAS Y MEZCALES,,9900390200008,PZ,PZ
TODOS,0000000488 - POS TODOS,3903,0000003903,TEQ G. CENTENARIO LEYENDA COPA,KIT,0062,TEQUILAS Y MEZCALES,,9900390300005,PZ,PZ
TODOS,0000000488 - POS TODOS,3893,0000003893,TEQ G. CENTENARIO REPOSADO,KIT,0062,TEQUILAS Y MEZCALES,,9900389300009,PZ,PZ
TODOS,0000000488 - POS TODOS,3894,0000003894,TEQ G. CENTENARIO REPOSADO COPA,KIT,0062,TEQUILAS Y MEZCALES,,9900389400006,PZ,PZ
TODOS,0000000488 - POS TODOS,3906,0000003906,TEQ HERRADURA AÑEJO,KIT,0062,TEQUILAS Y MEZCALES,,9900390600006,PZ,PZ
TODOS,0000000488 - POS TODOS,3907,0000003907,TEQ HERRADURA AÑEJO COPA,KIT,0062,TEQUILAS Y MEZCALES,,9900390700003,PZ,PZ
TODOS,0000000488 - POS TODOS,3934,0000003934,TEQ HERRADURA BLANCO,KIT,0062,TEQUILAS Y MEZCALES,,9900393400009,PZ,PZ
TODOS,0000000488 - POS TODOS,3935,0000003935,TEQ HERRADURA BLANCO COPA,KIT,0062,TEQUILAS Y MEZCALES,,9900393500006,PZ,PZ
TODOS,0000000488 - POS TODOS,1526,0000001526,TEQ HERRADURA PLATA,KIT,0062,TEQUILAS Y MEZCALES,,9900152800002,PZ,PZ
TODOS,0000000488 - POS TODOS,1527,0000001527,TEQ HERRADURA REPOSADO,KIT,0062,TEQUILAS Y MEZCALES,,9900152900009,PZ,PZ
TODOS,0000000488 - POS TODOS,4799,0000004799,TEQ HERRADURA REPOSADO COPA,KIT,0062,TEQUILAS Y MEZCALES,,9900479900003,PZ,PZ
TODOS,0000000488 - POS TODOS,3926,0000003926,TEQ HERRADURA ULTRA AÑEJO CRISTALINO,KIT,0062,TEQUILAS Y MEZCALES,,9900392600004,PZ,PZ
TODOS,0000000488 - POS TODOS,3927,0000003927,TEQ HERRADURA ULTRA AÑEJO CRISTALINO COPA,KIT,0062,TEQUILAS Y MEZCALES,,9900392700001,PZ,PZ
TODOS,0000000488 - POS TODOS,3936,0000003936,TEQ J CUERVO RSVA. DE LA FAMILIA EXTRA AÑEJO,KIT,0062,TEQUILAS Y MEZCALES,,9900393600003,PZ,PZ
TODOS,0000000488 - POS TODOS,3937,0000003937,TEQ J CUERVO RSVA. DE LA FAMILIA EXTRA AÑEJO COPA,KIT,0062,TEQUILAS Y MEZCALES,,9900393700000,PZ,PZ
TODOS,0000000488 - POS TODOS,4541,0000004541,TEQ J CUERVO RSVA. DE LA FAMILIA PLATINO,KIT,0062,TEQUILAS Y MEZCALES,,9900454100008,PZ,PZ
TODOS,0000000488 - POS TODOS,4542,0000004542,TEQ J CUERVO RSVA. DE LA FAMILIA PLATINO COPA,KIT,0062,TEQUILAS Y MEZCALES,,9900454200005,PZ,PZ
TODOS,0000000488 - POS TODOS,3932,0000003932,TEQ J CUERVO RSVA. DE LA FAMILIA REPOSADO,KIT,0062,TEQUILAS Y MEZCALES,,9900393200005,PZ,PZ
TODOS,0000000488 - POS TODOS,3933,0000003933,TEQ J CUERVO RSVA. DE LA FAMILIA REPOSADO COPA,KIT,0062,TEQUILAS Y MEZCALES,,9900393300002,PZ,PZ
TODOS,0000000488 - POS TODOS,3938,0000003938,TEQ J CUERVO TRADICIONAL PLATA,KIT,0062,TEQUILAS Y MEZCALES,,9900393800007,PZ,PZ
TODOS,0000000488 - POS TODOS,1023,0000001023,TEQ J CUERVO TRADICIONAL PLATA COPA,KIT,0062,TEQUILAS Y MEZCALES,,9900102500006,PZ,PZ
TODOS,0000000488 - POS TODOS,4630,0000004630,TEQ J CUERVO TRADICIONAL REPOSADO COPA,KIT,0062,TEQUILAS Y MEZCALES,,9900463000009,PZ,PZ
TODOS,0000000488 - POS TODOS,3911,0000003911,TEQ MAESTRO DOBEL 50 CRISTALINO,KIT,0062,TEQUILAS Y MEZCALES,,9900391100000,PZ,PZ
TODOS,0000000488 - POS TODOS,3923,0000003923,TEQ MAESTRO DOBEL AÑEJO,KIT,0062,TEQUILAS Y MEZCALES,,9900392300003,PZ,PZ
TODOS,0000000488 - POS TODOS,3913,0000003913,TEQ MAESTRO DOBEL BLANCO,KIT,0062,TEQUILAS Y MEZCALES,,9900391300004,PZ,PZ
TODOS,0000000488 - POS TODOS,784,0000000784,TEQ MAESTRO DOBEL BLANCO COPA,KIT,0062,TEQUILAS Y MEZCALES,,9900078400003,PZ,PZ
TODOS,0000000488 - POS TODOS,3917,0000003917,TEQ MAESTRO DOBEL DIAMANTE,KIT,0062,TEQUILAS Y MEZCALES,,9900391700002,PZ,PZ
TODOS,0000000488 - POS TODOS,3918,0000003918,TEQ MAESTRO DOBEL DIAMANTE COPA,KIT,0062,TEQUILAS Y MEZCALES,,9900391800009,PZ,PZ
TODOS,0000000488 - POS TODOS,3908,0000003908,TEQ MAESTRO DOBEL REPOSADO,KIT,0062,TEQUILAS Y MEZCALES,,9900390800000,PZ,PZ
TODOS,0000000488 - POS TODOS,1054,0000001054,TEQ MAESTRO DOBEL REPOSADO COPA,KIT,0062,TEQUILAS Y MEZCALES,,9900105600000,PZ,PZ
TODOS,0000000488 - POS TODOS,4555,0000004555,TEQ SAUZA 3 GENERACIONES REPOSADO,KIT,0062,TEQUILAS Y MEZCALES,,9900455500005,PZ,PZ
TODOS,0000000488 - POS TODOS,4556,0000004556,TEQ SAUZA 3 GENERACIONES REPOSADO COPA,KIT,0062,TEQUILAS Y MEZCALES,,9900455600002,PZ,PZ
TODOS,0000000488 - POS TODOS,4557,0000004557,TEQ SAUZA HORNITOS REPOSADO,KIT,0062,TEQUILAS Y MEZCALES,,9900455700009,PZ,PZ
TODOS,0000000488 - POS TODOS,6854,0000006854,TEQ SIETE LEGUAS BLANCO,KIT,0062,TEQUILAS Y MEZCALES,,9900685400007,PZ,PZ
TODOS,0000000488 - POS TODOS,437,0000000437,GIN BEEFEATER,KIT,0063,VODKAS Y GINEBRAS,,9900043700008,PZ,PZ
TODOS,0000000488 - POS TODOS,1115,0000001115,GIN BEEFEATER COPA,KIT,0063,VODKAS Y GINEBRAS,,9900111700008,PZ,PZ
TODOS,0000000488 - POS TODOS,1114,0000001114,GIN BOMBAY SAPHIRE COPA,KIT,0063,VODKAS Y GINEBRAS,,9900111600001,PZ,PZ
TODOS,0000000488 - POS TODOS,436,0000000436,GIN BOMBAY SAPPHIRE,KIT,0063,VODKAS Y GINEBRAS,,9900043600001,PZ,PZ
TODOS,0000000488 - POS TODOS,3828,0000003828,GIN BOODLES LONDON,KIT,0063,VODKAS Y GINEBRAS,,9900382800001,PZ,PZ
TODOS,0000000488 - POS TODOS,8207,0000008207,GIN CONDESA CLASICA,KIT,0063,VODKAS Y GINEBRAS,,9900820700009,PZ,PZ
TODOS,0000000488 - POS TODOS,8208,0000008208,GIN CONDESA CLASICA COPA,KIT,0063,VODKAS Y GINEBRAS,,9900820800006,PZ,PZ
TODOS,0000000488 - POS TODOS,8210,0000008210,GIN CONDESA PRICKLY PEAR,KIT,0063,VODKAS Y GINEBRAS,,9900821000009,PZ,PZ
TODOS,0000000488 - POS TODOS,8211,0000008211,GIN CONDESA PRICKLY PEAR COPA,KIT,0063,VODKAS Y GINEBRAS,,9900821100006,PZ,PZ
TODOS,0000000488 - POS TODOS,438,0000000438,GIN HENDRICKS,KIT,0063,VODKAS Y GINEBRAS,,9900043800005,PZ,PZ
TODOS,0000000488 - POS TODOS,768,0000000768,GIN HENDRICKS COPA,KIT,0063,VODKAS Y GINEBRAS,,9900076800003,PZ,PZ
TODOS,0000000488 - POS TODOS,3832,0000003832,GIN LONDON ONE,KIT,0063,VODKAS Y GINEBRAS,,9900383200008,PZ,PZ
TODOS,0000000488 - POS TODOS,3833,0000003833,GIN LONDON ONE COPA,KIT,0063,VODKAS Y GINEBRAS,,9900383300005,PZ,PZ
TODOS,0000000488 - POS TODOS,3835,0000003835,GIN MARTIN MILLERS,KIT,0063,VODKAS Y GINEBRAS,,9900383500009,PZ,PZ
TODOS,0000000488 - POS TODOS,3836,0000003836,GIN MARTIN MILLERS COPA,KIT,0063,VODKAS Y GINEBRAS,,9900383600006,PZ,PZ
TODOS,0000000488 - POS TODOS,3837,0000003837,GIN MONKEY 47,KIT,0063,VODKAS Y GINEBRAS,,9900383700003,PZ,PZ
TODOS,0000000488 - POS TODOS,3838,0000003838,GIN MONKEY 47 COPA,KIT,0063,VODKAS Y GINEBRAS,,9900383800000,PZ,PZ
TODOS,0000000488 - POS TODOS,1022,0000001022,GIN TANQUERAY LONDON DRY,KIT,0063,VODKAS Y GINEBRAS,,9900102400009,PZ,PZ
TODOS,0000000488 - POS TODOS,1116,0000001116,GIN TANQUERAY LONDON DRY COPA,KIT,0063,VODKAS Y GINEBRAS,,9900111800005,PZ,PZ
TODOS,0000000488 - POS TODOS,460,0000000460,VOD ABSOLUT AZUL,KIT,0063,VODKAS Y GINEBRAS,,9900046000006,PZ,PZ
TODOS,0000000488 - POS TODOS,779,0000000779,VOD ABSOLUT AZUL COPA,KIT,0063,VODKAS Y GINEBRAS,,9900077900009,PZ,PZ
TODOS,0000000488 - POS TODOS,3843,0000003843,VOD BELVEDERE,KIT,0063,VODKAS Y GINEBRAS,,9900384300004,PZ,PZ
TODOS,0000000488 - POS TODOS,3844,0000003844,VOD BELVEDERE COPA,KIT,0063,VODKAS Y GINEBRAS,,9900384400001,PZ,PZ
TODOS,0000000488 - POS TODOS,3847,0000003847,VOD GREY GOOSE,KIT,0063,VODKAS Y GINEBRAS,,9900384700002,PZ,PZ
TODOS,0000000488 - POS TODOS,4804,0000004804,VOD GREY GOOSE COPA,KIT,0063,VODKAS Y GINEBRAS,,9900480400004,PZ,PZ
TODOS,0000000488 - POS TODOS,3848,0000003848,VOD KETEL ONE ORIGINAL,KIT,0063,VODKAS Y GINEBRAS,,9900384800009,PZ,PZ
TODOS,0000000488 - POS TODOS,3849,0000003849,VOD KETEL ONE ORIGINAL COPA,KIT,0063,VODKAS Y GINEBRAS,,9900384900006,PZ,PZ
TODOS,0000000488 - POS TODOS,3850,0000003850,VOD SMIRNOFF 750 ML,KIT,0063,VODKAS Y GINEBRAS,,9900385000002,PZ,PZ
TODOS,0000000488 - POS TODOS,4805,0000004805,VOD SMIRNOFF COPA,KIT,0063,VODKAS Y GINEBRAS,,9900480500001,PZ,PZ
TODOS,0000000488 - POS TODOS,3851,0000003851,VOD STOLICHNAYA,KIT,0063,VODKAS Y GINEBRAS,,9900385100009,PZ,PZ
TODOS,0000000488 - POS TODOS,4803,0000004803,VOD STOLICHNAYA COPA,KIT,0063,VODKAS Y GINEBRAS,,9900480300007,PZ,PZ
TODOS,0000000488 - POS TODOS,3852,0000003852,VOD STOLICHNAYA ELITE,KIT,0063,VODKAS Y GINEBRAS,,9900385200006,PZ,PZ
TODOS,0000000488 - POS TODOS,808,0000000808,VOD TITOS COPA,KIT,0063,VODKAS Y GINEBRAS,,9900080800006,PZ,PZ
TODOS,0000000488 - POS TODOS,10026,0000010026,COWBOY ORIGEN PZ,KIT,0064,PIEZAS,,9901002600001,PZ,PZ
TODOS,0000000488 - POS TODOS,4674,0000004674,FARMER ROAST PZ,KIT,0064,PIEZAS,,9900467400003,PZ,PZ
TODOS,0000000488 - POS TODOS,10027,0000010027,PORTER HOUSE ORIGEN PZ,KIT,0064,PIEZAS,,9901002700008,PZ,PZ
TODOS,0000000488 - POS TODOS,10025,0000010025,TOMAHAWK ORIGEN PZ,KIT,0064,PIEZAS,,9901002500004,PZ,PZ
TODOS,0000000488 - POS TODOS,4770,0000004770,TOMAHAWK PZ,KIT,0064,PIEZAS,,9900477000002,PZ,PZ
TODOS,0000000488 - POS TODOS,9048,0000009048,CAVA RENOVACION ANUAL,SERVICIO,0066,CAVAS,,9900904800007,PZ,PZ
TODOS,0000000488 - POS TODOS,8099,0000008099,CAVA SUSCRIPCION ANUAL,SERVICIO,0066,CAVAS,,9900809900000,PZ,PZ
TODOS,0000000488 - POS TODOS,8103,0000008103,CUCHILLO PERSONALIZADO,SERVICIO,0066,CAVAS,,9900810300004,PZ,PZ
TODOS,0000000488 - POS TODOS,6395,0000006395,VELA DE VENGALA,KIT,0067,AMENIDADES,,9900639500005,PZ,PZ
QRO_ORIGEN,0000001212 - POS QR-ORIGEN,4764,0000004764,TACOS DE FILETE C. TUETANO (4),KIT,0006,ENTRADAS Y COMPLEMENTOS,,9900476400001,PZ,PZ
QRO_ORIGEN,0000001212 - POS QR-ORIGEN,3653,0000003653,LI CHINCHON SECO,KIT,0008,LICORES Y DIGESTIVOS,,9900365300009,PZ,PZ
QRO_ORIGEN,0000001212 - POS QR-ORIGEN,4459,0000004459,LI CHINCHON SECO COPA,KIT,0008,LICORES Y DIGESTIVOS,,9900445900006,PZ,PZ
QRO_ORIGEN,0000001212 - POS QR-ORIGEN,3631,0000003631,LI FERNET BRANCA DE HIERBAS,KIT,0008,LICORES Y DIGESTIVOS,,9900363100007,PZ,PZ
QRO_ORIGEN,0000001212 - POS QR-ORIGEN,3632,0000003632,LI FERNET BRANCA DE HIERBAS COPA,KIT,0008,LICORES Y DIGESTIVOS,,9900363200004,PZ,PZ
QRO_ORIGEN,0000001212 - POS QR-ORIGEN,3635,0000003635,LI JAGERMEISTER,KIT,0008,LICORES Y DIGESTIVOS,,9900363500005,PZ,PZ
QRO_ORIGEN,0000001212 - POS QR-ORIGEN,4485,0000004485,LI KAHLUA,KIT,0008,LICORES Y DIGESTIVOS,,9900448500005,PZ,PZ
QRO_ORIGEN,0000001212 - POS QR-ORIGEN,3637,0000003637,LI LIMONCELLO DI CAPRI,KIT,0008,LICORES Y DIGESTIVOS,,9900363700009,PZ,PZ
QRO_ORIGEN,0000001212 - POS QR-ORIGEN,3638,0000003638,LI LIMONCELLO DI CAPRI COPA,KIT,0008,LICORES Y DIGESTIVOS,,9900363800006,PZ,PZ
QRO_ORIGEN,0000001212 - POS QR-ORIGEN,3641,0000003641,LI MARTINI ROSSI EXTRA SECO,KIT,0008,LICORES Y DIGESTIVOS,,9900364100006,PZ,PZ
QRO_ORIGEN,0000001212 - POS QR-ORIGEN,3643,0000003643,LI MARTINI ROSSI ROJO,KIT,0008,LICORES Y DIGESTIVOS,,9900364300000,PZ,PZ
QRO_ORIGEN,0000001212 - POS QR-ORIGEN,3670,0000003670,LI MELON MIDORI,KIT,0008,LICORES Y DIGESTIVOS,,9900367000006,PZ,PZ
QRO_ORIGEN,0000001212 - POS QR-ORIGEN,3671,0000003671,LI MELON MIDORI COPA,KIT,0008,LICORES Y DIGESTIVOS,,9900367100003,PZ,PZ
QRO_ORIGEN,0000001212 - POS QR-ORIGEN,3676,0000003676,LI OPORTO ROYAL 20 AÑOS,KIT,0008,LICORES Y DIGESTIVOS,,9900367600008,PZ,PZ
QRO_ORIGEN,0000001212 - POS QR-ORIGEN,3677,0000003677,LI OPORTO ROYAL 20 AÑOS COPA,KIT,0008,LICORES Y DIGESTIVOS,,9900367700005,PZ,PZ
QRO_ORIGEN,0000001212 - POS QR-ORIGEN,4797,0000004797,COG HENNESSY VS COPA,KIT,0058,CHAMPAGNES Y COGNACS,,9900479700009,PZ,PZ
QRO_ORIGEN,0000001212 - POS QR-ORIGEN,4796,0000004796,BRA CARDENAL DE MENDOZA COPA,KIT,0059,RONES Y BRANDYS,,9900479600002,PZ,PZ
QRO_ORIGEN,0000001212 - POS QR-ORIGEN,3968,0000003968,BRA FUNDADOR COPA,KIT,0059,RONES Y BRANDYS,,9900396800004,PZ,PZ
QRO_ORIGEN,0000001212 - POS QR-ORIGEN,3970,0000003970,BRA TERRY CENTENARIO COPA,KIT,0059,RONES Y BRANDYS,,9900397000007,PZ,PZ
QRO_ORIGEN,0000001212 - POS QR-ORIGEN,3974,0000003974,RON APPLETON BLANCO COPA,KIT,0059,RONES Y BRANDYS,,9900397400005,PZ,PZ
QRO_ORIGEN,0000001212 - POS QR-ORIGEN,3976,0000003976,RON APPLETON ESPECIAL COPA,KIT,0059,RONES Y BRANDYS,,9900397600009,PZ,PZ
QRO_ORIGEN,0000001212 - POS QR-ORIGEN,3993,0000003993,RON FLOR DE CAÑA 04 AÑOS BLANCO COPA,KIT,0059,RONES Y BRANDYS,,9900399300006,PZ,PZ
QRO_ORIGEN,0000001212 - POS QR-ORIGEN,3788,0000003788,SMALT GLENMORANGIE NECTAR DOR,KIT,0060,SMALTS,,9900378800008,PZ,PZ
QRO_ORIGEN,0000001212 - POS QR-ORIGEN,3789,0000003789,SMALT GLENMORANGIE NECTAR DOR COPA,KIT,0060,SMALTS,,9900378900005,PZ,PZ
QRO_ORIGEN,0000001212 - POS QR-ORIGEN,3796,0000003796,SMALT HIGHLAND PARK 12 AÑOS,KIT,0060,SMALTS,,9900379600003,PZ,PZ
QRO_ORIGEN,0000001212 - POS QR-ORIGEN,4534,0000004534,SMALT SINGLETON DUFFTOWN 12 AÑOS,KIT,0060,SMALTS,,9900453400000,PZ,PZ
QRO_ORIGEN,0000001212 - POS QR-ORIGEN,4535,0000004535,SMALT SINGLETON DUFFTOWN 12 AÑOS COPA,KIT,0060,SMALTS,,9900453500007,PZ,PZ
QRO_ORIGEN,0000001212 - POS QR-ORIGEN,3823,0000003823,SMALT THE BALVENIE 12 AÑOS,KIT,0060,SMALTS,,9900382300006,PZ,PZ
QRO_ORIGEN,0000001212 - POS QR-ORIGEN,3824,0000003824,SMALT THE BALVENIE 12 AÑOS COPA,KIT,0060,SMALTS,,9900382400003,PZ,PZ
QRO_ORIGEN,0000001212 - POS QR-ORIGEN,3664,0000003664,MEZ AMARAS ESPADIN JOVEN COPA,KIT,0062,TEQUILAS Y MEZCALES,,9900366400005,PZ,PZ
QRO_ORIGEN,0000001212 - POS QR-ORIGEN,3874,0000003874,MEZ SAN COSME COPA,KIT,0062,TEQUILAS Y MEZCALES,,9900387400008,PZ,PZ
QRO_ORIGEN,0000001212 - POS QR-ORIGEN,6857,0000006857,TEQ CENTENARIO PLATA COPA,KIT,0062,TEQUILAS Y MEZCALES,,9900685700008,PZ,PZ
QRO_ORIGEN,0000001212 - POS QR-ORIGEN,8130,0000008130,TEQ DON RAMON AÑEJO CRISTALINO PLATINIUM,KIT,0062,TEQUILAS Y MEZCALES,,9900813000000,PZ,PZ
QRO_ORIGEN,0000001212 - POS QR-ORIGEN,8129,0000008129,TEQ DON RAMON AÑEJO CRISTALINO PLATINUM COPA,KIT,0062,TEQUILAS Y MEZCALES,,9900812900004,PZ,PZ
QRO_ORIGEN,0000001212 - POS QR-ORIGEN,8126,0000008126,TEQ DON RAMON PLATA PLATINIUM,KIT,0062,TEQUILAS Y MEZCALES,,9900812600003,PZ,PZ
QRO_ORIGEN,0000001212 - POS QR-ORIGEN,8128,0000008128,TEQ DON RAMON REPOSADO CRISTALINO PLATINUM,KIT,0062,TEQUILAS Y MEZCALES,,9900812800007,PZ,PZ
QRO_ORIGEN,0000001212 - POS QR-ORIGEN,8127,0000008127,TEQ DON RAMON REPOSADO CRISTALINO PLATINUM COPA,KIT,0062,TEQUILAS Y MEZCALES,,9900812700000,PZ,PZ
QRO_ORIGEN,0000001212 - POS QR-ORIGEN,7525,0000007525,TEQ J CUERVO TRADICIONAL REPOSADO,KIT,0062,TEQUILAS Y MEZCALES,,9900752500005,PZ,PZ
QRO_ORIGEN,0000001212 - POS QR-ORIGEN,3921,0000003921,TEQ MAESTRO DOBEL AÑEJO COPA,KIT,0062,TEQUILAS Y MEZCALES,,9900392100009,PZ,PZ
QRO_ORIGEN,0000001212 - POS QR-ORIGEN,3914,0000003914,TEQ MAESTRO DOBEL PAVITO,KIT,0062,TEQUILAS Y MEZCALES,,9900391400001,PZ,PZ
QRO_ORIGEN,0000001212 - POS QR-ORIGEN,3916,0000003916,TEQ MAESTRO DOBEL PAVITO COPA,KIT,0062,TEQUILAS Y MEZCALES,,9900391600005,PZ,PZ
QRO_ORIGEN,0000001212 - POS QR-ORIGEN,6855,0000006855,TEQ SIETE LEGUAS BLANCO COPA,KIT,0062,TEQUILAS Y MEZCALES,,9900685500004,PZ,PZ
QRO_ORIGEN,0000001212 - POS QR-ORIGEN,3830,0000003830,GIN BEEFEATER PINK COPA,KIT,0063,VODKAS Y GINEBRAS,,9900383000004,PZ,PZ
QRO_ORIGEN,0000001212 - POS QR-ORIGEN,3829,0000003829,GIN BOODLES LONDON COPA,KIT,0063,VODKAS Y GINEBRAS,,9900382900008,PZ,PZ
QRO_ORIGEN,0000001212 - POS QR-ORIGEN,3834,0000003834,GIN MARE,KIT,0063,VODKAS Y GINEBRAS,,9900383400002,PZ,PZ
QRO_ORIGEN,0000001212 - POS QR-ORIGEN,4816,0000004816,GIN MARE COPA,KIT,0063,VODKAS Y GINEBRAS,,9900481600007,PZ,PZ
