archivo,linea,tipo_conexion,endpoint_detectado,evidencia
"/app/backend/modules/comercial/service.py","128","execute_sql_query","","        system_type,         activo     FROM Unidades_Negocio     WHERE activo = 1     ORDER BY orden     """"""          try:         result = execute_sql_query(             EDARSAHUB_TABLERO_CONFIG['host'],             EDARSAHUB_TABLERO_CONFIG['port'],             EDARSAHUB_TABLERO_CONFIG['database'],             EDARSAHUB_TABLERO_CONFIG['username'],             EDARSAHUB_TABLERO_CONFIG['password'],             query         )          "
"/app/backend/modules/comercial/service.py","480","execute_sql_query",""," def _query_edarsahub_tablero(query: str) -> List[Dict]:     """"""     Ejecuta query de SOLO LECTURA en EDARSAHUB para Tablero Ejecutivo.     Fuente: Comercial_KPIs_Diarios_v2 y Comercial_Ventas_Dia_Abiertas_v2.     NO usa MongoDB. NO usa servidores locales.     """"""     try:         result = execute_sql_query(             EDARSAHUB_TABLERO_CONFIG['host'],             EDARSAHUB_TABLERO_CONFIG['port'],             EDARSAHUB_TABLERO_CONFIG['database'],             EDARSAHUB_TABLERO_CONFIG['username'],             EDARSAHUB_TABLERO_CONFIG['password'],             query         )         return result or [] "
"/app/backend/modules/comercial/service.py","1336","get_server_by_id","","# ============================================================================ # OBTENER DATOS BÁSICOS # ============================================================================  async def obtener_sucursales_servidor(server_id: str) -> List[Dict]:     """"""     Obtiene las sucursales de un servidor.     """"""     server = await repo.get_server_by_id(server_id)     if not server:         raise HTTPException(status_code=404, detail=""Servidor no encontrado"")          return server.get('sucursales', [])   async def obtener_metas(server_id: str, sucursal: str, mes: int, anio: int) -> Dict:     """""" "
"/app/backend/modules/comercial/service.py","1937","execute_sql_query","","    # PASO 1: Detectar el último día real con ventas en el período     query_ultimo_dia = f"""""" SELECT MAX(CONVERT(DATE, VE.Vn_Fecha)) as ultimo_dia_venta FROM Venta_Encabezado VE WHERE VE.Vn_Fecha >= '{fi}' AND VE.Vn_Fecha <= '{ff}'   AND ISNULL(VE.Es_Cve_Estado, '') <> 'CA' """"""     try:         result_ultimo = execute_sql_query(server['host'], server['port'], server['database'],                                            server['username'], server['password'], query_ultimo_dia)         if result_ultimo and result_ultimo[0]['ultimo_dia_venta']:             ultimo_dia_venta = result_ultimo[0]['ultimo_dia_venta']             if isinstance(ultimo_dia_venta, str):                 # Parsear la fecha completa (YYYY-MM-DD)                 partes = ultimo_dia_venta.split('-') if '-' in ultimo_dia_venta else None                 if partes and len(partes) == 3:                     anio_ultimo = int(partes[0]) "
"/app/backend/modules/comercial/service.py","2063","execute_sql_query","","        query_ultimo_dia_suc = f"""""" SELECT MAX(CONVERT(DATE, VE.Vn_Fecha)) as ultimo_dia_venta FROM Venta_Encabezado VE WHERE VE.Sc_Cve_Sucursal = '{sucursal_id}'   AND VE.Vn_Fecha >= '{fi}' AND VE.Vn_Fecha <= '{ff}'   AND ISNULL(VE.Es_Cve_Estado, '') <> 'CA' """"""         try:             result_ultimo_suc = execute_sql_query(server['host'], server['port'], server['database'],                                                    server['username'], server['password'], query_ultimo_dia_suc)             if result_ultimo_suc and result_ultimo_suc[0]['ultimo_dia_venta']:                 ultimo_dia_suc = result_ultimo_suc[0]['ultimo_dia_venta']                 if isinstance(ultimo_dia_suc, str):                     dia_suc = int(ultimo_dia_suc.split('-')[2]) if '-' in ultimo_dia_suc else int(ultimo_dia_suc[-2:])                 else:                     dia_suc = ultimo_dia_suc.day                  "
"/app/backend/modules/comercial/service.py","2126","execute_sql_query","","    ISNULL(SUM(C.Co_Personas), 0) as pax FROM Venta_Encabezado VE LEFT JOIN Comanda C ON C.Co_Folio = VE.Vn_Folio AND C.Sc_Cve_Sucursal = VE.Sc_Cve_Sucursal WHERE VE.Sc_Cve_Sucursal = '{sucursal_id}'   AND CONVERT(varchar, VE.Vn_Fecha, 112) >= '{fia_suc}' AND CONVERT(varchar, VE.Vn_Fecha, 112) <= '{ffa_suc}'   AND ISNULL(VE.Es_Cve_Estado, '') <> 'CA' """"""         try:             r_ant = execute_sql_query(server['host'], server['port'], server['database'],                                        server['username'], server['password'], query_ant)             ventas_ant = float(r_ant[0]['ventas'] or 0) if r_ant else 0             cheques_ant = int(r_ant[0]['cheques'] or 0) if r_ant else 0             pax_ant = int(r_ant[0]['pax'] or 0) if r_ant else 0             if pax_ant == 0 and cheques_ant > 0:                 pax_ant = cheques_ant         except Exception:             ventas_ant, cheques_ant, pax_ant = 0, 0, 0 "
"/app/backend/modules/comercial/service.py","2149","execute_sql_query","","    ISNULL(SUM(C.Co_Personas), 0) as pax FROM Venta_Encabezado VE LEFT JOIN Comanda C ON C.Co_Folio = VE.Vn_Folio AND C.Sc_Cve_Sucursal = VE.Sc_Cve_Sucursal WHERE VE.Sc_Cve_Sucursal = '{sucursal_id}'   AND CONVERT(varchar, VE.Vn_Fecha, 112) >= '{fiaa_suc}' AND CONVERT(varchar, VE.Vn_Fecha, 112) <= '{ffaa_suc}'   AND ISNULL(VE.Es_Cve_Estado, '') <> 'CA' """"""         try:             r_año = execute_sql_query(server['host'], server['port'], server['database'],                                        server['username'], server['password'], query_año)             ventas_año = float(r_año[0]['ventas'] or 0) if r_año else 0             cheques_año = int(r_año[0]['cheques'] or 0) if r_año else 0             pax_año = int(r_año[0]['pax'] or 0) if r_año else 0             if pax_año == 0 and cheques_año > 0:                 pax_año = cheques_año         except Exception:             ventas_año, cheques_año, pax_año = 0, 0, 0 "
"/app/backend/modules/comercial/queries/mpro.py","199","execute_sql_query","","FROM Venta_Encabezado VE LEFT JOIN Comanda C ON C.Co_Folio = VE.Vn_Folio AND C.Sc_Cve_Sucursal = VE.Sc_Cve_Sucursal WHERE VE.Vn_Fecha >= CONVERT(datetime, '{fi}', 120) AND VE.Vn_Fecha <= CONVERT(datetime, '{ff}', 120)   AND ISNULL(VE.Es_Cve_Estado, '') <> 'CA'   {filtro_suc} """"""          try:         result = execute_sql_query(             server['host'],              server['port'],              server['database'],             server['username'],              server['password'],              query         )          "
"/app/backend/modules/comercial/queries/mpro.py","380","execute_sql_query","","{sucursal_join} WHERE VE.Vn_Fecha >= CONVERT(datetime, '{fi}', 120) AND VE.Vn_Fecha <= CONVERT(datetime, '{ff}', 120)   {filtro_cancelados}   {sucursal_filter} """"""          try:         print(f""*** [MPRO Query] Ejecutando query para {server.get('name')} sucursal={sucursal} ***"")         result = execute_sql_query(             server['host'],              server['port'],              server['database'],             server['username'],              server['password'],              query         )          "
"/app/backend/modules/comercial/queries/mpro.py","690","execute_sql_query","","INNER JOIN Sucursal S ON S.Sc_Cve_Sucursal = VE.Sc_Cve_Sucursal LEFT JOIN Comanda C ON C.Co_Folio = VE.Vn_Folio AND C.Sc_Cve_Sucursal = VE.Sc_Cve_Sucursal WHERE VE.Vn_Fecha >= CONVERT(datetime, '{fi}', 120) AND VE.Vn_Fecha <= CONVERT(datetime, '{ff}', 120) GROUP BY S.Sc_Cve_Sucursal, S.Sc_Descripcion ORDER BY SUM(VE.Vn_Precio_Neto_Importe) DESC """"""          try:         result = execute_sql_query(             server['host'],              server['port'],              server['database'],             server['username'],              server['password'],              query         )          "
"/app/backend/modules/comercial/queries/softrestaurant.py","181","execute_sql_query","","INNER JOIN turnos ON turnos.idturno = cheques.idturno WHERE CONVERT(varchar, turnos.apertura, 112) >= '{fi}'   AND CONVERT(varchar, turnos.apertura, 112) <= '{ff}'   AND cheques.cancelado = 0   {filtro_suc} """"""          try:         result = execute_sql_query(             server['host'],              server['port'],              server['database'],             server['username'],              server['password'],              query         )          "
"/app/backend/modules/comercial/alertas_margen_repository.py","108","execute_sql_query","","    if sucursal_id:         where_clauses.append(f""(SucursalID IS NULL OR SucursalID = {sucursal_id})"")          where_sql = "" AND "".join(where_clauses)     offset = (page - 1) * page_size          # Contar total     count_query = f""SELECT COUNT(*) as total FROM Comercial_AlertasMargenReglas WHERE {where_sql}""     count_result = execute_sql_query(*conn, count_query)     total = count_result[0].get('total', 0) if count_result else 0          # Obtener datos     data_query = f""""""     SELECT          CAST(ReglaMargenID AS NVARCHAR(36)) as regla_id,         NivelAplicacion as nivel_aplicacion,         GrupoCodigo as grupo_codigo, "
"/app/backend/modules/comercial/alertas_margen_repository.py","148","execute_sql_query","","            WHEN 'SUBFAMILIA' THEN 2             WHEN 'FAMILIA' THEN 3             WHEN 'GRUPO' THEN 4         END,         FechaCreacion DESC     OFFSET {offset} ROWS FETCH NEXT {page_size} ROWS ONLY     """"""          rows = execute_sql_query(*conn, data_query) or []          reglas = []     for row in rows:         reglas.append({             'regla_id': row.get('regla_id'),             'nivel_aplicacion': row.get('nivel_aplicacion'),             'grupo_codigo': row.get('grupo_codigo'),             'familia_codigo': row.get('familia_codigo'), "
"/app/backend/modules/comercial/alertas_margen_repository.py","225","execute_sql_query","","        FechaCreacion as fecha_creacion,         FechaModificacion as fecha_modificacion,         CreadoPor as creado_por,         ModificadoPor as modificado_por     FROM Comercial_AlertasMargenReglas     WHERE ReglaMargenID = '{regla_id}'     """"""          rows = execute_sql_query(*conn, query)     if not rows:         return None          row = rows[0]     return {         'regla_id': row.get('regla_id'),         'nivel_aplicacion': row.get('nivel_aplicacion'),         'grupo_codigo': row.get('grupo_codigo'), "
"/app/backend/modules/comercial/alertas_margen_repository.py","317","execute_sql_query","","        where_clauses.append(""SucursalID IS NULL"")          if excluir_regla_id:         where_clauses.append(f""ReglaMargenID != '{excluir_regla_id}'"")          where_sql = "" AND "".join(where_clauses)          query = f""SELECT COUNT(*) as cnt FROM Comercial_AlertasMargenReglas WHERE {where_sql}""     result = execute_sql_query(*conn, query)          return (result[0].get('cnt', 0) if result else 0) > 0   def crear_regla(     nivel_aplicacion: str,     entidad_codigo: str,     margen_esperado: float, "
"/app/backend/modules/comercial/alertas_margen_repository.py","421","execute_sql_query","","        1,         {fecha_inicio_sql},         {fecha_fin_sql},         GETDATE(),         '{creado_por_escaped}'     )     """"""          execute_sql_query(*conn, query)          logger.info(f""[ALERTAS_MARGEN] Regla creada: {regla_id} - {nivel_aplicacion}={entidad_codigo}"")          return obtener_regla_por_id(regla_id)   def actualizar_regla(     regla_id: str, "
"/app/backend/modules/comercial/alertas_margen_repository.py","486","execute_sql_query","","        set_clauses.append(f""Descripcion = N'{desc_escaped}'"")          if fecha_fin:         set_clauses.append(f""FechaFinVigencia = '{fecha_fin.strftime('%Y-%m-%d %H:%M:%S')}'"")          set_sql = "", "".join(set_clauses)          query = f""UPDATE Comercial_AlertasMargenReglas SET {set_sql} WHERE ReglaMargenID = '{regla_id}'""     execute_sql_query(*conn, query)          logger.info(f""[ALERTAS_MARGEN] Regla actualizada: {regla_id}"")          return obtener_regla_por_id(regla_id)   def desactivar_regla(regla_id: str, modificado_por: str = 'SISTEMA') -> bool:     """""" "
"/app/backend/modules/comercial/alertas_margen_repository.py","518","execute_sql_query","","         query = f""""""     UPDATE Comercial_AlertasMargenReglas      SET Activo = 0,          FechaModificacion = GETDATE(),         ModificadoPor = '{modificado_por.replace(chr(39), chr(39)+chr(39))}'     WHERE ReglaMargenID = '{regla_id}'     """"""     execute_sql_query(*conn, query)          logger.info(f""[ALERTAS_MARGEN] Regla desactivada: {regla_id}"")          return True   # ============================================================================= # RESOLUCIÓN DE REGLA APLICABLE (JERARQUÍA) "
"/app/backend/modules/comercial/alertas_margen_repository.py","618","execute_sql_query","","          AND {vigencia_sql}           AND {alcance_sql}         ORDER BY              CASE WHEN EmpresaID IS NOT NULL THEN 0 ELSE 1 END,             CASE WHEN SucursalID IS NOT NULL THEN 0 ELSE 1 END,             FechaCreacion DESC         """"""                  rows = execute_sql_query(*conn, query)                  if rows:             row = rows[0]             return {                 'regla': {                     'regla_id': row.get('regla_id'),                     'nivel_aplicacion': row.get('nivel_aplicacion'),                     'entidad_codigo': row.get('entidad_codigo'), "
"/app/backend/modules/comercial/alertas_margen_repository.py","675","execute_sql_query","","        ColorHex as color,         Activo as activo,         Orden as orden     FROM Comercial_AlertasUmbralesSeveridad     WHERE Activo = 1     ORDER BY Orden     """"""          rows = execute_sql_query(*conn, query) or []          return [         {             'umbral_id': row.get('umbral_id'),             'severidad': row.get('severidad'),             'puntos_desde': float(_safe_decimal(row.get('puntos_desde'))),             'puntos_hasta': float(_safe_decimal(row.get('puntos_hasta'))),             'incluir_utilidad_negativa': bool(row.get('incluir_utilidad_negativa')), "
"/app/backend/modules/comercial/alertas_margen_repository.py","752","execute_sql_query","","        SUM(CASE WHEN NivelAplicacion = 'GRUPO' AND Activo = 1 THEN 1 ELSE 0 END) as reglas_grupo,         SUM(CASE WHEN NivelAplicacion = 'FAMILIA' AND Activo = 1 THEN 1 ELSE 0 END) as reglas_familia,         SUM(CASE WHEN NivelAplicacion = 'SUBFAMILIA' AND Activo = 1 THEN 1 ELSE 0 END) as reglas_subfamilia,         SUM(CASE WHEN NivelAplicacion = 'PRODUCTO' AND Activo = 1 THEN 1 ELSE 0 END) as reglas_producto,         AVG(CASE WHEN Activo = 1 THEN MargenPorcentajeEsperado ELSE NULL END) as margen_promedio     FROM Comercial_AlertasMargenReglas     """"""          rows = execute_sql_query(*conn, query)          if not rows:         return {             'total_reglas': 0,             'reglas_activas': 0,             'por_nivel': {                 'GRUPO': 0,                 'FAMILIA': 0, "
"/app/backend/modules/comercial/repository.py","156","execute_sql_query","","    Retorna None si no se encuentra o si hay error de conexión.     """"""     try:         query = f""""""         SELECT * FROM Servidores_Conexiones         WHERE (id = '{server_id}' OR mongodb_id = '{server_id}')           AND activo = 1         """"""         results = execute_sql_query(             EDARSAHUB_CONFIG['host'],             EDARSAHUB_CONFIG['port'],             EDARSAHUB_CONFIG['database'],             EDARSAHUB_CONFIG['username'],             EDARSAHUB_CONFIG['password'],             query         )         if results: "
"/app/backend/modules/comercial/repository.py","186","execute_sql_query","","    try:         query = """"""         SELECT * FROM Servidores_Conexiones         WHERE activo = 1           AND (visible_en_operaciones = 1 OR visible_en_operaciones IS NULL)           AND (tipo_conexion = 'DATA_SOURCE' OR tipo_conexion IS NULL)         ORDER BY nombre         """"""         results = execute_sql_query(             EDARSAHUB_CONFIG['host'],             EDARSAHUB_CONFIG['port'],             EDARSAHUB_CONFIG['database'],             EDARSAHUB_CONFIG['username'],             EDARSAHUB_CONFIG['password'],             query         )         servers = [_sql_row_to_server_dict(row) for row in results] "
"/app/backend/modules/comercial/repository.py","202","get_server_by_id","","        servers = [_sql_row_to_server_dict(row) for row in results]         logging.info(f""[SQL] Obtenidos {len(servers)} servidores para tablero desde EDARSAHUB SQL"")         return servers     except Exception as e:         logging.warning(f""[SQL] Error obteniendo servidores desde SQL: {e}"")         return []   async def get_server_by_id(server_id: str) -> Optional[Dict]:     """"""     Obtiene un servidor activo por ID desde SQL Server.     MIGRACIÓN SQL-ONLY (Mayo 2026): MongoDB eliminado.     """"""     server = _get_server_by_id_sql(server_id)     if server:         return server     logging.debug(f""[SQL-ONLY] Servidor {server_id} no encontrado"") "
"/app/backend/modules/comercial/repository.py","306","execute_sql_query","","                 query = f""""""         SELECT TOP 1 nombre, codigo, system_type         FROM Unidades_Negocio         WHERE server_id = '{server_id}'           AND {suc_condition}           AND activo = 1         """"""         results = execute_sql_query(             EDARSAHUB_CONFIG['host'],             EDARSAHUB_CONFIG['port'],             EDARSAHUB_CONFIG['database'],             EDARSAHUB_CONFIG['username'],             EDARSAHUB_CONFIG['password'],             query         )         if results and results[0].get('nombre'): "
"/app/backend/modules/comercial/repository.py","384","execute_sql_query","","    FROM Comanda     WHERE MONTH(Cm_Fecha) = {mes}       AND YEAR(Cm_Fecha) = {anio}       AND Cm_Estado IN ('C', 'F')       {sucursal_filtro}     GROUP BY Sc_Cve_Sucursal     """"""          return execute_sql_query(         server['host'], server['port'], server['database'],         server['username'], server['password'], query     )   def query_ventas_softrestaurant(server: Dict, mes: int, anio: int) -> List[Dict]:     """"""     Obtiene ventas de SoftRestaurant para un mes/año específico. "
"/app/backend/modules/comercial/repository.py","413","execute_sql_query","","        UNION ALL         SELECT totalprecuenta, nopersonas          FROM tempcheques          WHERE MONTH(fecha) = {mes} AND YEAR(fecha) = {anio}           AND totalprecuenta > 0 AND cancelado = 0     ) AS ventas_unificadas     """"""          return execute_sql_query(         server['host'], server['port'], server['database'],         server['username'], server['password'], query     )   # ============================================================================ # QUERIES SQL - TICKET PERFECTO # ============================================================================ "
"/app/backend/modules/comercial/repository.py","448","execute_sql_query","","    INNER JOIN Producto P ON P.Pr_Cve_Producto = D.Pr_Cve_Producto     WHERE MONTH(C.Cm_Fecha) = {mes}       AND YEAR(C.Cm_Fecha) = {anio}       AND C.Cm_Estado IN ('C', 'F')       {sucursal_filtro}     GROUP BY C.Cm_Folio, C.Cm_Total, C.Cm_NumPersonas     """"""          return execute_sql_query(         server['host'], server['port'], server['database'],         server['username'], server['password'], query     )   # ============================================================================ # QUERIES SQL - METAS (MIGRADO A SQL - Mayo 2026) # ============================================================================ "
"/app/backend/modules/comercial/historical_kpis_repository.py","95","execute_sql_query","","    return asyncio.get_event_loop().run_until_complete(_get_edarsahub_credentials())   def _execute_edarsahub_query(query: str, credentials: Dict = None) -> List[Dict]:     """"""Ejecuta query en EDARSAHUB.""""""     if not credentials:         credentials = _get_edarsahub_credentials_sync()          return execute_sql_query(         credentials['host'],         credentials['port'],         credentials['database'],         credentials['username'],         credentials['password'],         query     )  "
"/app/backend/modules/comercial/services/impuestos_service.py","152","execute_sql_query","","            WHEN 'SUCURSAL' THEN 2             WHEN 'UNIDAD' THEN 3             WHEN 'FAMILIA' THEN 4             WHEN 'REGION' THEN 5             WHEN 'PAIS' THEN 6         END     """"""          override_result = execute_sql_query(*conn, override_query)          if override_result and len(override_result) > 0:         row = override_result[0]         tasa = float(row['TasaOverride']) if row['TasaOverride'] is not None else None                  if tasa is not None:             estado = EstadoFiscal.CONFIGURADO if tasa > 0 else EstadoFiscal.TASA_CERO_VALIDADA             return ResultadoResolucionImpuesto( "
"/app/backend/modules/comercial/services/impuestos_service.py","182","execute_sql_query","","        EstadoFiscal,         CAST(ImpuestoCanonicoID AS NVARCHAR(36)) as ImpuestoCanonicoID,         FuenteOrigen     FROM Comercial_ImpuestosMapeo     WHERE ServerID = '{server_id}'       AND CodigoProducto = '{codigo_producto}'     """"""          producto_result = execute_sql_query(*conn, producto_query)          if producto_result and len(producto_result) > 0:         row = producto_result[0]         tasa = float(row['TasaEfectiva']) if row['TasaEfectiva'] is not None else None         estado_str = row['EstadoFiscal']                  # Mapear estado         try: "
"/app/backend/modules/comercial/services/impuestos_service.py","225","execute_sql_query","","    sync_query = f""""""     SELECT TOP 1         TasaImpuesto     FROM Sync_Productos     WHERE ServerID = '{server_id}'       AND CodigoFuente = '{codigo_producto}'     """"""          sync_result = execute_sql_query(*conn, sync_query)          if sync_result and len(sync_result) > 0:         tasa_raw = sync_result[0]['TasaImpuesto']                  if tasa_raw is None or tasa_raw == -1:             return ResultadoResolucionImpuesto(                 tasa=None,                 estado_fiscal=EstadoFiscal.NO_CONFIGURADO, "
"/app/backend/modules/comercial/services/impuestos_service.py","286","execute_sql_query","","        ic.Nombre as ImpuestoCanonicoNombre,         ic.TipoImpuesto     FROM Comercial_ImpuestosMapeo m     LEFT JOIN Comercial_ImpuestosCatalogo ic ON m.ImpuestoCanonicoID = ic.ImpuestoID     WHERE m.ServerID = '{server_id}'       AND m.CodigoProducto = '{codigo_producto}'     """"""          result = execute_sql_query(*conn, query)          if result and len(result) > 0:         row = result[0]         return {             'encontrado': True,             'codigo_producto': row['CodigoProducto'],             'nombre_producto': row['NombreProducto'],             'system_type': row['SystemType'], "
"/app/backend/modules/comercial/services/impuestos_service.py","339","execute_sql_query","","        sc.nombre as ServidorNombre,         m.FechaSincronizacion     FROM Comercial_ImpuestosMapeo m     JOIN Servidores_Conexiones sc ON m.ServerID = sc.id     {where_clause}     ORDER BY sc.nombre, m.NombreProducto     """"""          result = execute_sql_query(*conn, query)          return [         {             'codigo_producto': r['CodigoProducto'],             'nombre_producto': r['NombreProducto'],             'system_type': r['SystemType'],             'server_id': r['ServerID'],             'servidor_nombre': r['ServidorNombre'], "
"/app/backend/modules/comercial/services/listas_competidores_service.py","103","execute_sql_query","","        -- Constraint único: no duplicar competidor activo en la misma lista         CREATE UNIQUE INDEX UQ_ListaCompetidor_Activo              ON Comercial_CompetidoresListasDetalle(ListaCompetidoresID, CompetidorID)              WHERE Activo = 1;     END     """"""          try:         execute_sql_query(*conn, ddl_listas)         execute_sql_query(*conn, ddl_detalle)         logger.info(""[LISTAS-COMP] Tablas de listas de competidores verificadas/creadas"")         return True     except Exception as e:         logger.error(f""[LISTAS-COMP] Error creando tablas: {e}"")         return False   "
"/app/backend/modules/comercial/services/listas_competidores_service.py","104","execute_sql_query","","        CREATE UNIQUE INDEX UQ_ListaCompetidor_Activo              ON Comercial_CompetidoresListasDetalle(ListaCompetidoresID, CompetidorID)              WHERE Activo = 1;     END     """"""          try:         execute_sql_query(*conn, ddl_listas)         execute_sql_query(*conn, ddl_detalle)         logger.info(""[LISTAS-COMP] Tablas de listas de competidores verificadas/creadas"")         return True     except Exception as e:         logger.error(f""[LISTAS-COMP] Error creando tablas: {e}"")         return False   # Inicializar tablas al importar el módulo "
"/app/backend/modules/comercial/services/listas_competidores_service.py","175","execute_sql_query","","    # Query de conteo total     count_query = f""""""     SELECT COUNT(*) as total     FROM Comercial_CompetidoresListas l     WHERE {where_clause}     """"""          try:         result = execute_sql_query(*conn, query)         count_result = execute_sql_query(*conn, count_query)         total = count_result[0]['total'] if count_result else 0                  listas = []         for row in result:             # Manejar fechas que pueden ser datetime o string             fecha_creacion = row.get('FechaCreacion')             if fecha_creacion and hasattr(fecha_creacion, 'isoformat'): "
"/app/backend/modules/comercial/services/listas_competidores_service.py","176","execute_sql_query","","    count_query = f""""""     SELECT COUNT(*) as total     FROM Comercial_CompetidoresListas l     WHERE {where_clause}     """"""          try:         result = execute_sql_query(*conn, query)         count_result = execute_sql_query(*conn, count_query)         total = count_result[0]['total'] if count_result else 0                  listas = []         for row in result:             # Manejar fechas que pueden ser datetime o string             fecha_creacion = row.get('FechaCreacion')             if fecha_creacion and hasattr(fecha_creacion, 'isoformat'):                 fecha_creacion = fecha_creacion.isoformat() "
"/app/backend/modules/comercial/services/listas_competidores_service.py","256","execute_sql_query","","        {f""N'{color}'"" if color else 'NULL'},         1,         GETDATE(),         N'{usuario}'     )     """"""          try:         execute_sql_query(*conn, query)         logger.info(f""[LISTAS-COMP] Lista creada: {nombre_lista} ({lista_id})"")                  return {             'lista_id': lista_id,             'nombre_lista': nombre_lista,             'descripcion': descripcion,             'empresa_id': empresa_id,             'unidad_negocio_id': unidad_negocio_id, "
"/app/backend/modules/comercial/services/listas_competidores_service.py","314","execute_sql_query","","         query = f""""""     UPDATE Comercial_CompetidoresListas     SET {', '.join(updates)}     WHERE ListaCompetidoresID = '{lista_id}'     """"""          try:         execute_sql_query(*conn, query)         logger.info(f""[LISTAS-COMP] Lista actualizada: {lista_id}"")         return obtener_lista_competidores(lista_id)              except Exception as e:         logger.error(f""[LISTAS-COMP] Error actualizando lista: {e}"")         raise   "
"/app/backend/modules/comercial/services/listas_competidores_service.py","336","execute_sql_query","","         query = f""""""     UPDATE Comercial_CompetidoresListas     SET Activo = 0, FechaModificacion = GETDATE(), ModificadoPor = N'{usuario}'     WHERE ListaCompetidoresID = '{lista_id}'     """"""          try:         execute_sql_query(*conn, query)         logger.info(f""[LISTAS-COMP] Lista desactivada: {lista_id}"")         return True     except Exception as e:         logger.error(f""[LISTAS-COMP] Error desactivando lista: {e}"")         return False   def obtener_lista_competidores(lista_id: str) -> Optional[Dict[str, Any]]: "
"/app/backend/modules/comercial/services/listas_competidores_service.py","372","execute_sql_query","","        l.ModificadoPor,         (SELECT COUNT(*) FROM Comercial_CompetidoresListasDetalle d           WHERE d.ListaCompetidoresID = l.ListaCompetidoresID AND d.Activo = 1) as TotalCompetidores     FROM Comercial_CompetidoresListas l     WHERE l.ListaCompetidoresID = '{lista_id}'     """"""          try:         result = execute_sql_query(*conn, query)         if not result:             return None                  row = result[0]                  # Manejar fechas que pueden ser datetime o string         fecha_creacion = row.get('FechaCreacion')         if fecha_creacion and hasattr(fecha_creacion, 'isoformat'): "
"/app/backend/modules/comercial/services/listas_competidores_service.py","445","execute_sql_query","","    INNER JOIN Comercial_Competidores c ON d.CompetidorID = c.CompetidorID     WHERE d.ListaCompetidoresID = '{lista_id}'     {filtro_activo}     AND c.Activo = 1     ORDER BY d.Orden, c.NombreCompetidor     """"""          try:         result = execute_sql_query(*conn, query)                  competidores = []         for row in result:             # Manejar fecha que puede ser datetime o string             fecha_agregado = row.get('FechaCreacion')             if fecha_agregado and hasattr(fecha_agregado, 'isoformat'):                 fecha_agregado = fecha_agregado.isoformat()              "
"/app/backend/modules/comercial/services/listas_competidores_service.py","498","execute_sql_query","","    # Verificar si ya existe (activo o inactivo)     check_query = f""""""     SELECT ListaDetalleID, Activo      FROM Comercial_CompetidoresListasDetalle     WHERE ListaCompetidoresID = '{lista_id}' AND CompetidorID = '{competidor_id}'     """"""          try:         existing = execute_sql_query(*conn, check_query)                  if existing:             # Si ya existe y está activo, error             if existing[0]['Activo']:                 raise ValueError(""El competidor ya está en esta lista"")                          # Si existe pero está inactivo, reactivar             reactivate_query = f"""""" "
"/app/backend/modules/comercial/services/listas_competidores_service.py","513","execute_sql_query","","            # Si existe pero está inactivo, reactivar             reactivate_query = f""""""             UPDATE Comercial_CompetidoresListasDetalle             SET Activo = 1, Orden = {orden},                  Notas = {f""N'{notas.replace(chr(39), chr(39)+chr(39))}'"" if notas else 'NULL'},                 FechaModificacion = GETDATE(), ModificadoPor = N'{usuario}'             WHERE ListaDetalleID = '{existing[0]['ListaDetalleID']}'             """"""             execute_sql_query(*conn, reactivate_query)             detalle_id = str(existing[0]['ListaDetalleID'])             logger.info(f""[LISTAS-COMP] Competidor reactivado en lista: {competidor_id} -> {lista_id}"")         else:             # Insertar nuevo             insert_query = f""""""             INSERT INTO Comercial_CompetidoresListasDetalle (                 ListaDetalleID, ListaCompetidoresID, CompetidorID,                 Orden, Notas, Activo, FechaCreacion, CreadoPor "
"/app/backend/modules/comercial/services/listas_competidores_service.py","533","execute_sql_query","","                '{competidor_id}',                 {orden},                 {f""N'{notas.replace(chr(39), chr(39)+chr(39))}'"" if notas else 'NULL'},                 1,                 GETDATE(),                 N'{usuario}'             )             """"""             execute_sql_query(*conn, insert_query)             logger.info(f""[LISTAS-COMP] Competidor agregado a lista: {competidor_id} -> {lista_id}"")                  return {             'detalle_id': detalle_id,             'lista_id': lista_id,             'competidor_id': competidor_id,             'orden': orden,             'notas': notas, "
"/app/backend/modules/comercial/services/listas_competidores_service.py","563","execute_sql_query","","         query = f""""""     UPDATE Comercial_CompetidoresListasDetalle     SET Activo = 0, FechaModificacion = GETDATE(), ModificadoPor = N'{usuario}'     WHERE ListaCompetidoresID = '{lista_id}' AND CompetidorID = '{competidor_id}'     """"""          try:         execute_sql_query(*conn, query)         logger.info(f""[LISTAS-COMP] Competidor quitado de lista: {competidor_id} <- {lista_id}"")         return True     except Exception as e:         logger.error(f""[LISTAS-COMP] Error quitando competidor de lista: {e}"")         return False   def obtener_ids_competidores_de_lista(lista_id: str) -> List[str]: "
"/app/backend/modules/comercial/services/listas_competidores_service.py","584","execute_sql_query","","         query = f""""""     SELECT CompetidorID     FROM Comercial_CompetidoresListasDetalle     WHERE ListaCompetidoresID = '{lista_id}' AND Activo = 1     """"""          try:         result = execute_sql_query(*conn, query)         return [str(row['CompetidorID']) for row in result]     except Exception as e:         logger.error(f""[LISTAS-COMP] Error obteniendo IDs de lista: {e}"")         return []   def obtener_listas_de_competidor(competidor_id: str) -> List[Dict[str, Any]]:     """""" "
"/app/backend/modules/comercial/services/listas_competidores_service.py","612","execute_sql_query","","    INNER JOIN Comercial_CompetidoresListas l ON d.ListaCompetidoresID = l.ListaCompetidoresID     WHERE d.CompetidorID = '{competidor_id}'     AND d.Activo = 1     AND l.Activo = 1     ORDER BY l.NombreLista     """"""          try:         result = execute_sql_query(*conn, query)         listas = []         for row in result:             fecha_agregado = row.get('FechaAgregado')             if fecha_agregado and hasattr(fecha_agregado, 'isoformat'):                 fecha_agregado = fecha_agregado.isoformat()                          listas.append({                 'lista_id': str(row['ListaCompetidoresID']), "
"/app/backend/modules/comercial/services/competidores_service.py","155","execute_sql_query","","    where_sql = f""WHERE {' AND '.join(where_clauses)}"" if where_clauses else """"          # Contar total     count_query = f""""""     SELECT COUNT(*) as total     FROM Comercial_Competidores c     {where_sql}     """"""     count_result = execute_sql_query(*conn, count_query)     total = count_result[0]['total'] if count_result else 0          # Obtener página con conteo de menu items     offset = (page - 1) * page_size     query = f""""""     SELECT          CAST(c.CompetidorID AS NVARCHAR(36)) as CompetidorID,         c.EmpresaID, "
"/app/backend/modules/comercial/services/competidores_service.py","202","execute_sql_query","","        WHERE Activo = 1         GROUP BY CompetidorID     ) mi ON c.CompetidorID = mi.CompetidorID     {where_sql}     ORDER BY c.Prioridad DESC, c.NombreCompetidor     OFFSET {offset} ROWS FETCH NEXT {page_size} ROWS ONLY     """"""          result = execute_sql_query(*conn, query)          competidores = [_row_to_competidor(row) for row in (result or [])]          return competidores, total   def obtener_competidor_por_id(competidor_id: str) -> Optional[CompetidorResponse]:     """""" "
"/app/backend/modules/comercial/services/competidores_service.py","255","execute_sql_query","","        SELECT CompetidorID, COUNT(*) as TotalItems         FROM Comercial_CompetidoresMenuItems         WHERE Activo = 1         GROUP BY CompetidorID     ) mi ON c.CompetidorID = mi.CompetidorID     WHERE c.CompetidorID = '{competidor_id}'     """"""          result = execute_sql_query(*conn, query)          if result and len(result) > 0:         return _row_to_competidor(result[0])          return None   def crear_competidor(data: CompetidorCreate, usuario: str) -> CompetidorResponse: "
"/app/backend/modules/comercial/services/competidores_service.py","345","execute_sql_query","","        {distancia_sql},         {data.prioridad},         1,         GETDATE(),         N'{usuario}'     )     """"""          execute_sql_query(*conn, insert_query)     logger.info(f""[COMPETIDOR] Creado {competidor_id}: {data.nombre_competidor} por {usuario}"")          return obtener_competidor_por_id(competidor_id)   def actualizar_competidor(     competidor_id: str,     data: CompetidorUpdate, "
"/app/backend/modules/comercial/services/competidores_service.py","423","execute_sql_query","","    set_sql = "", "".join(set_clauses)          update_query = f""""""     UPDATE Comercial_Competidores     SET {set_sql}     WHERE CompetidorID = '{competidor_id}'     """"""          execute_sql_query(*conn, update_query)     logger.info(f""[COMPETIDOR] Actualizado {competidor_id} por {usuario}"")          return obtener_competidor_por_id(competidor_id)   def inactivar_competidor(competidor_id: str, usuario: str) -> bool:     """"""     Inactiva un competidor (baja lógica). "
"/app/backend/modules/comercial/services/competidores_service.py","442","execute_sql_query","","    conn = _get_conn()          # Inactivar menu items     update_items_query = f""""""     UPDATE Comercial_CompetidoresMenuItems     SET Activo = 0     WHERE CompetidorID = '{competidor_id}'     """"""     execute_sql_query(*conn, update_items_query)          # Inactivar competidor     update_query = f""""""     UPDATE Comercial_Competidores     SET Activo = 0,         FechaModificacion = GETDATE(),         UsuarioModificacion = N'{usuario}'     WHERE CompetidorID = '{competidor_id}' "
"/app/backend/modules/comercial/services/competidores_service.py","453","execute_sql_query","","    update_query = f""""""     UPDATE Comercial_Competidores     SET Activo = 0,         FechaModificacion = GETDATE(),         UsuarioModificacion = N'{usuario}'     WHERE CompetidorID = '{competidor_id}'     """"""          execute_sql_query(*conn, update_query)     logger.info(f""[COMPETIDOR] Inactivado {competidor_id} por {usuario}"")          return True   # ============================================================================= # CRUD MENU ITEMS # ============================================================================= "
"/app/backend/modules/comercial/services/competidores_service.py","489","execute_sql_query","","    where_sql = f""WHERE {' AND '.join(where_clauses)}""          # Contar total     count_query = f""""""     SELECT COUNT(*) as total     FROM Comercial_CompetidoresMenuItems mi     {where_sql}     """"""     count_result = execute_sql_query(*conn, count_query)     total = count_result[0]['total'] if count_result else 0          # Obtener página     offset = (page - 1) * page_size     query = f""""""     SELECT          CAST(mi.CompetidorMenuItemID AS NVARCHAR(36)) as CompetidorMenuItemID,         CAST(mi.CompetidorID AS NVARCHAR(36)) as CompetidorID, "
"/app/backend/modules/comercial/services/competidores_service.py","521","execute_sql_query","","        c.NombreCompetidor     FROM Comercial_CompetidoresMenuItems mi     JOIN Comercial_Competidores c ON mi.CompetidorID = c.CompetidorID     {where_sql}     ORDER BY mi.CategoriaCompetidor, mi.NombreProductoCompetidor     OFFSET {offset} ROWS FETCH NEXT {page_size} ROWS ONLY     """"""          result = execute_sql_query(*conn, query)          items = [_row_to_menu_item(row) for row in (result or [])]          return items, total   def obtener_menu_item_por_id(menu_item_id: str) -> Optional[CompetidorMenuItemResponse]:     """""" "
"/app/backend/modules/comercial/services/competidores_service.py","559","execute_sql_query","","        mi.FechaCreacion,         mi.UsuarioCreacion,         c.NombreCompetidor     FROM Comercial_CompetidoresMenuItems mi     JOIN Comercial_Competidores c ON mi.CompetidorID = c.CompetidorID     WHERE mi.CompetidorMenuItemID = '{menu_item_id}'     """"""          result = execute_sql_query(*conn, query)          if result and len(result) > 0:         return _row_to_menu_item(result[0])          return None   def crear_menu_item(data: CompetidorMenuItemCreate, usuario: str) -> CompetidorMenuItemResponse: "
"/app/backend/modules/comercial/services/competidores_service.py","622","execute_sql_query","","        {1 if data.es_dato_ia else 0},         1,         {payload_sql},         GETDATE(),         N'{usuario}'     )     """"""          execute_sql_query(*conn, insert_query)     logger.info(f""[MENU-ITEM] Creado {menu_item_id}: {data.nombre_producto_competidor} por {usuario}"")          return obtener_menu_item_por_id(menu_item_id)   def actualizar_menu_item(     menu_item_id: str,     data: CompetidorMenuItemUpdate, "
"/app/backend/modules/comercial/services/competidores_service.py","681","execute_sql_query","","    set_sql = "", "".join(set_clauses)          update_query = f""""""     UPDATE Comercial_CompetidoresMenuItems     SET {set_sql}     WHERE CompetidorMenuItemID = '{menu_item_id}'     """"""          execute_sql_query(*conn, update_query)     logger.info(f""[MENU-ITEM] Actualizado {menu_item_id} por {usuario}"")          return obtener_menu_item_por_id(menu_item_id)   def inactivar_menu_item(menu_item_id: str, usuario: str) -> bool:     """"""     Inactiva un menu item (baja lógica). "
"/app/backend/modules/comercial/services/competidores_service.py","699","execute_sql_query","","    conn = _get_conn()          update_query = f""""""     UPDATE Comercial_CompetidoresMenuItems     SET Activo = 0     WHERE CompetidorMenuItemID = '{menu_item_id}'     """"""          execute_sql_query(*conn, update_query)     logger.info(f""[MENU-ITEM] Inactivado {menu_item_id} por {usuario}"")          return True   # ============================================================================= # HELPERS # ============================================================================= "
"/app/backend/modules/comercial/services/competidores_service.py","725","execute_sql_query","","        COUNT(*) as total_competidores,         SUM(CASE WHEN EsCompetenciaDirecta = 1 THEN 1 ELSE 0 END) as directos,         SUM(CASE WHEN EsBenchmarkAspiracional = 1 THEN 1 ELSE 0 END) as aspiracionales     FROM Comercial_Competidores     WHERE UnidadNegocioID = {unidad_negocio_id}       AND Activo = 1     """"""          result = execute_sql_query(*conn, query)          if result and len(result) > 0:         row = result[0]         return {             'total_competidores': row.get('total_competidores', 0) or 0,             'directos': row.get('directos', 0) or 0,             'aspiracionales': row.get('aspiracionales', 0) or 0         } "
"/app/backend/modules/comercial/services/competidores_service.py","760","execute_sql_query","","        MAX(mi.FechaCreacion) as ultima_captura     FROM Comercial_CompetidoresMenuItems mi     JOIN Comercial_Competidores c ON mi.CompetidorID = c.CompetidorID     WHERE c.UnidadNegocioID = {unidad_negocio_id}       AND mi.Activo = 1       AND c.Activo = 1     """"""          result = execute_sql_query(*conn, query)          if result and len(result) > 0:         row = result[0]         return {             'total_items': row.get('total_items', 0) or 0,             'alta_confianza': row.get('alta_confianza', 0) or 0,             'media_confianza': row.get('media_confianza', 0) or 0,             'baja_confianza': row.get('baja_confianza', 0) or 0, "
"/app/backend/modules/comercial/services/competidores_enterprise_service.py","116","execute_sql_query","","        {sql_str(url_opentable)},         {sql_str(notas)},         1,         GETDATE(),         N'{usuario}'     )     """"""          execute_sql_query(*conn, query)     logger.info(f""[COMPETIDOR_CATALOGO] Creado {competidor_id}: {nombre_competidor}"")          return {         ""competidor_catalogo_id"": competidor_id,         ""nombre_competidor"": nombre_competidor,         ""mensaje"": ""Competidor creado en catálogo maestro. Usar /relacionar para asignarlo a unidades.""     }  "
"/app/backend/modules/comercial/services/competidores_enterprise_service.py","151","execute_sql_query","","        where_clauses.append(f""NombreCompetidor LIKE N'%{nombre}%'"")     if ciudad:         where_clauses.append(f""Ciudad LIKE N'%{ciudad}%'"")          where_sql = ""WHERE "" + "" AND "".join(where_clauses) if where_clauses else """"          # Contar total     count_query = f""SELECT COUNT(*) as total FROM Comercial_CompetidoresCatalogo {where_sql}""     count_result = execute_sql_query(*conn, count_query)     total = count_result[0]['total'] if count_result else 0          # Obtener página     offset = (page - 1) * page_size     query = f""""""     SELECT          CAST(CompetidorCatalogoID AS NVARCHAR(36)) as CompetidorCatalogoID,         NombreCompetidor, "
"/app/backend/modules/comercial/services/competidores_enterprise_service.py","181","execute_sql_query","","        Activo,         FechaCreacion     FROM Comercial_CompetidoresCatalogo     {where_sql}     ORDER BY NombreCompetidor     OFFSET {offset} ROWS FETCH NEXT {page_size} ROWS ONLY     """"""          result = execute_sql_query(*conn, query)          competidores = []     for row in result:         competidores.append({             ""competidor_catalogo_id"": row.get('CompetidorCatalogoID'),             ""nombre_competidor"": row.get('NombreCompetidor'),             ""tipo_restaurante"": row.get('TipoRestaurante'),             ""segmento_precio"": row.get('SegmentoPrecio'), "
"/app/backend/modules/comercial/services/competidores_enterprise_service.py","232","execute_sql_query","","    """"""     conn = _get_conn()          # Verificar que el competidor existe en el catálogo     check_query = f""""""     SELECT NombreCompetidor FROM Comercial_CompetidoresCatalogo      WHERE CompetidorCatalogoID = '{competidor_catalogo_id}' AND Activo = 1     """"""     check_result = execute_sql_query(*conn, check_query)     if not check_result:         return {""error"": ""COMPETIDOR_NO_EXISTE"", ""mensaje"": ""El competidor no existe en el catálogo""}          nombre_competidor = check_result[0]['NombreCompetidor']          # Verificar si ya existe la relación     existe_query = f""""""     SELECT CompetidorUnidadID FROM Comercial_CompetidoresUnidad "
"/app/backend/modules/comercial/services/competidores_enterprise_service.py","245","execute_sql_query","","         # Verificar si ya existe la relación     existe_query = f""""""     SELECT CompetidorUnidadID FROM Comercial_CompetidoresUnidad     WHERE CompetidorCatalogoID = '{competidor_catalogo_id}'        AND UnidadNegocioID = {unidad_negocio_id}       AND Activo = 1     """"""     existe_result = execute_sql_query(*conn, existe_query)     if existe_result:         return {             ""error"": ""RELACION_DUPLICADA"",             ""mensaje"": f""El competidor '{nombre_competidor}' ya está relacionado con la unidad {unidad_negocio_id}""         }          # Determinar tipo de relación     tipo_relacion = ""BENCHMARK_ASPIRACIONAL"" if es_benchmark_aspiracional else ""COMPETENCIA_DIRECTA"" "
"/app/backend/modules/comercial/services/competidores_enterprise_service.py","292","execute_sql_query","","        {distancia_sql},         {comentarios_sql},         1,         GETDATE(),         N'{usuario}'     )     """"""          execute_sql_query(*conn, insert_query)     logger.info(f""[COMPETIDOR_UNIDAD] Relacionado {nombre_competidor} -> Unidad {unidad_negocio_id}"")          return {         ""competidor_unidad_id"": relacion_id,         ""competidor_catalogo_id"": competidor_catalogo_id,         ""nombre_competidor"": nombre_competidor,         ""unidad_negocio_id"": unidad_negocio_id,         ""tipo_relacion"": tipo_relacion, "
"/app/backend/modules/comercial/services/competidores_enterprise_service.py","326","execute_sql_query","","    SET Activo = 0,         FechaModificacion = GETDATE(),         UsuarioModificacion = N'{usuario}'     WHERE CompetidorCatalogoID = '{competidor_catalogo_id}'       AND UnidadNegocioID = {unidad_negocio_id}       AND Activo = 1     """"""          execute_sql_query(*conn, update_query)     logger.info(f""[COMPETIDOR_UNIDAD] Desrelacionado {competidor_catalogo_id} de Unidad {unidad_negocio_id}"")          return {         ""mensaje"": f""Competidor desrelacionado de unidad {unidad_negocio_id}"",         ""competidor_catalogo_id"": competidor_catalogo_id,         ""unidad_negocio_id"": unidad_negocio_id     }  "
"/app/backend/modules/comercial/services/competidores_enterprise_service.py","372","execute_sql_query","","        where_clauses.append(""EsCompetenciaDirecta = 1"")     if solo_benchmark:         where_clauses.append(""EsBenchmarkAspiracional = 1"")          where_sql = ""WHERE "" + "" AND "".join(where_clauses)          # Contar total     count_query = f""SELECT COUNT(*) as total FROM vw_CompetidoresPorUnidad {where_sql}""     count_result = execute_sql_query(*conn, count_query)     total = count_result[0]['total'] if count_result else 0          # Obtener página     offset = (page - 1) * page_size     query = f""""""     SELECT          CAST(CompetidorUnidadID AS NVARCHAR(36)) as CompetidorUnidadID,         CAST(CompetidorCatalogoID AS NVARCHAR(36)) as CompetidorCatalogoID, "
"/app/backend/modules/comercial/services/competidores_enterprise_service.py","411","execute_sql_query","","        Comentarios,         Activo     FROM vw_CompetidoresPorUnidad     {where_sql}     ORDER BY Prioridad DESC, NombreCompetidor     OFFSET {offset} ROWS FETCH NEXT {page_size} ROWS ONLY     """"""          result = execute_sql_query(*conn, query)          competidores = []     for row in result:         competidores.append({             ""competidor_unidad_id"": row.get('CompetidorUnidadID'),             ""competidor_catalogo_id"": row.get('CompetidorCatalogoID'),             ""empresa_id"": row.get('EmpresaID'),             ""unidad_negocio_id"": row.get('UnidadNegocioID'), "
"/app/backend/modules/comercial/services/competidores_enterprise_service.py","493","execute_sql_query","","        DistanciaKm,         Comentarios,         Activo     FROM vw_CompetidoresPorUnidad     WHERE CompetidorCatalogoID = '{competidor_catalogo_id}'       AND UnidadNegocioID = {unidad_negocio_id}     """"""          result = execute_sql_query(*conn, query)          if not result:         return None          row = result[0]     return {         ""competidor_unidad_id"": row.get('CompetidorUnidadID'),         ""competidor_catalogo_id"": row.get('CompetidorCatalogoID'), "
"/app/backend/modules/comercial/services/competidores_enterprise_service.py","542","execute_sql_query","","    FROM Comercial_CompetidoresUnidad cu     INNER JOIN Comercial_CompetidoresCatalogo cc          ON cu.CompetidorCatalogoID = cc.CompetidorCatalogoID     WHERE cu.CompetidorCatalogoID = '{competidor_catalogo_id}'       AND cu.Activo = 1     ORDER BY cu.Prioridad DESC     """"""          result = execute_sql_query(*conn, query)          unidades = []     for row in result:         unidades.append({             ""unidad_negocio_id"": row.get('UnidadNegocioID'),             ""empresa_id"": row.get('EmpresaID'),             ""tipo_relacion"": row.get('TipoRelacion'),             ""prioridad"": row.get('Prioridad'), "
"/app/backend/modules/comercial/services/competidores_enterprise_service.py","580","execute_sql_query","","        SUM(CASE WHEN EsBenchmarkAspiracional = 1 THEN 1 ELSE 0 END) as benchmark_aspiracional,         COUNT(DISTINCT SegmentoPrecio) as segmentos_precio,         AVG(CAST(DistanciaKm AS FLOAT)) as distancia_promedio_km     FROM vw_CompetidoresPorUnidad     WHERE UnidadNegocioID = {unidad_negocio_id}       AND Activo = 1     """"""          result = execute_sql_query(*conn, query)          if not result:         return {             ""unidad_negocio_id"": unidad_negocio_id,             ""total_competidores"": 0,             ""competencia_directa"": 0,             ""benchmark_aspiracional"": 0         } "
"/app/backend/modules/comercial/services/competidores_enterprise_service.py","635","execute_sql_query","","    conn = _get_conn()          if es_superadmin:         query = ""SELECT DISTINCT UnidadNegocioID FROM Comercial_CompetidoresUnidad WHERE Activo = 1""     else:         # TODO: Consultar tabla de permisos usuario-unidad         query = ""SELECT DISTINCT UnidadNegocioID FROM Comercial_CompetidoresUnidad WHERE Activo = 1""          result = execute_sql_query(*conn, query)     return [row['UnidadNegocioID'] for row in result] "
"/app/backend/modules/comercial/services/benchmark_service.py","121","execute_sql_query","","    where_sql = f""WHERE {' AND '.join(where_clauses)}"" if where_clauses else """"          # Contar total     count_query = f""""""     SELECT COUNT(*) as total     FROM Comercial_PricingBenchmarkProducto b     {where_sql}     """"""     count_result = execute_sql_query(*conn, count_query)     total = count_result[0]['total'] if count_result else 0          # Obtener página con info de competidor     offset = (page - 1) * page_size     query = f""""""     SELECT          CAST(b.BenchmarkProductoID AS NVARCHAR(36)) as BenchmarkProductoID,         b.EmpresaID, "
"/app/backend/modules/comercial/services/benchmark_service.py","158","execute_sql_query","","    FROM Comercial_PricingBenchmarkProducto b     LEFT JOIN Comercial_Competidores c ON b.CompetidorID = c.CompetidorID     LEFT JOIN Comercial_CompetidoresMenuItems mi ON b.CompetidorMenuItemID = mi.CompetidorMenuItemID     {where_sql}     ORDER BY b.CodigoProducto, c.NombreCompetidor     OFFSET {offset} ROWS FETCH NEXT {page_size} ROWS ONLY     """"""          result = execute_sql_query(*conn, query)          benchmarks = [_row_to_benchmark(row) for row in (result or [])]          return benchmarks, total   def obtener_benchmark_por_id(benchmark_id: str) -> Optional[PricingBenchmarkProductoResponse]:     """""" "
"/app/backend/modules/comercial/services/benchmark_service.py","201","execute_sql_query","","        mi.NombreProductoCompetidor,         mi.Precio as PrecioCompetidor     FROM Comercial_PricingBenchmarkProducto b     LEFT JOIN Comercial_Competidores c ON b.CompetidorID = c.CompetidorID     LEFT JOIN Comercial_CompetidoresMenuItems mi ON b.CompetidorMenuItemID = mi.CompetidorMenuItemID     WHERE b.BenchmarkProductoID = '{benchmark_id}'     """"""          result = execute_sql_query(*conn, query)          if result and len(result) > 0:         return _row_to_benchmark(result[0])          return None   def obtener_benchmarks_producto( "
"/app/backend/modules/comercial/services/benchmark_service.py","251","execute_sql_query","","    LEFT JOIN Comercial_Competidores c ON b.CompetidorID = c.CompetidorID     LEFT JOIN Comercial_CompetidoresMenuItems mi ON b.CompetidorMenuItemID = mi.CompetidorMenuItemID     WHERE b.CodigoProducto = '{codigo_producto}'       AND b.ServerID = '{server_id}'       AND b.Activo = 1     ORDER BY c.NombreCompetidor     """"""          result = execute_sql_query(*conn, query)          return [_row_to_benchmark(row) for row in (result or [])]   def crear_benchmark(data: PricingBenchmarkProductoCreate, usuario: str) -> PricingBenchmarkProductoResponse:     """"""     Crea un nuevo mapeo de benchmark.     """""" "
"/app/backend/modules/comercial/services/benchmark_service.py","304","execute_sql_query","","        {comentario_sql},         0,         1,         GETDATE(),         N'{usuario}'     )     """"""          execute_sql_query(*conn, insert_query)     logger.info(f""[BENCHMARK] Creado {benchmark_id} para producto {data.codigo_producto} por {usuario}"")          return obtener_benchmark_por_id(benchmark_id)   def actualizar_benchmark(     benchmark_id: str,     data: PricingBenchmarkProductoUpdate, "
"/app/backend/modules/comercial/services/benchmark_service.py","352","execute_sql_query","","    set_sql = "", "".join(set_clauses)          update_query = f""""""     UPDATE Comercial_PricingBenchmarkProducto     SET {set_sql}     WHERE BenchmarkProductoID = '{benchmark_id}'     """"""          execute_sql_query(*conn, update_query)     logger.info(f""[BENCHMARK] Actualizado {benchmark_id} por {usuario}"")          return obtener_benchmark_por_id(benchmark_id)   def validar_benchmark(benchmark_id: str, usuario: str) -> Optional[PricingBenchmarkProductoResponse]:     """"""     Marca un benchmark como validado por un usuario. "
"/app/backend/modules/comercial/services/benchmark_service.py","374","execute_sql_query","","    SET ValidadoPorUsuario = 1,         UsuarioValidacion = N'{usuario}',         FechaValidacion = GETDATE(),         FechaModificacion = GETDATE(),         UsuarioModificacion = N'{usuario}'     WHERE BenchmarkProductoID = '{benchmark_id}'     """"""          execute_sql_query(*conn, update_query)     logger.info(f""[BENCHMARK] Validado {benchmark_id} por {usuario}"")          return obtener_benchmark_por_id(benchmark_id)   def inactivar_benchmark(benchmark_id: str, usuario: str) -> bool:     """"""     Inactiva un benchmark (baja lógica). "
"/app/backend/modules/comercial/services/benchmark_service.py","394","execute_sql_query","","    update_query = f""""""     UPDATE Comercial_PricingBenchmarkProducto     SET Activo = 0,         FechaModificacion = GETDATE(),         UsuarioModificacion = N'{usuario}'     WHERE BenchmarkProductoID = '{benchmark_id}'     """"""          execute_sql_query(*conn, update_query)     logger.info(f""[BENCHMARK] Inactivado {benchmark_id} por {usuario}"")          return True   # ============================================================================= # RESUMEN Y ESTADO DE PREPARACIÓN # ============================================================================= "
"/app/backend/modules/comercial/services/benchmark_service.py","430","execute_sql_query","","        COUNT(*) as total_mapeos,         SUM(CASE WHEN b.ValidadoPorUsuario = 1 THEN 1 ELSE 0 END) as mapeos_validados,         MAX(b.FechaModificacion) as ultima_actualizacion     FROM Comercial_PricingBenchmarkProducto b     WHERE b.UnidadNegocioID = {unidad_negocio_id}       AND b.Activo = 1     """"""          result_benchmark = execute_sql_query(*conn, query_benchmark)          productos_con_benchmark = 0     fecha_actualizacion = None          if result_benchmark and len(result_benchmark) > 0:         row = result_benchmark[0]         productos_con_benchmark = row.get('productos_con_benchmark', 0) or 0         fecha_actualizacion = row.get('ultima_actualizacion') "
"/app/backend/modules/comercial/services/benchmark_service.py","449","execute_sql_query","","    query_productos = f""""""     SELECT COUNT(DISTINCT sp.CodigoFuente) as total_productos     FROM Sync_Productos sp     JOIN Sistema_EmpresasServidores ses ON sp.ServerID = ses.server_id     WHERE ses.empresa_id = {empresa_id}       AND ses.visible_operaciones = 1     """"""          result_productos = execute_sql_query(*conn, query_productos)     total_productos = 0          if result_productos and len(result_productos) > 0:         total_productos = result_productos[0].get('total_productos', 0) or 0          productos_sin_benchmark = total_productos - productos_con_benchmark     cobertura = (productos_con_benchmark / total_productos * 100) if total_productos > 0 else 0      "
"/app/backend/modules/comercial/services/benchmark_service.py","523","execute_sql_query","","    SELECT          COUNT(DISTINCT CodigoProducto) as productos_mapeados,         SUM(CASE WHEN ValidadoPorUsuario = 1 THEN 1 ELSE 0 END) as mapeos_validados     FROM Comercial_PricingBenchmarkProducto     WHERE UnidadNegocioID = {unidad_negocio_id}       AND Activo = 1     """"""          result = execute_sql_query(*conn, query_validados)     productos_mapeados = 0     mapeos_validados = 0          if result and len(result) > 0:         productos_mapeados = result[0].get('productos_mapeados', 0) or 0         mapeos_validados = result[0].get('mapeos_validados', 0) or 0          # Verificar requisitos "
"/app/backend/modules/comercial/services/benchmark_service.py","571","execute_sql_query","","    query_con_menu = f""""""     SELECT COUNT(DISTINCT c.CompetidorID) as con_menu     FROM Comercial_Competidores c     JOIN Comercial_CompetidoresMenuItems mi ON c.CompetidorID = mi.CompetidorID     WHERE c.UnidadNegocioID = {unidad_negocio_id}       AND c.Activo = 1       AND mi.Activo = 1     """"""     result_menu = execute_sql_query(*conn, query_con_menu)     if result_menu and len(result_menu) > 0:         competidores_con_menu = result_menu[0].get('con_menu', 0) or 0          # Determinar si está listo     listo = (         perfil_check.get('completo', False) and         stats_competidores['total_competidores'] >= min_competidores and         stats_items['total_items'] >= min_items "
"/app/backend/modules/comercial/services/precios_sugeridos_consolidado_service.py","75","execute_sql_query","","    query = """"""     SELECT          r.LimiteInferior, r.LimiteSuperior, r.MargenMultiplicador, r.Descripcion     FROM Comercial_ReglasPrecioRangos r     JOIN Comercial_ReglasPrecio p ON r.ReglaPrecioID = p.ReglaPrecioID     WHERE p.Codigo = 'VINOS_RANGOS_MX' AND r.Activo = 1     ORDER BY r.Orden     """"""     result = execute_sql_query(*conn, query)     return result or []   def _calcular_precio_vino(costo_botella: float, rangos: List[Dict]) -> Tuple[Optional[float], Optional[str], Optional[float]]:     """"""     Calcula el precio sugerido para un vino usando VINOS_RANGOS.          Returns: "
"/app/backend/modules/comercial/services/precios_sugeridos_consolidado_service.py","225","execute_sql_query","","         # Query de conteo     count_query = f""""""     SELECT COUNT(*) as total     FROM Sync_Productos p     WHERE {where_sql}     """"""          productos_raw = execute_sql_query(*conn, query) or []     count_result = execute_sql_query(*conn, count_query)     total = count_result[0]['total'] if count_result else 0          # Procesar productos y calcular precios sugeridos     productos = []          for p in productos_raw:         precio_actual = float(p.get('precio_actual') or 0) "
"/app/backend/modules/comercial/services/precios_sugeridos_consolidado_service.py","226","execute_sql_query","","    # Query de conteo     count_query = f""""""     SELECT COUNT(*) as total     FROM Sync_Productos p     WHERE {where_sql}     """"""          productos_raw = execute_sql_query(*conn, query) or []     count_result = execute_sql_query(*conn, count_query)     total = count_result[0]['total'] if count_result else 0          # Procesar productos y calcular precios sugeridos     productos = []          for p in productos_raw:         precio_actual = float(p.get('precio_actual') or 0)         costo_receta = float(p.get('costo_receta') or 0) "
"/app/backend/modules/comercial/services/precios_sugeridos_consolidado_service.py","376","execute_sql_query","","        r.FechaModificacion as fecha_modificacion,         r.UsuarioModificacion as modificado_por     FROM Comercial_ReglasPrecioRangos r     JOIN Comercial_ReglasPrecio p ON r.ReglaPrecioID = p.ReglaPrecioID     WHERE p.Codigo = 'VINOS_RANGOS_MX'     ORDER BY r.Orden     """"""          rangos = execute_sql_query(*conn, query) or []          # Verificar traslapes entre rangos activos     rangos_activos = [r for r in rangos if r.get('activo')]     traslapes = []          for i, r1 in enumerate(rangos_activos):         for r2 in rangos_activos[i+1:]:             lim1_inf = float(r1.get('limite_inferior') or 0) "
"/app/backend/modules/comercial/services/precios_sugeridos_consolidado_service.py","433","execute_sql_query","","        return {'success': False, 'mensaje': 'Multiplicador debe ser > 0'}          # Obtener ReglaPrecioID de VINOS_RANGOS_MX     query_regla = """"""     SELECT CAST(ReglaPrecioID AS NVARCHAR(36)) as regla_id     FROM Comercial_ReglasPrecio     WHERE Codigo = 'VINOS_RANGOS_MX'     """"""     regla = execute_sql_query(*conn, query_regla)     if not regla:         return {'success': False, 'mensaje': 'Regla VINOS_RANGOS_MX no encontrada'}          regla_id = regla[0]['regla_id']          # Verificar traslape con rangos activos existentes     query_traslape = f""""""     SELECT COUNT(*) as count "
"/app/backend/modules/comercial/services/precios_sugeridos_consolidado_service.py","451","execute_sql_query","","    WHERE r.ReglaPrecioID = '{regla_id}'     AND r.Activo = 1     AND (         ({limite_inferior} BETWEEN r.LimiteInferior AND r.LimiteSuperior)         OR ({limite_superior} BETWEEN r.LimiteInferior AND r.LimiteSuperior)         OR (r.LimiteInferior BETWEEN {limite_inferior} AND {limite_superior})     )     """"""     traslape = execute_sql_query(*conn, query_traslape)     if traslape and traslape[0]['count'] > 0:         return {'success': False, 'mensaje': f'El rango ${limite_inferior}-${limite_superior} se traslapa con rangos activos existentes'}          # Insertar     import uuid     rango_id = str(uuid.uuid4())          insert_query = f"""""" "
"/app/backend/modules/comercial/services/precios_sugeridos_consolidado_service.py","472","execute_sql_query","","    ) VALUES (         '{rango_id}', '{regla_id}', {limite_inferior}, {limite_superior},         {multiplicador}, {orden}, N'{descripcion}', 1,         GETDATE(), N'{usuario}'     )     """"""          try:         execute_sql_query(*conn, insert_query)         logger.info(f""[VINOS_RANGOS] Rango creado: ${limite_inferior}-${limite_superior} x{multiplicador} por {usuario}"")         return {             'success': True,             'rango_id': rango_id,             'mensaje': f'Rango ${limite_inferior:.0f}-${limite_superior:.0f} creado exitosamente'         }     except Exception as e:         logger.error(f""[VINOS_RANGOS] Error creando rango: {e}"") "
"/app/backend/modules/comercial/services/precios_sugeridos_consolidado_service.py","504","execute_sql_query","","         # Verificar que el rango existe     query_existe = f""""""     SELECT r.ReglaPrecioRangoID, r.LimiteInferior, r.LimiteSuperior, r.Activo,            CAST(r.ReglaPrecioID AS NVARCHAR(36)) as regla_id     FROM Comercial_ReglasPrecioRangos r     WHERE LOWER(CAST(r.ReglaPrecioRangoID AS NVARCHAR(36))) = LOWER('{rango_id}')     """"""     rango = execute_sql_query(*conn, query_existe)     if not rango:         return {'success': False, 'mensaje': 'Rango no encontrado'}          rango_actual = rango[0]     regla_id = rango_actual['regla_id']          # Validaciones de límites si se actualizan     lim_inf = limite_inferior if limite_inferior is not None else float(rango_actual['LimiteInferior']) "
"/app/backend/modules/comercial/services/precios_sugeridos_consolidado_service.py","537","execute_sql_query","","        AND r.Activo = 1         AND LOWER(CAST(r.ReglaPrecioRangoID AS NVARCHAR(36))) != LOWER('{rango_id}')         AND (             ({lim_inf} BETWEEN r.LimiteInferior AND r.LimiteSuperior)             OR ({lim_sup} BETWEEN r.LimiteInferior AND r.LimiteSuperior)             OR (r.LimiteInferior BETWEEN {lim_inf} AND {lim_sup})         )         """"""         traslape = execute_sql_query(*conn, query_traslape)         if traslape and traslape[0]['count'] > 0:             return {'success': False, 'mensaje': f'El rango ${lim_inf}-${lim_sup} se traslapa con otros rangos activos'}          # Construir UPDATE dinámico     updates = []     if limite_inferior is not None:         updates.append(f""LimiteInferior = {limite_inferior}"")     if limite_superior is not None: "
"/app/backend/modules/comercial/services/precios_sugeridos_consolidado_service.py","570","execute_sql_query","","         update_query = f""""""     UPDATE Comercial_ReglasPrecioRangos     SET {', '.join(updates)}     WHERE LOWER(CAST(ReglaPrecioRangoID AS NVARCHAR(36))) = LOWER('{rango_id}')     """"""          try:         execute_sql_query(*conn, update_query)         logger.info(f""[VINOS_RANGOS] Rango actualizado: {rango_id} por {usuario}"")         return {             'success': True,             'rango_id': rango_id,             'mensaje': 'Rango actualizado exitosamente'         }     except Exception as e:         logger.error(f""[VINOS_RANGOS] Error actualizando rango: {e}"") "
"/app/backend/modules/comercial/services/pricing_ai_service.py","151","execute_sql_query","","            UsuarioEjecucion NVARCHAR(100) NOT NULL,             FechaEjecucion DATETIME2 NOT NULL DEFAULT GETDATE(),             FechaCreacion DATETIME2 NOT NULL DEFAULT GETDATE()         );     END     """"""          try:         execute_sql_query(*conn, ddl)         logger.info(""[PRICING-IA] Tabla Comercial_PricingAnalisisIA verificada/creada"")     except Exception as e:         logger.warning(f""[PRICING-IA] No se pudo verificar/crear tabla: {e}"")   # ============================================================================= # HELPER: Obtener datos del producto desde SQL # ============================================================================= "
"/app/backend/modules/comercial/services/pricing_ai_service.py","185","execute_sql_query","","        spi.CostoPromedio     FROM Sync_Productos sp     LEFT JOIN Sync_Productos_Insumos spi          ON sp.ServerID = spi.ServerID AND sp.CodigoFuente = spi.CodigoFuente     WHERE CAST(sp.ServerID AS NVARCHAR(36)) = '{server_id}'       AND sp.CodigoFuente = '{codigo_producto}'     """"""          result = execute_sql_query(*conn, query)          if not result or len(result) == 0:         return {'existe': False}          row = result[0]          # Determinar el mejor costo disponible     costo = None "
"/app/backend/modules/comercial/services/pricing_ai_service.py","478","execute_sql_query","","        N'{usuario}',         {lista_id_sql},         GETDATE(),         GETDATE()     )     """"""          try:         execute_sql_query(*conn, insert_query)         logger.info(f""[PRICING-IA] Análisis guardado: {analisis_id} tipo={tipo_analisis.value} lista={lista_id}"")     except Exception as e:         logger.error(f""[PRICING-IA] Error guardando análisis: {e}"")         # Re-raise para que el llamador sepa que falló         raise          return analisis_id  "
"/app/backend/modules/comercial/services/pricing_ai_service.py","525","execute_sql_query","","        EstadoAnalisis,         UsuarioEjecucion,         FechaEjecucion,         FechaCreacion     FROM Comercial_PricingAnalisisIA     WHERE AnalisisIAID = '{analisis_id}'     """"""          result = execute_sql_query(*conn, query)          if not result or len(result) == 0:         return None          row = result[0]          # Parsear JSONs     datos_entrada = None "
"/app/backend/modules/comercial/services/perfil_unidad_service.py","115","execute_sql_query","","    where_sql = f""WHERE {' AND '.join(where_clauses)}"" if where_clauses else """"          # Contar total     count_query = f""""""     SELECT COUNT(*) as total     FROM Sistema_UnidadesNegocioPerfilDigital     {where_sql}     """"""     count_result = execute_sql_query(*conn, count_query)     total = count_result[0]['total'] if count_result else 0          # Obtener página     offset = (page - 1) * page_size     query = f""""""     SELECT          CAST(PerfilDigitalID AS NVARCHAR(36)) as PerfilDigitalID,         EmpresaID, "
"/app/backend/modules/comercial/services/perfil_unidad_service.py","159","execute_sql_query","","        FechaModificacion,         UsuarioModificacion     FROM Sistema_UnidadesNegocioPerfilDigital     {where_sql}     ORDER BY NombreComercial     OFFSET {offset} ROWS FETCH NEXT {page_size} ROWS ONLY     """"""          result = execute_sql_query(*conn, query)          perfiles = [_row_to_perfil(row) for row in (result or [])]          return perfiles, total   def obtener_perfil_por_unidad(unidad_negocio_id: int) -> Optional[PerfilDigitalResponse]:     """""" "
"/app/backend/modules/comercial/services/perfil_unidad_service.py","210","execute_sql_query","","        UsuarioCreacion,         FechaModificacion,         UsuarioModificacion     FROM Sistema_UnidadesNegocioPerfilDigital     WHERE UnidadNegocioID = {unidad_negocio_id}       AND Activo = 1     """"""          result = execute_sql_query(*conn, query)          if result and len(result) > 0:         return _row_to_perfil(result[0])          return None   def obtener_perfil_por_id(perfil_digital_id: str) -> Optional[PerfilDigitalResponse]: "
"/app/backend/modules/comercial/services/perfil_unidad_service.py","261","execute_sql_query","","        FechaCreacion,         UsuarioCreacion,         FechaModificacion,         UsuarioModificacion     FROM Sistema_UnidadesNegocioPerfilDigital     WHERE PerfilDigitalID = '{perfil_digital_id}'     """"""          result = execute_sql_query(*conn, query)          if result and len(result) > 0:         return _row_to_perfil(result[0])          return None   def crear_perfil_digital(data: PerfilDigitalCreate, usuario: str) -> PerfilDigitalResponse: "
"/app/backend/modules/comercial/services/perfil_unidad_service.py","285","execute_sql_query","","         # Verificar que no existe perfil para esta unidad     check_query = f""""""     SELECT COUNT(*) as existe     FROM Sistema_UnidadesNegocioPerfilDigital     WHERE UnidadNegocioID = {data.unidad_negocio_id}       AND Activo = 1     """"""     check_result = execute_sql_query(*conn, check_query)          if check_result and check_result[0]['existe'] > 0:         raise ValueError(f""Ya existe un perfil digital activo para la unidad {data.unidad_negocio_id}"")          # Generar nuevo ID     perfil_id = str(uuid.uuid4())          # Preparar valores "
"/app/backend/modules/comercial/services/perfil_unidad_service.py","385","execute_sql_query","","        {desc_sql},         {keywords_sql},         1,         GETDATE(),         N'{usuario}'     )     """"""          execute_sql_query(*conn, insert_query)     logger.info(f""[PERFIL-DIGITAL] Creado perfil {perfil_id} para unidad {data.unidad_negocio_id} por {usuario}"")          # Retornar el perfil creado     return obtener_perfil_por_id(perfil_id)   def actualizar_perfil_digital(     perfil_digital_id: str, "
"/app/backend/modules/comercial/services/perfil_unidad_service.py","476","execute_sql_query","","    set_sql = "", "".join(set_clauses)          update_query = f""""""     UPDATE Sistema_UnidadesNegocioPerfilDigital     SET {set_sql}     WHERE PerfilDigitalID = '{perfil_digital_id}'     """"""          execute_sql_query(*conn, update_query)     logger.info(f""[PERFIL-DIGITAL] Actualizado perfil {perfil_digital_id} por {usuario}"")          return obtener_perfil_por_id(perfil_digital_id)   def inactivar_perfil_digital(perfil_digital_id: str, usuario: str) -> bool:     """"""     Inactiva un perfil digital (baja lógica). "
"/app/backend/modules/comercial/services/perfil_unidad_service.py","496","execute_sql_query","","    update_query = f""""""     UPDATE Sistema_UnidadesNegocioPerfilDigital     SET Activo = 0,         FechaModificacion = GETDATE(),         UsuarioModificacion = N'{usuario}'     WHERE PerfilDigitalID = '{perfil_digital_id}'     """"""          execute_sql_query(*conn, update_query)     logger.info(f""[PERFIL-DIGITAL] Inactivado perfil {perfil_digital_id} por {usuario}"")          return True   # ============================================================================= # HELPERS # ============================================================================= "
"/app/backend/modules/comercial/services/pricing_sugerido_service.py","99","execute_sql_query","","    # Paso 1: Verificar CostoReceta en Sync_Productos     query_receta = f""""""     SELECT CostoReceta     FROM Sync_Productos     WHERE ServerID = '{server_id}'       AND CodigoFuente = '{codigo_producto}'     """"""          result = execute_sql_query(*conn, query_receta)          if result and len(result) > 0:         costo_receta = result[0].get('CostoReceta')         if costo_receta is not None and float(costo_receta) > 0:             return float(costo_receta), 'COSTO_RECETA'          # Paso 2-5: Verificar en Sync_Productos_Insumos     query_insumos = f"""""" "
"/app/backend/modules/comercial/services/pricing_sugerido_service.py","118","execute_sql_query","","        UltimoCosto,         CostoPromedio,         CostoEstandar     FROM Sync_Productos_Insumos     WHERE ServerID = '{server_id}'       AND CodigoFuente = '{codigo_producto}'     """"""          result_insumos = execute_sql_query(*conn, query_insumos)          if result_insumos and len(result_insumos) > 0:         row = result_insumos[0]                  if row.get('Costo') and float(row['Costo']) > 0:             return float(row['Costo']), 'INSUMO_COSTO'                  if row.get('UltimoCosto') and float(row['UltimoCosto']) > 0: "
"/app/backend/modules/comercial/services/pricing_sugerido_service.py","149","execute_sql_query","","         query = f""""""     SELECT Nombre     FROM Sync_Productos     WHERE ServerID = '{server_id}'       AND CodigoFuente = '{codigo_producto}'     """"""          result = execute_sql_query(*conn, query)          if result and len(result) > 0:         return result[0].get('Nombre')          return None   def _es_producto_vino(codigo_producto: str, server_id: str) -> bool: "
"/app/backend/modules/comercial/services/pricing_sugerido_service.py","178","execute_sql_query","","    query = f""""""     SELECT 1     FROM Sync_Productos     WHERE ServerID = '{server_id}'       AND CodigoFuente = '{codigo_producto}'       AND FamiliaNombre IN ('{familias_str}')     """"""          result = execute_sql_query(*conn, query)          return result is not None and len(result) > 0   def _calcular_posicion_vs_competencia(     precio_propio: float,     precio_min: float,     precio_promedio: float, "
"/app/backend/modules/comercial/services/pricing_sugerido_service.py","541","execute_sql_query","","    query = f""""""     SELECT TOP {limit}         CodigoFuente     FROM Sync_Productos     {where_sql}     ORDER BY Nombre     """"""          result = execute_sql_query(*conn, query)          resultados = []          for row in (result or []):         codigo = row['CodigoFuente']                  request = PrecioSugeridoCalcularRequest(             codigo_producto=codigo, "
"/app/backend/modules/comercial/services/metricas_ia_service.py","105","execute_sql_query","","            SUM(CASE WHEN RequiereRevisionHumana = 1 THEN 1 ELSE 0 END) as revision_humana,             SUM(CASE WHEN CAST(FechaCreacion AS DATE) = CAST(GETDATE() AS DATE) THEN 1 ELSE 0 END) as hoy,             SUM(CASE WHEN FechaCreacion >= DATEADD(day, -7, GETDATE()) THEN 1 ELSE 0 END) as semana,             SUM(CASE WHEN FechaCreacion >= DATEADD(day, -30, GETDATE()) THEN 1 ELSE 0 END) as mes         FROM Comercial_PricingAnalisisIA         WHERE 1=1 {filtros}         """"""                  result = execute_sql_query(*conn, query_totales)         if result and len(result) > 0:             row = result[0]             total = row.get('total', 0) or 0             metricas[""total_analisis""] = total             metricas[""analisis_hoy""] = row.get('hoy', 0) or 0             metricas[""analisis_semana""] = row.get('semana', 0) or 0             metricas[""analisis_mes""] = row.get('mes', 0) or 0              "
"/app/backend/modules/comercial/services/metricas_ia_service.py","140","execute_sql_query","","            COUNT(*) as cantidad         FROM Comercial_PricingAnalisisIA         WHERE FechaCreacion >= DATEADD(day, -{dias_historial}, GETDATE())         {filtros}         GROUP BY CAST(FechaCreacion AS DATE)         ORDER BY fecha DESC         """"""                  result = execute_sql_query(*conn, query_por_dia)         if result:             metricas[""analisis_por_dia""] = [                 {                     ""fecha"": row['fecha'].strftime('%Y-%m-%d') if hasattr(row['fecha'], 'strftime') else str(row['fecha']),                     ""cantidad"": row['cantidad']                 }                 for row in result             ] "
"/app/backend/modules/comercial/services/metricas_ia_service.py","163","execute_sql_query","","            MAX(ConfianzaIA) as ultima_confianza,             MAX(FechaCreacion) as ultimo_analisis         FROM Comercial_PricingAnalisisIA         WHERE 1=1 {filtros}         GROUP BY CodigoProducto         ORDER BY cantidad_analisis DESC         """"""                  result = execute_sql_query(*conn, query_productos)         if result:             metricas[""productos_mas_analizados""] = [                 {                     ""codigo_producto"": row['CodigoProducto'],                     ""cantidad_analisis"": row['cantidad_analisis'],                     ""ultima_confianza"": row['ultima_confianza'],                     ""ultimo_analisis"": row['ultimo_analisis'].isoformat() if hasattr(row['ultimo_analisis'], 'isoformat') else str(row['ultimo_analisis'])                 } "
"/app/backend/modules/comercial/services/metricas_ia_service.py","185","execute_sql_query","","        SELECT TOP 10             CompetidoresUsadosJSON         FROM Comercial_PricingAnalisisIA         WHERE CompetidoresUsadosJSON IS NOT NULL         {filtros}         ORDER BY FechaCreacion DESC         """"""                  result = execute_sql_query(*conn, query_competidores)         competidores_count = {}         if result:             for row in result:                 try:                     comps = json.loads(row['CompetidoresUsadosJSON'] or '[]')                     for comp in comps:                         nombre = comp.get('nombre', comp) if isinstance(comp, dict) else str(comp)                         competidores_count[nombre] = competidores_count.get(nombre, 0) + 1 "
"/app/backend/modules/comercial/services/metricas_ia_service.py","220","execute_sql_query","","            EstadoAnalisis,             UsuarioEjecucion,             FechaCreacion         FROM Comercial_PricingAnalisisIA         WHERE 1=1 {filtros}         ORDER BY FechaCreacion DESC         """"""                  result = execute_sql_query(*conn, query_ultimos)         if result:             metricas[""ultimos_analisis""] = [                 {                     ""analisis_id"": str(row['AnalisisIAID']),                     ""codigo_producto"": row['CodigoProducto'],                     ""tipo_analisis"": row['TipoAnalisis'],                     ""confianza"": row['ConfianzaIA'],                     ""requiere_revision"": bool(row['RequiereRevisionHumana']), "
"/app/backend/modules/comercial/services/metricas_ia_service.py","251","execute_sql_query","","            COUNT(*) as total_con_precios         FROM Comercial_PricingAnalisisIA         WHERE PrecioActual IS NOT NULL            AND PrecioSugerido IS NOT NULL           AND PrecioActual > 0         {filtros}         """"""                  result = execute_sql_query(*conn, query_promedios)         if result and len(result) > 0:             row = result[0]             if row.get('promedio_actual') and row.get('promedio_sugerido'):                 prom_actual = float(row['promedio_actual'])                 prom_sugerido = float(row['promedio_sugerido'])                 metricas[""promedio_precio_actual""] = round(prom_actual, 2)                 metricas[""promedio_precio_sugerido""] = round(prom_sugerido, 2)                  "
"/app/backend/modules/comercial/services/metricas_ia_service.py","274","execute_sql_query","","        SELECT              TipoAnalisis,             COUNT(*) as cantidad         FROM Comercial_PricingAnalisisIA         WHERE 1=1 {filtros}         GROUP BY TipoAnalisis         """"""                  result = execute_sql_query(*conn, query_tipos)         if result:             metricas[""tipos_analisis""] = {                 row['TipoAnalisis']: row['cantidad']                 for row in result             }                  logger.info(f""[METRICAS-IA] Dashboard generado: {metricas['total_analisis']} análisis totales"")          "
"/app/backend/modules/comercial/services/metricas_ia_service.py","324","execute_sql_query","","        SELECT              COUNT(*) as total,             SUM(CASE WHEN EsCompetenciaDirecta = 1 THEN 1 ELSE 0 END) as directos,             SUM(CASE WHEN EsBenchmarkAspiracional = 1 THEN 1 ELSE 0 END) as aspiracionales         FROM Comercial_Competidores         WHERE Activo = 1 {filtros}         """"""                  result = execute_sql_query(*conn, query_comp)         if result and len(result) > 0:             row = result[0]             stats[""total_competidores""] = row.get('total', 0) or 0             stats[""competidores_directos""] = row.get('directos', 0) or 0             stats[""competidores_aspiracionales""] = row.get('aspiracionales', 0) or 0                  # Items de menú         query_items = f"""""" "
"/app/backend/modules/comercial/services/metricas_ia_service.py","344","execute_sql_query","","            AVG(cmi.Precio) as promedio_precio,             COUNT(DISTINCT cmi.CategoriaCompetidor) as categorias         FROM Comercial_CompetidoresMenuItems cmi         INNER JOIN Comercial_Competidores cc ON cmi.CompetidorID = cc.CompetidorID         WHERE cmi.Activo = 1 AND cc.Activo = 1         {filtros.replace('EmpresaID', 'cc.EmpresaID').replace('UnidadNegocioID', 'cc.UnidadNegocioID')}         """"""                  result = execute_sql_query(*conn, query_items)         if result and len(result) > 0:             row = result[0]             stats[""total_items_capturados""] = row.get('total', 0) or 0             stats[""items_ultima_semana""] = row.get('ultima_semana', 0) or 0             stats[""categorias_cubiertas""] = row.get('categorias', 0) or 0             if row.get('promedio_precio'):                 stats[""promedio_precio_competencia""] = round(float(row['promedio_precio']), 2)          "
"/app/backend/modules/comercial/services/precios_vinos_service.py","258","execute_sql_query","","    query_costo_receta = f""""""     SELECT          sp.CostoReceta     FROM Sync_Productos sp     WHERE sp.ServerID = '{server_id}'       AND sp.CodigoFuente = '{codigo_producto}'     """"""          result_cr = execute_sql_query(*conn, query_costo_receta)          if result_cr and len(result_cr) > 0:         costo_receta = result_cr[0].get('CostoReceta')         if costo_receta is not None and float(costo_receta) > 0:             # CostoReceta > 0 es costo consolidado confiable             return float(costo_receta), 'COSTO_RECETA'          # PASO 2-5: Verificar costos en Sync_Productos_Insumos "
"/app/backend/modules/comercial/services/precios_vinos_service.py","278","execute_sql_query","","        i.UltimoCosto,         i.CostoPromedio,         i.CostoEstandar     FROM Sync_Productos_Insumos i     WHERE i.ServerID = '{server_id}'       AND i.CodigoFuente = '{codigo_producto}'     """"""          result_insumos = execute_sql_query(*conn, query_insumos)          if result_insumos and len(result_insumos) > 0:         row = result_insumos[0]                  # Jerarquía 2: Costo de botella/insumo         if row.get('Costo') and float(row['Costo']) > 0:             return float(row['Costo']), 'INSUMO_COSTO'          "
"/app/backend/modules/comercial/services/precios_vinos_service.py","326","execute_sql_query","","    FROM Comercial_ReglasPrecioRangos     WHERE ReglaPrecioID = '{regla_id}'       AND Activo = 1       AND {costo} >= LimiteInferior       AND {costo} <= LimiteSuperior     ORDER BY Orden     """"""          result = execute_sql_query(*conn, query)          if result and len(result) > 0:         return str(result[0]['RangoID']), float(result[0]['MargenMultiplicador'])          return None, None   def obtener_tasa_impuesto(codigo_producto: str, server_id: str) -> Tuple[Optional[float], Optional[str]]: "
"/app/backend/modules/comercial/services/precios_vinos_service.py","353","execute_sql_query","","        m.TasaEfectiva,         CAST(m.MapeoProductoID AS NVARCHAR(36)) as MapeoID,         m.EstadoFiscal     FROM Comercial_ImpuestosMapeo m     WHERE m.ServerID = '{server_id}'       AND m.CodigoProducto = '{codigo_producto}'     """"""          result = execute_sql_query(*conn, query)          if not result or len(result) == 0:         return None, None          row = result[0]          # Si es NO_CONFIGURADO, retornar None     if row['EstadoFiscal'] == 'NO_CONFIGURADO': "
"/app/backend/modules/comercial/services/precios_vinos_service.py","389","execute_sql_query","","        MultiploRedondeo     FROM Comercial_ReglasPrecio     WHERE Codigo = 'VINOS_RANGOS_MX'       AND Activo = 1       AND VigenciaDesde <= GETDATE()       AND (VigenciaHasta IS NULL OR VigenciaHasta >= GETDATE())     """"""          result = execute_sql_query(*conn, query)          if result and len(result) > 0:         return dict(result[0])          return None   def calcular_precio_sugerido_vino( "
"/app/backend/modules/comercial/services/precios_vinos_service.py","567","execute_sql_query","","        sp.FamiliaNombre,         sp.SubFamiliaNombre     FROM Sync_Productos sp     WHERE sp.FamiliaNombre IN ('{familias_str}')       {where_server}     ORDER BY sp.Nombre     """"""          result = execute_sql_query(*conn, query)          resultados = []     for row in (result or []):         resultado = calcular_precio_sugerido_vino(             row['CodigoFuente'],             row['ServerID'],             row['Nombre'],             row.get('FamiliaNombre'), "
"/app/backend/modules/comercial/routes.py","457","execute_sql_query","","        fecha_ultima_actualizacion     FROM Comercial_Ventas_Dia_Abiertas_v2     WHERE server_id = '{server_id}'       AND fecha_operacion = '{fecha_operacion}'     """"""          try:         # Usar configuración EDARSAHUB del repository         result = execute_sql_query(             EDARSAHUB_CONFIG['host'],             EDARSAHUB_CONFIG['port'],             EDARSAHUB_CONFIG['database'],             EDARSAHUB_CONFIG['username'],             EDARSAHUB_CONFIG['password'],             query         )          "
"/app/backend/modules/comercial/routes.py","1927","get_server_by_id","@router.get(""/comercial/sucursales/{server_id}"")","    """"""     Obtiene las sucursales/empresas de un servidor.          FASE A-P1 (2026-05-26): MIGRADO A SQL-FIRST     - Lee de Sistema_Sucursales + Sistema_SucursalServidorMapeo en EDARSAHUB     - CERO conexiones LIVE a servidores remotos     - Guard rail removido para este endpoint     """"""     server = await get_server_by_id(server_id)     if not server:         raise HTTPException(status_code=404, detail=""Servidor no encontrado"")          # BLINDAJE RBAC: Validar acceso unificado     await validate_server_access_rbac(current_user, server_id)          # FASE A-P1: LEER DESDE EDARSAHUB SQL (Sistema_Sucursales + mapeo)     try: "
"/app/backend/modules/comercial/routes.py","1961","execute_sql_query","","        FROM Sistema_Sucursales ss         JOIN Sistema_SucursalServidorMapeo sm ON ss.SucursalID = sm.SucursalID         WHERE CAST(sm.ServidorID AS VARCHAR(50)) = '{server_id}'           AND ss.Activo = 1           AND sm.Activo = 1         ORDER BY ss.NombreSucursal         '''                  result = execute_sql_query(             edarsahub_host,             edarsahub_port,             edarsahub_database,             edarsahub_username,             edarsahub_password,             query_sucursales         ) or []          "
"/app/backend/modules/comercial/routes.py","2030","get_server_by_id","@router.get(""/comercial/metas/{server_id}"")","         FASE DDL COMERCIAL: MIGRADO A SQL-FIRST     Consulta tabla Sync_Metas_Comerciales en EDARSAHUB.     """"""     from modules.comercial.cache_service import (         SourceStatus, build_envelope_response     )          server = await get_server_by_id(server_id)     if not server:         return build_envelope_response(             source_status=SourceStatus.ERROR,             data={""metas"": []},             source_message=""Servidor no encontrado""         )          # BLINDAJE RBAC: Validar acceso unificado "
"/app/backend/modules/comercial/routes.py","2160","execute_sql_query","","INNER JOIN productos p ON p.idproducto = cd.idproducto INNER JOIN turnos ON turnos.idturno = cheques.idturno WHERE CONVERT(varchar, turnos.apertura, 112) >= '{f_ini}'   AND CONVERT(varchar, turnos.apertura, 112) <= '{f_fin}'   AND cheques.cancelado = 0 GROUP BY p.descripcion ORDER BY SUM(cd.cantidad * cd.precio) DESC """"""             result_prod = execute_sql_query(                 server['host'], server['port'], server['database'],                 server['username'], server['password'], query_productos             )                          if result_prod is not None:                 query_success = True                 for r in (result_prod or []):                     real_ventas = float(r['real_ventas'] or 0) "
"/app/backend/modules/comercial/routes.py","2192","execute_sql_query","","LEFT JOIN meseros m ON m.idmesero = cheques.idmesero INNER JOIN turnos ON turnos.idturno = cheques.idturno WHERE CONVERT(varchar, turnos.apertura, 112) >= '{f_ini}'   AND CONVERT(varchar, turnos.apertura, 112) <= '{f_fin}'   AND cheques.cancelado = 0 GROUP BY m.nombre ORDER BY SUM(cheques.total{propina_expr}) DESC """"""             result_vend = execute_sql_query(                 server['host'], server['port'], server['database'],                 server['username'], server['password'], query_vendedor             )                          if result_vend is not None:                 for r in (result_vend or []):                     real_ventas = float(r['real_ventas'] or 0)                     meta_estimada = real_ventas * 1.1 "
"/app/backend/modules/comercial/routes.py","2245","execute_sql_query","","WHERE CONVERT(varchar, VE.Vn_Fecha, 112) >= '{f_ini}'   AND CONVERT(varchar, VE.Vn_Fecha, 112) <= '{f_fin}'   AND ISNULL(VE.Es_Cve_Estado, '') <> 'CA'   AND V.Vn_Precio_Neto_Importe > 0   {filtro_sucursal} GROUP BY P.Pr_Descripcion ORDER BY SUM(V.Vn_Precio_Neto_Importe) DESC """"""             result_prod = execute_sql_query(                 server['host'], server['port'], server['database'],                 server['username'], server['password'], query_productos             )                          if result_prod is not None:                 query_success = True                 for r in (result_prod or []):                     real_ventas = float(r['real_ventas'] or 0) "
"/app/backend/modules/comercial/routes.py","2278","execute_sql_query","","WHERE CONVERT(varchar, VE.Vn_Fecha, 112) >= '{f_ini}'   AND CONVERT(varchar, VE.Vn_Fecha, 112) <= '{f_fin}'   AND ISNULL(VE.Es_Cve_Estado, '') <> 'CA'   AND VE.Vn_Precio_Neto_Importe > 0   {filtro_sucursal} GROUP BY VND.Vn_Descripcion ORDER BY SUM(VE.Vn_Precio_Neto_Importe) DESC """"""             result_vend = execute_sql_query(                 server['host'], server['port'], server['database'],                 server['username'], server['password'], query_vendedor             )                          if result_vend is not None:                 if not query_success:                     query_success = True                 for r in (result_vend or []): "
"/app/backend/modules/comercial/routes.py","2367","get_server_by_id","@router.get(""/comercial/ticket-perfecto/{server_id}"")","         FASE DDL COMERCIAL: MIGRADO A SQL-FIRST     Consulta tabla Sync_Ticket_Perfecto en EDARSAHUB.     """"""     from modules.comercial.cache_service import (         SourceStatus, build_envelope_response     )          server = await get_server_by_id(server_id)     if not server:         return build_envelope_response(             source_status=SourceStatus.ERROR,             data={""tickets"": []},             source_message=""Servidor no encontrado""         )          # FASE 6-8: Validación centralizada de acceso "
"/app/backend/modules/comercial/routes.py","2505","execute_sql_query","","INNER JOIN cheqdet cd ON cd.foliodet = cheques.folio INNER JOIN productos p ON p.idproducto = cd.idproducto INNER JOIN turnos ON turnos.idturno = cheques.idturno WHERE CONVERT(varchar, turnos.apertura, 112) >= '{f_ini}'   AND CONVERT(varchar, turnos.apertura, 112) <= '{f_fin}'   AND cheques.cancelado = 0   AND cheques.total > 0 """"""                 result = execute_sql_query(                     server['host'], server['port'], server['database'],                     server['username'], server['password'], query_categorias                 )                                  if result is not None:                     query_success = True                     tickets_totales = int(result[0]['tickets_totales'] or 0) if result else 0                     con_alimentos = int(result[0]['con_alimentos'] or 0) if result else 0 "
"/app/backend/modules/comercial/routes.py","2543","execute_sql_query","","                    query_simple = f"""""" SELECT COUNT(DISTINCT cheques.folio) as tickets_totales FROM cheques INNER JOIN turnos ON turnos.idturno = cheques.idturno WHERE CONVERT(varchar, turnos.apertura, 112) >= '{f_ini}'   AND CONVERT(varchar, turnos.apertura, 112) <= '{f_fin}'   AND cheques.cancelado = 0 AND cheques.total > 0 """"""                     result_simple = execute_sql_query(                         server['host'], server['port'], server['database'],                         server['username'], server['password'], query_simple                     )                     if result_simple:                         tickets_totales = int(result_simple[0]['tickets_totales'] or 0)                         ticket_data = {                             ""tickets_totales"": tickets_totales,                             ""tickets_completos"": 0, "
"/app/backend/modules/comercial/routes.py","2581","execute_sql_query","","INNER JOIN turnos ON turnos.idturno = cheques.idturno WHERE CONVERT(varchar, turnos.apertura, 112) >= '{f_ini}'   AND CONVERT(varchar, turnos.apertura, 112) <= '{f_fin}'   AND cheques.cancelado = 0 GROUP BY p.idproducto, p.descripcion HAVING SUM(cd.cantidad * cd.precio) > 0 ORDER BY SUM(cd.cantidad * cd.precio) DESC """"""             result_rent = execute_sql_query(                 server['host'], server['port'], server['database'],                 server['username'], server['password'], query_rentabilidad             )                          if result_rent is not None:                 for r in (result_rent or []):                     ventas = float(r['ventas'] or 0)                     costo = float(r['costo'] or 0) "
"/app/backend/modules/comercial/routes.py","2657","get_server_by_id","@router.get(""/comercial/ventas-tiempo/{server_id}"")","    current_user: Dict = Depends(get_current_user) ):     """"""     Ventas por hora y día de la semana.          FASE 1B-R2: Migrado a EDARSAHUB SQL - NO conexiones remotas     Fuente: Sync_Ventas_PorHora     """"""     server = await get_server_by_id(server_id)     if not server:         raise HTTPException(status_code=404, detail=""Servidor no encontrado"")          # FASE 6-8: Validación centralizada de acceso     await validate_server_access_rbac(current_user, server_id)          try:         # ============================================================================ "
"/app/backend/modules/comercial/routes.py","2886","get_server_by_id","@router.get(""/comercial/mesas/{server_id}"")","         FASE DDL COMERCIAL: MIGRADO A SQL-FIRST     Consulta tabla Sync_Mesas en EDARSAHUB.     """"""     from modules.comercial.cache_service import (         SourceStatus, build_envelope_response     )          server = await get_server_by_id(server_id)     if not server:         return build_envelope_response(             source_status=SourceStatus.ERROR,             data={""mesas"": []},             source_message=""Servidor no encontrado""         )          # FASE 6-8: Validación centralizada de acceso "
"/app/backend/modules/comercial/routes.py","3022","execute_sql_query","","    ISNULL(AVG(CAST(cheques.nopersonas as float)), 0) as pax_promedio FROM cheques INNER JOIN turnos ON turnos.idturno = cheques.idturno WHERE CONVERT(varchar, turnos.apertura, 112) >= '{f_ini}'   AND CONVERT(varchar, turnos.apertura, 112) <= '{f_fin}'   AND cheques.cancelado = 0   AND cheques.total > 0 """"""             result = execute_sql_query(                 server['host'], server['port'], server['database'],                 server['username'], server['password'], query_unidad             )                          if result and len(result) > 0:                 row = result[0]                 cheques_mes = int(row['cheques_mes'] or 0)                 comensales_mes = int(row['comensales_mes'] or 0) "
"/app/backend/modules/comercial/routes.py","3078","execute_sql_query","","INNER JOIN turnos ON turnos.idturno = cheques.idturno WHERE CONVERT(varchar, turnos.apertura, 112) >= '{f_ini}'   AND CONVERT(varchar, turnos.apertura, 112) <= '{f_fin}'   AND cheques.cancelado = 0   AND cheques.total > 0 GROUP BY DATEPART(HOUR, turnos.apertura) ORDER BY COUNT(*) DESC """"""             result_rot = execute_sql_query(                 server['host'], server['port'], server['database'],                 server['username'], server['password'], query_rotacion             )                          max_vueltas = max([int(r['vueltas'] or 0) for r in result_rot]) if result_rot else 1                          rotacion_por_mesa = []             for r in result_rot: "
"/app/backend/modules/comercial/routes.py","3136","execute_sql_query","","LEFT JOIN Comanda C ON C.Co_Folio = VE.Vn_Folio AND C.Sc_Cve_Sucursal = VE.Sc_Cve_Sucursal LEFT JOIN Sucursal S ON S.Sc_Cve_Sucursal = VE.Sc_Cve_Sucursal WHERE VE.Vn_Fecha >= CONVERT(datetime, '{fecha_ini} 00:00:00', 120)   AND VE.Vn_Fecha <= CONVERT(datetime, '{f_fin} 23:59:59', 120)   AND VE.Es_Cve_Estado <> 'CA'   AND VE.Vn_Precio_Neto_Importe > 0   {sucursal_filter} """"""             result = execute_sql_query(                 server['host'], server['port'], server['database'],                 server['username'], server['password'], query_unidad             )                          if result and len(result) > 0:                 row = result[0]                 cheques_mes = int(row['cheques_mes'] or 0)                 comensales_mes = int(row['comensales_mes'] or 0) "
"/app/backend/modules/comercial/routes.py","3169","execute_sql_query","","            # Si MongoDB no encontró el nombre (aún es server['name']), intentar con SQL             if nombre_final_mpro == server['name'] and sucursal:                 es_codigo_suc = sucursal.isdigit() or (len(sucursal) == 4 and sucursal[0] == '0')                 if es_codigo_suc:                     query_nombre = f"""""" SELECT TOP 1 Sc_Descripcion as nombre FROM Sucursal WHERE Sc_Cve_Sucursal = '{sucursal}' """"""                     try:                         result_nombre = execute_sql_query(                             server['host'], server['port'], server['database'],                             server['username'], server['password'], query_nombre                         )                         if result_nombre and len(result_nombre) > 0 and result_nombre[0].get('nombre'):                             nombre_final_mpro = result_nombre[0]['nombre']                     except Exception as e:                         logging.warning(f""No se pudo obtener nombre de sucursal {sucursal} desde SQL: {e}"")              "
"/app/backend/modules/comercial/routes.py","3209","execute_sql_query","","WHERE VE.Vn_Fecha >= CONVERT(datetime, '{fecha_ini} 00:00:00', 120)   AND VE.Vn_Fecha <= CONVERT(datetime, '{f_fin} 23:59:59', 120)   AND VE.Es_Cve_Estado <> 'CA'   AND VE.Vn_Precio_Neto_Importe > 0   {sucursal_filter} GROUP BY DATEPART(HOUR, VE.Vn_Fecha) ORDER BY COUNT(*) DESC """"""             result_rotacion = execute_sql_query(                 server['host'], server['port'], server['database'],                 server['username'], server['password'], query_rotacion             )                          rotacion_por_mesa = []             for r in (result_rotacion or []):                 hora = int(r['hora'] or 0)                 vueltas = int(r['vueltas'] or 0) "
"/app/backend/modules/comercial/routes.py","3257","get_server_by_id","@router.get(""/comercial/detalle-movimientos/{server_id}"")","    current_user: Dict = Depends(get_current_user) ):     """"""     Detalle de movimientos para drill-down en KPIs.          FASE A-P0 (2026-05-26): GUARD RAIL LIVE     Este endpoint requiere conexión LIVE. Bloqueado hasta migrar a Sync_Movimientos_Detalle.     """"""     server = await get_server_by_id(server_id)     if not server:         raise HTTPException(status_code=404, detail=""Servidor no encontrado"")          # FASE 6-8: Validación centralizada de acceso     await validate_server_access_rbac(current_user, server_id)          # FASE A-P0: GUARD RAIL LIVE     guard_result = check_live_guard_rail('/comercial/detalle-movimientos', server_id) "
"/app/backend/modules/comercial/routes.py","3347","execute_sql_query","","INNER JOIN turnos ON turnos.idturno = cheques.idturno WHERE CONVERT(varchar, turnos.apertura, 112) >= '{f_ini}'   AND CONVERT(varchar, turnos.apertura, 112) <= '{f_fin}'   AND cheques.cancelado = 0   AND cheques.total > 0 ORDER BY turnos.apertura DESC OFFSET {offset} ROWS FETCH NEXT {limit} ROWS ONLY """"""             result = execute_sql_query(                 server['host'], server['port'], server['database'],                 server['username'], server['password'], query_detalle             )                          # Query para contar total             query_total = f"""""" SELECT COUNT(*) as total FROM cheques "
"/app/backend/modules/comercial/routes.py","3362","execute_sql_query","","SELECT COUNT(*) as total FROM cheques INNER JOIN turnos ON turnos.idturno = cheques.idturno WHERE CONVERT(varchar, turnos.apertura, 112) >= '{f_ini}'   AND CONVERT(varchar, turnos.apertura, 112) <= '{f_fin}'   AND cheques.cancelado = 0   AND cheques.total > 0 """"""             result_total = execute_sql_query(                 server['host'], server['port'], server['database'],                 server['username'], server['password'], query_total             )             total = int(result_total[0]['total']) if result_total else 0                          movimientos = []             for row in result or []:                 fecha_val = row.get('fecha') "
"/app/backend/modules/comercial/routes.py","3442","execute_sql_query","","  AND VE.Vn_Fecha <= CONVERT(datetime, '{f_fin} 23:59:59', 120)   AND ISNULL(VE.Es_Cve_Estado, '') <> 'CA'   AND VE.Vn_Precio_Neto_Importe > 0   {sucursal_filter} ORDER BY VE.Vn_Fecha DESC OFFSET {offset} ROWS FETCH NEXT {limit} ROWS ONLY """"""             logging.info(f""Query MPRO detalle: {query_detalle[:200]}..."")             result = execute_sql_query(                 server['host'], server['port'], server['database'],                 server['username'], server['password'], query_detalle             )                          # Query para contar total             query_total = f"""""" SELECT COUNT(*) as total FROM Venta_Encabezado VE "
"/app/backend/modules/comercial/routes.py","3458","execute_sql_query","","FROM Venta_Encabezado VE LEFT JOIN Sucursal S ON S.Sc_Cve_Sucursal = VE.Sc_Cve_Sucursal WHERE VE.Vn_Fecha >= CONVERT(datetime, '{f_ini} 00:00:00', 120)   AND VE.Vn_Fecha <= CONVERT(datetime, '{f_fin} 23:59:59', 120)   AND ISNULL(VE.Es_Cve_Estado, '') <> 'CA'   AND VE.Vn_Precio_Neto_Importe > 0   {sucursal_filter} """"""             result_total = execute_sql_query(                 server['host'], server['port'], server['database'],                 server['username'], server['password'], query_total             )             total = int(result_total[0]['total']) if result_total else 0                          movimientos = []             for row in result or []:                 fecha_val = row.get('fecha') "
"/app/backend/modules/comercial/routes.py","3515","get_server_by_id","@router.get(""/comercial/precios-constantes/{server_id}"")","    current_user: Dict = Depends(get_current_user) ):     """"""     Análisis de ventas valuando a precios constantes de un período base.          FASE A-P0 (2026-05-26): GUARD RAIL LIVE     Este endpoint requiere conexión LIVE. Bloqueado hasta migrar a Sync_Precios_Historicos.     """"""     server = await get_server_by_id(server_id)     if not server:         raise HTTPException(status_code=404, detail=""Servidor no encontrado"")          # FASE 6-8: Validación centralizada de acceso     await validate_server_access_rbac(current_user, server_id)          # FASE A-P0: GUARD RAIL LIVE     guard_result = check_live_guard_rail('/comercial/precios-constantes', server_id) "
"/app/backend/modules/comercial/routes.py","3598","execute_sql_query","","            query_ventas_reales = f"""""" SELECT SUM(cheques.total{propina_expr}) as ventas_reales FROM cheques INNER JOIN turnos ON turnos.idturno = cheques.idturno WHERE CONVERT(varchar, turnos.apertura, 112) >= '{f_ini_actual}'   AND CONVERT(varchar, turnos.apertura, 112) <= '{f_fin_actual}'   AND cheques.cancelado = 0 """"""             result_ventas_reales = execute_sql_query(                 server['host'], server['port'], server['database'],                 server['username'], server['password'], query_ventas_reales             )             ventas_reales_periodo = float(result_ventas_reales[0]['ventas_reales'] or 0) if result_ventas_reales else 0                          # Query para ventas del período ACTUAL con precios actuales             # Agrupa por producto y calcula precio promedio             # NOTA: En SoftRestaurant la tabla de detalle es 'cheqdet' (no 'chequedetalle') "
"/app/backend/modules/comercial/routes.py","3646","execute_sql_query","","WHERE CONVERT(varchar, t.apertura, 112) >= '{f_ini_base}'   AND CONVERT(varchar, t.apertura, 112) <= '{f_fin_base}'   AND c.cancelado = 0   AND cd.cantidad > 0 GROUP BY p.idproducto, p.descripcion """"""                          # Ejecutar queries             ventas_actual = execute_sql_query(                 server['host'], server['port'], server['database'],                 server['username'], server['password'], query_ventas_actual             ) or []                          precios_base = execute_sql_query(                 server['host'], server['port'], server['database'],                 server['username'], server['password'], query_precios_base             ) or [] "
"/app/backend/modules/comercial/routes.py","3651","execute_sql_query","","""""""                          # Ejecutar queries             ventas_actual = execute_sql_query(                 server['host'], server['port'], server['database'],                 server['username'], server['password'], query_ventas_actual             ) or []                          precios_base = execute_sql_query(                 server['host'], server['port'], server['database'],                 server['username'], server['password'], query_precios_base             ) or []                          # VALIDACIÓN (Abril 2026): Si no hay datos en el período base, no se puede hacer análisis             # porque no hay precios de referencia con los cuales comparar             if not precios_base or len(precios_base) == 0:                 logging.warning(f""Precios Constantes SoftRestaurant {server['name']}: Sin datos en período base {periodo_base}"") "
"/app/backend/modules/comercial/routes.py","3884","execute_sql_query","","            query_ventas_reales_mpro = f"""""" SELECT ISNULL(SUM(VE.Vn_Precio_Neto_Importe), 0) as ventas_reales FROM Venta_Encabezado VE WHERE VE.Vn_Fecha >= CONVERT(datetime, '{fecha_ini_actual} 00:00:00', 120)   AND VE.Vn_Fecha <= CONVERT(datetime, '{fecha_fin_actual} 23:59:59', 120)   AND ISNULL(VE.Es_Cve_Estado, '') <> 'CA'   {filtro_sucursal_ve} """"""             result_ventas_reales = execute_sql_query(                 server['host'], server['port'], server['database'],                 server['username'], server['password'], query_ventas_reales_mpro             )             ventas_reales_periodo = float(result_ventas_reales[0]['ventas_reales'] or 0) if result_ventas_reales else 0                          query_ventas_actual = f"""""" SELECT      V.Pr_Cve_Producto as producto_id, "
"/app/backend/modules/comercial/routes.py","3924","execute_sql_query","","  AND V.Vn_Fecha <= CONVERT(datetime, '{fecha_fin_base} 23:59:59', 120)   AND ISNULL(V.Es_Cve_Estado, '') <> 'CA'   AND V.Vn_Cantidad_Control_1 > 0   {filtro_sucursal} GROUP BY V.Pr_Cve_Producto """"""                          # Ejecutar queries             ventas_actual = execute_sql_query(                 server['host'], server['port'], server['database'],                 server['username'], server['password'], query_ventas_actual             ) or []                          precios_base = execute_sql_query(                 server['host'], server['port'], server['database'],                 server['username'], server['password'], query_precios_base             ) or [] "
"/app/backend/modules/comercial/routes.py","3929","execute_sql_query","","""""""                          # Ejecutar queries             ventas_actual = execute_sql_query(                 server['host'], server['port'], server['database'],                 server['username'], server['password'], query_ventas_actual             ) or []                          precios_base = execute_sql_query(                 server['host'], server['port'], server['database'],                 server['username'], server['password'], query_precios_base             ) or []                          # VALIDACIÓN (Abril 2026): Si no hay datos en el período base, no se puede hacer análisis             # porque no hay precios de referencia con los cuales comparar             if not precios_base or len(precios_base) == 0:                 logging.warning(f""Precios Constantes MPRO {server['name']}: Sin datos en período base {periodo_base}"") "
"/app/backend/modules/comercial/routes.py","4115","get_server_by_id","@router.get(""/comercial/reporte-pax/{server_id}"")","         FASE DDL COMERCIAL: MIGRADO A SQL-FIRST     Consulta tabla Sync_PAX_Detalle en EDARSAHUB.     """"""     from modules.comercial.cache_service import (         SourceStatus, build_envelope_response     )          server = await get_server_by_id(server_id)     if not server:         return build_envelope_response(             source_status=SourceStatus.ERROR,             data={""pax_detalle"": [], ""resumen"": {}},             source_message=""Servidor no encontrado""         )          # FASE 6-8: Validación centralizada de acceso "
"/app/backend/modules/comercial/routes.py","4245","get_server_by_id","@router.get(""/comercial/dashboard/{server_id}"")","    Ahora soporta multiselección de meses y múltiples años.     tipo_comparacion: 'dias_equiv' compara días 1-N vs días 1-N del período anterior                       'mes_completo' compara vs el mes completo anterior          RESPUESTA INCLUYE:     - source_status: 'SUCCESS' | 'NO_DATA' | 'SOURCE_UNREACHABLE' | 'ERROR'     - source_message: Mensaje descriptivo del estado     """"""     server = await get_server_by_id(server_id)     if not server:         return {             ""source_status"": ""ERROR"",             ""source_message"": ""Servidor no encontrado en configuración"",             ""kpis"": None,             ""comparativo"": None,             ""alertas"": []         } "
"/app/backend/modules/api_connections/repository.py","79","execute_sql_query","","            N'{_escape_sql(accion)}',             N'{_escape_sql(datos_ant_json)}',             N'{_escape_sql(datos_new_json)}',             N'{_escape_sql(usuario)}',             GETDATE(),             N'API_SERVER'         )         """"""         execute_sql_query(             EDARSAHUB_CONFIG['host'], EDARSAHUB_CONFIG['port'],             EDARSAHUB_CONFIG['database'], EDARSAHUB_CONFIG['username'],             EDARSAHUB_CONFIG['password'], query         )         logging.info(f""[API_CONNECTIONS][LOG] {accion} para {servidor_id} por {usuario}"")         return True     except Exception as e:         logging.error(f""[API_CONNECTIONS][LOG_ERROR] Error registrando bitácora: {e}"") "
"/app/backend/modules/api_connections/repository.py","165","execute_sql_query","","        if not include_inactive:             where_clause += "" AND activo = 1""                  query = f""""""         SELECT * FROM Servidores_Conexiones         {where_clause}         ORDER BY nombre         """"""         results = execute_sql_query(             EDARSAHUB_CONFIG['host'], EDARSAHUB_CONFIG['port'],             EDARSAHUB_CONFIG['database'], EDARSAHUB_CONFIG['username'],             EDARSAHUB_CONFIG['password'], query         )         apis = [_sql_row_to_api_dict(row) for row in results]         logging.info(f""[API_CONNECTIONS] Listadas {len(apis)} conexiones desde EDARSAHUB SQL"")         return apis     except Exception as e: "
"/app/backend/modules/api_connections/repository.py","196","execute_sql_query","","    Obtiene una conexión API por ID desde EDARSAHUB SQL.     """"""     try:         query = f""""""         SELECT * FROM Servidores_Conexiones         WHERE id = '{_escape_sql(api_id)}'           AND tipo_conexion = 'API_LOCAL'         """"""         results = execute_sql_query(             EDARSAHUB_CONFIG['host'], EDARSAHUB_CONFIG['port'],             EDARSAHUB_CONFIG['database'], EDARSAHUB_CONFIG['username'],             EDARSAHUB_CONFIG['password'], query         )         if results:             return _sql_row_to_api_dict(results[0])         return None     except Exception as e: "
"/app/backend/modules/api_connections/repository.py","230","execute_sql_query","","    try:         exclude_clause = f""AND id != '{_escape_sql(exclude_id)}'"" if exclude_id else """"         query = f""""""         SELECT id, nombre, api_url FROM Servidores_Conexiones         WHERE tipo_conexion = 'API_LOCAL'           AND (nombre = N'{_escape_sql(name)}' OR api_url = N'{_escape_sql(url)}')           {exclude_clause}         """"""         results = execute_sql_query(             EDARSAHUB_CONFIG['host'], EDARSAHUB_CONFIG['port'],             EDARSAHUB_CONFIG['database'], EDARSAHUB_CONFIG['username'],             EDARSAHUB_CONFIG['password'], query         )         if results:             return results[0]         return None     except Exception as e: "
"/app/backend/modules/api_connections/repository.py","316","execute_sql_query","","        N'{_escape_sql(config_json)}',         {1 if data.get(""solo_ventas_dia"", True) else 0},         GETDATE(), GETDATE(),         N'{_escape_sql(created_by)}'     )     """"""          try:         execute_sql_query(             EDARSAHUB_CONFIG['host'], EDARSAHUB_CONFIG['port'],             EDARSAHUB_CONFIG['database'], EDARSAHUB_CONFIG['username'],             EDARSAHUB_CONFIG['password'], insert_query         )         logging.info(f""[API_CONNECTIONS] Conexión {api_id} creada en EDARSAHUB SQL"")     except Exception as e:         logging.error(f""[API_CONNECTIONS] Error INSERT en SQL: {e}"")         raise RuntimeError(f""Error guardando en EDARSAHUB SQL: {e}"") "
"/app/backend/modules/api_connections/repository.py","411","execute_sql_query","","    # 5. UPDATE en EDARSAHUB SQL     update_query = f""""""     UPDATE Servidores_Conexiones     SET {', '.join(set_parts)}     WHERE id = '{_escape_sql(api_id)}'     """"""          try:         execute_sql_query(             EDARSAHUB_CONFIG['host'], EDARSAHUB_CONFIG['port'],             EDARSAHUB_CONFIG['database'], EDARSAHUB_CONFIG['username'],             EDARSAHUB_CONFIG['password'], update_query         )         logging.info(f""[API_CONNECTIONS] Conexión {api_id} actualizada en EDARSAHUB SQL"")     except Exception as e:         logging.error(f""[API_CONNECTIONS] Error UPDATE en SQL: {e}"")         raise RuntimeError(f""Error actualizando en EDARSAHUB SQL: {e}"") "
"/app/backend/modules/api_connections/repository.py","453","execute_sql_query","","    # 2. Soft delete en EDARSAHUB SQL     delete_query = f""""""     UPDATE Servidores_Conexiones     SET activo = 0, updated_at = GETDATE(), updated_by = N'{_escape_sql(deleted_by)}'     WHERE id = '{_escape_sql(api_id)}'     """"""          try:         execute_sql_query(             EDARSAHUB_CONFIG['host'], EDARSAHUB_CONFIG['port'],             EDARSAHUB_CONFIG['database'], EDARSAHUB_CONFIG['username'],             EDARSAHUB_CONFIG['password'], delete_query         )         logging.info(f""[API_CONNECTIONS] Conexión {api_id} eliminada (soft) en EDARSAHUB SQL"")     except Exception as e:         logging.error(f""[API_CONNECTIONS] Error DELETE en SQL: {e}"")         raise RuntimeError(f""Error eliminando en EDARSAHUB SQL: {e}"") "
"/app/backend/modules/api_connections/repository.py","632","execute_sql_query","","    NUNCA exponer en responses de API.     """"""     try:         query = f""""""         SELECT * FROM Servidores_Conexiones         WHERE id = '{_escape_sql(api_id)}'           AND tipo_conexion = 'API_LOCAL'         """"""         results = execute_sql_query(             EDARSAHUB_CONFIG['host'], EDARSAHUB_CONFIG['port'],             EDARSAHUB_CONFIG['database'], EDARSAHUB_CONFIG['username'],             EDARSAHUB_CONFIG['password'], query         )         if not results:             return None                  row = results[0] "
"/app/backend/modules/api_connections/repository.py","683","execute_sql_query","","    """"""     try:         query = f""""""         SELECT * FROM Servidores_Conexiones         WHERE id = '{_escape_sql(api_id)}'           AND tipo_conexion = 'API_LOCAL'           AND activo = 1         """"""         results = execute_sql_query(             EDARSAHUB_CONFIG['host'], EDARSAHUB_CONFIG['port'],             EDARSAHUB_CONFIG['database'], EDARSAHUB_CONFIG['username'],             EDARSAHUB_CONFIG['password'], query         )         if not results:             return None                  row = results[0] "
"/app/backend/modules/corporate_filters/router.py","55","execute_sql_query","","        ""database"": database,         ""username"": username,         ""password"": password,     }   def q(sql: str) -> List[Dict[str, Any]]:     cfg = get_edarsahub_sql_config()     return execute_sql_query(         cfg[""host""],         cfg[""port""],         cfg[""database""],         cfg[""username""],         cfg[""password""],         sql,         timeout_seconds=45     ) "
"/app/backend/modules/costos_margenes/repository.py","60","execute_sql_query","","        SUM(CASE WHEN MargenBrutoPorcentaje < 20 AND MargenBrutoPorcentaje IS NOT NULL THEN 1 ELSE 0 END) as margen_bajo,         SUM(CASE WHEN CostoReceta IS NULL OR CostoReceta = 0 THEN 1 ELSE 0 END) as sin_costo,         SUM(CASE WHEN PrecioVenta IS NULL OR PrecioVenta = 0 THEN 1 ELSE 0 END) as sin_precio,         MAX(SyncedAtMexico) as ultima_sync,         MAX(SyncRunID) as sync_run_id     FROM Sync_Productos     WHERE Activo = 1 OR Activo IS NULL     """"""     productos_result = execute_sql_query(*conn, productos_query)          # Conteo de insumos     insumos_query = ""SELECT COUNT(*) as total FROM Sync_Productos_Insumos""     insumos_result = execute_sql_query(*conn, insumos_query)          # Conteo de recetas     recetas_query = ""SELECT COUNT(*) as total FROM Sync_Productos_Recetas""     recetas_result = execute_sql_query(*conn, recetas_query) "
"/app/backend/modules/costos_margenes/repository.py","64","execute_sql_query","","        MAX(SyncRunID) as sync_run_id     FROM Sync_Productos     WHERE Activo = 1 OR Activo IS NULL     """"""     productos_result = execute_sql_query(*conn, productos_query)          # Conteo de insumos     insumos_query = ""SELECT COUNT(*) as total FROM Sync_Productos_Insumos""     insumos_result = execute_sql_query(*conn, insumos_query)          # Conteo de recetas     recetas_query = ""SELECT COUNT(*) as total FROM Sync_Productos_Recetas""     recetas_result = execute_sql_query(*conn, recetas_query)          # Conteo de elaborados (subrecetas)     elaborados_query = ""SELECT COUNT(*) as total FROM Sync_Productos_Elaborados""     elaborados_result = execute_sql_query(*conn, elaborados_query) "
"/app/backend/modules/costos_margenes/repository.py","68","execute_sql_query","","    productos_result = execute_sql_query(*conn, productos_query)          # Conteo de insumos     insumos_query = ""SELECT COUNT(*) as total FROM Sync_Productos_Insumos""     insumos_result = execute_sql_query(*conn, insumos_query)          # Conteo de recetas     recetas_query = ""SELECT COUNT(*) as total FROM Sync_Productos_Recetas""     recetas_result = execute_sql_query(*conn, recetas_query)          # Conteo de elaborados (subrecetas)     elaborados_query = ""SELECT COUNT(*) as total FROM Sync_Productos_Elaborados""     elaborados_result = execute_sql_query(*conn, elaborados_query)          p = productos_result[0] if productos_result else {}          return { "
"/app/backend/modules/costos_margenes/repository.py","72","execute_sql_query","","    insumos_result = execute_sql_query(*conn, insumos_query)          # Conteo de recetas     recetas_query = ""SELECT COUNT(*) as total FROM Sync_Productos_Recetas""     recetas_result = execute_sql_query(*conn, recetas_query)          # Conteo de elaborados (subrecetas)     elaborados_query = ""SELECT COUNT(*) as total FROM Sync_Productos_Elaborados""     elaborados_result = execute_sql_query(*conn, elaborados_query)          p = productos_result[0] if productos_result else {}          return {         'total_productos': p.get('total_productos', 0) or 0,         'productos_con_receta': p.get('productos_con_receta', 0) or 0,         'productos_sin_receta': p.get('productos_sin_receta', 0) or 0,         'total_insumos': insumos_result[0].get('total', 0) if insumos_result else 0, "
"/app/backend/modules/costos_margenes/repository.py","186","execute_sql_query","","    where_sql = "" AND "".join(where_clauses)          # Query de conteo total     count_query = f""""""     SELECT COUNT(*) as total     FROM Sync_Productos p     WHERE {where_sql}     """"""     count_result = execute_sql_query(*conn, count_query)     total = count_result[0].get('total', 0) if count_result else 0          # Query de datos con paginación     # NOTA: CostoReceta en Sync_Productos puede estar en 0, así que calculamos     # el costo real sumando CostoTotal de Sync_Productos_Recetas     offset = (page - 1) * page_size     # FASE 1C-3G-B: Incluir TasaImpuesto para validación de pricing     data_query = f"""""" "
"/app/backend/modules/costos_margenes/repository.py","232","execute_sql_query","","        p.SyncedAtMexico as ultima_sincronizacion,         p.Activo as activo     FROM Sync_Productos p     WHERE {where_sql}     ORDER BY p.Nombre     OFFSET {offset} ROWS FETCH NEXT {page_size} ROWS ONLY     """"""          data_result = execute_sql_query(*conn, data_query) or []          # Procesar resultados y calcular márgenes dinámicamente     productos = []     for row in data_result:         precio_venta = _safe_decimal(row.get('precio_venta'), 0) or 0         costo_receta = _safe_decimal(row.get('costo_receta'), 0) or 0                  # Calcular margen dinámicamente si no está en la BD "
"/app/backend/modules/costos_margenes/repository.py","318","execute_sql_query","","        CAST(ServerID AS NVARCHAR(36)) as server_id,         CostoReceta,         SyncRunID,         SyncedAtMexico     FROM Sync_Productos     WHERE ProductoID = '{producto_id}'     OR CodigoFuente = '{producto_id}'     """"""     result = execute_sql_query(*conn, query)     return result[0] if result else None   def get_receta_producto(producto_id: str, server_id: Optional[str] = None) -> Tuple[Dict, List[Dict]]:     """"""     Obtiene la receta completa de un producto.     Fuente: EDARSAHUB SQL (NO-LIVE)     """""" "
"/app/backend/modules/costos_margenes/repository.py","348","execute_sql_query","","                CAST(ServerID AS NVARCHAR(36)) as server_id,                 CostoReceta,                 SyncRunID,                 SyncedAtMexico             FROM Sync_Productos             WHERE CodigoFuente = '{producto_id}'             AND ServerID = '{server_id}'             """"""             result = execute_sql_query(*conn, query)             producto = result[0] if result else None          if not producto:         return None, []          # Obtener componentes de la receta     srv_id = producto.get('server_id')     codigo_fuente = producto.get('CodigoFuente') "
"/app/backend/modules/costos_margenes/repository.py","378","execute_sql_query","","        CAST(r.EsElaborado AS BIT) as es_elaborado,         r.RendimientoElaborado as rendimiento_elaborado     FROM Sync_Productos_Recetas r     WHERE r.ProductoCodigoFuente = '{codigo_fuente}'     AND r.ServerID = '{srv_id}'     ORDER BY r.OrdenVisual, r.ComponenteNombre     """"""          receta_result = execute_sql_query(*conn, receta_query) or []          # Primero calcular el costo total de todos los componentes para el %     costo_total_receta = sum(_safe_decimal(row.get('costo_total'), 0) for row in receta_result)          componentes = []     for row in receta_result:         costo_comp = _safe_decimal(row.get('costo_total'), 0)         # Calcular porcentaje dinámicamente "
"/app/backend/modules/costos_margenes/repository.py","444","execute_sql_query","","        EsElaborado,         RendimientoElaborado,         SyncRunID,         SyncedAtMexico     FROM Sync_Productos_Insumos     WHERE LTRIM(RTRIM(CodigoFuente)) = LTRIM(RTRIM('{codigo_elaborado}'))     {where_srv}     """"""     insumo_result = execute_sql_query(*conn, insumo_query)          if not insumo_result:         # Intentar buscar en Sync_Productos (algunos elaborados pueden estar ahí)         producto_query = f""""""         SELECT TOP 1             CAST(ProductoID AS NVARCHAR(36)) as producto_id,             CodigoFuente,             Nombre, "
"/app/backend/modules/costos_margenes/repository.py","463","execute_sql_query","","            CostoReceta as Costo,             1 as EsElaborado,             SyncRunID,             SyncedAtMexico         FROM Sync_Productos         WHERE LTRIM(RTRIM(CodigoFuente)) = LTRIM(RTRIM('{codigo_elaborado}'))         {where_srv}         """"""         insumo_result = execute_sql_query(*conn, producto_query)                  if insumo_result:             # Si lo encontramos como producto, usar get_receta_producto             return get_receta_producto(codigo_elaborado, server_id)          if not insumo_result:         return None, []      "
"/app/backend/modules/costos_margenes/repository.py","499","execute_sql_query","","    LEFT JOIN Sync_Productos_Insumos i          ON LTRIM(RTRIM(i.CodigoFuente)) = LTRIM(RTRIM(e.ComponenteCodigoFuente))         AND i.ServerID = e.ServerID     WHERE LTRIM(RTRIM(e.InsumoElaboradoCodigoFuente)) = LTRIM(RTRIM('{codigo_elaborado}'))     AND CAST(e.ServerID AS NVARCHAR(36)) = '{srv_id}'     ORDER BY e.ComponenteNombre     """"""          elaborado_result = execute_sql_query(*conn, elaborado_query) or []          # Calcular costo total y porcentajes     costo_total = sum(_safe_decimal(row.get('costo_total'), 0) for row in elaborado_result)          componentes = []     for row in elaborado_result:         costo_comp = _safe_decimal(row.get('costo_total'), 0)         porcentaje = round((costo_comp / costo_total * 100), 2) if costo_total > 0 else 0 "
"/app/backend/modules/costos_margenes/repository.py","599","execute_sql_query","","    conn = _get_edarsahub_connection()          # Último sync     sync_query = """"""     SELECT TOP 1 SyncRunID, SyncedAtMexico     FROM Sync_Productos     ORDER BY SyncedAtMexico DESC     """"""     sync_result = execute_sql_query(*conn, sync_query)          # Conteos por tabla     tablas = [         'Sync_Productos',         'Sync_Productos_Familias',         'Sync_Productos_SubFamilias',         'Sync_Productos_Insumos',         'Sync_Productos_Recetas', "
"/app/backend/modules/costos_margenes/repository.py","615","execute_sql_query","","        'Sync_Productos_Recetas',         'Sync_Productos_Elaborados'     ]          conteos_tabla = []     total_registros = 0     for tabla in tablas:         count_query = f""SELECT COUNT(*) as cnt FROM {tabla}""         result = execute_sql_query(*conn, count_query)         cnt = result[0].get('cnt', 0) if result else 0         total_registros += cnt         conteos_tabla.append({'tabla': tabla, 'registros': cnt})          # Conteos por sistema     sistema_query = """"""     SELECT SystemType as sistema, COUNT(*) as cnt     FROM Sync_Productos "
"/app/backend/modules/costos_margenes/repository.py","626","execute_sql_query","","        conteos_tabla.append({'tabla': tabla, 'registros': cnt})          # Conteos por sistema     sistema_query = """"""     SELECT SystemType as sistema, COUNT(*) as cnt     FROM Sync_Productos     GROUP BY SystemType     """"""     sistema_result = execute_sql_query(*conn, sistema_query) or []     conteos_sistema = [{'sistema': r['sistema'], 'registros': r['cnt']} for r in sistema_result]          # Conteos por servidor     servidor_query = """"""     SELECT          CAST(p.ServerID AS NVARCHAR(36)) as servidor_id,         p.SystemType as sistema,         COUNT(*) as cnt "
"/app/backend/modules/costos_margenes/repository.py","638","execute_sql_query","","    servidor_query = """"""     SELECT          CAST(p.ServerID AS NVARCHAR(36)) as servidor_id,         p.SystemType as sistema,         COUNT(*) as cnt     FROM Sync_Productos p     GROUP BY p.ServerID, p.SystemType     """"""     servidor_result = execute_sql_query(*conn, servidor_query) or []     conteos_servidor = [         {             'servidor_id': r['servidor_id'],             'servidor_nombre': None,  # Podría obtenerse de tabla Servidores             'sistema': r['sistema'],             'registros': r['cnt']         }          for r in servidor_result "
"/app/backend/modules/costos_margenes/repository.py","707","execute_sql_query","","        system_type,         activo,         orden     FROM Unidades_Negocio     WHERE activo = 1     ORDER BY orden, nombre     """"""          result = execute_sql_query(*conn, query)          unidades = []     for row in result or []:         unidades.append({             'id': row.get('id'),             'codigo': row.get('codigo', ''),             'nombre': row.get('nombre', ''),             'server_id': row.get('server_id', ''), "
"/app/backend/modules/costos_margenes/repository.py","759","execute_sql_query","","        FamiliaNombre as familia,         COUNT(*) as total_productos     FROM Sync_Productos     {where_clause}     GROUP BY FamiliaNombre     ORDER BY FamiliaNombre     """"""          result = execute_sql_query(*conn, query)          familias = []     for row in result or []:         familias.append({             'familia': row.get('familia', ''),             'codigo': '',             'total_productos': row.get('total_productos', 0)         }) "
"/app/backend/modules/costos_margenes/repository.py","804","execute_sql_query","","        SubFamiliaNombre as subfamilia,         COUNT(*) as total_productos     FROM Sync_Productos     {where_clause}     GROUP BY FamiliaNombre, SubFamiliaNombre     ORDER BY FamiliaNombre, SubFamiliaNombre     """"""          result = execute_sql_query(*conn, query)          subfamilias = []     for row in result or []:         subfamilias.append({             'familia': row.get('familia', ''),             'subfamilia': row.get('subfamilia', ''),             'codigo': '',             'total_productos': row.get('total_productos', 0) "
"/app/backend/modules/costos_margenes/routes.py","101","execute_sql_query","","    try:         # Buscar el UsuarioID por email o PublicUUID         user_query = f""""""         SELECT UsuarioID          FROM Usuario_Catalogo          WHERE (Email = '{email}' OR LOWER(CAST(PublicUUID AS VARCHAR(36))) = '{user_id.lower()}')         AND Activo = 1         """"""         user_result = execute_sql_query(*conn, user_query)                  if not user_result:             logger.warning(f""[RBAC] Usuario {email} no encontrado en Usuario_Catalogo"")             return [], False  # Sin acceso si no está en catálogo                  usuario_id_sql = user_result[0].get('UsuarioID')                  # Obtener servidores asignados "
"/app/backend/modules/costos_margenes/routes.py","116","execute_sql_query","","                 # Obtener servidores asignados         servers_query = f""""""         SELECT CAST(sa.ServidorID AS NVARCHAR(36)) as server_id         FROM Usuario_ServidoresAsignacion sa         WHERE sa.UsuarioID = {usuario_id_sql}         AND sa.Activo = 1         """"""         servers_result = execute_sql_query(*conn, servers_query) or []                  server_ids = [r.get('server_id') for r in servers_result if r.get('server_id')]                  # Si tiene 0 asignaciones, es corporativo (ve todo)         if len(server_ids) == 0:             logger.info(f""[RBAC] Usuario {email} tiene 0 asignaciones → acceso corporativo"")             return [], True          "
"/app/backend/modules/costos_margenes/repository_precios.py","103","execute_sql_query","","        p.MargenBrutoPorcentaje,         p.MargenObjetivo,         p.SyncRunID     FROM Sync_Productos p     WHERE REPLACE(CAST(p.ProductoID AS VARCHAR(50)), '-', '') = '{prod_id_clean}'     AND REPLACE(CAST(p.ServerID AS VARCHAR(50)), '-', '') = '{server_id_clean}'     """"""          result = execute_sql_query(*conn, query)          if not result:         return None          r = result[0]     return {         'producto_id': str(r['ProductoID']),         'codigo_producto': r['CodigoFuente'], "
"/app/backend/modules/costos_margenes/repository_precios.py","246","execute_sql_query","","        N'{impacto_escaped}',         {sync_run},         '{usuario_id}',         '{usuario_email}',         {ip_val}     )     """"""          execute_sql_query(*conn, query)     return simulacion_id   # ==================== SOLICITUDES ====================  def crear_solicitud_cambio_precio(     producto_id: str,     server_id: str, "
"/app/backend/modules/costos_margenes/repository_precios.py","330","execute_sql_query","","        {margen_obj_sql},         {sync_run}, {fecha_costo},         N'{motivo_escaped}', {justif_sql}, 'BORRADOR',         '{usuario_id}', '{usuario_email}', {usuario_nombre_sql},         {ip_sql}     )     """"""          execute_sql_query(*conn, query)          # Registrar en historial     _registrar_historial(         conn, solicitud_id, 'CREAR', None, 'BORRADOR',         usuario_id, usuario_email, usuario_nombre,         'Solicitud creada', None, None, ip     )      "
"/app/backend/modules/costos_margenes/repository_precios.py","355","execute_sql_query","","    """"""Obtiene una solicitud por ID.""""""     conn = _get_edarsahub_connection()          query = f""""""     SELECT * FROM Comercial_SolicitudesCambioPrecio     WHERE SolicitudID = '{solicitud_id}'     """"""          result = execute_sql_query(*conn, query)     if not result:         return None          return _mapear_solicitud(result[0])   def listar_solicitudes(     estatus: Optional[str] = None, "
"/app/backend/modules/costos_margenes/repository_precios.py","385","execute_sql_query","","    if solicitante_id:         where_clauses.append(f""SolicitanteUsuarioID = '{solicitante_id}'"")          where_sql = "" AND "".join(where_clauses)     offset = (page - 1) * page_size          # Contar total     count_query = f""SELECT COUNT(*) as total FROM Comercial_SolicitudesCambioPrecio WHERE {where_sql}""     count_result = execute_sql_query(*conn, count_query)     total = count_result[0]['total'] if count_result else 0          # Obtener página     query = f""""""     SELECT          SolicitudID, FolioSolicitud, CodigoProducto, NombreProducto,         SystemType, PrecioActual, PrecioSolicitado, VariacionPorcentaje,         Estatus, SolicitanteEmail, FechaSolicitud, FechaAutorizacion, AutorizadorEmail "
"/app/backend/modules/costos_margenes/repository_precios.py","400","execute_sql_query","","        SystemType, PrecioActual, PrecioSolicitado, VariacionPorcentaje,         Estatus, SolicitanteEmail, FechaSolicitud, FechaAutorizacion, AutorizadorEmail     FROM Comercial_SolicitudesCambioPrecio     WHERE {where_sql}     ORDER BY FechaCreacion DESC     OFFSET {offset} ROWS FETCH NEXT {page_size} ROWS ONLY     """"""          result = execute_sql_query(*conn, query)          solicitudes = []     for r in result:         solicitudes.append({             'solicitud_id': str(r['SolicitudID']),             'folio_solicitud': r['FolioSolicitud'],             'codigo_producto': r['CodigoProducto'],             'nombre_producto': r['NombreProducto'], "
"/app/backend/modules/costos_margenes/repository_precios.py","512","execute_sql_query","","        ])          update_query = f""""""     UPDATE Comercial_SolicitudesCambioPrecio     SET {"", "".join(set_clauses)}     WHERE SolicitudID = '{solicitud_id}'     """"""          execute_sql_query(*conn, update_query)          # Registrar historial     _registrar_historial(         conn, solicitud_id, accion, estatus_actual, nuevo_estatus,         usuario_id, usuario_email, usuario_nombre,         comentario, estatus_actual, nuevo_estatus, ip     )      "
"/app/backend/modules/costos_margenes/repository_precios.py","543","execute_sql_query","","        HistorialID, Accion, EstatusAnterior, EstatusNuevo,         UsuarioEmail, UsuarioNombre, Comentario,         ValorAnterior, ValorNuevo, FechaAccion     FROM Comercial_SolicitudesCambioPrecioHistorial     WHERE SolicitudID = '{solicitud_id}'     ORDER BY FechaAccion ASC     """"""          result = execute_sql_query(*conn, query)          historial = []     for r in result:         historial.append({             'historial_id': str(r['HistorialID']),             'accion': r['Accion'],             'estatus_anterior': r.get('EstatusAnterior'),             'estatus_nuevo': r['EstatusNuevo'], "
"/app/backend/modules/costos_margenes/repository_precios.py","649","execute_sql_query","","    ) VALUES (         '{historial_id}', '{solicitud_id}', '{accion}',         {estatus_ant_sql}, '{estatus_nuevo}',         '{usuario_id}', '{usuario_email}', {nombre_sql},         {comentario_sql}, {val_ant_sql}, {val_nuevo_sql}, {ip_sql}     )     """"""          execute_sql_query(*conn, query) "
"/app/backend/modules/rh/importador/repository.py","79","execute_sql_query","","    )     if server:         _server_cache = server     return server   def execute_hub_query(server: Dict, query: str) -> List[Dict]:     """"""Ejecuta una query en el servidor EDARSA HUB.""""""     return execute_sql_query(         server['host'],         server['port'],         server['database'],         server['username'],         server['password'],         query     )  "
"/app/backend/modules/rh/repository.py","183","execute_sql_query","","         Args:         server: Configuración del servidor         query: Query SQL a ejecutar              Returns:         Lista de diccionarios con los resultados     """"""     return execute_sql_query(         server['host'],         server['port'],         server['database'],         server['username'],         server['password'],         query     )  "
"/app/backend/modules/configuracion/services/almacenes_sync_service.py","174","execute_sql_query","","            return result                  logger.info(f""[Sync Almacenes] Ejecutando query {system_type} para {unidad_negocio_id}"")                  # =====================================================================         # PASO 4: Ejecutar consulta SQL         # =====================================================================         try:             almacenes_origen = execute_sql_query(                 server['host'],                 server['port'],                 server['database'],                 server['username'],                 server['password'],                 query             )              "
"/app/backend/modules/consultas_sql/repository.py","63","execute_sql_query","","            connection_provider: Dict con credenciales de conexión.                                 Si None, usa EDARSAHUB_CONFIG.         """"""         self._config = connection_provider or EDARSAHUB_CONFIG         self._validator = get_validator()          def _execute(self, query: str) -> List[Dict]:         """"""Ejecuta una query contra EDARSAHUB.""""""         return execute_sql_query(             host=self._config['host'],             port=self._config['port'],             database=self._config['database'],             username=self._config['username'],             password=self._config['password'],             query=query         )      "
"/app/backend/modules/consultas_sql/routes.py","353","execute_sql_query","","            UsuarioCreacionID         FROM ConsultasSQL_Versiones         WHERE ConsultaID = {consulta.consulta_id}         ORDER BY Version DESC         """"""                  from core.db import execute_sql_query         from core.server_registry import EDARSAHUB_CONFIG         versiones_rows = execute_sql_query(             EDARSAHUB_CONFIG['host'],             EDARSAHUB_CONFIG['port'],             EDARSAHUB_CONFIG['database'],             EDARSAHUB_CONFIG['username'],             EDARSAHUB_CONFIG['password'],             versiones_query         )          "
"/app/backend/modules/consultas_sql/routes.py","445","execute_sql_query","","        INNER JOIN Servidores_Conexiones SC ON SC.ServidorID = CS.ServidorID         LEFT JOIN Sistema_Empresas E ON E.EmpresaID = CS.EmpresaID         WHERE CS.ConsultaID = {consulta.consulta_id}         ORDER BY CS.Prioridad, SC.Nombre         """"""                  from core.db import execute_sql_query         from core.server_registry import EDARSAHUB_CONFIG         servidores_rows = execute_sql_query(             EDARSAHUB_CONFIG['host'],             EDARSAHUB_CONFIG['port'],             EDARSAHUB_CONFIG['database'],             EDARSAHUB_CONFIG['username'],             EDARSAHUB_CONFIG['password'],             servidores_query         )          "
"/app/backend/modules/consultas_sql/routes.py","819","execute_sql_query","","        MAX_ROWS = 5000         limit = min(request.limit, MAX_ROWS)         sql_upper = sql_final.upper().strip()         if sql_upper.startswith('SELECT') and 'TOP' not in sql_upper[:50]:             sql_final = sql_final.replace('SELECT', f'SELECT TOP {limit}', 1)                  # 14. Ejecutar consulta         try:             rows = execute_sql_query(                 host=server_info['host'],                 port=server_info['port'],                 database=server_info['database'],                 username=server_info['username'],                 password=server_info['password'],                 query=sql_final             )         except Exception as exec_error: "
"/app/backend/modules/catalogos/repository.py","54","execute_sql_query","","        'database': EDARSAHUB_CONFIG['database'],         'username': EDARSAHUB_CONFIG['username'],         'password': EDARSAHUB_CONFIG['password'],     }   def execute_edarsa_query(server: Dict, query: str) -> List[Dict]:     """"""Ejecuta una query en EDARSA HUB.""""""     return execute_sql_query(         server['host'],         server['port'],         server['database'],         server['username'],         server['password'],         query     )  "
"/app/backend/modules/catalogos/routes.py","89","execute_sql_query","@router.get(""/sistemas"")","                WHEN 'ACTIVO' THEN 2                  WHEN 'INACTIVO' THEN 3                  ELSE 4              END,             SistemaID     """"""          try:         rows = execute_sql_query(             '54.39.104.176', 1433, 'EDARSAHUB', 'HRLectura', 'National09$',             query         )         return {""success"": True, ""data"": rows or []}     except Exception as e:         return {""success"": False, ""error"": str(e), ""data"": []}   "
"/app/backend/modules/catalogos/routes.py","118","execute_sql_query","@router.get(""/sistemas/activos"")","    query = """"""         SELECT SistemaID, Codigo, Descripcion         FROM Sistema_Catalogo         WHERE Activo = 1 AND Estado = 'ACTIVO'         ORDER BY Descripcion     """"""          try:         rows = execute_sql_query(             '54.39.104.176', 1433, 'EDARSAHUB', 'HRLectura', 'National09$',             query         )                  # Determinar permisos del usuario para mostrar opción ""+ Nuevo""         puede_crear = _tiene_permiso_sistemas(current_user, PERM_SISTEMAS_CREAR)         puede_solicitar = _tiene_permiso_sistemas(current_user, PERM_SISTEMAS_SOLICITAR)          "
"/app/backend/modules/catalogos/routes.py","170","execute_sql_query","@router.post(""/sistemas/solicitar"")","    codigo = descripcion.upper().replace(' ', '_')[:20]          # Verificar duplicados     check_query = f""""""         SELECT COUNT(*) as cnt FROM Sistema_Catalogo          WHERE Descripcion = '{descripcion.replace(""'"", ""''"")}'     """"""     try:         result = execute_sql_query(             '54.39.104.176', 1433, 'EDARSAHUB', 'HRLectura', 'National09$',             check_query         )         if result and result[0].get('cnt', 0) > 0:             raise HTTPException(status_code=400, detail=""Ya existe un sistema con esa descripción"")                  user_email = current_user.get('email', 'unknown')          "
"/app/backend/modules/catalogos/routes.py","185","execute_sql_query","","        user_email = current_user.get('email', 'unknown')                  # Insertar como PENDIENTE         insert_query = f""""""             INSERT INTO Sistema_Catalogo (Codigo, Descripcion, Activo, Estado, SolicitadoPorEmail, FechaSolicitud)             OUTPUT INSERTED.SistemaID             VALUES ('{codigo}', '{descripcion.replace(""'"", ""''"")}', 0, 'PENDIENTE', '{user_email}', SYSDATETIME())         """"""         result = execute_sql_query(             '54.39.104.176', 1433, 'EDARSAHUB', 'HRLectura', 'National09$',             insert_query         )         nuevo_id = result[0].get('SistemaID') if result else None                  return {             ""success"": True,              ""message"": ""Solicitud enviada para autorización"", "
"/app/backend/modules/catalogos/routes.py","235","execute_sql_query","@router.post(""/sistemas"")","        codigo = descripcion.upper().replace(' ', '_')[:20]          # Verificar duplicados     check_query = f""""""         SELECT COUNT(*) as cnt FROM Sistema_Catalogo          WHERE Codigo = '{codigo}' OR Descripcion = '{descripcion.replace(""'"", ""''"")}'     """"""     try:         result = execute_sql_query(             '54.39.104.176', 1433, 'EDARSAHUB', 'HRLectura', 'National09$',             check_query         )         if result and result[0].get('cnt', 0) > 0:             raise HTTPException(status_code=400, detail=""Ya existe un sistema con ese código o descripción"")                  user_email = current_user.get('email', 'unknown')          "
"/app/backend/modules/catalogos/routes.py","250","execute_sql_query","","        user_email = current_user.get('email', 'unknown')                  # Insertar como ACTIVO         insert_query = f""""""             INSERT INTO Sistema_Catalogo (Codigo, Descripcion, Activo, Estado, SolicitadoPorEmail, FechaSolicitud, AutorizadoPorEmail, FechaAutorizacion)             OUTPUT INSERTED.SistemaID, INSERTED.Codigo, INSERTED.Descripcion             VALUES ('{codigo}', '{descripcion.replace(""'"", ""''"")}', 1, 'ACTIVO', '{user_email}', SYSDATETIME(), '{user_email}', SYSDATETIME())         """"""         result = execute_sql_query(             '54.39.104.176', 1433, 'EDARSAHUB', 'HRLectura', 'National09$',             insert_query         )                  if result:             nuevo = result[0]             return {                 ""success"": True,  "
"/app/backend/modules/catalogos/routes.py","302","execute_sql_query","@router.put(""/sistemas/{sistema_id}"")","        raise HTTPException(status_code=400, detail=""Descripción es obligatoria"")          # Verificar duplicados (excepto el actual)     check_query = f""""""         SELECT COUNT(*) as cnt FROM Sistema_Catalogo          WHERE Descripcion = '{descripcion}' AND SistemaID <> {sistema_id}     """"""     try:         result = execute_sql_query(             '54.39.104.176', 1433, 'EDARSAHUB', 'HRLectura', 'National09$',             check_query         )         if result and result[0].get('cnt', 0) > 0:             raise HTTPException(status_code=400, detail=""Ya existe otro sistema con esa descripción"")                  # Actualizar         update_query = f"""""" "
"/app/backend/modules/catalogos/routes.py","315","execute_sql_query","","            raise HTTPException(status_code=400, detail=""Ya existe otro sistema con esa descripción"")                  # Actualizar         update_query = f""""""             UPDATE Sistema_Catalogo              SET Descripcion = '{descripcion}', FechaActualizacion = SYSDATETIME()             WHERE SistemaID = {sistema_id}         """"""         execute_sql_query(             '54.39.104.176', 1433, 'EDARSAHUB', 'HRLectura', 'National09$',             update_query         )                  return {""success"": True, ""message"": ""Sistema actualizado""}     except HTTPException:         raise     except Exception as e: "
"/app/backend/modules/catalogos/routes.py","346","execute_sql_query","","    from core.db import execute_sql_query          if not _tiene_permiso_sistemas(current_user, PERM_SISTEMAS_ACTIVAR):         raise HTTPException(status_code=403, detail=""Sin permisos para activar/inactivar sistemas"")          try:         # Obtener estado actual         get_query = f""SELECT Activo, Estado FROM Sistema_Catalogo WHERE SistemaID = {sistema_id}""         result = execute_sql_query(             '54.39.104.176', 1433, 'EDARSAHUB', 'HRLectura', 'National09$',             get_query         )                  if not result:             raise HTTPException(status_code=404, detail=""Sistema no encontrado"")                  nuevo_activo = 0 if result[0].get('Activo') else 1 "
"/app/backend/modules/catalogos/routes.py","367","execute_sql_query","","        # Actualizar         update_query = f""""""             UPDATE Sistema_Catalogo              SET Activo = {nuevo_activo},                  Estado = '{nuevo_estado}',                 FechaActualizacion = SYSDATETIME()             WHERE SistemaID = {sistema_id}         """"""         execute_sql_query(             '54.39.104.176', 1433, 'EDARSAHUB', 'HRLectura', 'National09$',             update_query         )                  estado_texto = ""activado"" if nuevo_activo else ""inactivado""         return {""success"": True, ""message"": f""Sistema {estado_texto}"", ""activo"": bool(nuevo_activo), ""estado"": nuevo_estado}     except HTTPException:         raise "
"/app/backend/modules/catalogos/routes.py","399","execute_sql_query","","    from core.db import execute_sql_query          if not _tiene_permiso_sistemas(current_user, PERM_SISTEMAS_AUTORIZAR):         raise HTTPException(status_code=403, detail=""Sin permisos para autorizar sistemas"")          try:         # Verificar que existe y está pendiente         get_query = f""SELECT Estado, Descripcion FROM Sistema_Catalogo WHERE SistemaID = {sistema_id}""         result = execute_sql_query(             '54.39.104.176', 1433, 'EDARSAHUB', 'HRLectura', 'National09$',             get_query         )                  if not result:             raise HTTPException(status_code=404, detail=""Sistema no encontrado"")                  if result[0].get('Estado') != 'PENDIENTE': "
"/app/backend/modules/catalogos/routes.py","423","execute_sql_query","","            UPDATE Sistema_Catalogo              SET Activo = 1,                  Estado = 'ACTIVO',                 AutorizadoPorEmail = '{user_email}',                 FechaAutorizacion = SYSDATETIME(),                 FechaActualizacion = SYSDATETIME()             WHERE SistemaID = {sistema_id}         """"""         execute_sql_query(             '54.39.104.176', 1433, 'EDARSAHUB', 'HRLectura', 'National09$',             update_query         )                  return {             ""success"": True,              ""message"": f""Sistema '{descripcion}' autorizado exitosamente"",             ""estado"": ""ACTIVO"" "
"/app/backend/modules/catalogos/routes.py","458","execute_sql_query","","    from core.db import execute_sql_query          if not _tiene_permiso_sistemas(current_user, PERM_SISTEMAS_AUTORIZAR):         raise HTTPException(status_code=403, detail=""Sin permisos para rechazar sistemas"")          try:         # Verificar que existe y está pendiente         get_query = f""SELECT Estado, Descripcion FROM Sistema_Catalogo WHERE SistemaID = {sistema_id}""         result = execute_sql_query(             '54.39.104.176', 1433, 'EDARSAHUB', 'HRLectura', 'National09$',             get_query         )                  if not result:             raise HTTPException(status_code=404, detail=""Sistema no encontrado"")                  if result[0].get('Estado') != 'PENDIENTE': "
"/app/backend/modules/catalogos/routes.py","482","execute_sql_query","","            UPDATE Sistema_Catalogo              SET Activo = 0,                  Estado = 'RECHAZADO',                 AutorizadoPorEmail = '{user_email}',                 FechaAutorizacion = SYSDATETIME(),                 FechaActualizacion = SYSDATETIME()             WHERE SistemaID = {sistema_id}         """"""         execute_sql_query(             '54.39.104.176', 1433, 'EDARSAHUB', 'HRLectura', 'National09$',             update_query         )                  return {             ""success"": True,              ""message"": f""Sistema '{descripcion}' rechazado"",             ""estado"": ""RECHAZADO"" "
"/app/backend/modules/sync_historicos/service.py","144","execute_sql_query","","            SELECT                  ISNULL(SUM(total), 0) as venta_total,                 COUNT(DISTINCT folio) as num_tickets             FROM cheques             WHERE cancelado = 0               AND CAST(fecha AS DATE) = '{fecha_str}'             """"""                          result = execute_sql_query(                 server_info['host'],                 server_info['port'],                 server_info['database'],                 server_info['username'],                 server_info['password'],                 query_simple             )              "
"/app/backend/modules/sync_historicos/service.py","202","execute_sql_query","","            SELECT                  ISNULL(SUM(Vn_Precio_Neto_Importe), 0) as venta_total,                 COUNT(DISTINCT Vn_Folio) as num_tickets             FROM Venta             WHERE Es_Cve_Estado = 'AC'               AND CAST(Vn_Fecha AS DATE) = '{fecha_str}'             """"""                          result = execute_sql_query(                 server_info['host'],                 server_info['port'],                 server_info['database'],                 server_info['username'],                 server_info['password'],                 query             )              "
"/app/backend/modules/sync_historicos/service.py","510","execute_sql_query","","                COUNT(DISTINCT folio) as num_tickets             FROM cheques             WHERE cancelado = 0               AND CAST(fecha AS DATE) = '{fecha_str}'             GROUP BY DATEPART(HOUR, fecha)             ORDER BY hora             """"""                          result = execute_sql_query(                 server_info['host'],                 server_info['port'],                 server_info['database'],                 server_info['username'],                 server_info['password'],                 query             )              "
"/app/backend/modules/sync_historicos/service.py","573","execute_sql_query","","                COUNT(DISTINCT Vn_Folio) as num_tickets             FROM Venta             WHERE Es_Cve_Estado = 'AC'               AND CAST(Vn_Fecha AS DATE) = '{fecha_str}'             GROUP BY DATEPART(HOUR, Fecha_Alta)             ORDER BY hora             """"""                          result = execute_sql_query(                 server_info['host'],                 server_info['port'],                 server_info['database'],                 server_info['username'],                 server_info['password'],                 query             )              "
"/app/backend/modules/sync_historicos/repository.py","61","execute_sql_query","","                 Args:             connection_config: Configuración de conexión (default: EDARSAHUB_CONFIG)         """"""         self._config = connection_config or EDARSAHUB_CONFIG          def _execute(self, query: str) -> List[Dict]:         """"""Ejecuta una query SQL.""""""         return execute_sql_query(             self._config['host'],             self._config['port'],             self._config['database'],             self._config['username'],             self._config['password'],             query         )      "
"/app/backend/modules/sync_historicos/sync_ventas.py","149","execute_sql_query","","        'Sync_Ventas_PorHora',         'Sync_Ventas_PorDiaSemana',         'Sync_Control_Ejecuciones'     ]          try:         for tabla in tablas_esperadas:             query = f""SELECT 1 FROM INFORMATION_SCHEMA.TABLES WHERE TABLE_NAME = '{tabla}'""             result = execute_sql_query(                 EDARSAHUB_CONFIG['host'],                 EDARSAHUB_CONFIG['port'],                 EDARSAHUB_CONFIG['database'],                 EDARSAHUB_CONFIG['username'],                 EDARSAHUB_CONFIG['password'],                 query             )             if result: "
"/app/backend/modules/sync_historicos/sync_ventas.py","164","execute_sql_query","","            )             if result:                 estado['tablas_existentes'].append(tabla)             else:                 estado['tablas_faltantes'].append(tabla)                  # Contar registros si existen las tablas         if 'Sync_Ventas_Historicas' in estado['tablas_existentes']:             count = execute_sql_query(                 EDARSAHUB_CONFIG['host'],                 EDARSAHUB_CONFIG['port'],                 EDARSAHUB_CONFIG['database'],                 EDARSAHUB_CONFIG['username'],                 EDARSAHUB_CONFIG['password'],                 ""SELECT COUNT(*) as total FROM Sync_Ventas_Historicas""             )             estado['registros_sync_ventas'] = count[0]['total'] if count else 0 "
"/app/backend/modules/sync_historicos/sync_ventas.py","175","execute_sql_query","","                EDARSAHUB_CONFIG['database'],                 EDARSAHUB_CONFIG['username'],                 EDARSAHUB_CONFIG['password'],                 ""SELECT COUNT(*) as total FROM Sync_Ventas_Historicas""             )             estado['registros_sync_ventas'] = count[0]['total'] if count else 0                  if 'Sync_Ventas_PorHora' in estado['tablas_existentes']:             count = execute_sql_query(                 EDARSAHUB_CONFIG['host'],                 EDARSAHUB_CONFIG['port'],                 EDARSAHUB_CONFIG['database'],                 EDARSAHUB_CONFIG['username'],                 EDARSAHUB_CONFIG['password'],                 ""SELECT COUNT(*) as total FROM Sync_Ventas_PorHora""             )             estado['registros_sync_por_hora'] = count[0]['total'] if count else 0 "
"/app/backend/modules/sync_historicos/sync_ventas.py","186","execute_sql_query","","                EDARSAHUB_CONFIG['database'],                 EDARSAHUB_CONFIG['username'],                 EDARSAHUB_CONFIG['password'],                 ""SELECT COUNT(*) as total FROM Sync_Ventas_PorHora""             )             estado['registros_sync_por_hora'] = count[0]['total'] if count else 0                  if 'Sync_Ventas_PorDiaSemana' in estado['tablas_existentes']:             count = execute_sql_query(                 EDARSAHUB_CONFIG['host'],                 EDARSAHUB_CONFIG['port'],                 EDARSAHUB_CONFIG['database'],                 EDARSAHUB_CONFIG['username'],                 EDARSAHUB_CONFIG['password'],                 ""SELECT COUNT(*) as total FROM Sync_Ventas_PorDiaSemana""             )             estado['registros_sync_por_dia_semana'] = count[0]['total'] if count else 0 "
"/app/backend/modules/comercial_v2/sync_comercial_edarsahub.py","94","execute_sql_query","","        password_encrypted,         system_type,         activo     FROM Servidores_Conexiones     WHERE id = '{server_id}'     """"""          try:         result = execute_sql_query(             EDARSAHUB_CONFIG['host'],             EDARSAHUB_CONFIG['port'],             EDARSAHUB_CONFIG['database'],             EDARSAHUB_CONFIG['username'],             EDARSAHUB_CONFIG['password'],             query         )         if not result: "
"/app/backend/modules/comercial_v2/sync_comercial_edarsahub.py","163","execute_sql_query","","        password = server_config.get('password', '')                  # Verificar primero si el servidor está en cooldown         from core.db import is_server_offline_in_memory         if is_server_offline_in_memory(host):             logger.warning(f""Servidor {host} en cooldown - marcado como OFFLINE"")             return [], ConnectionStatus.OFFLINE                  result = execute_sql_query(             host,             port,             database,             username,             password,             query         )          "
"/app/backend/modules/comercial_v2/sync_comercial_edarsahub.py","184","execute_sql_query","","                 # Si obtuvimos resultados, claramente está ONLINE         if result:             return result, ConnectionStatus.ONLINE                  # Si no hay resultados, validamos con una query simple         # para diferenciar ""sin datos"" de ""sin conexión""         test_query = ""SELECT 1 AS test""         test_result = execute_sql_query(host, port, database, username, password, test_query)                  if test_result:             return [], ConnectionStatus.ONLINE  # Conexión OK, solo no hay datos         else:             logger.warning(f""Servidor {host} no respondió a query de prueba - marcado como OFFLINE"")             return [], ConnectionStatus.OFFLINE              except Exception as e: "
"/app/backend/modules/comercial_v2/carga_historica_abril_2026.py","177","get_server_connection","","    total_errores: int = 0     duracion_total_segundos: int = 0   # ============================================================================= # OBTENER CONEXIÓN DE SERVIDOR # =============================================================================  def get_server_connection(server_id: str) -> Optional[Dict[str, Any]]:     """"""     Obtiene la configuración de conexión usando EDARSAHUB + decrypt_secret.     Esta es la forma HOMOLOGADA de obtener conexiones.     """"""     query = f""""""     SELECT          id,         nombre, "
"/app/backend/modules/comercial_v2/carga_historica_abril_2026.py","198","execute_sql_query","","        password_encrypted,         system_type,         activo     FROM Servidores_Conexiones     WHERE id = '{server_id}'     """"""          try:         result = execute_sql_query(             EDARSAHUB_CONFIG['host'],             EDARSAHUB_CONFIG['port'],             EDARSAHUB_CONFIG['database'],             EDARSAHUB_CONFIG['username'],             EDARSAHUB_CONFIG['password'],             query         )         if not result: "
"/app/backend/modules/comercial_v2/carga_historica_abril_2026.py","301","get_server_connection","","        server_id=unidad['server_id'],         sistema_origen='SOFTRESTAURANT',         rango_procesado=f""{fecha_inicio.isoformat()} a {fecha_fin.isoformat()}""     )          start_time = time.time()          # Obtener conexión     server = get_server_connection(unidad['server_id'])     if not server:         reporte.errores = 1         reporte.errores_detalle.append(""No se pudo obtener configuración del servidor"")         return reporte          # Construir query     query = QUERY_SOFTRESTAURANT_ABRIL.format(         fecha_inicio=fecha_inicio.isoformat(), "
"/app/backend/modules/comercial_v2/carga_historica_abril_2026.py","316","execute_sql_query","","    query = QUERY_SOFTRESTAURANT_ABRIL.format(         fecha_inicio=fecha_inicio.isoformat(),         fecha_fin=fecha_fin.isoformat()     )     reporte.query_ejecutada = query[:200] + ""...""          # Ejecutar query en origen     try:         rows = execute_sql_query(             server['host'],             server['port'],             server['database_name'],             server['username'],             server['password'],             query         )     except Exception as e: "
"/app/backend/modules/comercial_v2/carga_historica_abril_2026.py","469","get_server_connection","","        server_id=unidad['server_id'],         sistema_origen='MPRO',         rango_procesado=f""{fecha_inicio.isoformat()} a {fecha_fin.isoformat()}""     )          start_time = time.time()          # Obtener conexión     server = get_server_connection(unidad['server_id'])     if not server:         reporte.errores = 1         reporte.errores_detalle.append(""No se pudo obtener configuración del servidor"")         return reporte          # Construir query con sucursal     query = QUERY_MPRO_ABRIL.format(         fecha_inicio=fecha_inicio.isoformat(), "
"/app/backend/modules/comercial_v2/carga_historica_abril_2026.py","485","execute_sql_query","","        fecha_inicio=fecha_inicio.isoformat(),         fecha_fin=fecha_fin.isoformat(),         sucursal_id=unidad['sucursal_id']     )     reporte.query_ejecutada = query[:200] + ""...""          # Ejecutar query en origen     try:         rows = execute_sql_query(             server['host'],             server['port'],             server['database_name'],             server['username'],             server['password'],             query         )     except Exception as e: "
"/app/backend/modules/comercial_v2/carga_historica_abril_2026.py","646","execute_sql_query","","        pax_total     FROM Comercial_KPIs_Diarios_v2     WHERE unidad_negocio_id = '{unidad_id}'       AND fecha_operacion = '2026-04-30'       AND activo = 1     """"""          try:         result = execute_sql_query(             EDARSAHUB_CONFIG['host'],             EDARSAHUB_CONFIG['port'],             EDARSAHUB_CONFIG['database'],             EDARSAHUB_CONFIG['username'],             EDARSAHUB_CONFIG['password'],             query         )          "
"/app/backend/modules/comercial_v2/carga_historica_abril_2026.py","721","execute_sql_query","","        MAX(fecha_operacion) as fecha_max     FROM Comercial_KPIs_Diarios_v2     WHERE unidad_negocio_id = '{unidad_id}'       AND fecha_operacion BETWEEN '2026-04-01' AND '2026-04-30'       AND activo = 1     """"""          try:         result = execute_sql_query(             EDARSAHUB_CONFIG['host'],             EDARSAHUB_CONFIG['port'],             EDARSAHUB_CONFIG['database'],             EDARSAHUB_CONFIG['username'],             EDARSAHUB_CONFIG['password'],             query         )          "
"/app/backend/modules/comercial_v2/carga_historica_abril_2026.py","852","execute_sql_query","","        COUNT(*) as count     FROM Comercial_KPIs_Diarios_v2     WHERE fecha_operacion BETWEEN '2026-04-01' AND '2026-04-30'     GROUP BY unidad_negocio_id, sucursal_id, fecha_operacion     HAVING COUNT(*) > 1     """"""          try:         result = execute_sql_query(             EDARSAHUB_CONFIG['host'],             EDARSAHUB_CONFIG['port'],             EDARSAHUB_CONFIG['database'],             EDARSAHUB_CONFIG['username'],             EDARSAHUB_CONFIG['password'],             query         )          "
"/app/backend/modules/comercial_v2/repository_readonly.py","46","execute_sql_query","","    'username': 'HRLectura',     'password': 'National09$' }   def _execute_readonly_query(query: str) -> List[Dict]:     """"""Ejecuta una query de SOLO LECTURA en EDARSAHUB.""""""     try:         result = execute_sql_query(             EDARSAHUB_CONFIG['host'],             EDARSAHUB_CONFIG['port'],             EDARSAHUB_CONFIG['database'],             EDARSAHUB_CONFIG['username'],             EDARSAHUB_CONFIG['password'],             query         )         return result or [] "
"/app/backend/modules/comercial_v2/repository_comercial_edarsahub.py","54","execute_sql_query","","    'username': 'HRLectura',     'password': 'National09$' }   def _execute_query(query: str, params: dict = None) -> List[Dict]:     """"""Ejecuta una query en EDARSAHUB y retorna resultados""""""     try:         result = execute_sql_query(             EDARSAHUB_CONFIG['host'],             EDARSAHUB_CONFIG['port'],             EDARSAHUB_CONFIG['database'],             EDARSAHUB_CONFIG['username'],             EDARSAHUB_CONFIG['password'],             query         )         return result or [] "
"/app/backend/modules/comercial_v2/carga_historica_24_meses.py","225","get_server_connection","","ORDER BY fecha """"""   # ============================================================================= # CONEXIÓN A SERVIDOR # =============================================================================  def get_server_connection(server_id: str) -> Optional[Dict[str, Any]]:     """"""Obtiene configuración de conexión usando EDARSAHUB + decrypt_secret.""""""     query = f""""""     SELECT          id, nombre, host, port, database_name, username, password_encrypted, system_type, activo     FROM Servidores_Conexiones     WHERE id = '{server_id}'     """"""      "
"/app/backend/modules/comercial_v2/carga_historica_24_meses.py","235","execute_sql_query","","    query = f""""""     SELECT          id, nombre, host, port, database_name, username, password_encrypted, system_type, activo     FROM Servidores_Conexiones     WHERE id = '{server_id}'     """"""          try:         result = execute_sql_query(             EDARSAHUB_CONFIG['host'],             EDARSAHUB_CONFIG['port'],             EDARSAHUB_CONFIG['database'],             EDARSAHUB_CONFIG['username'],             EDARSAHUB_CONFIG['password'],             query         )         if not result: "
"/app/backend/modules/comercial_v2/carga_historica_24_meses.py","326","get_server_connection","","         # Ajustar fecha_inicio si es anterior al inicio de datos     if fecha_inicio < unidad.get('fecha_datos_desde', date(2000, 1, 1)):         fecha_inicio = unidad['fecha_datos_desde']          reporte.dias_esperados = (fecha_fin - fecha_inicio).days + 1          # Obtener conexión     server = get_server_connection(unidad['server_id'])     if not server:         reporte.errores = 1         reporte.notas = ""No se pudo obtener configuración del servidor""         return reporte          # Construir y ejecutar query     query = QUERY_SR_MENSUAL.format(         fecha_inicio=fecha_inicio.isoformat(), "
"/app/backend/modules/comercial_v2/carga_historica_24_meses.py","339","execute_sql_query","","         # Construir y ejecutar query     query = QUERY_SR_MENSUAL.format(         fecha_inicio=fecha_inicio.isoformat(),         fecha_fin=fecha_fin.isoformat()     )          try:         rows = execute_sql_query(             server['host'],             server['port'],             server['database_name'],             server['username'],             server['password'],             query         )     except Exception as e: "
"/app/backend/modules/comercial_v2/carga_historica_24_meses.py","475","get_server_connection","","        return reporte          if fecha_inicio < unidad.get('fecha_datos_desde', date(2000, 1, 1)):         fecha_inicio = unidad['fecha_datos_desde']          reporte.dias_esperados = (fecha_fin - fecha_inicio).days + 1          # Obtener conexión     server = get_server_connection(unidad['server_id'])     if not server:         reporte.errores = 1         reporte.notas = ""No se pudo obtener configuración del servidor""         return reporte          # Construir y ejecutar query     query = QUERY_MPRO_MENSUAL.format(         fecha_inicio=fecha_inicio.isoformat(), "
"/app/backend/modules/comercial_v2/carga_historica_24_meses.py","489","execute_sql_query","","    # Construir y ejecutar query     query = QUERY_MPRO_MENSUAL.format(         fecha_inicio=fecha_inicio.isoformat(),         fecha_fin=fecha_fin.isoformat(),         sucursal_id=unidad['sucursal_id']     )          try:         rows = execute_sql_query(             server['host'],             server['port'],             server['database_name'],             server['username'],             server['password'],             query         )     except Exception as e: "
"/app/backend/modules/comercial_v2/carga_historica_24_meses.py","710","execute_sql_query","","        MAX(fecha_operacion) as fecha_max     FROM Comercial_KPIs_Diarios_v2     WHERE fecha_operacion BETWEEN '{bloque_config['fecha_inicio']}' AND '{bloque_config['fecha_fin']}'       AND activo = 1     GROUP BY unidad_negocio_id     ORDER BY unidad_negocio_id     """"""          result = execute_sql_query(         EDARSAHUB_CONFIG['host'],         EDARSAHUB_CONFIG['port'],         EDARSAHUB_CONFIG['database'],         EDARSAHUB_CONFIG['username'],         EDARSAHUB_CONFIG['password'],         query     )      "
"/app/backend/modules/comercial_v2/carga_historica_24_meses.py","739","execute_sql_query","","        COUNT(*) as registros,         SUM(ventas_total) as ventas_total,         COUNT(DISTINCT unidad_negocio_id) as unidades     FROM Comercial_KPIs_Diarios_v2     WHERE fecha_operacion BETWEEN '2026-04-01' AND '2026-04-30'       AND activo = 1     """"""          result = execute_sql_query(         EDARSAHUB_CONFIG['host'],         EDARSAHUB_CONFIG['port'],         EDARSAHUB_CONFIG['database'],         EDARSAHUB_CONFIG['username'],         EDARSAHUB_CONFIG['password'],         query     )      "
"/app/backend/modules/comercial_v2/carga_historica_24_meses.py","777","execute_sql_query","","        sucursal_id,         fecha_operacion,         COUNT(*) as count     FROM Comercial_KPIs_Diarios_v2     GROUP BY unidad_negocio_id, sucursal_id, fecha_operacion     HAVING COUNT(*) > 1     """"""          result = execute_sql_query(         EDARSAHUB_CONFIG['host'],         EDARSAHUB_CONFIG['port'],         EDARSAHUB_CONFIG['database'],         EDARSAHUB_CONFIG['username'],         EDARSAHUB_CONFIG['password'],         query     )      "
"/app/backend/modules/sync_recetas/sync_recetas.py","316","execute_sql_query","","def _obtener_familias_sr(host, port, database, username, password) -> List[FamiliaSync]:     """"""Obtiene familias (grupos) de SoftRestaurant.""""""     query = """"""     SELECT idgrupo, descripcion, clasificacion, prioridad     FROM grupos     WHERE descripcion IS NOT NULL AND descripcion != ''     ORDER BY descripcion     """"""     rows = execute_sql_query(host, port, database, username, password, query) or []          return [         FamiliaSync(             codigo_fuente=str(r.get('idgrupo', '')),             nombre=str(r.get('descripcion', '')),             # Fix FASE 1C-3B-R3: Convertir explícitamente a str() para evitar error             # 'Decimal.replace()' cuando clasificacion viene como tipo numérico             descripcion=str(r.get('clasificacion')) if r.get('clasificacion') is not None else None, "
"/app/backend/modules/sync_recetas/sync_recetas.py","340","execute_sql_query","","    """"""Obtiene subfamilias (subgrupos) de SoftRestaurant.""""""     query = """"""     SELECT s.idsubgrupo, s.descripcion, gs.idgrupo     FROM subgrupos s     LEFT JOIN grupossubgrupos gs ON s.idsubgrupo = gs.idsubgrupo     WHERE s.descripcion IS NOT NULL AND s.descripcion != ''     ORDER BY s.descripcion     """"""     rows = execute_sql_query(host, port, database, username, password, query) or []          return [         SubFamiliaSync(             codigo_fuente=str(r.get('idsubgrupo', '')),             nombre=str(r.get('descripcion', '')),             familia_codigo_fuente=str(r.get('idgrupo', '')) if r.get('idgrupo') else None         )         for r in rows "
"/app/backend/modules/sync_recetas/sync_recetas.py","362","execute_sql_query","","    query = """"""     SELECT i.idinsumo, i.descripcion, i.unidad, i.elaborado, i.rendimientoelaborado,            i.idgruposi as idgrupoinsumo,            id.costo, id.costopromedio, id.costoestandar, id.costoconimpuestos     FROM insumos i     LEFT JOIN insumosdetalle id ON i.idinsumo = id.idinsumo     WHERE i.descripcion IS NOT NULL AND i.descripcion != ''     """"""     rows = execute_sql_query(host, port, database, username, password, query) or []          return [         InsumoSync(             codigo_fuente=str(r.get('idinsumo', '')),             nombre=str(r.get('descripcion', '')),             unidad_medida=str(r.get('unidad', 'UN')),             costo=Decimal(str(r.get('costo') or 0)),             costo_promedio=Decimal(str(r.get('costopromedio') or 0)), "
"/app/backend/modules/sync_recetas/sync_recetas.py","394","execute_sql_query","","           g.descripcion as grupo_nombre,            pd.precio, pd.preciosinimpuestos, pd.impuesto1,            ISNULL(pd.suspendido, 0) as suspendido     FROM productos p     LEFT JOIN productosdetalle pd ON p.idproducto = pd.idproducto     LEFT JOIN grupos g ON p.idgrupo = g.idgrupo     WHERE p.descripcion IS NOT NULL AND p.descripcion != ''     """"""     rows = execute_sql_query(host, port, database, username, password, query) or []          return [         ProductoSync(             codigo_fuente=str(r.get('idproducto', '')),             nombre=str(r.get('descripcion', '')),             # Fix FASE 1C-3B-R3: Conversión explícita a str() para evitar bugs .replace()             nombre_corto=str(r.get('nombrecorto')) if r.get('nombrecorto') else None,             familia_codigo_fuente=str(r.get('idgrupo', '')) if r.get('idgrupo') else None, "
"/app/backend/modules/sync_recetas/sync_recetas.py","417","execute_sql_query","","        )         for r in rows     ]   def _contar_productos_con_receta_sr(host, port, database, username, password) -> int:     """"""Cuenta productos que tienen receta en tabla 'costos'.""""""     query = ""SELECT COUNT(DISTINCT idproducto) as cnt FROM costos""     rows = execute_sql_query(host, port, database, username, password, query) or []     return int(rows[0].get('cnt', 0)) if rows else 0   def _obtener_recetas_sr(host, port, database, username, password) -> List[RecetaLineaSync]:     """"""     Obtiene recetas de productos desde tabla 'costos'.     IMPORTANTE: NO usar explosioninsumosdetalle (vacía).     """""" "
"/app/backend/modules/sync_recetas/sync_recetas.py","436","execute_sql_query","","           i.descripcion as insumo_nombre, i.unidad, i.elaborado, i.rendimientoelaborado,            id.costo, id.costopromedio     FROM costos c     LEFT JOIN insumos i ON c.idinsumo = i.idinsumo     LEFT JOIN insumosdetalle id ON c.idinsumo = id.idinsumo     WHERE c.cantidad > 0     ORDER BY c.idproducto, c.idinsumo     """"""     rows = execute_sql_query(host, port, database, username, password, query) or []          result = []     for r in rows:         cantidad = Decimal(str(r.get('cantidad') or 0))         costo_unit = Decimal(str(r.get('costo') or r.get('costopromedio') or 0))                  # No incluir líneas con cantidad <= 0         if cantidad <= 0: "
"/app/backend/modules/sync_recetas/sync_recetas.py","474","execute_sql_query","","           i.descripcion as insumo_nombre, i.unidad,            id.costo, id.costopromedio     FROM elaborados e     LEFT JOIN insumos i ON e.idinsumo = i.idinsumo     LEFT JOIN insumosdetalle id ON e.idinsumo = id.idinsumo     WHERE e.cantidad > 0     ORDER BY e.idelaborado, e.idinsumo     """"""     rows = execute_sql_query(host, port, database, username, password, query) or []          result = []     for r in rows:         cantidad = Decimal(str(r.get('cantidad') or 0))         costo_unit = Decimal(str(r.get('costo') or r.get('costopromedio') or 0))                  if cantidad <= 0:             continue "
"/app/backend/modules/sync_recetas/sync_recetas.py","565","execute_sql_query","","def _obtener_familias_mpro(host, port, database, username, password) -> List[FamiliaSync]:     """"""Obtiene familias de MPRO.""""""     query = """"""     SELECT Fm_Cve_Familia, Fm_Descripcion     FROM Familia     WHERE Es_Cve_Estado = 'AC'     ORDER BY Fm_Descripcion     """"""     rows = execute_sql_query(host, port, database, username, password, query) or []          return [         FamiliaSync(             codigo_fuente=str(r.get('Fm_Cve_Familia', '')),             nombre=str(r.get('Fm_Descripcion', ''))         )         for r in rows     ] "
"/app/backend/modules/sync_recetas/sync_recetas.py","584","execute_sql_query","","def _obtener_subfamilias_mpro(host, port, database, username, password) -> List[SubFamiliaSync]:     """"""Obtiene subfamilias de MPRO.""""""     query = """"""     SELECT Sf_Cve_SubFamilia, Sf_Descripcion, Fm_Cve_Familia     FROM SubFamilia     WHERE Es_Cve_Estado = 'AC'     ORDER BY Sf_Descripcion     """"""     rows = execute_sql_query(host, port, database, username, password, query) or []          return [         SubFamiliaSync(             codigo_fuente=str(r.get('Sf_Cve_SubFamilia', '')),             nombre=str(r.get('Sf_Descripcion', '')),             familia_codigo_fuente=str(r.get('Fm_Cve_Familia', '')) if r.get('Fm_Cve_Familia') else None         )         for r in rows "
"/app/backend/modules/sync_recetas/sync_recetas.py","606","execute_sql_query","","    query = """"""     SELECT p.Pr_Cve_Producto, p.Pr_Descripcion, p.Pr_Unidad_Venta,            e.Ex_Ultimo_Costo, e.Ex_Costo_Promedio, e.Ex_Costo_Estandar     FROM Producto p     LEFT JOIN Existencia e ON p.Pr_Cve_Producto = e.Pr_Cve_Producto     WHERE p.Es_Cve_Estado = 'AC'     AND p.Pr_Descripcion IS NOT NULL     """"""     rows = execute_sql_query(host, port, database, username, password, query) or []          return [         InsumoSync(             codigo_fuente=str(r.get('Pr_Cve_Producto', '')),             nombre=str(r.get('Pr_Descripcion', '')),             unidad_medida=str(r.get('Pr_Unidad_Venta', 'UN')),             ultimo_costo=Decimal(str(r.get('Ex_Ultimo_Costo') or 0)),             costo_promedio=Decimal(str(r.get('Ex_Costo_Promedio') or 0)), "
"/app/backend/modules/sync_recetas/sync_recetas.py","700","execute_sql_query","","        END as Estado_Impuesto     FROM Producto p     LEFT JOIN Familia f ON p.Fm_Cve_Familia = f.Fm_Cve_Familia     LEFT JOIN SubFamilia sf ON p.Sf_Cve_SubFamilia = sf.Sf_Cve_SubFamilia     LEFT JOIN Producto_Precio pp ON p.Pr_Cve_Producto = pp.Pr_Cve_Producto     LEFT JOIN ImpuestosPriorizados ip ON p.Pr_Cve_Producto = ip.Pr_Cve_Producto AND ip.rn = 1     WHERE p.Pr_Descripcion IS NOT NULL     """"""     rows = execute_sql_query(host, port, database, username, password, query) or []          productos = []     for r in rows:         # Obtener tasa de impuesto         tasa_raw = r.get('Im_Tasa')         # estado_impuesto disponible en r.get('Estado_Impuesto') para logging/debug si se requiere                  # Determinar tasa_impuesto: "
"/app/backend/modules/sync_recetas/sync_recetas.py","752","execute_sql_query","","        ))          return productos   def _contar_productos_con_receta_mpro(host, port, database, username, password) -> int:     """"""Cuenta productos con fórmula de producción en MPRO.""""""     query = ""SELECT COUNT(DISTINCT Pr_Cve_Producto) as cnt FROM Formula_Produccion WHERE Es_Cve_Estado = 'AC'""     rows = execute_sql_query(host, port, database, username, password, query) or []     return int(rows[0].get('cnt', 0)) if rows else 0   def _obtener_recetas_mpro(host, port, database, username, password) -> List[RecetaLineaSync]:     """"""Obtiene recetas desde Formula_Produccion_Detalle de MPRO.""""""     query = """"""     SELECT fpd.Pr_Cve_Producto, fpd.Fpd_Producto as insumo_codigo,             fpd.Fpd_Cantidad, fpd.Fpd_Unidad, fpd.Fpd_Costo, "
"/app/backend/modules/sync_recetas/sync_recetas.py","769","execute_sql_query","","           p.Pr_Descripcion as insumo_nombre     FROM Formula_Produccion_Detalle fpd     JOIN Formula_Produccion fp ON fpd.Pr_Cve_Producto = fp.Pr_Cve_Producto AND fpd.Fp_ID = fp.Fp_ID     LEFT JOIN Producto p ON fpd.Fpd_Producto = p.Pr_Cve_Producto     WHERE fp.Es_Cve_Estado = 'AC'     AND fpd.Fpd_Cantidad > 0     ORDER BY fpd.Pr_Cve_Producto, fpd.Fpd_Producto     """"""     rows = execute_sql_query(host, port, database, username, password, query) or []          result = []     for r in rows:         cantidad = Decimal(str(r.get('Fpd_Cantidad') or 0))         costo_unit = Decimal(str(r.get('Fpd_Costo') or 0))                  if cantidad <= 0:             continue "
"/app/backend/modules/sync_recetas/sync_recetas.py","829","execute_sql_query","","                    N'{fam.nombre.replace(""'"", ""''"")}',                     {f""N'{fam.descripcion.replace(chr(39), chr(39)+chr(39))}'"" if fam.descripcion else 'NULL'},                     {fam.orden},                     '{system_type}',                     '{sync_run_id}',                     1                 );             """"""             execute_sql_query(                 EDARSAHUB_CONFIG['host'],                 EDARSAHUB_CONFIG['port'],                 EDARSAHUB_CONFIG['database'],                 EDARSAHUB_CONFIG['username'],                 EDARSAHUB_CONFIG['password'],                 query             )             result['insertados'] += 1 "
"/app/backend/modules/sync_recetas/sync_recetas.py","873","execute_sql_query","","                    '{sf.codigo_fuente}',                     N'{sf.nombre.replace(""'"", ""''"")}',                     {f""'{sf.familia_codigo_fuente}'"" if sf.familia_codigo_fuente else 'NULL'},                     '{system_type}',                     '{sync_run_id}',                     1                 );             """"""             execute_sql_query(                 EDARSAHUB_CONFIG['host'],                 EDARSAHUB_CONFIG['port'],                 EDARSAHUB_CONFIG['database'],                 EDARSAHUB_CONFIG['username'],                 EDARSAHUB_CONFIG['password'],                 query             )             result['insertados'] += 1 "
"/app/backend/modules/sync_recetas/sync_recetas.py","931","execute_sql_query","","                    {ins.costo_con_impuestos},                     {1 if ins.es_elaborado else 0},                     {ins.rendimiento_elaborado if ins.rendimiento_elaborado else 'NULL'},                     '{system_type}',                     '{sync_run_id}',                     1                 );             """"""             execute_sql_query(                 EDARSAHUB_CONFIG['host'],                 EDARSAHUB_CONFIG['port'],                 EDARSAHUB_CONFIG['database'],                 EDARSAHUB_CONFIG['username'],                 EDARSAHUB_CONFIG['password'],                 query             )             result['insertados'] += 1 "
"/app/backend/modules/sync_recetas/sync_recetas.py","992","execute_sql_query","","                    {f""'{prod.familia_codigo_fuente}'"" if prod.familia_codigo_fuente else 'NULL'},                     {f""N'{fam_nombre}'"" if fam_nombre else 'NULL'},                     {prod.precio_venta}, {prod.precio_sin_impuestos}, {prod.tasa_impuesto},                     '{system_type}',                     '{sync_run_id}',                     {activo_bit}                 );             """"""             execute_sql_query(                 EDARSAHUB_CONFIG['host'],                 EDARSAHUB_CONFIG['port'],                 EDARSAHUB_CONFIG['database'],                 EDARSAHUB_CONFIG['username'],                 EDARSAHUB_CONFIG['password'],                 query             )             result['insertados'] += 1 "
"/app/backend/modules/sync_recetas/sync_recetas.py","1059","execute_sql_query","","                    {rec.costo_unitario}, {rec.costo_total},                     {1 if rec.es_elaborado else 0},                     {rec.rendimiento_elaborado if rec.rendimiento_elaborado else 'NULL'},                     '{system_type}',                     '{sync_run_id}',                     1                 );             """"""             execute_sql_query(                 EDARSAHUB_CONFIG['host'],                 EDARSAHUB_CONFIG['port'],                 EDARSAHUB_CONFIG['database'],                 EDARSAHUB_CONFIG['username'],                 EDARSAHUB_CONFIG['password'],                 query             )             result['insertados'] += 1 "
"/app/backend/modules/sync_recetas/sync_recetas.py","1088","execute_sql_query","","                CantidadComponentesReceta = (                     SELECT COUNT(*) FROM Sync_Productos_Recetas                      WHERE ServerID = CAST('{server_id}' AS UNIQUEIDENTIFIER)                     AND ProductoCodigoFuente = '{prod_codigo}'                 )             WHERE ServerID = CAST('{server_id}' AS UNIQUEIDENTIFIER)             AND CodigoFuente = '{prod_codigo}'             """"""             execute_sql_query(                 EDARSAHUB_CONFIG['host'],                 EDARSAHUB_CONFIG['port'],                 EDARSAHUB_CONFIG['database'],                 EDARSAHUB_CONFIG['username'],                 EDARSAHUB_CONFIG['password'],                 update_query             )         except: "
"/app/backend/modules/sync_recetas/sync_recetas.py","1143","execute_sql_query","","                    N'{nombre_escaped}',                     {elab.cantidad}, '{elab.unidad_medida}',                     {elab.costo_unitario}, {elab.costo_total},                     '{system_type}',                     '{sync_run_id}',                     1                 );             """"""             execute_sql_query(                 EDARSAHUB_CONFIG['host'],                 EDARSAHUB_CONFIG['port'],                 EDARSAHUB_CONFIG['database'],                 EDARSAHUB_CONFIG['username'],                 EDARSAHUB_CONFIG['password'],                 query             )             result['insertados'] += 1 "
"/app/backend/modules/sync_recetas/sync_recetas.py","1180","execute_sql_query","","            {result.registros_insertados},             {result.registros_actualizados},             {result.registros_error},             '{result.started_at.strftime(""%Y-%m-%d %H:%M:%S"")}',             '{result.finished_at.strftime(""%Y-%m-%d %H:%M:%S"")}',             {result.duration_seconds}         )         """"""         execute_sql_query(             EDARSAHUB_CONFIG['host'],             EDARSAHUB_CONFIG['port'],             EDARSAHUB_CONFIG['database'],             EDARSAHUB_CONFIG['username'],             EDARSAHUB_CONFIG['password'],             query         )     except Exception as e: "
"/app/backend/modules/finanzas/repository_bancarios.py","50","execute_sql_query","","                    query = query.replace(placeholder, ""1"" if value else ""0"")                 elif isinstance(value, (int, float, Decimal)):                     query = query.replace(placeholder, str(value))                 elif isinstance(value, date):                     query = query.replace(placeholder, f""'{value.isoformat()}'"")                 else:                     query = query.replace(placeholder, f""'{str(value)}'"")                  result = execute_sql_query(             EDARSAHUB_CONFIG['host'],             EDARSAHUB_CONFIG['port'],             EDARSAHUB_CONFIG['database'],             EDARSAHUB_CONFIG['username'],             EDARSAHUB_CONFIG['password'],             query         )         return result if result else [] "
"/app/backend/modules/finanzas/tesoreria.py","782","execute_sql_query","","        FROM Servidores_Conexiones         WHERE activo = 1           AND visible_en_operaciones = 1           AND (tipo_conexion != 'CORE' OR tipo_conexion IS NULL)           AND (tipo_conexion != 'API_LOCAL' OR tipo_conexion IS NULL)         ORDER BY nombre         """"""                  results = execute_sql_query(             EDARSAHUB_CONFIG['host'],             EDARSAHUB_CONFIG['port'],             EDARSAHUB_CONFIG['database'],             EDARSAHUB_CONFIG['username'],             EDARSAHUB_CONFIG['password'],             query         )          "
"/app/backend/modules/finanzas/health.py","62","execute_sql_query","","    try:         # Obtener lista de tablas existentes         query = """"""         SELECT TABLE_NAME          FROM INFORMATION_SCHEMA.TABLES          WHERE TABLE_NAME LIKE 'Finanzas%'         """"""                  existing = execute_sql_query(             EDARSAHUB_CONFIG['host'],             EDARSAHUB_CONFIG['port'],             EDARSAHUB_CONFIG['database'],             EDARSAHUB_CONFIG['username'],             EDARSAHUB_CONFIG['password'],             query         )          "
"/app/backend/modules/finanzas/health.py","150","execute_sql_query","","                 if health.get(""healthy""):             result[""status""] = ""online""                          # Ejecutar query de prueba según tipo de sistema             test_query = TEST_QUERIES.get(system_type.upper())             if test_query:                 try:                     test_result = execute_sql_query(                         config['host'],                         config['port'],                         config['database'],                         config['username'],                         config['password'],                         test_query,                         timeout_seconds=10                     ) "
"/app/backend/modules/finanzas/repository_real.py","94","execute_sql_query","","                     if not server:             logging.error(""[FinanzasRepo] Servidor EDARSA HUB no encontrado"")             return []                  timeout = timeout or ResilientConfig.QUERY_TIMEOUT                  try:             results = execute_sql_query(                 host=server['host'],                 port=server['port'],                 database=server['database'],                 username=server['username'],                 password=server['password'],                 query=query,                 timeout_seconds=timeout             ) "
"/app/backend/modules/finanzas/repository_cortes_z.py","96","execute_sql_query","","            return SourceQueryResult.source_not_configured(                 source_type=""SQL_SERVER"",                 source_id=server_id,                 error_message=f""Servidor {server_id} no encontrado en registry centralizado""             )                  try:             # Ejecutar query usando el sistema centralizado             results = execute_sql_query(                 host=config['host'],                 port=config['port'],                 database=config['database'],                 username=config['username'],                 password=config['password'],                 query=query,                 timeout_seconds=timeout_seconds             ) "
"/app/backend/modules/finanzas/propinas_tpv/routes_sql.py","60","get_server_by_id","","# ============================================================================  def _get_server_from_registry(server_id: str) -> Optional[Dict]:     """"""     Obtiene un servidor por ID desde server_registry (EDARSAHUB).          FASE T2.3: Reemplaza db.servers.find_one()     """"""     server = get_server_by_id(server_id)     if not server:         return None          return {         'id': server.get('id'),         'name': server.get('name'),         'host': server.get('host'),         'port': server.get('port', 1433), "
"/app/backend/modules/finanzas/propinas_tpv/sql_repository.py","96","execute_sql_query","","            'config_origin': 'EDARSAHUB_CONFIG'         }                  logger.info(""[PropinasTPV][T2.1] Conexión EDARSAHUB desde server_registry.py"")         return _server_cache          def _execute_hub_query(self, server: Dict, query: str) -> List[Dict]:         """"""Ejecuta una query en EDARSA HUB.""""""         return execute_sql_query(             server['host'],             server['port'],             server['database'],             server['username'],             server['password'],             query         )      "
"/app/backend/modules/finanzas/propinas_tpv/schema_detector.py","62","execute_sql_query","","            # Query para verificar tablas y columnas necesarias             query = """"""             SELECT TABLE_NAME, COLUMN_NAME             FROM INFORMATION_SCHEMA.COLUMNS              WHERE TABLE_NAME IN ('cheques', 'turnos', 'movtoscaja')             ORDER BY TABLE_NAME, ORDINAL_POSITION             """"""                          result = execute_sql_query(                 server['host'],                 server['port'],                 server['database'],                 server['username'],                 server['password'],                 query             )              "
"/app/backend/modules/finanzas/propinas_tpv/repository.py","118","execute_sql_query","","          AND mc.fecha >= '{f_ini} 00:00:00'           AND mc.fecha <= '{f_fin} 23:59:59'         ORDER BY mc.fecha DESC         """"""                  try:             logger.info(f""Consultando propinas SoftRestaurant: {server['name']} [{fecha_inicio} - {fecha_fin}]"")                          result = execute_sql_query(                 server['host'],                 server['port'],                 server['database'],                 server['username'],                 server['password'],                 query             )              "
"/app/backend/modules/finanzas/propinas_tpv/repository.py","201","execute_sql_query","","            # Paso 2: Construir query adaptada             query = SoftRestaurantSchemaDetector.build_propinas_query(                 schema, fecha_inicio, fecha_fin             )             result['query_usada'] = query[:500] + '...' if len(query) > 500 else query                          # Paso 3: Ejecutar query             logger.info(f""Ejecutando query defensiva para {server['name']}..."")             rows = execute_sql_query(                 server['host'],                 server['port'],                 server['database'],                 server['username'],                 server['password'],                 query             )              "
"/app/backend/modules/finanzas/propinas_tpv/routes.py","63","get_server_by_id","","# ============================================================================  def _get_server_from_registry(server_id: str) -> Optional[Dict]:     """"""     Obtiene un servidor por ID desde server_registry (EDARSAHUB).          FASE T2.3: Reemplaza db.servers.find_one()     """"""     server = get_server_by_id(server_id)     if not server:         return None          # Adaptar campos para compatibilidad con código existente     return {         'id': server.get('id'),         'name': server.get('name'),         'host': server.get('host'), "
"/app/backend/modules/finanzas/repository_softrestaurant.py","246","_execute_query_subprocess","","        if len(sucursal_id) > 30 and '-' in sucursal_id:             logging.warning(f""[SoftRestaurant] sucursal_id parece UUID, no es sucursal SR: {sucursal_id}"")             return []  # Retornar vacío, no es una sucursal SoftRestaurant                  # 6. Fallback: no matchea nada específico, retornar todas (comportamiento original)         logging.warning(f""[SoftRestaurant] sucursal_id no reconocido: {sucursal_id}, consultando todas"")         return list(SOFTRESTAURANT_SERVERS.keys())          async def _execute_query_subprocess(self, server_key: str, query: str) -> List[Dict]:         """"""         Ejecuta una query usando subprocess con locale UTF-8 forzado.         Esto evita problemas de encoding con pytds en ambiente supervisor.         """"""         if server_key not in SOFTRESTAURANT_SERVERS:             logging.error(f""[SoftRestaurant] Servidor desconocido: {server_key}"")             return []          "
"/app/backend/modules/finanzas/repository_softrestaurant.py","376","_execute_query_subprocess","","                LEFT JOIN pagosproveedores pp ON pp.foliocompra = c.idcompra                 WHERE (c.cancelado IS NULL OR c.cancelado = 0)                 GROUP BY c.idcompra, c.folio, c.foliofactura, c.fechaaplicacion, c.fechafactura,                           c.fechavencimiento, c.referencia, c.idproveedor, c.total, p.nombre, p.rfc                 HAVING c.total - ISNULL(SUM(pp.abono), 0) > 0                 ORDER BY c.folio ASC             """"""                          results_compras = await self._execute_query_subprocess(server_key, query_compras_con_saldo)                          if not results_compras:                 logging.warning(f""[SoftRestaurant] Sin compras con saldo para {server_key}"")                 continue                          logging.info(f""[SoftRestaurant] {server_key}: {len(results_compras)} documentos con saldo > 0"")                          # DICIEMBRE 2026: Procesar cada documento directamente "
"/app/backend/modules/finanzas/repository_mpro.py","59","get_server_by_id","","        """"""         if self._credentials_cache:             return self._credentials_cache                  try:             from core.server_registry import get_server_by_id, get_decrypted_credentials                          # Obtener servidor desde EDARSAHUB SQL (prioridad) con secretos sin enmascarar             server = await get_server_by_id(                 server_id=MPRO_SERVER_ID,                 db=self.db,                 prefer_sql=True,                 allow_mongo_fallback=True,                 mask_secrets=False  # Necesitamos el password real             )                          if not server: "
"/app/backend/modules/compras/service.py","51","get_server_by_id","","    almacen: str = None ) -> List[Dict]:     """"""     Obtiene la lista de inventarios físicos disponibles.     Soporta MPRO y SoftRestaurant.          FASE 3A: Blindaje por system_type     """"""     server = await repo.get_server_by_id(server_id)     if not server:         raise HTTPException(status_code=404, detail=""Servidor no encontrado"")          system_type = server.get('system_type', 'UNKNOWN')     normalized = normalize_system_type(system_type)          try:         if is_mpro_system(system_type): "
"/app/backend/modules/compras/service.py","121","get_server_by_id","","    Obtiene pedidos/requisiciones vigentes.     Soporta MPRO y SoftRestaurant.          FASE 3A - Blindaje:     - Maneja resultado homologado de ComprasQueryResult     - No propaga errores que contaminen otros módulos     - Distingue NO_DATA de errores técnicos     """"""     server = await repo.get_server_by_id(server_id)     if not server:         raise HTTPException(status_code=404, detail=""Servidor no encontrado"")          system_type = server.get('system_type', 'UNKNOWN')     normalized = normalize_system_type(system_type)          try:         if is_mpro_system(system_type): "
"/app/backend/modules/compras/service.py","231","get_server_by_id","","# ============================================================================  async def obtener_detalle_factura(server_id: str, folio: str) -> List[Dict]:     """"""     Obtiene el detalle de productos de una factura/entrada.          FASE 3A: Blindaje - Solo disponible en MPRO     """"""     server = await repo.get_server_by_id(server_id)     if not server:         raise HTTPException(status_code=404, detail=""Servidor no encontrado"")          system_type = server.get('system_type', 'UNKNOWN')          try:         if is_mpro_system(system_type):             log_compras_adapter_selected(""detalle-factura"", server_id, system_type, ""MPRO_ADAPTER"") "
"/app/backend/modules/compras/service.py","283","get_server_by_id","","    meses: str = None,     anio: str = None ) -> List[Dict]:     """"""     Obtiene facturas de proveedores filtradas.          FASE 3A: Blindaje - Solo disponible en MPRO     """"""     server = await repo.get_server_by_id(server_id)     if not server:         raise HTTPException(status_code=404, detail=""Servidor no encontrado"")          system_type = server.get('system_type', 'UNKNOWN')          # Obtener ID de sucursal     sucursal_id = None     if sucursal and is_mpro_system(system_type): "
"/app/backend/modules/compras/repository.py","58","execute_sql_query","","    Usa INFORMATION_SCHEMA para verificación segura.     """"""     query = f""""""     SELECT COUNT(*) as exists_flag      FROM INFORMATION_SCHEMA.TABLES      WHERE TABLE_NAME = '{table_name}'     """"""     try:         result = execute_sql_query(             server['host'], server['port'], server['database'],             server['username'], server['password'], query, timeout_seconds=10         )         if result and result[0].get('exists_flag', 0) > 0:             return True         return False     except Exception as e:         logging.warning(f""Error validando tabla {table_name}: {e}"") "
"/app/backend/modules/compras/repository.py","136","get_server_by_id","","         return server   # ============================================================================ # SERVIDORES # ============================================================================  async def get_server_by_id(server_id: str) -> Optional[Dict]:     """"""     Obtiene un servidor activo por ID.          FASE 3C.1: Descifra automáticamente el password si está cifrado.     FASE T3.1: Migrado de MongoDB db.servers a server_registry (EDARSAHUB).     """"""     # FASE T3.1: Usar server_registry en lugar de MongoDB     from core.server_registry import get_server_connection_info "
"/app/backend/modules/compras/repository.py","223","execute_sql_query","","        'MPRO' as origen     FROM Inventario_Fisico F     INNER JOIN Sucursal S ON S.Sc_Cve_Sucursal = F.Sc_Cve_Sucursal     INNER JOIN Almacen A ON A.Al_Cve_Almacen = F.Al_Cve_Almacen AND A.Sc_Cve_Sucursal = F.Sc_Cve_Sucursal     WHERE 1=1 {almacen_filtro} {sucursal_filtro}     ORDER BY F.If_Fecha DESC, F.If_Folio DESC     """"""          return execute_sql_query(         server['host'], server['port'], server['database'],         server['username'], server['password'], query     )   def query_inventarios_fisicos_sr(server: Dict, almacen_filtro: str = """") -> List[Dict]:     """"""     Obtiene inventarios físicos de SoftRestaurant. "
"/app/backend/modules/compras/repository.py","249","execute_sql_query","","        (SELECT COUNT(*) FROM detalleconteo D WHERE D.idfolioconteo = F.idfolioconteo) as productos,         'SoftRestaurant' as origen     FROM folioconteo F     INNER JOIN almacen A ON A.idalmacen = F.idalmacen     WHERE 1=1 {almacen_filtro}     ORDER BY F.fecha DESC, F.idfolioconteo DESC     """"""          return execute_sql_query(         server['host'], server['port'], server['database'],         server['username'], server['password'], query     )   # ============================================================================ # QUERIES SQL - PEDIDOS VIGENTES # ============================================================================ "
"/app/backend/modules/compras/repository.py","284","execute_sql_query","","        'MPRO' as origen     FROM Requisicion R     INNER JOIN Sucursal S ON S.Sc_Cve_Sucursal = R.Sc_Cve_Sucursal     INNER JOIN Almacen A ON A.Al_Cve_Almacen = R.Al_Cve_Almacen AND A.Sc_Cve_Sucursal = R.Sc_Cve_Sucursal     {sucursal_filtro}     ORDER BY R.Rq_Fecha DESC, R.Rq_Folio DESC     """"""          return execute_sql_query(         server['host'], server['port'], server['database'],         server['username'], server['password'], query     )   def query_pedidos_vigentes_sr(server: Dict) -> ComprasQueryResult:     """"""     Obtiene pedidos vigentes de SoftRestaurant. "
"/app/backend/modules/compras/repository.py","332","execute_sql_query","","        (SELECT COUNT(*) FROM detallepedidocompra D WHERE D.idpedidocompra = P.idpedidocompra) as productos,         'SoftRestaurant' as origen     FROM pedidocompra P     INNER JOIN almacen A ON A.idalmacen = P.idalmacen     ORDER BY P.fecha DESC, P.idpedidocompra DESC     """"""          try:         result = execute_sql_query(             server['host'], server['port'], server['database'],             server['username'], server['password'], query         )                  if result:             return ComprasQueryResult(                 success=True,                 data=result, "
"/app/backend/modules/compras/repository.py","411","execute_sql_query","","        ), 0) as consumo_promedio     FROM Requisicion_Detalle RD     INNER JOIN Requisicion R ON R.Rq_Folio = RD.Rq_Folio     INNER JOIN Producto P ON P.Pr_Cve_Producto = RD.Pr_Cve_Producto     WHERE RD.Rq_Folio = '{folio}'     ORDER BY P.Pr_Descripcion     """"""          return execute_sql_query(         server['host'], server['port'], server['database'],         server['username'], server['password'], query     )   # ============================================================================ # QUERIES SQL - DETALLE DE FACTURA # ============================================================================ "
"/app/backend/modules/compras/repository.py","439","execute_sql_query","","        MD.Md_Importe as importe     FROM Movimiento_Detalle MD     INNER JOIN Movimiento M ON M.Mv_Folio = MD.Mv_Folio     INNER JOIN Producto P ON P.Pr_Cve_Producto = MD.Pr_Cve_Producto     WHERE M.Mv_Documento = '{folio}'     ORDER BY P.Pr_Descripcion     """"""          return execute_sql_query(         server['host'], server['port'], server['database'],         server['username'], server['password'], query     )   # ============================================================================ # QUERIES SQL - FACTURAS DE PROVEEDOR # ============================================================================ "
"/app/backend/modules/compras/repository.py","478","execute_sql_query","","    FROM Movimiento M     INNER JOIN Proveedor P ON P.Pv_Cve_Proveedor = M.Pv_Cve_Proveedor     INNER JOIN Sucursal S ON S.Sc_Cve_Sucursal = M.Sc_Cve_Sucursal     WHERE M.Tm_Cve_TipoMov IN (SELECT Tm_Cve_TipoMov FROM Tipo_Movimiento WHERE Tm_Tipo = 'E')     {sucursal_filtro} {fecha_filtro}     ORDER BY M.Mv_Fecha DESC     """"""          return execute_sql_query(         server['host'], server['port'], server['database'],         server['username'], server['password'], query     )   __all__ = [     'init_compras_repository',     'get_db', "
"/app/backend/scripts/sync_agent_piloto.py","123","pyodbc.connect","","        conn_str = (             f""DRIVER={{ODBC Driver 17 for SQL Server}};""             f""SERVER={host},{port};""             f""DATABASE={database};""             f""UID={username};""             f""PWD={password};""             f""Connection Timeout=30""         )         conn = pyodbc.connect(conn_str)         logger.info(f""Conectado a SQL Server via pyodbc: {host}:{port}/{database}"")         return conn, 'pyodbc'     except Exception as e:         logger.error(f""No se pudo conectar a SQL Server: {e}"")         raise   def execute_query(conn, query: str, driver_type: str) -> List[Dict]: "
"/app/backend/scripts/precheck_conectividad.py","90","execute_sql_query","","            if not password: campos_faltantes.append('password')             observacion = f""Faltan: {', '.join(campos_faltantes)}""         else:             # Intentar conexión SQL             try:                 sys.path.insert(0, os.path.dirname(os.path.abspath(__file__)))                 from core.db import execute_sql_query                                  result = execute_sql_query(                     host, port, database, username, password,                     ""SELECT 1 as test"",                     timeout=15                 )                                  if result is not None:                     estado = ""OK""                     elegible = True "
"/app/backend/scripts/validate_encrypted_server_connectivity.py","164","execute_sql_query","","        password_encrypted,         api_key_encrypted,         api_url     FROM Servidores_Conexiones     WHERE {where_clause}     ORDER BY tipo_conexion, activo DESC, nombre     """"""          result = execute_sql_query(         EDARSAHUB_CONFIG['host'],         EDARSAHUB_CONFIG['port'],         EDARSAHUB_CONFIG['database'],         EDARSAHUB_CONFIG['username'],         EDARSAHUB_CONFIG['password'],         query     )      "
"/app/backend/scripts/fase_sync_3a_r2_pordiasemana.py","88","execute_sql_query","","            VentanaInicioHoraConfig,             VentanaFinHoraConfig         FROM Sync_Ventas_Historicas         WHERE ServerID = '{server_id}'           AND SourceStatus = 'SUCCESS'         ORDER BY FechaOperacion         """"""                  registros = execute_sql_query(             EDARSAHUB_CONFIG['host'],             EDARSAHUB_CONFIG['port'],             EDARSAHUB_CONFIG['database'],             EDARSAHUB_CONFIG['username'],             EDARSAHUB_CONFIG['password'],             query_historicas         )          "
"/app/backend/scripts/fase_sync_3a_r2_pordiasemana.py","238","execute_sql_query","","                        '{reg['SourceType']}',                         '{reg['RowHash']}',                         GETDATE(),                         GETDATE()                     );                 """"""                                  try:                     execute_sql_query(                         EDARSAHUB_CONFIG['host'],                         EDARSAHUB_CONFIG['port'],                         EDARSAHUB_CONFIG['database'],                         EDARSAHUB_CONFIG['username'],                         EDARSAHUB_CONFIG['password'],                         upsert_query                     )                     resultado['registros_upserted'] += 1 "
"/app/backend/scripts/ddl_costos_alertas_001b.py","526","execute_sql_query","","         print(""="" * 60)     print(""COSTOS-ALERTAS-001-B: Ejecutando DDL"")     print(""="" * 60)          for tabla_nombre, ddl in ddls:         try:             print(f""\n[DDL] Procesando {tabla_nombre}..."")             execute_sql_query(*conn, ddl)                          # Verificar si la tabla existe             check_query = f""SELECT 1 FROM sys.tables WHERE name = '{tabla_nombre}'""             result = execute_sql_query(*conn, check_query)                          if result:                 print(f""[OK] {tabla_nombre} - Tabla verificada"")                 resultados['tablas_creadas'].append(tabla_nombre) "
"/app/backend/scripts/ddl_costos_alertas_001b.py","530","execute_sql_query","","         for tabla_nombre, ddl in ddls:         try:             print(f""\n[DDL] Procesando {tabla_nombre}..."")             execute_sql_query(*conn, ddl)                          # Verificar si la tabla existe             check_query = f""SELECT 1 FROM sys.tables WHERE name = '{tabla_nombre}'""             result = execute_sql_query(*conn, check_query)                          if result:                 print(f""[OK] {tabla_nombre} - Tabla verificada"")                 resultados['tablas_creadas'].append(tabla_nombre)             else:                 print(f""[WARN] {tabla_nombre} - No se pudo verificar"")                 resultados['errores'].append(f""{tabla_nombre}: No verificada"")                  "
"/app/backend/scripts/ddl_costos_alertas_001b.py","551","execute_sql_query","","                resultados['tablas_existentes'].append(tabla_nombre)             else:                 print(f""[ERROR] {tabla_nombre} - {error_msg[:100]}"")                 resultados['errores'].append(f""{tabla_nombre}: {error_msg[:100]}"")          # Insertar umbrales semilla     print(""\n[DDL] Insertando umbrales de severidad..."")     try:         execute_sql_query(*conn, DDL_UMBRALES_SEMILLA)                  # Verificar umbrales         check_umbrales = ""SELECT COUNT(*) as cnt FROM Comercial_AlertasUmbralesSeveridad WHERE Activo = 1""         result = execute_sql_query(*conn, check_umbrales)         cnt = result[0].get('cnt', 0) if result else 0                  if cnt >= 4:             print(f""[OK] Umbrales de severidad: {cnt} registros activos"") "
"/app/backend/scripts/ddl_costos_alertas_001b.py","555","execute_sql_query","","         # Insertar umbrales semilla     print(""\n[DDL] Insertando umbrales de severidad..."")     try:         execute_sql_query(*conn, DDL_UMBRALES_SEMILLA)                  # Verificar umbrales         check_umbrales = ""SELECT COUNT(*) as cnt FROM Comercial_AlertasUmbralesSeveridad WHERE Activo = 1""         result = execute_sql_query(*conn, check_umbrales)         cnt = result[0].get('cnt', 0) if result else 0                  if cnt >= 4:             print(f""[OK] Umbrales de severidad: {cnt} registros activos"")             resultados['umbrales_insertados'] = True         else:             print(f""[WARN] Umbrales insuficientes: {cnt}"")              "
"/app/backend/scripts/ddl_costos_alertas_001b.py","591","execute_sql_query","","         print(""\n"" + ""="" * 60)     print(""VALIDACIÓN DE TABLAS"")     print(""="" * 60)          todas_ok = True     for tabla in tablas_requeridas:         query = f""SELECT 1 FROM sys.tables WHERE name = '{tabla}'""         result = execute_sql_query(*conn, query)                  if result:             print(f""[OK] {tabla}"")         else:             print(f""[FALTA] {tabla}"")             todas_ok = False          # Validar umbrales "
"/app/backend/scripts/ddl_costos_alertas_001b.py","601","execute_sql_query","","        if result:             print(f""[OK] {tabla}"")         else:             print(f""[FALTA] {tabla}"")             todas_ok = False          # Validar umbrales     query_umbrales = ""SELECT Severidad, PuntosDesde, PuntosHasta FROM Comercial_AlertasUmbralesSeveridad WHERE Activo = 1 ORDER BY Orden""     umbrales = execute_sql_query(*conn, query_umbrales)          print(""\n[UMBRALES DE SEVERIDAD]"")     if umbrales:         for u in umbrales:             print(f""  - {u['Severidad']}: {u['PuntosDesde']} - {u['PuntosHasta']} puntos"")     else:         print(""  [WARN] No hay umbrales configurados"")         todas_ok = False "
"/app/backend/scripts/ddl_competidores_enterprise_unidad.py","340","execute_sql_query","","    print(""DDL: Arquitectura Enterprise Competidores por Unidad de Negocio"")     print(""="" * 70)          conn = get_conn()          for i, stmt in enumerate(DDL_STATEMENTS, 1):         print(f""\n[{i}/{len(DDL_STATEMENTS)}] Ejecutando DDL..."")         try:             execute_sql_query(*conn, stmt)             print(f""    OK"")         except Exception as e:             error_msg = str(e)             if ""already exists"" in error_msg.lower() or ""ya existe"" in error_msg.lower():                 print(f""    OK (ya existe)"")             else:                 print(f""    ERROR: {e}"")      "
"/app/backend/scripts/ddl_competidores_nuevos_campos.py","68","execute_sql_query","","    print(""DDL: Agregar columnas UrlFacebook y Notas a Comercial_Competidores"")     print(""="" * 60)          conn = get_conn()          for i, stmt in enumerate(DDL_STATEMENTS, 1):         print(f""\n[{i}/{len(DDL_STATEMENTS)}] Ejecutando DDL..."")         try:             execute_sql_query(*conn, stmt)             print(f""    OK"")         except Exception as e:             print(f""    ERROR: {e}"")          print(""\n"" + ""="" * 60)     print(""DDL completado"")     print(""="" * 60)  "
"/app/backend/scripts/encrypt_existing_server_secrets.py","80","execute_sql_query","","        nombre,         tipo_conexion,         password_encrypted,         api_key_encrypted,         activo     FROM Servidores_Conexiones     """"""          result = execute_sql_query(         EDARSAHUB_CONFIG['host'],         EDARSAHUB_CONFIG['port'],         EDARSAHUB_CONFIG['database'],         EDARSAHUB_CONFIG['username'],         EDARSAHUB_CONFIG['password'],         query     )      "
"/app/backend/scripts/encrypt_existing_server_secrets.py","165","execute_sql_query","","    """"""     # Obtener valores actuales (ID es UUID, seguro para interpolación)     query = f""""""     SELECT password_encrypted, api_key_encrypted      FROM Servidores_Conexiones      WHERE CAST(id AS VARCHAR(50)) = '{server_id}'     """"""          result = execute_sql_query(         EDARSAHUB_CONFIG['host'],         EDARSAHUB_CONFIG['port'],         EDARSAHUB_CONFIG['database'],         EDARSAHUB_CONFIG['username'],         EDARSAHUB_CONFIG['password'],         query     )      "
"/app/backend/scripts/rotate_server_secret_key.py","187","execute_sql_query","","        activo,         password_encrypted,         api_key_encrypted     FROM Servidores_Conexiones     WHERE {where_clause}     ORDER BY tipo_conexion, activo DESC, nombre     """"""          result = execute_sql_query(         EDARSAHUB_CONFIG['host'],         EDARSAHUB_CONFIG['port'],         EDARSAHUB_CONFIG['database'],         EDARSAHUB_CONFIG['username'],         EDARSAHUB_CONFIG['password'],         query     )      "
"/app/backend/scripts/rotate_server_secret_key.py","357","execute_sql_query","","                    set_clauses.append(f""{field} = '{escaped_value}'"")                                  update_query = f""""""                 UPDATE Servidores_Conexiones                 SET {', '.join(set_clauses)}                 WHERE CAST(id AS VARCHAR(50)) = '{server_id}'                 """"""                                  execute_sql_query(                     EDARSAHUB_CONFIG['host'],                     EDARSAHUB_CONFIG['port'],                     EDARSAHUB_CONFIG['database'],                     EDARSAHUB_CONFIG['username'],                     EDARSAHUB_CONFIG['password'],                     update_query                 )                  "
"/app/backend/scripts/create_unidades_negocio_table.py","27","execute_sql_query","","    'port': 1433,     'database': 'EDARSAHUB',     'username': 'HRLectura',     'password': 'National09$' }  def execute_hub_query(query: str):     """"""Ejecuta una query en EDARSAHUB SQL Server.""""""     return execute_sql_query(         EDARSAHUB_CONFIG['host'],         EDARSAHUB_CONFIG['port'],         EDARSAHUB_CONFIG['database'],         EDARSAHUB_CONFIG['username'],         EDARSAHUB_CONFIG['password'],         query     )  "
"/app/backend/scripts/encrypt_core_server_secrets.py","89","execute_sql_query","","        password_encrypted,         api_key_encrypted,         activo,         mongodb_id     FROM Servidores_Conexiones     WHERE tipo_conexion = 'CORE'     """"""          result = execute_sql_query(         EDARSAHUB_CONFIG['host'],         EDARSAHUB_CONFIG['port'],         EDARSAHUB_CONFIG['database'],         EDARSAHUB_CONFIG['username'],         EDARSAHUB_CONFIG['password'],         query     )      "
"/app/backend/scripts/encrypt_core_server_secrets.py","180","execute_sql_query","","    # Obtener valores actuales     query = f""""""     SELECT password_encrypted, api_key_encrypted      FROM Servidores_Conexiones      WHERE CAST(id AS VARCHAR(50)) = '{server_id}'     AND tipo_conexion = 'CORE'     """"""          result = execute_sql_query(         EDARSAHUB_CONFIG['host'],         EDARSAHUB_CONFIG['port'],         EDARSAHUB_CONFIG['database'],         EDARSAHUB_CONFIG['username'],         EDARSAHUB_CONFIG['password'],         query     )      "
"/app/backend/tests/test_core_db.py","189","execute_sql_query","","    def test_server_in_cooldown_returns_empty(self):         """"""Test: Servidor en cooldown retorna lista vacía""""""         from core.db import execute_sql_query, mark_server_offline, reset_server_cache         from tests.test_config import TestConfig                  reset_server_cache()         mark_server_offline(""cooldown-test-host"")                  result = execute_sql_query(             host=""cooldown-test-host"",             port=1433,             database=""TestDB"",             username=""user"",             password=TestConfig.TEST_USER_PASSWORD,             query=""SELECT 1""         )          "
"/app/backend/tests/test_migracion_servidores_sql.py","142","get_server_by_id","","         # Test get_servers_for_tablero     servers = await get_servers_for_tablero()     assert len(servers) > 0, ""No se obtuvieron servidores""     print(f""  ✓ get_servers_for_tablero(): {len(servers)} servidores"")          # Test get_server_by_id     test_id = servers[0]['id']     server = await get_server_by_id(test_id)     assert server is not None, f""No se encontró servidor {test_id}""     print(f""  ✓ get_server_by_id(): {server['name']}"")          # Verificar campos clave     for field in ['id', 'name', 'system_type', 'host', 'database', 'active']:         assert field in server, f""Falta campo {field}""     print(""  ✓ Estructura completa verificada"")      "
"/app/backend/tests/test_migracion_servidores_sql.py","144","get_server_by_id","","    servers = await get_servers_for_tablero()     assert len(servers) > 0, ""No se obtuvieron servidores""     print(f""  ✓ get_servers_for_tablero(): {len(servers)} servidores"")          # Test get_server_by_id     test_id = servers[0]['id']     server = await get_server_by_id(test_id)     assert server is not None, f""No se encontró servidor {test_id}""     print(f""  ✓ get_server_by_id(): {server['name']}"")          # Verificar campos clave     for field in ['id', 'name', 'system_type', 'host', 'database', 'active']:         assert field in server, f""Falta campo {field}""     print(""  ✓ Estructura completa verificada"")          return True  "
"/app/backend/tests/test_bloque2_paridad.py","71","execute_sql_query","","FROM cheques INNER JOIN turnos ON turnos.idturno = cheques.idturno WHERE CONVERT(varchar, turnos.apertura, 112) >= '{fi}'   AND CONVERT(varchar, turnos.apertura, 112) <= '{ff}'   AND cheques.cancelado = 0 """"""          try:         result = execute_sql_query(             server['host'],              server['port'],              server['database'],             server['username'],              server['password'],              query         )          "
"/app/backend/tests/test_bloque3_paridad_mpro.py","79","execute_sql_query","","    ISNULL(SUM(C.Co_Personas), 0) as pax FROM Venta_Encabezado VE LEFT JOIN Comanda C ON C.Co_Folio = VE.Vn_Folio AND C.Sc_Cve_Sucursal = VE.Sc_Cve_Sucursal WHERE VE.Vn_Fecha >= '{fi}' AND VE.Vn_Fecha <= '{ff}'   AND ISNULL(VE.Es_Cve_Estado, '') <> 'CA' """"""          try:         result = execute_sql_query(             server['host'],              server['port'],              server['database'],             server['username'],              server['password'],              query         )          "
"/app/backend/server.py","1243","execute_sql_query","","# ============= SQL SERVER FUNCTIONS ============= #  # FASE 1 DEL REFACTOR MODULAR (Diciembre 2025): # Las funciones de SQL Server han sido migradas a /core/db.py # Este bloque mantiene imports de compatibilidad para que todo el código # existente siga funcionando sin cambios. # # Funciones migradas: #   - execute_sql_query() #   - test_sql_connection() #   - parse_sql_server_host() #   - mark_server_offline() #   - mark_server_online() #   - is_server_offline_in_memory() #   - get_server_cooldown_info() #   - _server_status_cache (variable global) # "
"/app/backend/server.py","1683","get_server_by_id","@api_router.put(""/servers/{server_id}"")","    """"""     # FASE 3B.2: Validación RBAC corregida - permitir SuperAdministrador y Administrador     if current_user['role'] not in ['SuperAdministrador', 'Administrador']:         raise HTTPException(status_code=403, detail=""No autorizado. Requiere rol SuperAdministrador o Administrador."")          from core.server_registry import update_server as registry_update_server, get_server_by_id          # Verificar que el servidor existe (también verifica protección CORE via registry)     existing = await get_server_by_id(server_id, db=db, mask_secrets=False)     if not existing:         raise HTTPException(status_code=404, detail=""Servidor no encontrado"")          # Protección CORE     if existing.get(""tipo_conexion"") == ""CORE"" or existing.get(""es_editable_ui"") == False:         raise HTTPException(             status_code=403,              detail=""Esta conexión es del sistema central (CORE) y no puede ser modificada desde la interfaz"" "
"/app/backend/server.py","1741","get_server_by_id","@api_router.delete(""/servers/{server_id}"")","    """"""     # FASE 3B.2: Validación RBAC corregida - permitir SuperAdministrador y Administrador     if current_user['role'] not in ['SuperAdministrador', 'Administrador']:         raise HTTPException(status_code=403, detail=""No autorizado. Requiere rol SuperAdministrador o Administrador."")          from core.server_registry import delete_server as registry_delete_server, get_server_by_id          # Verificar que existe y obtener datos para validación CORE     existing = await get_server_by_id(server_id, db=db, mask_secrets=True)     if not existing:         raise HTTPException(status_code=404, detail=""Servidor no encontrado"")          # Protección CORE     if existing.get(""tipo_conexion"") == ""CORE"" or existing.get(""es_eliminable_ui"") == False:         raise HTTPException(             status_code=403,              detail=""Esta conexión es del sistema central (CORE) y no puede ser eliminada desde la interfaz"" "
"/app/backend/server.py","1805","execute_sql_query","@api_router.get(""/servers/{server_id}/ping"")","         logging.debug(f""[PING_SERVER] Servidor obtenido via registry. Origin={server.get('config_origin', 'UNKNOWN')}"")          import time     start_time = time.time()          try:         # Intentar conexión         result = execute_sql_query(             server['host'], server['port'], server['database'],             server['username'], server['password'],             ""SELECT 1 as ping, GETDATE() as server_time, @@VERSION as version""         )                  elapsed_time = round((time.time() - start_time) * 1000, 2)  # ms                  if result and len(result) > 0: "
"/app/backend/server.py","2042","execute_sql_query","","        # Agregar TOP 10 si no existe para evitar traer muchos datos         sql_test = sql         if ""TOP"" not in sql.upper() and ""LIMIT"" not in sql.upper():             # Insertar TOP 10 después de SELECT             sql_test = sql.replace(""SELECT"", ""SELECT TOP 10"", 1).replace(""select"", ""SELECT TOP 10"", 1)                  logging.info(f""Validando consulta tipo '{query_type}' para servidor {server_id}"")                  results = execute_sql_query(             server['host'],             server['port'],             server['database'],             server['username'],             server['password'],             sql_test         )          "
"/app/backend/server.py","2154","get_server_by_id","","        sync_mongo=True  # Mantener espejo MongoDB para compatibilidad     )          if not result.get('success'):         raise HTTPException(status_code=500, detail=result.get('error', 'Error al guardar query'))          # FASE P1.4-B: Verificar si todas las consultas están configuradas     # ANTES: updated_server = decrypt_server_secrets(await db.servers.find_one({""id"": server_id}, {""_id"": 0}))     updated_server = await get_server_by_id(server_id, db=db, mask_secrets=True)     if updated_server:         all_configured = all([             (updated_server.get(""query_inventario"") or {}).get(""validated"", False),             (updated_server.get(""query_ventas"") or {}).get(""validated"", False),             (updated_server.get(""query_movimientos"") or {}).get(""validated"", False)         ])                  # ANTES: await db.servers.update_one({""id"": server_id}, {""$set"": {""queries_configured"": all_configured}}) "
"/app/backend/server.py","2194","get_server_by_id","@api_router.get(""/servers/{server_id}/queries"")","    FASE P1.4-B (Dic 2025): Migrado de MongoDB db.servers a server_registry.     FUENTE: EDARSAHUB.dbo.Servidores_Conexiones     NO FUENTE: MongoDB db.servers     """"""     from core.server_registry import get_server_by_id          # FASE P1.4-B: Obtener servidor desde EDARSAHUB SQL     # ANTES: server = decrypt_server_secrets(await db.servers.find_one({""id"": server_id, ""active"": True}, {""_id"": 0}))     server = await get_server_by_id(server_id, db=db, mask_secrets=True)     if not server or not server.get('active', True):         raise HTTPException(status_code=404, detail=""Servidor no encontrado"")          return {         ""server_id"": server_id,         ""server_name"": server.get(""name""),         ""system_type"": server.get(""system_type""),         ""queries_configured"": server.get(""queries_configured"", False), "
"/app/backend/server.py","2426","get_server_by_id","@api_router.get(""/servers/{server_id}/categorias"")","    El modal no debe depender de conexión viva.          Returns:         Lista de objetos [{codigo, descripcion}] o [] si no hay datos     """"""     from core.server_registry import get_server_by_id          # Obtener servidor desde EDARSAHUB     server = await get_server_by_id(server_id, db=db)          if not server:         logging.warning(f""[GET_CATEGORIAS] Servidor no encontrado. ID={server_id}"")         raise HTTPException(status_code=404, detail=""Servidor no encontrado"")          # P0: Leer categorías desde EDARSAHUB     categorias = server.get('categorias', [])      "
"/app/backend/server.py","2463","get_server_by_id","@api_router.get(""/servers/{server_id}/departamentos"")","    El modal no debe depender de conexión viva.          Returns:         Lista de objetos [{codigo, descripcion}] o [] si no hay datos     """"""     from core.server_registry import get_server_by_id          # Obtener servidor desde EDARSAHUB     server = await get_server_by_id(server_id, db=db)          if not server:         logging.warning(f""[GET_DEPARTAMENTOS] Servidor no encontrado. ID={server_id}"")         raise HTTPException(status_code=404, detail=""Servidor no encontrado"")          # P0: Leer departamentos desde EDARSAHUB     departamentos_raw = server.get('departamentos', [])      "
"/app/backend/server.py","2586","execute_sql_query","@api_router.get(""/servers/{server_id}/sucursales"")","    try:         sucursales_raw = []                  if is_mpro_system(server.get('system_type')):             # Intentar obtener sucursales de MPRO             query = ""SELECT Sc_Cve_Sucursal as id, Sc_Descripcion as nombre FROM Sucursal WHERE Es_Cve_Estado <> 'BA'""             try:                 logging.info(f""[MPRO Sucursales] Consultando sucursales para {server['name']}..."")                 results = execute_sql_query(                     server['host'],                     server['port'],                     server['database'],                     server['username'],                     server['password'],                     query                 )                 logging.info(f""[MPRO Sucursales] Resultado: {len(results) if results else 0} sucursales"") "
"/app/backend/server.py","2604","execute_sql_query","","                    sucursales_raw = results             except Exception as e:                 logging.warning(f""MPRO Sucursales query failed: {e}"")                          # Si no hay sucursales en la tabla Sucursal, intentar usar Almacenes             if not sucursales_raw:                 try:                     query_almacen = ""SELECT DISTINCT Al_Cve_Almacen as id, Al_Descripcion as nombre FROM Almacen WHERE Es_Cve_Estado <> 'BA'""                     almacenes = execute_sql_query(                         server['host'],                         server['port'],                         server['database'],                         server['username'],                         server['password'],                         query_almacen                     )                     if almacenes and len(almacenes) > 0: "
"/app/backend/server.py","2628","execute_sql_query","","                     elif is_softrestaurant_system(server.get('system_type')):             # SoftRestaurant NO tiene tabla Sucursal - devolvemos una sucursal virtual con el nombre del servidor             sucursales_raw = [{""id"": ""default"", ""nombre"": server.get('name', 'Principal'), ""codigo"": ""default""}]         else:             # Query genérica para otros sistemas - también con fallback             try:                 query = ""SELECT DISTINCT Sc_Cve_Sucursal as id, Sc_Descripcion as nombre FROM Sucursal""                 results = execute_sql_query(                     server['host'],                     server['port'],                     server['database'],                     server['username'],                     server['password'],                     query                 )                 if results and len(results) > 0: "
"/app/backend/server.py","2718","execute_sql_query","","            if sucursal_id:                 query = f""SELECT Al_Cve_Almacen as id, Al_Descripcion as nombre FROM Almacen WHERE Sc_Cve_Sucursal = %s AND Es_Cve_Estado <> 'BA'{almacen_filter}""                 results = execute_sql_query_params(                     server['host'], server['port'], server['database'],                     server['username'], server['password'], query, (sucursal_id,)                 )             else:                 query = f""SELECT Al_Cve_Almacen as id, Al_Descripcion as nombre FROM Almacen WHERE Es_Cve_Estado <> 'BA'{almacen_filter}""                 results = execute_sql_query(                     server['host'], server['port'], server['database'],                     server['username'], server['password'], query                 )             logging.info(f""[RBAC-ALMACENES] MPRO devolvió {len(results)} almacenes (filtrado RBAC)"")             return results                  elif is_softrestaurant_system(server.get('system_type')):             # FASE 8: Filtro por almacenes permitidos (usa ID numérico) "
"/app/backend/server.py","2738","execute_sql_query","","SELECT      idalmacen as id,      nombre,     ISNULL(tipo, 1) as tipo FROM almacen WHERE 1=1{almacen_filter} ORDER BY nombre """"""             results = execute_sql_query(                 server['host'], server['port'], server['database'],                 server['username'], server['password'], query             )             logging.info(f""[RBAC-ALMACENES] SoftRestaurant devolvió {len(results)} almacenes (filtrado RBAC)"")             return results                  else:             # Query genérica para otros sistemas con filtro RBAC "
"/app/backend/server.py","2757","execute_sql_query","","            if sucursal_id:                 query = f""SELECT Al_Cve_Almacen as id, Al_Descripcion as nombre FROM Almacen WHERE Sc_Cve_Sucursal = %s{almacen_filter}""                 results = execute_sql_query_params(                     server['host'], server['port'], server['database'],                     server['username'], server['password'], query, (sucursal_id,)                 )             else:                 query = f""SELECT Al_Cve_Almacen as id, Al_Descripcion as nombre FROM Almacen WHERE 1=1{almacen_filter}""                 results = execute_sql_query(                     server['host'], server['port'], server['database'],                     server['username'], server['password'], query                 )             return results     except Exception as e:         logging.error(f""Error obteniendo almacenes: {str(e)}"")         return []  "
"/app/backend/server.py","2835","execute_sql_query","@api_router.post(""/servers/{server_id}/sucursales-config/sync"")","         logging.debug(f""[SYNC_SUCURSALES_CONFIG] Servidor obtenido via registry. Origin={server.get('config_origin', 'UNKNOWN')}"")          # Obtener sucursales desde SQL Server     try:         sucursales_sql = []         if is_mpro_system(server.get('system_type')):             query = ""SELECT Sc_Cve_Sucursal as id, Sc_Descripcion as nombre FROM Sucursal WHERE Es_Cve_Estado <> 'BA'""             sucursales_sql = execute_sql_query(                 server['host'], server['port'], server['database'],                 server['username'], server['password'], query             ) or []         elif is_softrestaurant_system(server.get('system_type')):             # SoftRestaurant no tiene tabla Sucursal, crear virtual             sucursales_sql = [{""id"": ""default"", ""nombre"": server.get('name', 'Principal')}]                  if not sucursales_sql: "
"/app/backend/server.py","3086","execute_sql_query","","            sc.tipo_conexion as connection_type         FROM Unidades_Negocio un         INNER JOIN Servidores_Conexiones sc ON CAST(un.server_id AS VARCHAR(50)) = CAST(sc.id AS VARCHAR(50))         WHERE un.activo = 1           AND sc.activo = 1         ORDER BY un.orden, un.nombre         """"""                  unidades_sql = execute_sql_query(             EDARSAHUB_CONFIG['host'],             EDARSAHUB_CONFIG['port'],             EDARSAHUB_CONFIG['database'],             EDARSAHUB_CONFIG['username'],             EDARSAHUB_CONFIG['password'],             query         )          "
"/app/backend/server.py","3234","execute_sql_query","","SELECT      idalmacen as id,      nombre,     ISNULL(tipo, 1) as tipo FROM almacen {where_clause}{almacen_filter} ORDER BY nombre """"""         results = execute_sql_query(             server['host'],             server['port'],             server['database'],             server['username'],             server['password'],             query         )         logging.info(f""[RBAC-ALMACENES-SR] Devolvió {len(results)} almacenes (filtrado RBAC)"") "
"/app/backend/server.py","3347","execute_sql_query","","                LEFT JOIN almacen A ON A.idalmacen = INV.idalmacen1                 {where_clause}                 ORDER BY INV.fecha DESC             """"""             logging.info(f""[RBAC-INVENTARIOS-LIST] SR Query con filtro RBAC aplicado"")         else:             query = ""SELECT Fi_Folio as folio, CONVERT(varchar, fi_fecha, 120) as fecha FROM Fisico GROUP BY Fi_Folio, fi_fecha ORDER BY fi_fecha DESC""                  results = execute_sql_query(             server['host'],             server['port'],             server['database'],             server['username'],             server['password'],             query         )         return results "
"/app/backend/server.py","3512","execute_sql_query","","            """"""         else:             return {                 ""items"": [],                 ""totales"": {""cantidad"": 0, ""valor"": 0, ""items"": 0},                 ""mensaje"": f""Este reporte no está disponible para {system_type}""             }                  results = execute_sql_query(             server['host'],             server['port'],             server['database'],             server['username'],             server['password'],             query         )          "
"/app/backend/server.py","3639","execute_sql_query","@api_router.post(""/reports/inventory"")","        raise HTTPException(status_code=404, detail=""Consulta no encontrada"")          # Replace parameters in query     sql_query = query_template['sql_query']     for key, value in params.items():         sql_query = sql_query.replace(f""@{key}"", f""'{value}'"")          # Execute query     results = execute_sql_query(         server['host'],         server['port'],         server['database'],         server['username'],         server['password'],         sql_query     )      "
"/app/backend/server.py","3683","execute_sql_query","@api_router.get(""/servers/{server_id}/report-filters"")","        if is_mpro_system(server.get('system_type')):             # Obtener categorías             categorias_query = """"""                 SELECT DISTINCT Ct_Cve_Categoria as id, Ct_Descripcion as nombre                  FROM Categoria                  WHERE Es_Cve_Estado <> 'BA'                 ORDER BY Ct_Descripcion             """"""             categorias = execute_sql_query(                 server['host'], server['port'], server['database'],                 server['username'], server['password'], categorias_query             )                          # Obtener familias             familias_query = """"""                 SELECT DISTINCT Fm_Cve_Familia as id, Fm_Descripcion as nombre                  FROM Familia  "
"/app/backend/server.py","3695","execute_sql_query","","                         # Obtener familias             familias_query = """"""                 SELECT DISTINCT Fm_Cve_Familia as id, Fm_Descripcion as nombre                  FROM Familia                  WHERE Es_Cve_Estado <> 'BA'                 ORDER BY Fm_Descripcion             """"""             familias = execute_sql_query(                 server['host'], server['port'], server['database'],                 server['username'], server['password'], familias_query             )                          # Obtener subfamilias             subfamilias_query = """"""                 SELECT DISTINCT Sf_Cve_SubFamilia as id, Sf_Descripcion as nombre                  FROM SubFamilia  "
"/app/backend/server.py","3707","execute_sql_query","","                         # Obtener subfamilias             subfamilias_query = """"""                 SELECT DISTINCT Sf_Cve_SubFamilia as id, Sf_Descripcion as nombre                  FROM SubFamilia                  WHERE Es_Cve_Estado <> 'BA'                 ORDER BY Sf_Descripcion             """"""             subfamilias = execute_sql_query(                 server['host'], server['port'], server['database'],                 server['username'], server['password'], subfamilias_query             )                          return {                 ""categorias"": categorias or [],                 ""familias"": familias or [],                 ""subfamilias"": subfamilias or [] "
"/app/backend/server.py","3739","execute_sql_query","","            # Obtener familias (gruposiclasificacion)             familias_query = """"""                 SELECT DISTINCT                      CAST(idgruposiclasificacion as VARCHAR) as id,                      descripcion as nombre                  FROM gruposiclasificacion                 ORDER BY descripcion             """"""             familias = execute_sql_query(                 server['host'], server['port'], server['database'],                 server['username'], server['password'], familias_query             )                          # Obtener subfamilias (gruposi)             subfamilias_query = """"""                 SELECT DISTINCT                      CAST(idgruposi as VARCHAR) as id,  "
"/app/backend/server.py","3752","execute_sql_query","","            # Obtener subfamilias (gruposi)             subfamilias_query = """"""                 SELECT DISTINCT                      CAST(idgruposi as VARCHAR) as id,                      descripcion as nombre                  FROM gruposi                 ORDER BY descripcion             """"""             subfamilias = execute_sql_query(                 server['host'], server['port'], server['database'],                 server['username'], server['password'], subfamilias_query             )                          return {                 ""categorias"": categorias,                 ""familias"": familias or [],                 ""subfamilias"": subfamilias or [] "
"/app/backend/server.py","3936","execute_sql_query","","                         # Si no hay fecha_ini, intentar obtenerla de inventarios_iniciales_info o del folio             if not fecha_ini:                 if inventarios_iniciales_info and inventarios_iniciales_info[0].get('fecha'):                     fecha_ini = inventarios_iniciales_info[0]['fecha'][:10]  # YYYY-MM-DD                 elif lista_folios_ini:                     # Obtener fecha del primer folio inicial                     fecha_folio_query = f""SELECT TOP 1 CONVERT(varchar, Fi_Fecha, 120) as fecha FROM Fisico WHERE Fi_Folio = '{lista_folios_ini[0]}'""                     fecha_result = execute_sql_query(server['host'], server['port'], server['database'], server['username'], server['password'], fecha_folio_query)                     if fecha_result:                         fecha_ini = fecha_result[0]['fecha'][:10]                     else:                         raise HTTPException(status_code=400, detail=""No se pudo determinar la fecha inicial"")                 else:                     raise HTTPException(status_code=400, detail=""Se requiere fecha_ini o inventarios_iniciales_info"")                          if not fecha_fin: "
"/app/backend/server.py","3949","execute_sql_query","","                else:                     raise HTTPException(status_code=400, detail=""Se requiere fecha_ini o inventarios_iniciales_info"")                          if not fecha_fin:                 if inventarios_finales_info and inventarios_finales_info[0].get('fecha'):                     fecha_fin = inventarios_finales_info[0]['fecha'][:10]                 elif lista_folios_fin:                     fecha_folio_query = f""SELECT TOP 1 CONVERT(varchar, Fi_Fecha, 120) as fecha FROM Fisico WHERE Fi_Folio = '{lista_folios_fin[0]}'""                     fecha_result = execute_sql_query(server['host'], server['port'], server['database'], server['username'], server['password'], fecha_folio_query)                     if fecha_result:                         fecha_fin = fecha_result[0]['fecha'][:10]                     else:                         raise HTTPException(status_code=400, detail=""No se pudo determinar la fecha final"")                 else:                     raise HTTPException(status_code=400, detail=""Se requiere fecha_fin o inventarios_finales_info"")                          # Calcular fecha de inicio para movimientos/ventas (fecha_ini + 1 día) "
"/app/backend/server.py","3983","execute_sql_query","","    A.Al_Cve_Almacen as codigo,     A.Al_Descripcion as nombre,     A.Sc_Cve_Sucursal as sucursal_codigo FROM Almacen A INNER JOIN Sucursal S ON S.Sc_Cve_Sucursal = A.Sc_Cve_Sucursal WHERE ({almacenes_like_conditions})     AND S.Sc_Descripcion LIKE '%{sucursal_safe}%' """"""             almacen_result = execute_sql_query(                 server['host'], server['port'], server['database'],                 server['username'], server['password'], almacen_query             )             if not almacen_result:                 logging.error(f""Almacén(es) no encontrado(s) en MPRO - Sucursal: '{sucursal}', Almacenes: {lista_almacenes}, Servidor: {server.get('name', server_id)}"")                 raise HTTPException(status_code=404, detail=f""Almacén no encontrado en sucursal '{sucursal}'. Verifique la conexión al servidor SQL o que el almacén exista."")                          # Lista de códigos de almacén "
"/app/backend/server.py","4070","execute_sql_query","","            AND MOV.Al_Cve_Almacen IN ({almacenes_sql})             AND MOV.Es_Cve_Estado <> 'CA'             AND MOV.Mv_Fecha BETWEEN '{fecha_ini}' AND '{fecha_fin} 23:59:59'         )     ) ORDER BY F.Fm_Descripcion, SF.Sf_Descripcion, P.Pr_Descripcion """"""             logging.info(""Obteniendo catalogo de productos MPRO (INSUMOS con presentaciones + COMPRAS sin presentacion)..."")             productos = execute_sql_query(                 server['host'], server['port'], server['database'],                 server['username'], server['password'], productos_query             )             logging.info(f""Productos obtenidos: {len(productos)}"")                          # 3. Obtener ventas - UNION ALL de ventas KIT + ventas DIRECTAS             # Consulta proporcionada por el usuario para MPRO             # MPRO: Ventas desde (fecha_inventario_inicial + 1 día) hasta fecha_inventario_final "
"/app/backend/server.py","4116","execute_sql_query","","    WHERE sucursal.Sc_Cve_Sucursal = '{sucursal_codigo}'         AND venta.Es_Cve_Estado <> 'CA'         AND venta.Vn_Fecha BETWEEN '{fecha_ini_mov}' AND '{fecha_fin} 23:59:59'     GROUP BY venta.Pr_Cve_Producto ) AS VentasCombinadas GROUP BY Producto_Codigo """"""                 logging.info(""Obteniendo ventas (KIT + DIRECTAS)..."")                 ventas_result = execute_sql_query(                     server['host'], server['port'], server['database'],                     server['username'], server['password'], ventas_query                 )                 ventas_dict = {v['Producto_Codigo']: float(v['Total_Ventas'] or 0) for v in ventas_result}                 logging.info(f""Ventas obtenidas para {len(ventas_dict)} productos"")             else:                 logging.info(f""MPRO - Almacén BODEGA '{almacen_nombre}' - Ventas = 0 para todos los productos"")              "
"/app/backend/server.py","4161","execute_sql_query","","                )                 END             ELSE E.Mv_Fecha         END     ) BETWEEN '{fecha_ini_mov}' AND '{fecha_fin} 23:59:59' GROUP BY E.Pr_Cve_Producto """"""             logging.info(""Obteniendo movimientos (con lógica especial de fechas para tipos 508/108)..."")             movimientos_result = execute_sql_query(                 server['host'], server['port'], server['database'],                 server['username'], server['password'], movimientos_query             )             movimientos_dict = {m['Producto_Codigo']: float(m['Total_Movimientos'] or 0) for m in movimientos_result}             logging.info(f""Movimientos obtenidos para {len(movimientos_dict)} productos"")                          # 5. Detectar errores de captura de inventario             # Si un producto está en Producto_Presentacion como Pp_Producto (es una presentación) "
"/app/backend/server.py","4185","execute_sql_query","","FROM Producto_Presentacion PP INNER JOIN Producto P_PRES ON P_PRES.Pr_Cve_Producto = PP.Pp_Producto INNER JOIN Producto P_INS ON P_INS.Pr_Cve_Producto = PP.Pr_Cve_Producto INNER JOIN Fisico F ON F.Pr_Cve_Producto = PP.Pp_Producto     AND F.Al_Cve_Almacen IN ({almacenes_sql})     AND F.Fi_Folio IN ({folios_ini_sql}, {folios_fin_sql}) WHERE P_INS.Dp_Cve_Departamento = '0007' """"""             errores_result = execute_sql_query(                 server['host'], server['port'], server['database'],                 server['username'], server['password'], errores_captura_query             )             if errores_result:                 logging.warning(f""ERRORES DE CAPTURA DETECTADOS: {len(errores_result)} presentaciones capturadas incorrectamente"")                 for err in errores_result:                     logging.warning(f""  - Presentación {err['Codigo_Presentacion']} ({err['Descripcion_Presentacion']}) capturada en inventario, pero debería capturarse como INSUMO {err['Codigo_Insumo']} ({err['Descripcion_Insumo']})"")              "
"/app/backend/server.py","4275","execute_sql_query","","    F.Fi_Cantidad_Control_1 as Cantidad,     F.Al_Cve_Almacen as Almacen_Codigo,     ISNULL(F.Fi_Comentario, '') as Comentario FROM Fisico F WHERE F.Fi_Folio IN ({folios_ini_sql}, {folios_fin_sql})      AND F.Al_Cve_Almacen IN ({almacenes_sql}) ORDER BY F.Pr_Cve_Producto, F.Fi_Folio """"""                 inv_detalle = execute_sql_query(                     server['host'], server['port'], server['database'],                     server['username'], server['password'], inv_detalle_query                 )                                  # Crear diccionarios de folios iniciales y finales                 folios_ini_set = set(lista_folios_ini)                 folios_fin_set = set(lista_folios_fin)                  "
"/app/backend/server.py","4513","execute_sql_query","","                         # Obtener fechas de los folios de inventario             fechas_query = f"""""" SELECT folio, fecha FROM invfisico WHERE folio IN ({all_folios_sql}) ORDER BY folio """"""             fechas_result = execute_sql_query(                 server['host'], server['port'], server['database'],                 server['username'], server['password'], fechas_query             )                          # Extraer fechas con hora completa (usar primera y última)             fecha_ini = None             fecha_fin = None             folios_ini_set = set(str(f) for f in lista_folios_ini) "
"/app/backend/server.py","4580","execute_sql_query","","            almacen_query = f"""""" SELECT TOP 1      idalmacen as codigo,     nombre,     ISNULL(tipo, 1) as tipo FROM almacen WHERE nombre LIKE '%{almacen_safe}%' """"""             almacen_result = execute_sql_query(                 server['host'], server['port'], server['database'],                 server['username'], server['password'], almacen_query             )             if not almacen_result:                 logging.error(f""Almacén '{almacen}' no encontrado en servidor {server.get('name', server_id)} ({server['host']})"")                 raise HTTPException(status_code=404, detail=f""Almacén '{almacen}' no encontrado. Verifique la conexión al servidor SQL o que el almacén exista en la base de datos."")                          almacen_id = almacen_result[0]['codigo'] "
"/app/backend/server.py","4673","execute_sql_query","","INNER JOIN gruposiclasificacion GC ON GC.idgruposiclasificacion = GP.idgruposiclasificacion WHERE LEFT(INPRE.descripcion, 3) <> 'zzz'   AND IDET_PRES.inventariable = 1   {filtro_categoria_pres}   {filtro_familia_pres}   {filtro_subfamilia_pres} """"""                          productos_result = execute_sql_query(                 server['host'], server['port'], server['database'],                 server['username'], server['password'], productos_query             )             # Crear diccionario de productos por código             productos_dict = {p['CODIGO']: p for p in productos_result}             logging.info(f""Productos en catálogo: {len(productos_dict)}"")                          # DEBUG: Mostrar códigos de presentaciones para verificar "
"/app/backend/server.py","4720","execute_sql_query","","LEFT JOIN insumos I_INS ON I_INS.idinsumo = FMOV.idinsumo LEFT JOIN gruposi GP_INS ON GP_INS.idgruposi = I_INS.idgruposi LEFT JOIN gruposiclasificacion GC_INS ON GC_INS.idgruposiclasificacion = GP_INS.idgruposiclasificacion WHERE FMOV.folio IN ({all_folios_sql})   AND AL.nombre LIKE '%{almacen_safe}%' ORDER BY FMOV.folio, CODIGO """"""                          inventarios_result = execute_sql_query(                 server['host'], server['port'], server['database'],                 server['username'], server['password'], inventarios_query             )                          # Separar inventarios inicial y final - SOLO productos con existencia != 0             inv_inicial_dict = {}             inv_final_dict = {}             for inv in inventarios_result: "
"/app/backend/server.py","4835","execute_sql_query","","LEFT JOIN almacen ON almacen.idalmacen = movtosalmacen.idalmacen WHERE movtosalmacen.fecha BETWEEN '{fecha_ini_fmt}' AND '{fecha_fin_fmt}'   AND almacen.nombre LIKE '%{almacen_safe}%'   {filtro_conceptos_presentaciones} GROUP BY RTRIM(LTRIM(movtosalmacen.idinsumospresentaciones)) """"""                          try:                 movimientos_result = execute_sql_query(                     server['host'], server['port'], server['database'],                     server['username'], server['password'], movimientos_query                 )                 movimientos_dict = {m['CODIGO']: float(m['CANTIDAD'] or 0) for m in movimientos_result}                 logging.info(f""Movimientos obtenidos para {len(movimientos_dict)} productos"")                 # DEBUG: Mostrar el valor de B130009                 if 'B130009' in movimientos_dict:                     logging.info(f""DEBUG B130009 movimientos: {movimientos_dict['B130009']}"") "
"/app/backend/server.py","4904","execute_sql_query","","WHERE turnos.APERTURA BETWEEN CONVERT(datetime, CONVERT(nvarchar(30),'{fecha_ini_sql}',103),103)                            AND CONVERT(datetime, CONVERT(nvarchar(30),'{fecha_fin_sql}',103),103)   AND cheques.cancelado = 0   AND AL.nombre LIKE '%{almacen_safe}%' GROUP BY RTRIM(LTRIM(receta.idinsumo)) """"""                 try:                     logging.info(f""Ejecutando consulta ventas INSUMOS para almacén {almacen}"")                     ventas_result = execute_sql_query(                         server['host'], server['port'], server['database'],                         server['username'], server['password'], ventas_insumos_query                     )                     # Sumar las ventas por código                     for v in ventas_result:                         if v['CODIGO']:                             codigo = v['CODIGO']                             cantidad = float(v['CONSUMIDO'] or 0) "
"/app/backend/server.py","4944","execute_sql_query","","WHERE turnos.APERTURA BETWEEN CONVERT(datetime, CONVERT(nvarchar(30),'{fecha_ini_sql}',103),103)                            AND CONVERT(datetime, CONVERT(nvarchar(30),'{fecha_fin_sql}',103),103)   AND cheques.cancelado = 0   AND AL.nombre LIKE '%{almacen_safe}%' GROUP BY RTRIM(LTRIM(receta.idinsumo)) """"""                 try:                     logging.info(""Intentando obtener ventas de cuentas temporales (temcheques/temcheqdet)..."")                     ventas_temp_result = execute_sql_query(                         server['host'], server['port'], server['database'],                         server['username'], server['password'], ventas_temp_query                     )                     for v in ventas_temp_result:                         if v['CODIGO']:                             codigo = v['CODIGO']                             cantidad = float(v['CONSUMIDO'] or 0)                             ventas_dict[codigo] = ventas_dict.get(codigo, 0) + cantidad "
"/app/backend/server.py","5195","execute_sql_query","","            # Obtener código del almacén             almacen_query = f"""""" SELECT TOP 1 A.Al_Cve_Almacen as codigo FROM Almacen A INNER JOIN Sucursal S ON S.Sc_Cve_Sucursal = A.Sc_Cve_Sucursal WHERE A.Al_Descripcion LIKE '%{almacen_safe}%'     AND S.Sc_Descripcion LIKE '%{sucursal_safe}%' """"""             almacen_result = execute_sql_query(                 server['host'], server['port'], server['database'],                 server['username'], server['password'], almacen_query             )             if not almacen_result:                 raise HTTPException(status_code=404, detail=""Almacén no encontrado"")             almacen_codigo = almacen_result[0]['codigo']                          # Obtener filtros de tipos de movimiento configurados "
"/app/backend/server.py","5261","execute_sql_query","","                    WHERE CN.Cp_Folio = M.Mv_Documento                 ), M.Mv_Fecha)                 END             ELSE M.Mv_Fecha         END     ) BETWEEN '{fecha_ini_mov}' AND '{fecha_fin} 23:59:59' ORDER BY Fecha DESC """"""             result = execute_sql_query(                 server['host'], server['port'], server['database'],                 server['username'], server['password'], query             )                          # Formatear resultados             movements = []             for row in result:                 # Usar Tipo_Movimiento de la BD (E=Entrada, S=Salida) "
"/app/backend/server.py","5340","execute_sql_query","","WHERE RTRIM(LTRIM(M.idinsumospresentaciones)) = '{producto_codigo}'     AND A.nombre LIKE '%{almacen_safe}%'     AND M.fecha BETWEEN '{fecha_ini_fmt}' AND '{fecha_fin_fmt}'     AND M.idconcepto <> '' ORDER BY M.fecha DESC """"""             logging.info(f""Query detalle movimientos PRESENTACIONES: {query_presentaciones[:300]}..."")                          result = execute_sql_query(                 server['host'], server['port'], server['database'],                 server['username'], server['password'], query_presentaciones             )                          # Si no hay resultados en presentaciones, buscar en INSUMOS             if not result:                 # El código ya es el idinsumo completo (incluyendo el prefijo, ej: B130001)                 # No necesitamos quitar ningún carácter "
"/app/backend/server.py","5372","execute_sql_query","","INNER JOIN insumos I ON I.idinsumo = M.idinsumo LEFT JOIN almacen A ON A.idalmacen = M.idalmacen WHERE RTRIM(LTRIM(M.idinsumo)) = '{producto_codigo}'     AND A.nombre LIKE '%{almacen_safe}%'     AND M.fecha BETWEEN '{fecha_ini_fmt}' AND '{fecha_fin_fmt}'     AND M.idconcepto <> '' ORDER BY M.fecha DESC """"""                 result = execute_sql_query(                     server['host'], server['port'], server['database'],                     server['username'], server['password'], query_insumos                 )                          logging.info(f""Movimientos encontrados: {len(result)}"")                          movements = []             for row in result: "
"/app/backend/server.py","5481","execute_sql_query","","    INNER JOIN sucursal S ON S.Sc_Cve_Sucursal = V.Sc_Cve_Sucursal     WHERE V.Pr_Cve_Producto = '{producto_codigo}'         AND S.Sc_Descripcion LIKE '%{sucursal_safe}%'         AND V.Es_Cve_Estado <> 'CA'         AND V.Vn_Fecha BETWEEN '{fecha_ini}' AND '{fecha_fin} 23:59:59' ) AS VentasDetalle ORDER BY Fecha DESC """"""             result = execute_sql_query(                 server['host'], server['port'], server['database'],                 server['username'], server['password'], query             )                          sales = []             for row in result:                 sales.append({                     'folio': row.get('Folio'), "
"/app/backend/server.py","5550","execute_sql_query","","INNER JOIN productos ON productos.idproducto = venta.idproducto INNER JOIN turnos ON turnos.idturno = cheques.idturno WHERE RTRIM(LTRIM(receta.idinsumo)) = '{producto_codigo}'   AND turnos.APERTURA BETWEEN '{fecha_ini_fmt}' AND '{fecha_fin_fmt}'   AND cheques.cancelado = 0   AND AL.nombre LIKE '%{almacen_safe}%' ORDER BY turnos.APERTURA DESC """"""             result = execute_sql_query(                 server['host'], server['port'], server['database'],                 server['username'], server['password'], query_insumos             )                          logging.info(f""Ventas encontradas: {len(result)}"")                          sales = []             for row in result: "
"/app/backend/server.py","5696","execute_sql_query","","            FROM invfisico INV             INNER JOIN almacen A ON A.idalmacen = INV.idalmacen1             WHERE INV.idalmacen1 = '{almacen_id}'                 AND CONVERT(date, INV.fecha) <= CONVERT(date, '{fecha_ref_clean_sr}')             GROUP BY INV.folio, INV.fecha, A.nombre             ORDER BY INV.fecha DESC             """"""                  cortes_result = execute_sql_query(             server['host'], server['port'], server['database'],             server['username'], server['password'], query_cortes         )                  if not cortes_result:             logging.warning(f""No se encontraron inventarios para almacén {almacen_id}/{comentario}"")             return None          "
"/app/backend/server.py","6296","execute_sql_query","","    consulta = consultas[consulta_nombre]          try:         # Formatear la consulta con los parámetros         sql = consulta[""sql""].format(**parametros)                  logging.info(f""Ejecutando consulta: {consulta_nombre}"")                  results = execute_sql_query(             server['host'],             server['port'],             server['database'],             server['username'],             server['password'],             sql         )          "
"/app/backend/server.py","6353","execute_sql_query","@api_router.post(""/catalogo/consulta-personalizada"")","    from core.server_registry import get_server_connection_info     conn_info = await get_server_connection_info(server_id, db=db)     if not conn_info:         raise HTTPException(status_code=404, detail=""Servidor no encontrado o sin acceso"")          try:         logging.info(f""Ejecutando consulta personalizada"")                  results = execute_sql_query(             conn_info['host'],             conn_info['port'],             conn_info['database'],             conn_info['username'],             conn_info['password'],             sql         )          "
"/app/backend/server.py","6399","execute_sql_query","@api_router.post(""/debug/test-connection"")","        ""hostname"": hostname,         ""port"": parsed_port,         ""instance"": instance,         ""original_host"": host     }          try:         logging.info(f""DEBUG: Probando conexión a {host}"")         results = execute_sql_query(host, port, database, username, password, query)         return {             ""success"": True,             ""message"": f""Conexión exitosa. {len(results)} registros obtenidos."",             ""parsed_info"": parsed_info,             ""data"": results[:10] if results else []  # Solo primeros 10 registros         }     except Exception as e:         logging.error(f""DEBUG: Error en conexión: {str(e)}"") "
"/app/backend/server.py","6453","execute_sql_query","@api_router.get(""/debug/tipos-movimiento-live/{server_id}"")","                    descripcion,                     CASE WHEN tipo = 1 THEN 'EN' ELSE 'SA' END as tipo                 FROM conceptos                 ORDER BY idconcepto             """"""         else:             return {""error"": ""Sistema no soportado"", ""system_type"": server.get('system_type')}                  results = execute_sql_query(             server['host'],             server['port'],             server['database'],             server['username'],             server['password'],             query         )          "
"/app/backend/server.py","6508","execute_sql_query","@api_router.post(""/debug/test-queries"")","        # FASE 1C: Sanitizar entradas LIKE         sucursal_safe = _escape_like_pattern(sucursal) if sucursal else """"         almacen_safe = _escape_like_pattern(almacen) if almacen else """"                  # Obtener código del almacén si se proporcionó nombre         almacen_codigo = None         if almacen:             almacen_query = f""SELECT TOP 1 Al_Cve_Almacen as codigo FROM Almacen WHERE Al_Descripcion LIKE '%{almacen_safe}%'""             almacen_result = execute_sql_query(                 conn_info['host'], conn_info['port'], conn_info['database'],                 conn_info['username'], conn_info['password'], almacen_query             )             if almacen_result:                 almacen_codigo = almacen_result[0]['codigo']                 results[""almacen_codigo""] = almacen_codigo                  # Consulta de movimientos CON filtro de almacén si se proporciona "
"/app/backend/server.py","6533","execute_sql_query","","INNER JOIN Tipo_Movimiento TM ON TM.Tm_Cve_Tipo_Movimiento = E.Tm_Cve_Tipo_Movimiento WHERE S.Sc_Descripcion LIKE '%{sucursal_safe}%'     AND E.Pr_Cve_Producto = '{producto_codigo}'     AND E.Es_Cve_Estado <> 'CA'     AND E.Tm_Cve_Tipo_Movimiento IN ('050','100','106','108','112','202','400','500','506','508','510','512')     AND E.Mv_Fecha BETWEEN '{fecha_ini}' AND '{fecha_fin} 23:59:59'     {filtro_almacen} """"""         mov_result = execute_sql_query(             conn_info['host'], conn_info['port'], conn_info['database'],             conn_info['username'], conn_info['password'], query_mov_simple         )         results[""movimientos_simple""] = mov_result                  # Consulta de ventas combinada - Exacta a la original de Power Query         # IMPORTANTE: La consulta original NO filtra por categorías/departamentos específicamente         # sino que suma todas las ventas donde el producto aparece (ya sea como kit o directo) "
"/app/backend/server.py","6568","execute_sql_query","","    FROM venta     INNER JOIN sucursal ON sucursal.Sc_Cve_Sucursal = venta.Sc_Cve_Sucursal     WHERE sucursal.Sc_Descripcion LIKE '%{sucursal_safe}%'         AND venta.Es_Cve_Estado <> 'CA'         AND venta.Vn_Fecha BETWEEN '{fecha_ini}' AND '{fecha_fin} 23:59:59'         AND venta.Pr_Cve_Producto = '{producto_codigo}' ) AS VentasCombinadas """"""         ventas_result = execute_sql_query(             conn_info['host'], conn_info['port'], conn_info['database'],             conn_info['username'], conn_info['password'], query_ventas         )         results[""ventas""] = ventas_result                  # Detalle de movimientos CON ALMACÉN         query_detalle = f"""""" SELECT TOP 10 "
"/app/backend/server.py","6595","execute_sql_query","","INNER JOIN Tipo_Movimiento TM ON TM.Tm_Cve_Tipo_Movimiento = E.Tm_Cve_Tipo_Movimiento WHERE S.Sc_Descripcion LIKE '%{sucursal_safe}%'     AND E.Pr_Cve_Producto = '{producto_codigo}'     AND E.Es_Cve_Estado <> 'CA'     AND E.Tm_Cve_Tipo_Movimiento IN ('050','100','106','108','112','202','400','500','506','508','510','512')     AND E.Mv_Fecha BETWEEN '{fecha_ini}' AND '{fecha_fin} 23:59:59' ORDER BY E.Mv_Fecha DESC """"""         detalle = execute_sql_query(             conn_info['host'], conn_info['port'], conn_info['database'],             conn_info['username'], conn_info['password'], query_detalle         )         results[""detalle_movimientos""] = detalle                  # Detalle de ventas Kit         query_detalle_kit = f"""""" SELECT TOP 10 V.Vn_Folio, V.Vn_Fecha, V.Pr_Cve_Producto as Producto_Vendido,  "
"/app/backend/server.py","6615","execute_sql_query","","INNER JOIN producto_kit PK ON PK.Pr_Cve_Producto = V.Pr_Cve_Producto INNER JOIN sucursal S ON S.Sc_Cve_Sucursal = V.Sc_Cve_Sucursal WHERE S.Sc_Descripcion LIKE '%{sucursal_safe}%'     AND V.Es_Cve_Estado <> 'CA'     AND V.Vn_Fecha BETWEEN '{fecha_ini}' AND '{fecha_fin} 23:59:59'     AND PK.Pk_Producto = '{producto_codigo}' ORDER BY V.Vn_Fecha DESC """"""         detalle_kit = execute_sql_query(             conn_info['host'], conn_info['port'], conn_info['database'],             conn_info['username'], conn_info['password'], query_detalle_kit         )         results[""detalle_ventas_kit""] = detalle_kit                  # Detalle de ventas directas         query_detalle_directas = f"""""" SELECT TOP 10 V.Vn_Folio, V.Vn_Fecha, V.Pr_Cve_Producto,  "
"/app/backend/server.py","6633","execute_sql_query","","FROM venta V INNER JOIN sucursal S ON S.Sc_Cve_Sucursal = V.Sc_Cve_Sucursal WHERE S.Sc_Descripcion LIKE '%{sucursal_safe}%'     AND V.Es_Cve_Estado <> 'CA'     AND V.Vn_Fecha BETWEEN '{fecha_ini}' AND '{fecha_fin} 23:59:59'     AND V.Pr_Cve_Producto = '{producto_codigo}' ORDER BY V.Vn_Fecha DESC """"""         detalle_directas = execute_sql_query(             conn_info['host'], conn_info['port'], conn_info['database'],             conn_info['username'], conn_info['password'], query_detalle_directas         )         results[""detalle_ventas_directas""] = detalle_directas                  return results              except Exception as e: "
"/app/backend/server.py","6850","execute_sql_query","","        else:             return {                 ""success"": False,                 ""message"": f""Dashboard no implementado para {server['system_type']}"",                 ""data"": {}             }                  try:             results = execute_sql_query(                 server['host'],                 server['port'],                 server['database'],                 server['username'],                 server['password'],                 query_sql             )         except Exception as query_error: "
"/app/backend/server.py","7274","execute_sql_query","","FROM Fisico F INNER JOIN Almacen A ON A.Al_Cve_Almacen = F.Al_Cve_Almacen AND A.Sc_Cve_Sucursal = F.Sc_Cve_Sucursal INNER JOIN Sucursal S ON S.Sc_Cve_Sucursal = A.Sc_Cve_Sucursal WHERE {sucursal_filtro} {almacen_filtro} {almacen_rbac_filter} GROUP BY F.Fi_Folio, F.Fi_Fecha, A.Al_Descripcion, A.Al_Cve_Almacen, S.Sc_Descripcion, A.Sc_Cve_Sucursal, F.Fi_Comentario ORDER BY F.Fi_Folio DESC """"""         try:             result = execute_sql_query(                 server['host'], server['port'], server['database'],                 server['username'], server['password'], query, timeout=30             )             logging.info(f""[COMPRAS-HIBRIDO] ✅ MPRO LIVE: {len(result)} inventarios"")             return [{""folio"": r['folio'], ""fecha"": str(r['fecha']), ""almacen"": r['almacen'],                       ""almacen_id"": r.get('almacen_id', ''), ""sucursal"": r.get('sucursal', ''),                      ""sucursal_id"": r.get('sucursal_id', ''), ""comentario"": r['comentario'],                      ""productos"": r['total_productos'], ""source"": ""LIVE""} for r in result] "
"/app/backend/server.py","7308","execute_sql_query","","    INV.folio as folio, INV.fecha as fecha,     A.nombre as almacen, A.idalmacen as almacen_id, '' as comentario FROM invfisico INV LEFT JOIN almacen A ON A.idalmacen = INV.idalmacen1 WHERE 1=1 {almacen_filtro} {almacen_rbac_filter} ORDER BY INV.folio DESC, INV.fecha DESC """"""         try:             result = execute_sql_query(                 server['host'], server['port'], server['database'],                 server['username'], server['password'], query             )             logging.info(f""[COMPRAS-HIBRIDO] ✅ SoftRestaurant LIVE: {len(result)} inventarios"")             return [{""folio"": str(r['folio']), ""fecha"": str(r['fecha']),                       ""almacen"": r['almacen'] or 'Sin almacén', ""almacen_id"": str(r.get('almacen_id', '')),                      ""comentario"": '', ""productos"": 0, ""source"": ""LIVE""} for r in result]         except Exception as e: "
"/app/backend/server.py","7409","execute_sql_query","","LEFT JOIN Proveedor P ON P.Pv_Cve_Proveedor = OC.Pv_Cve_Proveedor WHERE {sucursal_filtro}     AND OC.Es_Cve_Estado IN ('PXA', 'AC', 'RCT')     AND OC.Oc_Fecha >= DATEADD(day, -30, GETDATE()) GROUP BY OC.Oc_Folio, OC.Oc_Fecha, OC.Oc_Comentario, OC.Es_Cve_Estado, P.Pv_Descripcion ORDER BY OC.Oc_Fecha DESC """"""         try:             result = execute_sql_query(                 server['host'], server['port'], server['database'],                 server['username'], server['password'], query, timeout=30             )             logging.info(f""[COMPRAS-HIBRIDO] ✅ MPRO LIVE: {len(result)} requisiciones"")             return [{""tipo"": r['tipo'], ""folio"": r['folio'], ""fecha"": str(r['fecha']),                       ""comentario"": r['comentario'] or '', ""estado"": r['estado'],                      ""comprador"": r['proveedor'] or '', ""productos"": r['total_productos'],                      ""importe"": float(r['importe_total'] or 0), ""source"": ""LIVE""} for r in result] "
"/app/backend/server.py","7442","execute_sql_query","","LEFT JOIN proveedores PR ON PR.idproveedor = OC.idproveedor LEFT JOIN ordenescompramov OCM ON OCM.idordencompra = OC.idordencompra WHERE OC.aplicada = 0 AND OC.cancelado = 0     AND OC.fechacaptura >= DATEADD(day, -30, GETDATE()) GROUP BY OC.folio, OC.fechacaptura, OC.aplicada, PR.nombre, OC.total ORDER BY OC.fechacaptura DESC """"""         try:             result = execute_sql_query(                 server['host'], server['port'], server['database'],                 server['username'], server['password'], query             )             logging.info(f""[COMPRAS-HIBRIDO] ✅ SoftRestaurant LIVE: {len(result)} requisiciones"")             return [{""tipo"": r['tipo'], ""folio"": str(r['folio']), ""fecha"": str(r['fecha']),                       ""comentario"": r['comentario'] or '', ""estado"": r['estado'],                      ""comprador"": r['proveedor'] or '', ""productos"": r['total_productos'],                      ""importe"": float(r['importe_total'] or 0), ""source"": ""LIVE""} for r in result] "
"/app/backend/server.py","7475","execute_sql_query","@api_router.get(""/compras/detalle-pedido-manual/{server_id}"")","SELECT 'REQUI' as tipo, RCD.Pr_Cve_Producto as codigo, P.Pr_Descripcion as producto,        RCD.Rc_Cantidad as cantidad, RCD.Rc_Costo as costo,        RC.Rc_Comentario as comentario FROM Requisicion_Compra_Detalle RCD INNER JOIN Producto P ON P.Pr_Cve_Producto = RCD.Pr_Cve_Producto INNER JOIN Requisicion_Compra RC ON RC.Rc_Folio = RCD.Rc_Folio WHERE RCD.Rc_Folio = '{folio}' """"""         result = execute_sql_query(             server['host'], server['port'], server['database'],             server['username'], server['password'], query         )         if result:             return {""folio"": folio, ""tipo"": result[0]['tipo'], ""comentario"": result[0].get('comentario', ''), ""detalle"": [                 {""codigo"": r['codigo'], ""producto"": r['producto'], ""cantidad"": float(r['cantidad'] or 0), ""costo"": float(r['costo'] or 0)}                 for r in result             ]} "
"/app/backend/server.py","7499","execute_sql_query","","WHERE PDD.Pd_Folio = '{folio}' UNION ALL SELECT 'ORDEN' as tipo, OCD.Pr_Cve_Producto as codigo, P.Pr_Descripcion as producto,        OCD.Oc_Cantidad as cantidad, OCD.Oc_Costo as costo FROM Orden_Compra_Detalle OCD INNER JOIN Producto P ON P.Pr_Cve_Producto = OCD.Pr_Cve_Producto WHERE OCD.Oc_Folio = '{folio}' """"""         result = execute_sql_query(             server['host'], server['port'], server['database'],             server['username'], server['password'], query_legacy         )         if not result:             raise HTTPException(status_code=404, detail=f""No se encontró el folio '{folio}'"")         return {""folio"": folio, ""tipo"": result[0]['tipo'], ""comentario"": '', ""detalle"": [             {""codigo"": r['codigo'], ""producto"": r['producto'], ""cantidad"": float(r['cantidad'] or 0), ""costo"": float(r['costo'] or 0)}             for r in result "
"/app/backend/server.py","7540","execute_sql_query","@api_router.get(""/compras/detalle-movimientos/{server_id}"")","INNER JOIN Tipo_Movimiento TM ON TM.Tm_Cve_Tipo_Movimiento = E.Tm_Cve_Tipo_Movimiento INNER JOIN Almacen A ON A.Al_Cve_Almacen = E.Al_Cve_Almacen WHERE E.Pr_Cve_Producto = '{codigo_producto}'     AND E.Al_Cve_Almacen IN ({almacen_codigos_str})     AND E.Es_Cve_Estado <> 'CA'     AND E.Mv_Fecha BETWEEN '{fecha_ini}' AND '{fecha_fin} 23:59:59' ORDER BY E.Mv_Fecha """"""         result = execute_sql_query(             server['host'], server['port'], server['database'],             server['username'], server['password'], query         )         return [{""fecha"": str(r['fecha']), ""documento"": r['documento'], ""tipo"": r['tipo_movimiento'],                  ""entrada_salida"": r['tipo'], ""cantidad"": float(r['cantidad'] or 0), ""almacen"": r['almacen']} for r in result]          return []  "
"/app/backend/server.py","7574","execute_sql_query","@api_router.get(""/compras/detalle-consumos/{server_id}"")","INNER JOIN Producto_Kit PK ON PK.Pr_Cve_Producto = V.Pr_Cve_Producto INNER JOIN Producto P_VENTA ON P_VENTA.Pr_Cve_Producto = V.Pr_Cve_Producto WHERE PK.Pk_Producto = '{codigo_producto}'     AND V.Sc_Cve_Sucursal = '{sucursal_codigo}'     AND V.Es_Cve_Estado <> 'CA'     AND V.Vn_Fecha BETWEEN '{fecha_ini}' AND '{fecha_fin} 23:59:59' ORDER BY V.Vn_Fecha """"""         result = execute_sql_query(             server['host'], server['port'], server['database'],             server['username'], server['password'], query         )         return [{""fecha"": str(r['fecha']), ""documento"": r['documento'], ""producto_vendido"": r['producto_vendido'],                  ""cantidad_receta"": float(r['cantidad_receta'] or 0), ""cantidad_vendida"": float(r['cantidad_vendida'] or 0),                  ""consumo"": float(r['consumo_insumo'] or 0)} for r in result]          return [] "
"/app/backend/server.py","7625","execute_sql_query","","    P.Pr_Descripcion as producto,     OCD.Oc_Cantidad as cantidad,     OCD.Oc_Costo as costo,     OCD.Oc_Importe as importe FROM Orden_Compra_Detalle OCD INNER JOIN Producto P ON P.Pr_Cve_Producto = OCD.Pr_Cve_Producto WHERE OCD.Oc_Folio = '{folio}' """"""         result = execute_sql_query(             server['host'], server['port'], server['database'],             server['username'], server['password'], query         )         return {r['codigo']: {""cantidad"": float(r['cantidad'] or 0), ""costo"": float(r['costo'] or 0)} for r in result}  @api_router.post(""/compras/calculo-pedido"") async def calcular_pedido_sugerido(request: CalculoPedidoRequest, credentials: HTTPAuthorizationCredentials = Depends(security)):     """""" "
"/app/backend/server.py","7705","execute_sql_query","","            almacen_likes = "" OR "".join([f""A.Al_Descripcion LIKE '%{_escape_like_pattern(a)}%'"" for a in almacenes])             almacen_query = f"""""" SELECT A.Al_Cve_Almacen as codigo, A.Al_Descripcion as nombre, A.Sc_Cve_Sucursal as sucursal_codigo FROM Almacen A INNER JOIN Sucursal S ON S.Sc_Cve_Sucursal = A.Sc_Cve_Sucursal WHERE S.Sc_Descripcion LIKE '%{sucursal_safe}%' AND ({almacen_likes}) AND A.Es_Cve_Estado <> 'BA'{almacen_rbac_filter} """"""                  almacen_result = execute_sql_query(             server['host'], server['port'], server['database'],             server['username'], server['password'], almacen_query         )         if not almacen_result:             raise HTTPException(status_code=404, detail=f""No se encontraron almacenes para sucursal '{sucursal}'"")                  almacen_codigos = [a['codigo'] for a in almacen_result]         almacen_nombres = [a['nombre'] for a in almacen_result] "
"/app/backend/server.py","7745","execute_sql_query","","            tiene_inventario_fisico = True         else:             # Buscar el más reciente             inv_query = f"""""" SELECT TOP 1 Fi_Folio as folio, Fi_Fecha as fecha FROM Fisico WHERE Al_Cve_Almacen IN ({almacen_codigos_str}) ORDER BY Fi_Fecha DESC """"""             inv_result = execute_sql_query(                 server['host'], server['port'], server['database'],                 server['username'], server['password'], inv_query             )             tiene_inventario_fisico = len(inv_result) > 0             folio_inventario = inv_result[0]['folio'] if tiene_inventario_fisico else None             fecha_inventario = inv_result[0]['fecha'] if tiene_inventario_fisico else None                  logging.info(f""[COMPRAS] Inventario físico: folio={folio_inventario}, fecha={fecha_inventario}"") "
"/app/backend/server.py","7788","execute_sql_query","","    AND (         (P.Dp_Cve_Departamento = '0007' AND ICP.Pr_Cve_Producto IS NOT NULL)         OR         (P.Dp_Cve_Departamento <> '0007' AND PCP.Pr_Cve_Producto IS NULL)     )     {filtro_categorias}     {filtro_familias} """"""         productos = execute_sql_query(             server['host'], server['port'], server['database'],             server['username'], server['password'], productos_query         )         logging.info(f""[COMPRAS] Productos obtenidos: {len(productos)}"")                  # 2. Obtener inventario físico         inventario_dict = {}         if tiene_inventario_fisico: "
"/app/backend/server.py","7803","execute_sql_query","","        inventario_dict = {}         if tiene_inventario_fisico:             inv_detalle_query = f"""""" SELECT Pr_Cve_Producto as Codigo, SUM(Fi_Cantidad_Control_1) as Cantidad FROM Fisico WHERE Al_Cve_Almacen IN ({almacen_codigos_str}) AND Fi_Folio = '{folio_inventario}' GROUP BY Pr_Cve_Producto """"""             inv_detalle = execute_sql_query(                 server['host'], server['port'], server['database'],                 server['username'], server['password'], inv_detalle_query             )             inventario_dict = {i['Codigo']: float(i['Cantidad'] or 0) for i in inv_detalle}             logging.info(f""[COMPRAS] Inventario físico: {len(inventario_dict)} productos"")                  # 3. Obtener movimientos (entradas = compras) del período         # Usa la misma lógica de fechas del reporte de inventarios: desde fecha_inv + 1 "
"/app/backend/server.py","7831","execute_sql_query","","                 ELSE (SELECT TOP 1 C.Co_Fecha FROM Conversion_Producto CN                        INNER JOIN COMPRA C ON C.Co_Folio = CN.Cp_Documento AND C.Pr_Cve_Producto = CN.Pr_Cve_Producto                        WHERE CN.Cp_Folio = E.Mv_Documento) END             ELSE E.Mv_Fecha         END     ) BETWEEN '{fecha_mov_ini}' AND '{fecha_fin} 23:59:59' GROUP BY E.Pr_Cve_Producto """"""         mov_result = execute_sql_query(             server['host'], server['port'], server['database'],             server['username'], server['password'], movimientos_query         )         movimientos_dict = {m['Codigo']: float(m['Total_Mov'] or 0) for m in mov_result}         logging.info(f""[COMPRAS] Movimientos obtenidos: {len(movimientos_dict)} productos"")                  # 4. Obtener consumos/ventas del período - MISMA LÓGICA DEL REPORTE         consumos_dict = {} "
"/app/backend/server.py","7865","execute_sql_query","","    INNER JOIN producto ON producto.Pr_Cve_Producto = venta.Pr_Cve_Producto      WHERE venta.Sc_Cve_Sucursal = '{sucursal_codigo}'         AND venta.Es_Cve_Estado <> 'CA'         AND venta.Vn_Fecha BETWEEN '{fecha_mov_ini}' AND '{fecha_fin} 23:59:59'     GROUP BY venta.Pr_Cve_Producto ) AS ConsumosCombinados GROUP BY Producto_Codigo """"""             ventas_result = execute_sql_query(                 server['host'], server['port'], server['database'],                 server['username'], server['password'], ventas_query             )             consumos_dict = {v['Producto_Codigo']: float(v['Total_Consumo'] or 0) for v in ventas_result}             logging.info(f""[COMPRAS] Consumos obtenidos: {len(consumos_dict)} productos"")         else:             # Para bodegas: salidas como consumo             salidas_query = f"""""" "
"/app/backend/server.py","7881","execute_sql_query","","            salidas_query = f"""""" SELECT M.Pr_Cve_Producto as Codigo, SUM(ABS(M.Mv_Cantidad_Control_1)) as Total FROM Movimiento M INNER JOIN Tipo_Movimiento TM ON TM.Tm_Cve_Tipo_Movimiento = M.Tm_Cve_Tipo_Movimiento WHERE M.Al_Cve_Almacen IN ({almacen_codigos_str}) AND TM.Tm_Tipo = 'S'     AND M.Mv_Fecha BETWEEN '{fecha_mov_ini}' AND '{fecha_fin} 23:59:59' GROUP BY M.Pr_Cve_Producto """"""             salidas_result = execute_sql_query(                 server['host'], server['port'], server['database'],                 server['username'], server['password'], salidas_query             )             consumos_dict = {s['Codigo']: float(s['Total'] or 0) for s in salidas_result}             logging.info(f""[COMPRAS] Salidas (bodega): {len(consumos_dict)} productos"")                  # 5. Obtener inventario físico FINAL (si existe folio en fecha_fin)         inv_final_dict = {} "
"/app/backend/server.py","7899","execute_sql_query","","        fecha_inv_final = None         inv_final_query = f"""""" SELECT TOP 1 Fi_Folio as folio, Fi_Fecha as fecha FROM Fisico  WHERE Al_Cve_Almacen IN ({almacen_codigos_str})     AND CONVERT(date, Fi_Fecha) = CONVERT(date, '{fecha_fin}') ORDER BY Fi_Fecha DESC """"""         inv_final_result = execute_sql_query(             server['host'], server['port'], server['database'],             server['username'], server['password'], inv_final_query         )         if inv_final_result:             folio_inv_final = inv_final_result[0]['folio']             fecha_inv_final = inv_final_result[0]['fecha']             # Obtener detalle del inventario final             inv_final_detalle_query = f"""""" "
"/app/backend/server.py","7913","execute_sql_query","","            fecha_inv_final = inv_final_result[0]['fecha']             # Obtener detalle del inventario final             inv_final_detalle_query = f"""""" SELECT Pr_Cve_Producto as Codigo, SUM(Fi_Cantidad_Control_1) as Cantidad FROM Fisico WHERE Al_Cve_Almacen IN ({almacen_codigos_str}) AND Fi_Folio = '{folio_inv_final}' GROUP BY Pr_Cve_Producto """"""             inv_final_detalle = execute_sql_query(                 server['host'], server['port'], server['database'],                 server['username'], server['password'], inv_final_detalle_query             )             inv_final_dict = {i['Codigo']: float(i['Cantidad'] or 0) for i in inv_final_detalle}             logging.info(f""[COMPRAS] Inventario FINAL encontrado: folio={folio_inv_final}, {len(inv_final_dict)} productos"")         else:             logging.info(f""[COMPRAS] No hay inventario físico en fecha fin {fecha_fin}"")          "
"/app/backend/server.py","7931","execute_sql_query","","        pedido_existente = {}         productos_pedido = set()  # Para filtrar 1:1         if request.folio_pedido_comparar:             # Buscar primero en REQUISICION_COMPRA_DETALLE             ped_query = f"""""" SELECT RCD.Pr_Cve_Producto as codigo, RCD.Rc_Cantidad as cantidad FROM Requisicion_Compra_Detalle RCD WHERE RCD.Rc_Folio = '{request.folio_pedido_comparar}' """"""             ped_result = execute_sql_query(                 server['host'], server['port'], server['database'],                 server['username'], server['password'], ped_query             )                          # Si no encuentra en requisición, buscar en pedido/orden (legacy)             if not ped_result:                 ped_query_legacy = f"""""" SELECT PDD.Pr_Cve_Producto as codigo, PDD.Pd_Cantidad as cantidad "
"/app/backend/server.py","7945","execute_sql_query","","            if not ped_result:                 ped_query_legacy = f"""""" SELECT PDD.Pr_Cve_Producto as codigo, PDD.Pd_Cantidad as cantidad FROM Pedido_Detalle PDD WHERE PDD.Pd_Folio = '{request.folio_pedido_comparar}' UNION ALL SELECT OCD.Pr_Cve_Producto as codigo, OCD.Oc_Cantidad as cantidad FROM Orden_Compra_Detalle OCD WHERE OCD.Oc_Folio = '{request.folio_pedido_comparar}' """"""                 ped_result = execute_sql_query(                     server['host'], server['port'], server['database'],                     server['username'], server['password'], ped_query_legacy                 )                          pedido_existente = {p['codigo']: float(p['cantidad'] or 0) for p in ped_result}             productos_pedido = set(pedido_existente.keys())             logging.info(f""[COMPRAS] Pedido a comparar: {len(pedido_existente)} productos"")          "
"/app/backend/server.py","8175","execute_sql_query","@api_router.post(""/compras/productos-para-captura"")","    )) as codigo,     COALESCE(I.descripcion, IP.descripcion, 'Sin descripción') as producto,     ISNULL(IP.rendimiento, 1) as rendimiento FROM invfisicomovtos INM LEFT JOIN insumospresentaciones IP ON IP.idinsumospresentaciones = RTRIM(INM.idpresentacion) LEFT JOIN insumos I ON I.idinsumo = COALESCE(NULLIF(RTRIM(IP.idinsumo), ''), NULLIF(RTRIM(INM.idinsumo), '')) WHERE INM.folio = {folio} """"""                     result = execute_sql_query(                         server['host'], server['port'], server['database'],                         server['username'], server['password'], query                     )                     for r in result:                         codigo = str(r['codigo'] or '').strip()                         if codigo and codigo not in productos:                             productos[codigo] = {                                 'codigo': codigo, "
"/app/backend/server.py","8202","execute_sql_query","","    COALESCE(I.descripcion, IP.descripcion, 'Sin descripción') as producto,     ISNULL(IP.rendimiento, 1) as rendimiento FROM ordenescompramov OCM INNER JOIN ordenescompra OC ON OC.idordencompra = OCM.idordencompra LEFT JOIN insumos I ON I.idinsumo = OCM.idinsumo LEFT JOIN insumospresentaciones IP ON IP.idinsumospresentaciones = OCM.idinsumo WHERE OC.folio IN ({folios_sql}) """"""                 result = execute_sql_query(                     server['host'], server['port'], server['database'],                     server['username'], server['password'], query_requi                 )                 for r in result:                     codigo = str(r['codigo'] or '').strip()                     if codigo and codigo not in productos:                         productos[codigo] = {                             'codigo': codigo, "
"/app/backend/server.py","8228","execute_sql_query","","SELECT      P.Pr_Clave as codigo,     P.Pr_Descripcion as producto,     1 as rendimiento FROM Fi_Detalle D INNER JOIN Producto P ON P.Pr_Clave = D.Fi_Producto WHERE D.Fi_Folio = '{folio}' """"""                     result = execute_sql_query(                         server['host'], server['port'], server['database'],                         server['username'], server['password'], query                     )                     for r in result:                         codigo = str(r['codigo'] or '').strip()                         if codigo and codigo not in productos:                             productos[codigo] = {                                 'codigo': codigo, "
"/app/backend/server.py","8257","execute_sql_query","","    OC.Pr_Cve_Producto as codigo,     P.Pr_Descripcion as producto,     1 as rendimiento FROM Orden_Compra OC INNER JOIN Producto P ON P.Pr_Cve_Producto = OC.Pr_Cve_Producto WHERE OC.Oc_Folio IN ({folios_sql}) """"""                 try:                     result = execute_sql_query(                         server['host'], server['port'], server['database'],                         server['username'], server['password'], query_oc_direct                     )                     for r in result:                         codigo = str(r['codigo'] or '').strip()                         if codigo and codigo not in productos:                             productos[codigo] = {                                 'codigo': codigo, "
"/app/backend/server.py","8284","execute_sql_query","","    OCD.Pr_Cve_Producto as codigo,     P.Pr_Descripcion as producto,     1 as rendimiento FROM Orden_Compra_Detalle OCD INNER JOIN Producto P ON P.Pr_Cve_Producto = OCD.Pr_Cve_Producto WHERE OCD.Oc_Folio IN ({folios_sql}) """"""                     try:                         result = execute_sql_query(                             server['host'], server['port'], server['database'],                             server['username'], server['password'], query_oc_detail                         )                         for r in result:                             codigo = str(r['codigo'] or '').strip()                             if codigo and codigo not in productos:                                 productos[codigo] = {                                     'codigo': codigo, "
"/app/backend/server.py","8311","execute_sql_query","","    RCD.Pr_Cve_Producto as codigo,     P.Pr_Descripcion as producto,     1 as rendimiento FROM Requisicion_Compra_Detalle RCD INNER JOIN Producto P ON P.Pr_Cve_Producto = RCD.Pr_Cve_Producto WHERE RCD.Rc_Folio IN ({folios_sql}) """"""                     try:                         result = execute_sql_query(                             server['host'], server['port'], server['database'],                             server['username'], server['password'], query_requi                         )                         for r in result:                             codigo = str(r['codigo'] or '').strip()                             if codigo and codigo not in productos:                                 productos[codigo] = {                                     'codigo': codigo, "
"/app/backend/server.py","8367","execute_sql_query","@api_router.post(""/compras/auditoria-operativa"")","    if not server or not server.get('active', True):         raise HTTPException(status_code=404, detail=""Servidor no encontrado"")          # Probar conexión primero     import time     max_retries = 3     for attempt in range(max_retries):         try:             test_result = execute_sql_query(                 server['host'], server['port'], server['database'],                 server['username'], server['password'],                 ""SELECT 1 as test""             )             if test_result:                 logging.info(f""[AUDITORIA] Conexión verificada en intento {attempt + 1}"")                 break         except Exception as e: "
"/app/backend/server.py","8411","execute_sql_query","","            # tipo=1: Consumo (INSUMOS) - Barra, Cava, Producción             # tipo=2: Bodega (PRESENTACIONES) - Bodega, Congelador             almacenes_str = "", "".join([f""'{a}'"" for a in request.almacenes])             query_tipos_alm = f"""""" SELECT idalmacen, nombre, ISNULL(tipo, 1) as tipo FROM almacen WHERE nombre IN ({almacenes_str}) OR idalmacen IN ({almacenes_str}) """"""             tipos_alm_result = execute_sql_query(                 server['host'], server['port'], server['database'],                 server['username'], server['password'], query_tipos_alm             )                          almacenes_bodega = [a['idalmacen'] for a in tipos_alm_result if a['tipo'] == 2]             almacenes_consumo = [a['idalmacen'] for a in tipos_alm_result if a['tipo'] == 1]                          es_solo_bodega = len(almacenes_bodega) > 0 and len(almacenes_consumo) == 0 "
"/app/backend/server.py","8459","execute_sql_query","","LEFT JOIN insumos I ON I.idinsumo = OCM.idinsumo LEFT JOIN insumosdetalle ID ON ID.idinsumo = OCM.idinsumo LEFT JOIN insumospresentaciones IP ON IP.idinsumospresentaciones = OCM.idinsumo LEFT JOIN insumospresentacionesdetalle IPD ON IPD.idinsumospresentaciones = OCM.idinsumo LEFT JOIN proveedores P ON P.idproveedor = OC.idproveedor WHERE OC.folio IN ({folios_sql}) ORDER BY P.nombre, OC.folio, OCM.idinsumo """"""                 requi_result = execute_sql_query(                     server['host'], server['port'], server['database'],                     server['username'], server['password'], query_requi                 )                 for r in requi_result:                     codigo = str(r['codigo']).strip()                     skus_requisicion.add(codigo)                                          # Guardar en lista para mantener orden por proveedor-pedido "
"/app/backend/server.py","8518","execute_sql_query","","                for folio_inv in folios_iniciales:                     # Determinar el tipo de almacén de este inventario específico                     query_tipo_alm = f"""""" SELECT A.tipo, A.nombre, INV.idalmacen1 FROM invfisico INV LEFT JOIN almacen A ON A.idalmacen = INV.idalmacen1 WHERE INV.folio = {folio_inv} """"""                     tipo_result = execute_sql_query(                         server['host'], server['port'], server['database'],                         server['username'], server['password'], query_tipo_alm                     )                                          # tipo=1: Consumo (insumos), tipo=2: Bodega (presentaciones)                     tipo_almacen = tipo_result[0]['tipo'] if tipo_result else 1                     es_bodega = tipo_almacen == 2                      "
"/app/backend/server.py","8551","execute_sql_query","","    ISNULL(IP.rendimiento, 1) as rendimiento FROM invfisicomovtos INM LEFT JOIN insumospresentaciones IP ON IP.idinsumospresentaciones = RTRIM(INM.idpresentacion) LEFT JOIN insumos I ON I.idinsumo = COALESCE(NULLIF(RTRIM(IP.idinsumo), ''), NULLIF(RTRIM(INM.idinsumo), '')) LEFT JOIN insumosdetalle ID ON ID.idinsumo = COALESCE(NULLIF(RTRIM(IP.idinsumo), ''), NULLIF(RTRIM(INM.idinsumo), '')) LEFT JOIN insumospresentacionesdetalle IPD ON IPD.idinsumospresentaciones = RTRIM(INM.idpresentacion) WHERE INM.folio = {folio_inv} """"""                     result_ini = execute_sql_query(                         server['host'], server['port'], server['database'],                         server['username'], server['password'], query_inv_ini                     )                                          for r in result_ini:                         codigo = str(r['codigo_insumo'] or r['codigo_presentacion'] or '').strip()                         if not codigo:                             continue "
"/app/backend/server.py","8626","execute_sql_query","","    SUM(M.cantidad * ISNULL(IP.rendimiento, 1)) as cantidad FROM movtosalmacen M LEFT JOIN insumospresentaciones IP ON IP.idinsumospresentaciones = RTRIM(M.idinsumospresentaciones) WHERE M.idconcepto IN ({"", "".join([f""'{t}'"" for t in tipos_entrada_compra])})     AND M.fecha >= '{fecha_ini_sql}'     AND M.fecha <= '{fecha_fin_sql} 23:59:59' GROUP BY COALESCE(NULLIF(RTRIM(IP.idinsumo), ''), RTRIM(M.idinsumospresentaciones)) """"""                     mov_result = execute_sql_query(                         server['host'], server['port'], server['database'],                         server['username'], server['password'], query_mov                     )                     for m in mov_result:                         codigo = str(m['codigo']).strip()                         movimientos_dict[codigo] = movimientos_dict.get(codigo, 0) + float(m['cantidad'] or 0)                          elif es_solo_consumo: "
"/app/backend/server.py","8646","execute_sql_query","","                    query_entrada = f"""""" SELECT RTRIM(M.idinsumo) as codigo, SUM(M.cantidad) as cantidad FROM movsinv M WHERE M.idconcepto IN ({"", "".join([f""'{t}'"" for t in tipos_entrada_traspaso])})     AND M.fecha >= '{fecha_ini_sql}'     AND M.fecha <= '{fecha_fin_sql} 23:59:59' GROUP BY RTRIM(M.idinsumo) """"""                     entrada_result = execute_sql_query(                         server['host'], server['port'], server['database'],                         server['username'], server['password'], query_entrada                     )                     for e in entrada_result:                         codigo = str(e['codigo']).strip()                         movimientos_dict[codigo] = movimientos_dict.get(codigo, 0) + float(e['cantidad'] or 0)                                  # Salidas por traspaso (restar) "
"/app/backend/server.py","8664","execute_sql_query","","                    query_salida = f"""""" SELECT RTRIM(M.idinsumo) as codigo, SUM(M.cantidad) as cantidad FROM movsinv M WHERE M.idconcepto IN ({"", "".join([f""'{t}'"" for t in tipos_salida_traspaso])})     AND M.fecha >= '{fecha_ini_sql}'     AND M.fecha <= '{fecha_fin_sql} 23:59:59' GROUP BY RTRIM(M.idinsumo) """"""                     salida_result = execute_sql_query(                         server['host'], server['port'], server['database'],                         server['username'], server['password'], query_salida                     )                     for s in salida_result:                         codigo = str(s['codigo']).strip()                         # Las salidas restan                         movimientos_dict[codigo] = movimientos_dict.get(codigo, 0) - float(s['cantidad'] or 0)              "
"/app/backend/server.py","8688","execute_sql_query","","    SUM(M.cantidad * ISNULL(IP.rendimiento, 1)) as cantidad FROM movtosalmacen M LEFT JOIN insumospresentaciones IP ON IP.idinsumospresentaciones = RTRIM(M.idinsumospresentaciones) WHERE M.idconcepto IN ({"", "".join([f""'{t}'"" for t in tipos_entrada_compra])})     AND M.fecha >= '{fecha_ini_sql}'     AND M.fecha <= '{fecha_fin_sql} 23:59:59' GROUP BY COALESCE(NULLIF(RTRIM(IP.idinsumo), ''), RTRIM(M.idinsumospresentaciones)) """"""                     mov_result = execute_sql_query(                         server['host'], server['port'], server['database'],                         server['username'], server['password'], query_mov                     )                     for m in mov_result:                         codigo = str(m['codigo']).strip()                         movimientos_dict[codigo] = movimientos_dict.get(codigo, 0) + float(m['cantidad'] or 0)                          logging.info(f""[AUDITORIA] Movimientos encontrados: {len(movimientos_dict)}"") "
"/app/backend/server.py","8720","execute_sql_query","","    SUM(M.cantidad * ISNULL(IP.rendimiento, 1)) as cantidad FROM movtosalmacen M LEFT JOIN insumospresentaciones IP ON IP.idinsumospresentaciones = RTRIM(M.idinsumospresentaciones) WHERE M.idconcepto IN ({"", "".join([f""'{t}'"" for t in tipos_salida_traspaso])})     AND M.fecha >= '{fecha_ini_sql}'     AND M.fecha <= '{fecha_fin_sql} 23:59:59' GROUP BY COALESCE(NULLIF(RTRIM(IP.idinsumo), ''), RTRIM(M.idinsumospresentaciones)) """"""                     salidas_result = execute_sql_query(                         server['host'], server['port'], server['database'],                         server['username'], server['password'], query_salidas                     )                     for s in salidas_result:                         codigo = str(s['codigo']).strip()                         consumos_dict[codigo] = float(s['cantidad'] or 0)             else:                 # Para consumo o mixto, las salidas son ventas "
"/app/backend/server.py","8740","execute_sql_query","","INNER JOIN cheques CH ON CH.folio = CD.foliodet INNER JOIN turnos T ON T.idturno = CH.idturno INNER JOIN costos C ON C.idproducto = CD.idproducto WHERE T.apertura >= '{fecha_ini_sql}'     AND T.apertura <= '{fecha_fin_sql} 23:59:59'     AND CH.cancelado = 0 GROUP BY C.idinsumo """"""                 consumos_result = execute_sql_query(                     server['host'], server['port'], server['database'],                     server['username'], server['password'], query_consumos                 )                 for c in consumos_result:                     codigo = str(c['codigo']).strip()                     consumos_dict[codigo] = float(c['consumo'] or 0)                          logging.info(f""[AUDITORIA] Consumos/Salidas encontradas: {len(consumos_dict)}"") "
"/app/backend/server.py","8777","execute_sql_query","","                    for folio_inv in folios_finales:                         # Determinar el tipo de almacén de este inventario específico                         query_tipo_alm = f"""""" SELECT A.tipo, A.nombre, INV.idalmacen1 FROM invfisico INV LEFT JOIN almacen A ON A.idalmacen = INV.idalmacen1 WHERE INV.folio = {folio_inv} """"""                         tipo_result = execute_sql_query(                             server['host'], server['port'], server['database'],                             server['username'], server['password'], query_tipo_alm                         )                                                  tipo_almacen = tipo_result[0]['tipo'] if tipo_result else 1                         es_bodega = tipo_almacen == 2                                                  logging.info(f""[AUDITORIA] Procesando inv final folio={folio_inv}, tipo_almacen={tipo_almacen}, es_bodega={es_bodega}"") "
"/app/backend/server.py","8807","execute_sql_query","","    ISNULL(IP.rendimiento, 1) as rendimiento FROM invfisicomovtos INM LEFT JOIN insumospresentaciones IP ON IP.idinsumospresentaciones = RTRIM(INM.idpresentacion) LEFT JOIN insumos I ON I.idinsumo = COALESCE(NULLIF(RTRIM(IP.idinsumo), ''), NULLIF(RTRIM(INM.idinsumo), '')) LEFT JOIN insumosdetalle ID ON ID.idinsumo = COALESCE(NULLIF(RTRIM(IP.idinsumo), ''), NULLIF(RTRIM(INM.idinsumo), '')) LEFT JOIN insumospresentacionesdetalle IPD ON IPD.idinsumospresentaciones = RTRIM(INM.idpresentacion) WHERE INM.folio = {folio_inv} """"""                         result_fin = execute_sql_query(                             server['host'], server['port'], server['database'],                             server['username'], server['password'], query_inv_fin                         )                                                  for r in result_fin:                             codigo = str(r['codigo_insumo'] or r['codigo_presentacion'] or '').strip()                             if not codigo:                                 continue "
"/app/backend/server.py","9387","execute_sql_query","","    OR RTRIM(LTRIM(M.idinsumospresentaciones)) = '{codigo_sin_prefijo}')     AND M.fecha >= '{fecha_ini}'     AND M.fecha <= '{fecha_fin} 23:59:59'     {filtro_almacenes_movtos} ORDER BY M.fecha DESC """"""                 print(""Ejecutando query_pres..."")                 logging.info(f""[DETALLE_MOV] Query presentaciones: {query_pres[:200]}..."")                 result_pres = execute_sql_query(                     server['host'], server['port'], server['database'],                     server['username'], server['password'], query_pres                 )                 print(f""Resultados query_pres: {len(result_pres)} registros"")                 logging.info(f""[DETALLE_MOV] Resultados presentaciones: {len(result_pres)}"")                                  for m in result_pres:                     cantidad = float(m.get('cantidad', 0) or 0) "
"/app/backend/server.py","9435","execute_sql_query","","    OR RTRIM(LTRIM(M.idinsumo)) = '{codigo_sin_prefijo}')     AND M.fecha >= '{fecha_ini}'     AND M.fecha <= '{fecha_fin} 23:59:59'     {filtro_almacenes_movsinv} ORDER BY M.fecha DESC """"""                 print(""Ejecutando query_ins..."")                 logging.info(f""[DETALLE_MOV] Query insumos: {query_ins[:200]}..."")                 result_ins = execute_sql_query(                     server['host'], server['port'], server['database'],                     server['username'], server['password'], query_ins                 )                 print(f""Resultados query_ins: {len(result_ins)} registros"")                 logging.info(f""[DETALLE_MOV] Resultados insumos: {len(result_ins)}"")                                  for m in result_ins:                     cantidad = float(m.get('cantidad', 0) or 0) "
"/app/backend/server.py","9567","execute_sql_query","","LEFT JOIN almacen A ON A.idalmacen = R.idalmacen WHERE (RTRIM(LTRIM(R.idinsumo)) = '{codigo_limpio}' OR RTRIM(LTRIM(R.idinsumo)) = '{codigo_sin_prefijo}')     AND C.fecha >= '{fecha_ini}'     AND C.fecha <= '{fecha_fin} 23:59:59'     AND C.statusfactura <> 'CA' ORDER BY C.fecha DESC """"""             logging.info(f""[DETALLE_CONSUMOS] Query: {query_ventas[:200]}..."")             result_ventas = execute_sql_query(                 server['host'], server['port'], server['database'],                 server['username'], server['password'], query_ventas             )             logging.info(f""[DETALLE_CONSUMOS] Resultados: {len(result_ventas)}"")                          for r in result_ventas:                 consumo = float(r.get('consumo_total', 0) or 0)                 consumos.append({ "
"/app/backend/server.py","9734","execute_sql_query","","FROM Compra_Encabezado Co WHERE Co.Co_Fecha >= '{fecha_inicio}'     AND Co.Co_Fecha < '{fecha_fin}'     AND ISNULL(Co.Es_Cve_Estado, '') <> 'CA'     AND Co.Sc_Cve_Sucursal = '{sucursal_codigo}' """"""             logging.info(f""[COMPRAS_DASHBOARD_MPRO] Sucursal={sucursal_codigo}, Período={fecha_inicio} a {fecha_fin}"")                          result_compras = execute_sql_query(                 server['host'], server['port'], server['database'],                 server['username'], server['password'], query_compras             )                          # TAREA 7: Prohibir ceros silenciosos - verificar respuesta real             if not result_compras:                 logging.error(f""[COMPRAS_DASHBOARD_MPRO] COMPRAS_QUERY_ERROR: Sin respuesta para sucursal {sucursal_codigo}"")                 return { "
"/app/backend/server.py","9758","execute_sql_query","","            total_facturas = int(result_compras[0]['total_facturas'] or 0)                          # Requisiciones pendientes FILTRADO POR SUCURSAL EXACTA             query_req = f"""""" SELECT COUNT(*) as total FROM Requisicion_Compra RC WHERE RC.Es_Cve_Estado = 'PXA'      AND RC.Sc_Cve_Sucursal = '{sucursal_codigo}' """"""             result_req = execute_sql_query(                 server['host'], server['port'], server['database'],                 server['username'], server['password'], query_req             )             req_pendientes = result_req[0]['total'] if result_req else 0                          # Proveedores activos (con compras en últimos 90 días) FILTRADO POR SUCURSAL EXACTA             query_prov = f"""""" SELECT COUNT(DISTINCT Co.Pv_Cve_Proveedor) as total "
"/app/backend/server.py","9773","execute_sql_query","","            query_prov = f"""""" SELECT COUNT(DISTINCT Co.Pv_Cve_Proveedor) as total FROM Compra_Encabezado Co WHERE Co.Co_Fecha >= DATEADD(day, -90, GETDATE())     AND Co.Pv_Cve_Proveedor IS NOT NULL     AND ISNULL(Co.Es_Cve_Estado, '') <> 'CA'     AND Co.Sc_Cve_Sucursal = '{sucursal_codigo}' """"""             result_prov = execute_sql_query(                 server['host'], server['port'], server['database'],                 server['username'], server['password'], query_prov             )             prov_activos = result_prov[0]['total'] if result_prov else 0                          # Top 5 proveedores usando Compra_Encabezado             query_top = f"""""" SELECT TOP 5  "
"/app/backend/server.py","9794","execute_sql_query","","LEFT JOIN Proveedor P ON P.Pv_Cve_Proveedor = Co.Pv_Cve_Proveedor WHERE Co.Co_Fecha >= '{fecha_inicio}'     AND Co.Co_Fecha < '{fecha_fin}'     AND ISNULL(Co.Es_Cve_Estado, '') <> 'CA'     AND Co.Sc_Cve_Sucursal = '{sucursal_codigo}' GROUP BY P.Pv_Nombre ORDER BY SUM(Co.Co_Precio_Neto_Importe) DESC """"""             result_top = execute_sql_query(                 server['host'], server['port'], server['database'],                 server['username'], server['password'], query_top             )             top_proveedores = [{""nombre"": r['nombre'], ""total"": float(r['total'] or 0)} for r in (result_top or [])]                          logging.info(f""[COMPRAS_DASHBOARD_MPRO] Resultado: {total_facturas} facturas, ${total_compras:,.2f}, {prov_activos} proveedores"")                          return { "
"/app/backend/server.py","9850","execute_sql_query","","SELECT      COUNT(DISTINCT c.idcompra) as Facturas,     ISNULL(SUM(c.total), 0) as Compra_Total FROM compras c WHERE ({anios_cond})     AND ({meses_cond})     AND ISNULL(c.cancelado, 0) = 0 """"""             result_compras = execute_sql_query(                 server['host'], server['port'], server['database'],                 server['username'], server['password'], query_compras             )                          # TAREA 7: Prohibir ceros silenciosos - usar estados específicos             if not result_compras:                 # Registrar el error con detalle para diagnóstico                 logging.error(f""[COMPRAS_DASHBOARD_SR] COMPRAS_QUERY_ERROR: Sin respuesta para {server.get('database')} (host={server.get('host')})"") "
"/app/backend/server.py","9888","execute_sql_query","","            fecha_90 = (datetime.now() - timedelta(days=90)).strftime('%Y-%m-%d')             query_prov = f"""""" SELECT COUNT(DISTINCT c.idproveedor) as total FROM compras c WHERE c.fechaaplicacion >= '{fecha_90}'   AND c.idproveedor IS NOT NULL   AND ISNULL(c.cancelado, 0) = 0 """"""             result_prov = execute_sql_query(                 server['host'], server['port'], server['database'],                 server['username'], server['password'], query_prov             )             prov_activos = result_prov[0]['total'] if result_prov else 0                          # Top proveedores usando tabla compras             query_top = f"""""" SELECT TOP 5  "
"/app/backend/server.py","9908","execute_sql_query","","FROM compras c LEFT JOIN proveedores p ON p.idproveedor = c.idproveedor WHERE ({anios_cond})     AND ({meses_cond})     AND ISNULL(c.cancelado, 0) = 0 GROUP BY p.nombre ORDER BY SUM(c.total) DESC """"""             result_top = execute_sql_query(                 server['host'], server['port'], server['database'],                 server['username'], server['password'], query_top             )             top_proveedores = [{""nombre"": r['nombre'], ""total"": float(r['total'] or 0)} for r in (result_top or [])]                          logging.info(f""[COMPRAS_DASHBOARD_SR] Resultado: {facturas} facturas, ${total_compras:,.2f}, {prov_activos} proveedores"")                          return { "
"/app/backend/server.py","9994","execute_sql_query","","WHERE TM.Tm_Tipo = 'E'     AND ({anios_cond})     AND ({meses_cond})     AND S.Sc_Descripcion LIKE '%{sucursal_safe}%'     AND ISNULL(M.Es_Cve_Estado, '') <> 'CA' GROUP BY P.Pv_Cve_Proveedor, P.Pv_Nombre, MONTH(M.Mv_Fecha), YEAR(M.Mv_Fecha) ORDER BY P.Pv_Nombre, YEAR(M.Mv_Fecha), MONTH(M.Mv_Fecha) """"""             result = execute_sql_query(                 server['host'], server['port'], server['database'],                 server['username'], server['password'], query             )                          # Pivot por proveedor y mes             proveedores = {}             for row in result:                 codigo = row['codigo'] "
"/app/backend/server.py","10045","execute_sql_query","","FROM compras c LEFT JOIN proveedores p ON p.idproveedor = c.idproveedor WHERE ({anios_cond})     AND ({meses_cond})     AND ISNULL(c.cancelado, 0) = 0 GROUP BY p.idproveedor, p.nombre, MONTH(c.fechaaplicacion), YEAR(c.fechaaplicacion) ORDER BY p.nombre, YEAR(c.fechaaplicacion), MONTH(c.fechaaplicacion) """"""             result = execute_sql_query(                 server['host'], server['port'], server['database'],                 server['username'], server['password'], query             )                          if not result:                 return {""proveedores"": [], ""alertas"": []}                          # Pivot por proveedor y mes "
"/app/backend/server.py","10130","execute_sql_query","@api_router.get(""/compras/facturas-proveedor/{server_id}"")","INNER JOIN Movimiento_Detalle MD ON MD.Mv_Folio = M.Mv_Folio WHERE M.Pv_Cve_Proveedor = '{proveedor_codigo}'     AND YEAR(M.Mv_Fecha) = {anio}     AND ({meses_cond})     AND M.Es_Cve_Estado <> 'CA' GROUP BY M.Mv_Documento, M.Mv_Fecha, M.Es_Cve_Estado ORDER BY M.Mv_Fecha DESC """"""             result = execute_sql_query(                 server['host'], server['port'], server['database'],                 server['username'], server['password'], query             )                          return [                 {                     ""folio"": r['folio'],                     ""fecha"": str(r['fecha']), "
"/app/backend/server.py","10187","execute_sql_query","@api_router.get(""/compras/detalle-factura/{server_id}/{folio}"")","    MD.Md_Costo as costo,     MD.Md_Importe as importe FROM Movimiento_Detalle MD INNER JOIN Movimiento M ON M.Mv_Folio = MD.Mv_Folio INNER JOIN Producto P ON P.Pr_Cve_Producto = MD.Pr_Cve_Producto WHERE M.Mv_Documento = '{folio}' ORDER BY P.Pr_Descripcion """"""             result = execute_sql_query(                 server['host'], server['port'], server['database'],                 server['username'], server['password'], query             )                          return [                 {                     ""codigo"": r['codigo'],                     ""producto"": r['producto'], "
"/app/backend/server.py","10462","execute_sql_query","","          AND (             sc.tipo_conexion IN ('SQL_SERVER', 'DATA_SOURCE')             OR (sc.tipo_conexion = 'API_LOCAL' AND sc.api_url IS NOT NULL)             OR sc.tipo_conexion IS NULL           )         ORDER BY sc.nombre         """"""                  results = execute_sql_query(             EDARSAHUB_CONFIG['host'],             EDARSAHUB_CONFIG['port'],             EDARSAHUB_CONFIG['database'],             EDARSAHUB_CONFIG['username'],             EDARSAHUB_CONFIG['password'],             query         )          "
"/app/backend/server.py","11092","execute_sql_query","","        if not is_valid:             logging.warning(f""[A03-SANITIZADO] Tabla rechazada por whitelist: {tabla[:50]} (rol={user_role})"")             raise HTTPException(status_code=400, detail=error_msg)                  # Tabla validada, usar brackets para identificador seguro         query = f""SELECT TOP {limite} * FROM [{tabla}]""                  try:             result = execute_sql_query(                 conn_info['host'], conn_info['port'], conn_info['database'],                 conn_info['username'], conn_info['password'], query             )             return {                 ""tabla"": tabla,                 ""servidor"": conn_info['name'],                 ""registros"": len(result),                 ""datos"": result, "
"/app/backend/server.py","11144","execute_sql_query","@api_router.post(""/explorador/query/{server_id}"")","         # FASE 1B: Validación SQL completa con sanitizador centralizado     validation = SQLSanitizer.validate_for_explorer(query, user_role=current_user.get('role'))     if not validation.is_safe:         log_blocked_sql(validation, endpoint=""/explorador/query"", user_email=current_user.get('email'))         raise HTTPException(status_code=400, detail=f""SQL bloqueado: {validation.blocked_reason}"")          try:         result = execute_sql_query(             conn_info['host'], conn_info['port'], conn_info['database'],             conn_info['username'], conn_info['password'], query         )         return {             ""servidor"": conn_info['name'],             ""query"": query,             ""registros"": len(result),             ""datos"": result "
"/app/backend/server.py","12179","execute_sql_query","","         if not conn_info:         logging.error(f""[EDARSA_HUB_QUERY] Servidor EDARSA HUB no encontrado via registry. ID={EDARSA_HUB_SERVER_ID}"")         raise HTTPException(status_code=404, detail=""Servidor EDARSA HUB no configurado"")          logging.debug(f""[EDARSA_HUB_QUERY] Conexión obtenida via registry. Origin={conn_info.get('config_origin', 'UNKNOWN')}"")          try:         result = execute_sql_query(             conn_info['host'],              conn_info['port'],              conn_info['database'],              conn_info['username'],              conn_info['password'],              query         )         return {""datos"": result, ""registros"": len(result)} "
"/app/backend/server.py","13842","execute_sql_query","","        if tipo in [""todo"", ""tablas""]:             query_tablas = f"""""" SELECT TABLE_NAME as tabla, TABLE_TYPE as tipo FROM INFORMATION_SCHEMA.TABLES WHERE TABLE_TYPE = 'BASE TABLE'   AND TABLE_NAME LIKE '%{q_safe}%' ORDER BY TABLE_NAME """"""             tablas = execute_sql_query(                 conn_info['host'], conn_info['port'], conn_info['database'],                 conn_info['username'], conn_info['password'], query_tablas             )             resultados[""tablas""] = tablas or []                  # 2. Buscar en nombres de COLUMNAS         if tipo in [""todo"", ""columnas""]:             query_columnas = f"""""" "
"/app/backend/server.py","13859","execute_sql_query","","SELECT      TABLE_NAME as tabla,     COLUMN_NAME as columna,     DATA_TYPE as tipo_dato FROM INFORMATION_SCHEMA.COLUMNS WHERE COLUMN_NAME LIKE '%{q_safe}%' ORDER BY TABLE_NAME, COLUMN_NAME """"""             columnas = execute_sql_query(                 conn_info['host'], conn_info['port'], conn_info['database'],                 conn_info['username'], conn_info['password'], query_columnas             )             resultados[""columnas""] = columnas or []                  # 3. Buscar en DATOS (opcional, más costoso)         if tipo in [""todo"", ""datos""] and tabla:             # Buscar en una tabla específica "
"/app/backend/server.py","13878","execute_sql_query","","            if not tabla.replace('_', '').replace(' ', '').isalnum():                 raise HTTPException(status_code=400, detail=""Nombre de tabla inválido"")             query_cols_texto = f"""""" SELECT COLUMN_NAME FROM INFORMATION_SCHEMA.COLUMNS WHERE TABLE_NAME = '{tabla_safe}'   AND DATA_TYPE IN ('varchar', 'nvarchar', 'char', 'nchar', 'text', 'ntext') """"""             cols_texto = execute_sql_query(                 conn_info['host'], conn_info['port'], conn_info['database'],                 conn_info['username'], conn_info['password'], query_cols_texto             )                          if cols_texto:                 # Construir WHERE con OR para cada columna de texto                 # FASE 1A: Usar q_safe para prevenir SQL injection                 condiciones = "" OR "".join([f""[{c['COLUMN_NAME']}] LIKE '%{q_safe}%'"" for c in cols_texto]) "
"/app/backend/server.py","13892","execute_sql_query","","                # Construir WHERE con OR para cada columna de texto                 # FASE 1A: Usar q_safe para prevenir SQL injection                 condiciones = "" OR "".join([f""[{c['COLUMN_NAME']}] LIKE '%{q_safe}%'"" for c in cols_texto])                 query_datos = f"""""" SELECT TOP {limite} * FROM [{tabla}] WHERE {condiciones} """"""                 datos = execute_sql_query(                     conn_info['host'], conn_info['port'], conn_info['database'],                     conn_info['username'], conn_info['password'], query_datos                 )                 resultados[""datos""] = [{""tabla"": tabla, ""fila"": d} for d in (datos or [])]                  elif tipo == ""datos"" and not tabla:             # Buscar en todas las tablas principales (limitado por rendimiento)             # Solo busca en las primeras 5 tablas que contengan columnas de texto "
"/app/backend/server.py","13907","execute_sql_query","","            # Buscar en todas las tablas principales (limitado por rendimiento)             # Solo busca en las primeras 5 tablas que contengan columnas de texto             query_tablas_texto = f"""""" SELECT DISTINCT TOP 5 TABLE_NAME FROM INFORMATION_SCHEMA.COLUMNS WHERE DATA_TYPE IN ('varchar', 'nvarchar', 'char', 'nchar', 'text', 'ntext')   AND TABLE_NAME NOT LIKE 'sys%' """"""             tablas_texto = execute_sql_query(                 conn_info['host'], conn_info['port'], conn_info['database'],                 conn_info['username'], conn_info['password'], query_tablas_texto             )                          datos_encontrados = []             for t in (tablas_texto or [])[:5]:                 tabla_nombre = t['TABLE_NAME']                 # FASE 1A: tabla_nombre viene de INFORMATION_SCHEMA (confiable) "
"/app/backend/server.py","13925","execute_sql_query","","                tabla_nombre_safe = _escape_like_pattern(tabla_nombre)                 # Obtener columnas de texto                 query_cols = f"""""" SELECT COLUMN_NAME FROM INFORMATION_SCHEMA.COLUMNS WHERE TABLE_NAME = '{tabla_nombre_safe}'   AND DATA_TYPE IN ('varchar', 'nvarchar', 'char', 'nchar', 'text', 'ntext') """"""                 cols = execute_sql_query(                     conn_info['host'], conn_info['port'], conn_info['database'],                     conn_info['username'], conn_info['password'], query_cols                 )                                  if cols:                     # FASE 1A: Usar q_safe para prevenir SQL injection                     condiciones = "" OR "".join([f""[{c['COLUMN_NAME']}] LIKE '%{q_safe}%'"" for c in cols[:5]])                     query_datos = f""SELECT TOP 10 * FROM [{tabla_nombre}] WHERE {condiciones}"" "
"/app/backend/server.py","13935","execute_sql_query","","                    conn_info['username'], conn_info['password'], query_cols                 )                                  if cols:                     # FASE 1A: Usar q_safe para prevenir SQL injection                     condiciones = "" OR "".join([f""[{c['COLUMN_NAME']}] LIKE '%{q_safe}%'"" for c in cols[:5]])                     query_datos = f""SELECT TOP 10 * FROM [{tabla_nombre}] WHERE {condiciones}""                     try:                         datos = execute_sql_query(                             conn_info['host'], conn_info['port'], conn_info['database'],                             conn_info['username'], conn_info['password'], query_datos                         )                         for d in (datos or []):                             datos_encontrados.append({""tabla"": tabla_nombre, ""fila"": d})                     except Exception:                         pass  # Ignorar errores en tablas específicas                  "
"/app/backend/server.py","14143","execute_sql_query","","    # Reemplazar los parámetros en el SQL     sql_final = sql     for key, val in params.items():         sql_final = sql_final.replace('{' + key + '}', str(val))          logging.info(f""SQL Final: {sql_final[:200]}..."")          try:         result = execute_sql_query(             server['host'], server['port'], server['database'],             server['username'], server['password'], sql_final         )                  return {             ""consulta"": consulta['nombre'],             ""servidor"": server['name'],             ""parametros"": params, "
"/app/backend/server.py","14377","execute_sql_query","@api_router.post(""/catalogo/ejecutar-custom/{consulta_id}"")","    # Preparar SQL     sql = consulta['sql']     for param, valor in parametros.items():         sql = sql.replace('{' + param + '}', str(valor))          logging.info(f""Ejecutando consulta custom {consulta_id} en {conn_info.get('name')}"")          try:         result = execute_sql_query(             conn_info['host'], conn_info['port'], conn_info['database'],             conn_info['username'], conn_info['password'], sql         )                  return {             ""consulta"": consulta['nombre'],             ""servidor"": conn_info.get('name'),             ""parametros"": parametros, "
"/app/backend/server.py","15081","execute_sql_query","","        }          # Query de prueba simple - usar * para compatibilidad con todas las tablas     query = f""SELECT TOP 5 * FROM {tabla}""          import time     start = time.time()          results = execute_sql_query(         host=conn_info['host'],         port=conn_info['port'],         database=conn_info['database'],         username=conn_info['username'],         password=conn_info['password'],         query=query,         timeout_seconds=ResilientConfig.QUERY_TIMEOUT     ) "
"/app/backend/api/catalogos_sistemas.py","236","execute_sql_query","","          AND (             sc.tipo_conexion IN ('SQL_SERVER', 'DATA_SOURCE')             OR (sc.tipo_conexion = 'API_LOCAL' AND sc.api_url IS NOT NULL)             OR sc.tipo_conexion IS NULL           )         ORDER BY sc.system_type         """"""                  results = execute_sql_query(             EDARSAHUB_CONFIG['host'],             EDARSAHUB_CONFIG['port'],             EDARSAHUB_CONFIG['database'],             EDARSAHUB_CONFIG['username'],             EDARSAHUB_CONFIG['password'],             query         )          "
"/app/backend/api/admin_data_quality.py","55","execute_sql_query","","        'password': os.environ.get('EDARSAHUB_PASSWORD', '')     }   def _execute_readonly_query(query: str) -> List[Dict]:     """"""Ejecuta query de SOLO LECTURA contra EDARSAHUB.""""""     cfg = _get_edarsahub_config()     try:         result = execute_sql_query(             cfg['host'],             cfg['port'],             cfg['database'],             cfg['username'],             cfg['password'],             query         )         return result or [] "
"/app/backend/api/admin_core_connections.py","153","execute_sql_query","","        CASE WHEN password_encrypted LIKE 'enc:v1:%' THEN 1 ELSE 0 END as password_encrypted,         CASE WHEN api_key_encrypted IS NOT NULL AND api_key_encrypted != '' THEN 1 ELSE 0 END as api_key_configured,         CASE WHEN api_key_encrypted LIKE 'enc:v1:%' THEN 1 ELSE 0 END as api_key_encrypted     FROM Servidores_Conexiones     WHERE tipo_conexion = 'CORE'     ORDER BY activo DESC, nombre     """"""          return execute_sql_query(         EDARSAHUB_CONFIG['host'],         EDARSAHUB_CONFIG['port'],         EDARSAHUB_CONFIG['database'],         EDARSAHUB_CONFIG['username'],         EDARSAHUB_CONFIG['password'],         query     )  "
"/app/backend/api/admin_core_connections.py","197","execute_sql_query","","        CASE WHEN password_encrypted LIKE 'enc:v1:%' THEN 1 ELSE 0 END as password_is_encrypted,         CASE WHEN api_key_encrypted IS NOT NULL AND api_key_encrypted != '' THEN 1 ELSE 0 END as api_key_configured,         CASE WHEN api_key_encrypted LIKE 'enc:v1:%' THEN 1 ELSE 0 END as api_key_is_encrypted     FROM Servidores_Conexiones     WHERE (CAST(id AS VARCHAR(50)) = '{safe_id}' OR nombre LIKE '%{safe_id}%')       AND tipo_conexion = 'CORE'     """"""          result = execute_sql_query(         EDARSAHUB_CONFIG['host'],         EDARSAHUB_CONFIG['port'],         EDARSAHUB_CONFIG['database'],         EDARSAHUB_CONFIG['username'],         EDARSAHUB_CONFIG['password'],         query     )      "
"/app/backend/core/server_registry.py","306","execute_sql_query","","        where_clause = "" AND "".join(conditions) if conditions else ""1=1""                  query = f""""""         SELECT * FROM Servidores_Conexiones         WHERE {where_clause}         ORDER BY nombre         """"""                  results = execute_sql_query(             EDARSAHUB_CONFIG['host'],             EDARSAHUB_CONFIG['port'],             EDARSAHUB_CONFIG['database'],             EDARSAHUB_CONFIG['username'],             EDARSAHUB_CONFIG['password'],             query         )          "
"/app/backend/core/server_registry.py","341","execute_sql_query","","        safe_id = server_id.replace(""'"", ""''"")                  query = f""""""         SELECT * FROM Servidores_Conexiones         WHERE (CAST(id AS VARCHAR(50)) = '{safe_id}' OR mongodb_id = '{safe_id}')           AND activo = 1         """"""                  results = execute_sql_query(             EDARSAHUB_CONFIG['host'],             EDARSAHUB_CONFIG['port'],             EDARSAHUB_CONFIG['database'],             EDARSAHUB_CONFIG['username'],             EDARSAHUB_CONFIG['password'],             query         )          "
"/app/backend/core/server_registry.py","453","get_server_by_id","","        logger.error(f""[SERVER_REGISTRY][MONGODB_ERROR] Error buscando servidor {server_id}: {e}"")         return None   # ============================================================================ # FUNCIONES PÚBLICAS DEL REGISTRY # ============================================================================  async def get_server_by_id(     server_id: str,     db=None,     prefer_sql: bool = True,     allow_mongo_fallback: bool = True,     mask_secrets: bool = True ) -> Optional[Dict]:     """"""     Obtiene un servidor por ID usando el registry central. "
"/app/backend/core/server_registry.py","616","get_server_by_id","","        'errors': []     }          if not server_id:         context['errors'].append('server_id es requerido')         return context          # Obtener servidor     server = await get_server_by_id(server_id, db=db, mask_secrets=False)          if not server:         context['errors'].append(f'Servidor {server_id} no encontrado')         return context          context['server'] = server     context['config_origin'] = server.get('config_origin', 'UNKNOWN')     context['system_type_normalized'] = server.get('system_type_normalized', 'UNKNOWN') "
"/app/backend/core/server_registry.py","717","get_server_by_id","","        db: Conexión MongoDB (opcional)         user: Usuario para validar permisos (opcional)              Returns:         Dict con información de conexión incluyendo credenciales descifradas,         o None si no se encuentra el servidor     """"""     # Obtener servidor sin enmascarar     server = await get_server_by_id(server_id, db=db, mask_secrets=False)          if not server:         return None          # Validar permisos si hay usuario     if user:         role = user.get('role', '')         if role not in ['SuperAdministrador', 'Administrador']: "
"/app/backend/core/server_registry.py","1876","execute_sql_query","","            orden,             created_at,             updated_at         FROM Unidades_Negocio         {where_clause}         ORDER BY orden, codigo         """"""                  results = execute_sql_query(             EDARSAHUB_CONFIG['host'],             EDARSAHUB_CONFIG['port'],             EDARSAHUB_CONFIG['database'],             EDARSAHUB_CONFIG['username'],             EDARSAHUB_CONFIG['password'],             query         )          "
"/app/backend/core/server_registry.py","1995","execute_sql_query","","            s.visible_en_operaciones,             s.empresa_id         FROM Unidades_Negocio u         LEFT JOIN Servidores_Conexiones s ON CAST(u.server_id AS uniqueidentifier) = s.id         WHERE u.codigo = '{safe_codigo}'           AND u.activo = 1         """"""                  results = execute_sql_query(             EDARSAHUB_CONFIG['host'],             EDARSAHUB_CONFIG['port'],             EDARSAHUB_CONFIG['database'],             EDARSAHUB_CONFIG['username'],             EDARSAHUB_CONFIG['password'],             query         )          "
"/app/backend/core/server_registry.py","2114","execute_sql_query","","                orden             FROM Unidades_Negocio             WHERE (CAST(server_id AS VARCHAR(50)) = '{safe_server_id}'                     OR server_id = '{safe_server_id}')               AND (sucursal_origen_id IS NULL OR sucursal_origen_id = '')               AND activo = 1             """"""                  results = execute_sql_query(             EDARSAHUB_CONFIG['host'],             EDARSAHUB_CONFIG['port'],             EDARSAHUB_CONFIG['database'],             EDARSAHUB_CONFIG['username'],             EDARSAHUB_CONFIG['password'],             query         )          "
"/app/backend/core/server_registry.py","2142","execute_sql_query","","                    activo,                     orden                 FROM Unidades_Negocio                 WHERE (CAST(server_id AS VARCHAR(50)) = '{safe_server_id}'                         OR server_id = '{safe_server_id}')                   AND activo = 1                 ORDER BY orden                 """"""                 results = execute_sql_query(                     EDARSAHUB_CONFIG['host'],                     EDARSAHUB_CONFIG['port'],                     EDARSAHUB_CONFIG['database'],                     EDARSAHUB_CONFIG['username'],                     EDARSAHUB_CONFIG['password'],                     query_fallback                 )          "
"/app/backend/core/connection_resolver.py","543","execute_sql_query","","            ""api_status"": ""unknown""         }                  # Resolver para SQL         sql_source = self.resolve_source(server_id, MetricType.ACCUMULATED_SALES)                  if sql_source.is_valid() and sql_source.source_type == SourceType.SQL:             try:                 test_result = execute_sql_query(                     sql_source.host,                     sql_source.port,                     sql_source.database_name,                     sql_source.username,                     sql_source.password,                     ""SELECT 1 AS health""                 )                 result[""sql_status""] = ""ok"" if test_result else ""no_response"" "
"/app/backend/core/connection_resolver.py","594","execute_sql_query","","        sucursal_nombre: Nombre de sucursal (opcional, para API local)              Returns:         ResolvedSource con configuración de conexión              Ejemplo:         source = resolve_source(""abc-123"", MetricType.ACCUMULATED_SALES)         if source.is_valid():             result = execute_sql_query(source.host, source.port, ...)     """"""     return get_connection_resolver().resolve_source(server_id, metric_type, sucursal_nombre)   def get_resolution_matrix() -> Dict[str, Any]:     """"""Devuelve la matriz de resolución actual""""""     return get_connection_resolver().get_resolution_matrix() "
"/app/backend/core/pool.py","42","execute_sql_query","","        release_connection(server_config, conn)      # O usar el context manager     with pooled_connection(server_config) as conn:         cursor = conn.cursor()         ...  COMPATIBILIDAD: - execute_sql_query() usa internamente este pool - Todos los módulos existentes siguen funcionando sin cambios """"""  import os import logging import threading import time from typing import Dict, Optional, Any, List "
"/app/backend/core/providers.py","134","execute_sql_query","","                MAX(CONVERT(DATE, c.fecha)) as fecha_fin             FROM cheques c             INNER JOIN turnos t ON c.idturno = t.idturno             WHERE c.cancelado = 0                AND c.pagado = 1               AND t.apertura >= '{fi}' AND t.apertura <= '{ff}'             """"""                          result = execute_sql_query(host, port, database, username, password, query)                          duration_ms = (time.time() - start_time) * 1000                          if result and len(result) > 0:                 row = result[0]                 data = {                     ""ventas"": float(row.get('ventas') or 0),                     ""pax"": int(row.get('pax') or 0), "
"/app/backend/core/providers.py","215","execute_sql_query","","                SUM(total) as ventas,                 SUM(nopersonas) as pax,                 COUNT(folio) as cheques,                 'tempcheques' as origen             FROM tempcheques             WHERE cancelado = 0             """"""                          result = execute_sql_query(host, port, database, username, password, query_temp)                          if result and result[0].get('ventas'):                 duration_ms = (time.time() - start_time) * 1000                 row = result[0]                 data = {                     ""ventas"": float(row.get('ventas') or 0),                     ""pax"": int(row.get('pax') or 0),                     ""cheques"": int(row.get('cheques') or 0), "
"/app/backend/core/providers.py","254","execute_sql_query","","                'ultimo_turno' as origen             FROM cheques c             INNER JOIN turnos t ON c.idturno = t.idturno             WHERE c.cancelado = 0                AND c.pagado = 1               AND CONVERT(DATE, t.apertura) = CONVERT(DATE, GETDATE())             """"""                          result = execute_sql_query(host, port, database, username, password, query_fallback)                          duration_ms = (time.time() - start_time) * 1000                          if result and len(result) > 0:                 row = result[0]                 data = {                     ""ventas"": float(row.get('ventas') or 0),                     ""pax"": int(row.get('pax') or 0), "
"/app/backend/core/providers.py","371","execute_sql_query","","                MAX(CONVERT(DATE, VE.Vn_Fecha)) as fecha_fin             FROM Venta_Encabezado VE             INNER JOIN Sucursal S ON VE.Sc_Cve_Sucursal = S.Sc_Cve_Sucursal             WHERE VE.Vn_Fecha >= '{fi}' AND VE.Vn_Fecha <= '{ff}'               AND ISNULL(VE.Es_Cve_Estado, '') <> 'CA'               {sucursal_filter}             """"""                          result = execute_sql_query(host, port, database, username, password, query)                          duration_ms = (time.time() - start_time) * 1000                          if result and len(result) > 0:                 row = result[0]                 ventas = float(row.get('ventas') or 0)                                  # Si hay ventas, obtener PAX "
"/app/backend/core/providers.py","391","execute_sql_query","","                    SELECT ISNULL(SUM(C.Co_Personas), 0) as pax                     FROM Comanda C                     INNER JOIN Venta_Encabezado VE ON C.Vn_Folio = VE.Vn_Folio AND C.Sc_Cve_Sucursal = VE.Sc_Cve_Sucursal                     WHERE VE.Vn_Fecha >= '{fi}' AND VE.Vn_Fecha <= '{ff}'                       AND ISNULL(VE.Es_Cve_Estado, '') <> 'CA'                       {sucursal_filter.replace('S.Sc_Cve_Sucursal', 'VE.Sc_Cve_Sucursal')}                     """"""                     try:                         result_pax = execute_sql_query(host, port, database, username, password, query_pax)                         if result_pax and result_pax[0].get('pax'):                             pax = int(result_pax[0]['pax'])                     except Exception:                         pass                                  data = {                     ""ventas"": ventas,                     ""pax"": pax, "
"/app/backend/core/__init__.py","6","execute_sql_query","",""
"/app/backend/core/policies/no_live_dashboard_policy.py","13","pyodbc.connect",""," Solo se permite acceso live dentro de jobs de sincronización controlados. """"""  from pathlib import Path   FORBIDDEN_PATTERNS = [     ""pyodbc.connect("",     ""pymssql.connect("",     ""requests.get("",     ""requests.post("",     ""httpx."",     ""aiohttp."",     ""Servidores_Conexiones"",     ""api_url"",     ""database_name"", "
"/app/backend/core/empresa_resolver.py","52","execute_sql_query","","    'username': 'HRLectura',     'password': 'National09$' }   def _execute_query(query: str, params: dict = None) -> List[Dict]:     """"""Ejecuta una query en EDARSAHUB y retorna resultados""""""     try:         result = execute_sql_query(             EDARSAHUB_CONFIG['host'],             EDARSAHUB_CONFIG['port'],             EDARSAHUB_CONFIG['database'],             EDARSAHUB_CONFIG['username'],             EDARSAHUB_CONFIG['password'],             query         )         return result or [] "
"/app/backend/core/scheduler/sql_repository.py","156","get_server_by_id","","            server['sucursales'] = []                  servers.append(server)          logger.debug(f""[SCHEDULER_SQL] Obtenidos {len(servers)} servidores activos"")     return servers   async def get_server_by_id(server_id: str) -> Optional[Dict]:     """"""Obtiene un servidor por ID.""""""     servers = await get_active_servers(server_id)     return servers[0] if servers else None   # ============================================================================= # INVENTARIOS PROCESADOS # ============================================================================= "
"/app/backend/core/scheduler/jobs/sync_compras_job.py","184","execute_sql_query","","    # Configurar timeout solo si no estamos en Windows     import platform     if platform.system() != 'Windows':         old_handler = signal.signal(signal.SIGALRM, timeout_handler)         signal.alarm(timeout_seconds)          try:         # Usar timeout_seconds como nombre correcto del parámetro         result = _base_execute_sql_query(host, port, database, username, password, query, timeout_seconds=timeout_seconds, context=""jobs"")         return result     except TimeoutError as e:         logger.warning(f""[SYNC-COMPRAS] Timeout conectando a {host}: {e}"")         return None     except Exception as e:         if 'timeout' in str(e).lower() or 'connection' in str(e).lower():             logger.warning(f""[SYNC-COMPRAS] Error de conexión a {host}: {str(e)[:100]}"")             return None "
"/app/backend/core/scheduler/jobs/detect_nuevos_compras_job.py","232","execute_sql_query","","    def timeout_handler(signum, frame):         raise TimeoutError(f""Timeout {timeout_seconds}s"")          if platform.system() != 'Windows':         old_handler = signal.signal(signal.SIGALRM, timeout_handler)         signal.alarm(timeout_seconds)          try:         result = execute_sql_query(host, port, database, username, password, query, timeout=timeout_seconds)         return result     except Exception as e:         if 'timeout' in str(e).lower() or 'connection' in str(e).lower():             return None         raise     finally:         if platform.system() != 'Windows':             signal.alarm(0) "
"/app/backend/core/scheduler/jobs/inventarios_detector_job.py","132","execute_sql_query","","    from core.db import execute_sql_query          try:         # Query estándar SQL Server para verificar existencia de tabla         query = f""""""             SELECT 1 FROM INFORMATION_SCHEMA.TABLES              WHERE TABLE_NAME = '{tabla}'         """"""         result = execute_sql_query(             servidor['host'],             servidor['port'],             servidor['database'],             servidor['username'],             servidor['password'],             query,             context=SQL_CONTEXT_JOBS  # AISLAMIENTO: Usar pool de jobs         ) "
"/app/backend/core/scheduler/jobs/inventarios_detector_job.py","497","execute_sql_query","","                      AND i.fecha >= DATEADD(MONTH, -2, GETDATE())                 )                 SELECT folio, fecha, almacen_id, almacen_nombre                 FROM inventarios_validos                 WHERE rn_dia = 1                 ORDER BY fecha DESC             """"""                          result = execute_sql_query(                 servidor['host'],                 servidor['port'],                 servidor['database'],                 servidor['username'],                 servidor['password'],                 query,                 context=SQL_CONTEXT_JOBS  # AISLAMIENTO: Usar pool de jobs             ) "
"/app/backend/core/scheduler/jobs/inventarios_detector_job.py","599","execute_sql_query","","                SELECT TOP 1 folio, fecha                 FROM invfisico                 WHERE cancelado = 0                   AND idalmacen1 = '{almacen_id}'                   AND fecha >= '{primer_dia}'                 ORDER BY fecha ASC, folio ASC             """"""                          result = execute_sql_query(                 servidor['host'],                 servidor['port'],                 servidor['database'],                 servidor['username'],                 servidor['password'],                 query,                 context=SQL_CONTEXT_JOBS  # AISLAMIENTO: Usar pool de jobs             ) "
"/app/backend/core/scheduler/jobs/inventarios_detector_job.py","727","get_server_by_id","","            raise                  # Ejecutar análisis         await self._ejecutar_analisis(registro, servidor, inv)          async def _procesar_inventario_desde_registro(self, registro: Dict):         """"""Procesa un inventario desde un registro existente (reintento).""""""         # Obtener servidor desde SQL         servidor = await get_server_by_id(registro[""clave""][""server_id""])                  if not servidor:             await self._marcar_error(registro, ""Servidor no encontrado"")             return                  # Reconstruir InventarioDetectado         clave = ClaveIdempotencia(**registro[""clave""])         inv = InventarioDetectado( "
"/app/backend/core/scheduler/jobs/sync_comercial_abiertas_v2_job.py","227","execute_sql_query","","    from core.secret_manager import decrypt_secret          config = MPRO_API_LOCAL_CONFIG.get(unidad_codigo)     if not config:         logger.warning(f""[SYNC_ABIERTAS_V2] Unidad {unidad_codigo} no tiene config en MPRO_API_LOCAL_CONFIG"")         return None          try:         rows = execute_sql_query(             '54.39.104.176', 1433, 'EDARSAHUB', 'HRLectura', 'National09$',             f'''             SELECT id, nombre, api_url, api_key_encrypted             FROM Servidores_Conexiones             WHERE nombre = '{config[""server_config_name""]}'                AND tipo_conexion = 'API_LOCAL'               AND activo = 1             ''' "
"/app/backend/core/scheduler/jobs/sync_comercial_abiertas_v2_job.py","338","execute_sql_query","","        fecha_operacion,         snapshot_timestamp     FROM Comercial_Ventas_Dia_Abiertas_v2     WHERE unidad_negocio_id = '{unidad_negocio_id}'       AND sucursal_id = '{sucursal_id}'     """"""          try:         rows = execute_sql_query(             '54.39.104.176', 1433, 'EDARSAHUB', 'HRLectura', 'National09$',             query         )         if rows:             return rows[0]         return None     except Exception as e:         logger.warning(f""[SYNC_ABIERTAS_V2] Error consultando dato existente para {unidad_negocio_id}: {e}"") "
"/app/backend/core/system_capability_resolver.py","206","execute_sql_query","","        Ejecuta query en EDARSAHUB SQL.                  NO expone secrets ni passwords.         """"""         try:             # Importar aquí para evitar dependencias circulares             from core.db import execute_sql_query                          result = execute_sql_query(                 host=self._config['host'],                 port=self._config['port'],                 database=self._config['database'],                 username=self._config['username'],                 password=self._config['password'],                 query=query             )             return result if result else [] "
"/app/backend/core/db.py","7","execute_sql_query","",""
"/app/backend/core/db.py","342","execute_sql_query","","         # Query para verificar si la columna existe usando TOP 1 para ser más rápido     try:         query = f"""""" SELECT TOP 1 1 as existe FROM INFORMATION_SCHEMA.COLUMNS  WHERE TABLE_NAME = '{table}' AND COLUMN_NAME = '{column}' """"""         print(f""[DB Cache] Ejecutando query verificación para {column_key}..."")         result = execute_sql_query(host, port, database, username, password, query)         exists = len(result) > 0 if result else False                  # Guardar en cache         _column_existence_cache[cache_key][column_key] = exists         print(f""[DB Cache] Columna {column_key} en {database}: {'EXISTE' if exists else 'NO EXISTE'}"")         logging.info(f""[DB Cache] Columna {column_key} en {database}: {'EXISTE' if exists else 'NO EXISTE'}"")         return exists     except Exception as e: "
"/app/backend/core/db.py","554","execute_sql_query","","        conn.close()         logging.info(""Conexión exitosa con pymssql"")         return True     except Exception as pymssql_error:         logging.error(f""pymssql también falló: {str(pymssql_error)}"")         return False   def execute_sql_query(     host: str,      port: int,      database: str,      username: str,      password: str,      query: str,      timeout_seconds: int = 45,     context: str = ""web"" "
"/app/backend/core/db.py","1455","execute_sql_query","","    # 4. Ejecutar query con manejo robusto de errores     host = server_config['host']     port = server_config['port']     database = server_config['database']     username = server_config['username']     password = server_config['password']          try:         results = execute_sql_query(             host, port, database, username, password, query, timeout_seconds         )                  if results:             return SafeQueryResult(                 success=True,                 data=results,                 status=""SUCCESS"", "
"/app/backend/tools/test_sql_connection_from_servidores.py","58","execute_sql_query","","        s.password_encrypted     FROM dbo.Unidades_Negocio u     INNER JOIN dbo.Servidores_Conexiones s         ON CONVERT(NVARCHAR(100), u.server_id) = CONVERT(NVARCHAR(100), s.id)     WHERE u.codigo = '{unidad}'        OR u.nombre LIKE '%{unidad}%'     """"""          result = execute_sql_query(         EDARSAHUB[""host""], EDARSAHUB[""port""], EDARSAHUB[""database""],         EDARSAHUB[""user""], EDARSAHUB[""password""], query     )          return result[0] if result else None   def get_server_config_by_name(name_like: str) -> dict: "
"/app/backend/tools/test_sql_connection_from_servidores.py","85","execute_sql_query","","        username,         password_encrypted     FROM dbo.Servidores_Conexiones     WHERE nombre LIKE '%{name_like}%'       AND tipo_conexion = 'DATA_SOURCE'       AND activo = 1     """"""          result = execute_sql_query(         EDARSAHUB[""host""], EDARSAHUB[""port""], EDARSAHUB[""database""],         EDARSAHUB[""user""], EDARSAHUB[""password""], query     )          return result[0] if result else None   def test_connection(config: dict) -> dict: "
"/app/backend/tools/test_sql_connection_from_servidores.py","145","execute_sql_query","","    # 3. Probar conexión     try:         host = config.get(""host"", """")         port = config.get(""port"", 1433)         database = config.get(""database_name"", """")         username = config.get(""username"", """")                  # Query de prueba simple         test_result = execute_sql_query(             host, port, database, username, password,             ""SELECT 1 AS test_connection""         )                  if test_result:             result[""connection_status""] = ""OK""             result[""test_query_status""] = ""OK""         else: "
"/app/backend/tools/sync_sales_dry_run.py","58","execute_sql_query","","    ONLINE = ""ONLINE""     OFFLINE = ""OFFLINE""     TIMEOUT = ""TIMEOUT""   def _execute_query(query: str) -> List[Dict]:     """"""Ejecuta query en EDARSAHUB.""""""     try:         result = execute_sql_query(             EDARSAHUB_CONFIG['host'],             EDARSAHUB_CONFIG['port'],             EDARSAHUB_CONFIG['database'],             EDARSAHUB_CONFIG['username'],             EDARSAHUB_CONFIG['password'],             query         )         return result if result else [] "
"/app/backend/tools/sync_sales_dry_run.py","152","execute_sql_query","","    """"""     try:         host = server_config.get('host_raw') or server_config.get('host', '')         port = server_config.get('port', 1433)         database = server_config.get('database_name', '')         username = server_config.get('username', '')         password = server_config.get('password', '')                  result = execute_sql_query(host, port, database, username, password, query)                  if result is None:             return [], ConnectionStatus.OFFLINE                  if result:             return result, ConnectionStatus.ONLINE                  # Sin resultados, verificar conectividad "
"/app/backend/tools/sync_sales_dry_run.py","161","execute_sql_query","","                 if result is None:             return [], ConnectionStatus.OFFLINE                  if result:             return result, ConnectionStatus.ONLINE                  # Sin resultados, verificar conectividad         test_result = execute_sql_query(host, port, database, username, password, ""SELECT 1 AS test"")         if test_result:             return [], ConnectionStatus.ONLINE         else:             return [], ConnectionStatus.OFFLINE              except Exception as e:         error_str = str(e).lower()         if 'timeout' in error_str: "
"/app/backend/tools/validate_server_secret_key.py","46","execute_sql_query","","     try:         require_server_secret_key()     except Exception as exc:         print(""RESULT=FAIL"")         print(""REASON="", str(exc))         sys.exit(1)      rows = execute_sql_query(         EDARSAHUB[""host""], EDARSAHUB[""port""], EDARSAHUB[""database""],         EDARSAHUB[""user""], EDARSAHUB[""password""],         """"""         SELECT             nombre,             system_type,             tipo_conexion,             CASE "
