archivo,linea,tipo_conexion,endpoint_detectado,evidencia
"/app/backend/modules/comercial/service.py","1336","get_server_by_id","","# ============================================================================ # OBTENER DATOS BÁSICOS # ============================================================================  async def obtener_sucursales_servidor(server_id: str) -> List[Dict]:     """"""     Obtiene las sucursales de un servidor.     """"""     server = await repo.get_server_by_id(server_id)     if not server:         raise HTTPException(status_code=404, detail=""Servidor no encontrado"")          return server.get('sucursales', [])   async def obtener_metas(server_id: str, sucursal: str, mes: int, anio: int) -> Dict:     """""" "
"/app/backend/modules/comercial/service.py","1937","execute_sql_query","","    # PASO 1: Detectar el último día real con ventas en el período     query_ultimo_dia = f"""""" SELECT MAX(CONVERT(DATE, VE.Vn_Fecha)) as ultimo_dia_venta FROM Venta_Encabezado VE WHERE VE.Vn_Fecha >= '{fi}' AND VE.Vn_Fecha <= '{ff}'   AND ISNULL(VE.Es_Cve_Estado, '') <> 'CA' """"""     try:         result_ultimo = execute_sql_query(server['host'], server['port'], server['database'],                                            server['username'], server['password'], query_ultimo_dia)         if result_ultimo and result_ultimo[0]['ultimo_dia_venta']:             ultimo_dia_venta = result_ultimo[0]['ultimo_dia_venta']             if isinstance(ultimo_dia_venta, str):                 # Parsear la fecha completa (YYYY-MM-DD)                 partes = ultimo_dia_venta.split('-') if '-' in ultimo_dia_venta else None                 if partes and len(partes) == 3:                     anio_ultimo = int(partes[0]) "
"/app/backend/modules/comercial/service.py","2063","execute_sql_query","","        query_ultimo_dia_suc = f"""""" SELECT MAX(CONVERT(DATE, VE.Vn_Fecha)) as ultimo_dia_venta FROM Venta_Encabezado VE WHERE VE.Sc_Cve_Sucursal = '{sucursal_id}'   AND VE.Vn_Fecha >= '{fi}' AND VE.Vn_Fecha <= '{ff}'   AND ISNULL(VE.Es_Cve_Estado, '') <> 'CA' """"""         try:             result_ultimo_suc = execute_sql_query(server['host'], server['port'], server['database'],                                                    server['username'], server['password'], query_ultimo_dia_suc)             if result_ultimo_suc and result_ultimo_suc[0]['ultimo_dia_venta']:                 ultimo_dia_suc = result_ultimo_suc[0]['ultimo_dia_venta']                 if isinstance(ultimo_dia_suc, str):                     dia_suc = int(ultimo_dia_suc.split('-')[2]) if '-' in ultimo_dia_suc else int(ultimo_dia_suc[-2:])                 else:                     dia_suc = ultimo_dia_suc.day                  "
"/app/backend/modules/comercial/service.py","2126","execute_sql_query","","    ISNULL(SUM(C.Co_Personas), 0) as pax FROM Venta_Encabezado VE LEFT JOIN Comanda C ON C.Co_Folio = VE.Vn_Folio AND C.Sc_Cve_Sucursal = VE.Sc_Cve_Sucursal WHERE VE.Sc_Cve_Sucursal = '{sucursal_id}'   AND CONVERT(varchar, VE.Vn_Fecha, 112) >= '{fia_suc}' AND CONVERT(varchar, VE.Vn_Fecha, 112) <= '{ffa_suc}'   AND ISNULL(VE.Es_Cve_Estado, '') <> 'CA' """"""         try:             r_ant = execute_sql_query(server['host'], server['port'], server['database'],                                        server['username'], server['password'], query_ant)             ventas_ant = float(r_ant[0]['ventas'] or 0) if r_ant else 0             cheques_ant = int(r_ant[0]['cheques'] or 0) if r_ant else 0             pax_ant = int(r_ant[0]['pax'] or 0) if r_ant else 0             if pax_ant == 0 and cheques_ant > 0:                 pax_ant = cheques_ant         except Exception:             ventas_ant, cheques_ant, pax_ant = 0, 0, 0 "
"/app/backend/modules/comercial/service.py","2149","execute_sql_query","","    ISNULL(SUM(C.Co_Personas), 0) as pax FROM Venta_Encabezado VE LEFT JOIN Comanda C ON C.Co_Folio = VE.Vn_Folio AND C.Sc_Cve_Sucursal = VE.Sc_Cve_Sucursal WHERE VE.Sc_Cve_Sucursal = '{sucursal_id}'   AND CONVERT(varchar, VE.Vn_Fecha, 112) >= '{fiaa_suc}' AND CONVERT(varchar, VE.Vn_Fecha, 112) <= '{ffaa_suc}'   AND ISNULL(VE.Es_Cve_Estado, '') <> 'CA' """"""         try:             r_año = execute_sql_query(server['host'], server['port'], server['database'],                                        server['username'], server['password'], query_año)             ventas_año = float(r_año[0]['ventas'] or 0) if r_año else 0             cheques_año = int(r_año[0]['cheques'] or 0) if r_año else 0             pax_año = int(r_año[0]['pax'] or 0) if r_año else 0             if pax_año == 0 and cheques_año > 0:                 pax_año = cheques_año         except Exception:             ventas_año, cheques_año, pax_año = 0, 0, 0 "
"/app/backend/modules/comercial/queries/mpro.py","199","execute_sql_query","","FROM Venta_Encabezado VE LEFT JOIN Comanda C ON C.Co_Folio = VE.Vn_Folio AND C.Sc_Cve_Sucursal = VE.Sc_Cve_Sucursal WHERE VE.Vn_Fecha >= CONVERT(datetime, '{fi}', 120) AND VE.Vn_Fecha <= CONVERT(datetime, '{ff}', 120)   AND ISNULL(VE.Es_Cve_Estado, '') <> 'CA'   {filtro_suc} """"""          try:         result = execute_sql_query(             server['host'],              server['port'],              server['database'],             server['username'],              server['password'],              query         )          "
"/app/backend/modules/comercial/queries/mpro.py","380","execute_sql_query","","{sucursal_join} WHERE VE.Vn_Fecha >= CONVERT(datetime, '{fi}', 120) AND VE.Vn_Fecha <= CONVERT(datetime, '{ff}', 120)   {filtro_cancelados}   {sucursal_filter} """"""          try:         print(f""*** [MPRO Query] Ejecutando query para {server.get('name')} sucursal={sucursal} ***"")         result = execute_sql_query(             server['host'],              server['port'],              server['database'],             server['username'],              server['password'],              query         )          "
"/app/backend/modules/comercial/queries/mpro.py","690","execute_sql_query","","INNER JOIN Sucursal S ON S.Sc_Cve_Sucursal = VE.Sc_Cve_Sucursal LEFT JOIN Comanda C ON C.Co_Folio = VE.Vn_Folio AND C.Sc_Cve_Sucursal = VE.Sc_Cve_Sucursal WHERE VE.Vn_Fecha >= CONVERT(datetime, '{fi}', 120) AND VE.Vn_Fecha <= CONVERT(datetime, '{ff}', 120) GROUP BY S.Sc_Cve_Sucursal, S.Sc_Descripcion ORDER BY SUM(VE.Vn_Precio_Neto_Importe) DESC """"""          try:         result = execute_sql_query(             server['host'],              server['port'],              server['database'],             server['username'],              server['password'],              query         )          "
"/app/backend/modules/comercial/queries/softrestaurant.py","181","execute_sql_query","","INNER JOIN turnos ON turnos.idturno = cheques.idturno WHERE CONVERT(varchar, turnos.apertura, 112) >= '{fi}'   AND CONVERT(varchar, turnos.apertura, 112) <= '{ff}'   AND cheques.cancelado = 0   {filtro_suc} """"""          try:         result = execute_sql_query(             server['host'],              server['port'],              server['database'],             server['username'],              server['password'],              query         )          "
"/app/backend/modules/comercial/repository.py","384","execute_sql_query","","    FROM Comanda     WHERE MONTH(Cm_Fecha) = {mes}       AND YEAR(Cm_Fecha) = {anio}       AND Cm_Estado IN ('C', 'F')       {sucursal_filtro}     GROUP BY Sc_Cve_Sucursal     """"""          return execute_sql_query(         server['host'], server['port'], server['database'],         server['username'], server['password'], query     )   def query_ventas_softrestaurant(server: Dict, mes: int, anio: int) -> List[Dict]:     """"""     Obtiene ventas de SoftRestaurant para un mes/año específico. "
"/app/backend/modules/comercial/repository.py","413","execute_sql_query","","        UNION ALL         SELECT totalprecuenta, nopersonas          FROM tempcheques          WHERE MONTH(fecha) = {mes} AND YEAR(fecha) = {anio}           AND totalprecuenta > 0 AND cancelado = 0     ) AS ventas_unificadas     """"""          return execute_sql_query(         server['host'], server['port'], server['database'],         server['username'], server['password'], query     )   # ============================================================================ # QUERIES SQL - TICKET PERFECTO # ============================================================================ "
"/app/backend/modules/comercial/repository.py","448","execute_sql_query","","    INNER JOIN Producto P ON P.Pr_Cve_Producto = D.Pr_Cve_Producto     WHERE MONTH(C.Cm_Fecha) = {mes}       AND YEAR(C.Cm_Fecha) = {anio}       AND C.Cm_Estado IN ('C', 'F')       {sucursal_filtro}     GROUP BY C.Cm_Folio, C.Cm_Total, C.Cm_NumPersonas     """"""          return execute_sql_query(         server['host'], server['port'], server['database'],         server['username'], server['password'], query     )   # ============================================================================ # QUERIES SQL - METAS (MIGRADO A SQL - Mayo 2026) # ============================================================================ "
"/app/backend/modules/comercial/routes.py","2160","execute_sql_query","","INNER JOIN productos p ON p.idproducto = cd.idproducto INNER JOIN turnos ON turnos.idturno = cheques.idturno WHERE CONVERT(varchar, turnos.apertura, 112) >= '{f_ini}'   AND CONVERT(varchar, turnos.apertura, 112) <= '{f_fin}'   AND cheques.cancelado = 0 GROUP BY p.descripcion ORDER BY SUM(cd.cantidad * cd.precio) DESC """"""             result_prod = execute_sql_query(                 server['host'], server['port'], server['database'],                 server['username'], server['password'], query_productos             )                          if result_prod is not None:                 query_success = True                 for r in (result_prod or []):                     real_ventas = float(r['real_ventas'] or 0) "
"/app/backend/modules/comercial/routes.py","2192","execute_sql_query","","LEFT JOIN meseros m ON m.idmesero = cheques.idmesero INNER JOIN turnos ON turnos.idturno = cheques.idturno WHERE CONVERT(varchar, turnos.apertura, 112) >= '{f_ini}'   AND CONVERT(varchar, turnos.apertura, 112) <= '{f_fin}'   AND cheques.cancelado = 0 GROUP BY m.nombre ORDER BY SUM(cheques.total{propina_expr}) DESC """"""             result_vend = execute_sql_query(                 server['host'], server['port'], server['database'],                 server['username'], server['password'], query_vendedor             )                          if result_vend is not None:                 for r in (result_vend or []):                     real_ventas = float(r['real_ventas'] or 0)                     meta_estimada = real_ventas * 1.1 "
"/app/backend/modules/comercial/routes.py","2245","execute_sql_query","","WHERE CONVERT(varchar, VE.Vn_Fecha, 112) >= '{f_ini}'   AND CONVERT(varchar, VE.Vn_Fecha, 112) <= '{f_fin}'   AND ISNULL(VE.Es_Cve_Estado, '') <> 'CA'   AND V.Vn_Precio_Neto_Importe > 0   {filtro_sucursal} GROUP BY P.Pr_Descripcion ORDER BY SUM(V.Vn_Precio_Neto_Importe) DESC """"""             result_prod = execute_sql_query(                 server['host'], server['port'], server['database'],                 server['username'], server['password'], query_productos             )                          if result_prod is not None:                 query_success = True                 for r in (result_prod or []):                     real_ventas = float(r['real_ventas'] or 0) "
"/app/backend/modules/comercial/routes.py","2278","execute_sql_query","","WHERE CONVERT(varchar, VE.Vn_Fecha, 112) >= '{f_ini}'   AND CONVERT(varchar, VE.Vn_Fecha, 112) <= '{f_fin}'   AND ISNULL(VE.Es_Cve_Estado, '') <> 'CA'   AND VE.Vn_Precio_Neto_Importe > 0   {filtro_sucursal} GROUP BY VND.Vn_Descripcion ORDER BY SUM(VE.Vn_Precio_Neto_Importe) DESC """"""             result_vend = execute_sql_query(                 server['host'], server['port'], server['database'],                 server['username'], server['password'], query_vendedor             )                          if result_vend is not None:                 if not query_success:                     query_success = True                 for r in (result_vend or []): "
"/app/backend/modules/comercial/routes.py","2505","execute_sql_query","","INNER JOIN cheqdet cd ON cd.foliodet = cheques.folio INNER JOIN productos p ON p.idproducto = cd.idproducto INNER JOIN turnos ON turnos.idturno = cheques.idturno WHERE CONVERT(varchar, turnos.apertura, 112) >= '{f_ini}'   AND CONVERT(varchar, turnos.apertura, 112) <= '{f_fin}'   AND cheques.cancelado = 0   AND cheques.total > 0 """"""                 result = execute_sql_query(                     server['host'], server['port'], server['database'],                     server['username'], server['password'], query_categorias                 )                                  if result is not None:                     query_success = True                     tickets_totales = int(result[0]['tickets_totales'] or 0) if result else 0                     con_alimentos = int(result[0]['con_alimentos'] or 0) if result else 0 "
"/app/backend/modules/comercial/routes.py","2543","execute_sql_query","","                    query_simple = f"""""" SELECT COUNT(DISTINCT cheques.folio) as tickets_totales FROM cheques INNER JOIN turnos ON turnos.idturno = cheques.idturno WHERE CONVERT(varchar, turnos.apertura, 112) >= '{f_ini}'   AND CONVERT(varchar, turnos.apertura, 112) <= '{f_fin}'   AND cheques.cancelado = 0 AND cheques.total > 0 """"""                     result_simple = execute_sql_query(                         server['host'], server['port'], server['database'],                         server['username'], server['password'], query_simple                     )                     if result_simple:                         tickets_totales = int(result_simple[0]['tickets_totales'] or 0)                         ticket_data = {                             ""tickets_totales"": tickets_totales,                             ""tickets_completos"": 0, "
"/app/backend/modules/comercial/routes.py","2581","execute_sql_query","","INNER JOIN turnos ON turnos.idturno = cheques.idturno WHERE CONVERT(varchar, turnos.apertura, 112) >= '{f_ini}'   AND CONVERT(varchar, turnos.apertura, 112) <= '{f_fin}'   AND cheques.cancelado = 0 GROUP BY p.idproducto, p.descripcion HAVING SUM(cd.cantidad * cd.precio) > 0 ORDER BY SUM(cd.cantidad * cd.precio) DESC """"""             result_rent = execute_sql_query(                 server['host'], server['port'], server['database'],                 server['username'], server['password'], query_rentabilidad             )                          if result_rent is not None:                 for r in (result_rent or []):                     ventas = float(r['ventas'] or 0)                     costo = float(r['costo'] or 0) "
"/app/backend/modules/comercial/routes.py","3022","execute_sql_query","","    ISNULL(AVG(CAST(cheques.nopersonas as float)), 0) as pax_promedio FROM cheques INNER JOIN turnos ON turnos.idturno = cheques.idturno WHERE CONVERT(varchar, turnos.apertura, 112) >= '{f_ini}'   AND CONVERT(varchar, turnos.apertura, 112) <= '{f_fin}'   AND cheques.cancelado = 0   AND cheques.total > 0 """"""             result = execute_sql_query(                 server['host'], server['port'], server['database'],                 server['username'], server['password'], query_unidad             )                          if result and len(result) > 0:                 row = result[0]                 cheques_mes = int(row['cheques_mes'] or 0)                 comensales_mes = int(row['comensales_mes'] or 0) "
"/app/backend/modules/comercial/routes.py","3078","execute_sql_query","","INNER JOIN turnos ON turnos.idturno = cheques.idturno WHERE CONVERT(varchar, turnos.apertura, 112) >= '{f_ini}'   AND CONVERT(varchar, turnos.apertura, 112) <= '{f_fin}'   AND cheques.cancelado = 0   AND cheques.total > 0 GROUP BY DATEPART(HOUR, turnos.apertura) ORDER BY COUNT(*) DESC """"""             result_rot = execute_sql_query(                 server['host'], server['port'], server['database'],                 server['username'], server['password'], query_rotacion             )                          max_vueltas = max([int(r['vueltas'] or 0) for r in result_rot]) if result_rot else 1                          rotacion_por_mesa = []             for r in result_rot: "
"/app/backend/modules/comercial/routes.py","3136","execute_sql_query","","LEFT JOIN Comanda C ON C.Co_Folio = VE.Vn_Folio AND C.Sc_Cve_Sucursal = VE.Sc_Cve_Sucursal LEFT JOIN Sucursal S ON S.Sc_Cve_Sucursal = VE.Sc_Cve_Sucursal WHERE VE.Vn_Fecha >= CONVERT(datetime, '{fecha_ini} 00:00:00', 120)   AND VE.Vn_Fecha <= CONVERT(datetime, '{f_fin} 23:59:59', 120)   AND VE.Es_Cve_Estado <> 'CA'   AND VE.Vn_Precio_Neto_Importe > 0   {sucursal_filter} """"""             result = execute_sql_query(                 server['host'], server['port'], server['database'],                 server['username'], server['password'], query_unidad             )                          if result and len(result) > 0:                 row = result[0]                 cheques_mes = int(row['cheques_mes'] or 0)                 comensales_mes = int(row['comensales_mes'] or 0) "
"/app/backend/modules/comercial/routes.py","3169","execute_sql_query","","            # Si MongoDB no encontró el nombre (aún es server['name']), intentar con SQL             if nombre_final_mpro == server['name'] and sucursal:                 es_codigo_suc = sucursal.isdigit() or (len(sucursal) == 4 and sucursal[0] == '0')                 if es_codigo_suc:                     query_nombre = f"""""" SELECT TOP 1 Sc_Descripcion as nombre FROM Sucursal WHERE Sc_Cve_Sucursal = '{sucursal}' """"""                     try:                         result_nombre = execute_sql_query(                             server['host'], server['port'], server['database'],                             server['username'], server['password'], query_nombre                         )                         if result_nombre and len(result_nombre) > 0 and result_nombre[0].get('nombre'):                             nombre_final_mpro = result_nombre[0]['nombre']                     except Exception as e:                         logging.warning(f""No se pudo obtener nombre de sucursal {sucursal} desde SQL: {e}"")              "
"/app/backend/modules/comercial/routes.py","3209","execute_sql_query","","WHERE VE.Vn_Fecha >= CONVERT(datetime, '{fecha_ini} 00:00:00', 120)   AND VE.Vn_Fecha <= CONVERT(datetime, '{f_fin} 23:59:59', 120)   AND VE.Es_Cve_Estado <> 'CA'   AND VE.Vn_Precio_Neto_Importe > 0   {sucursal_filter} GROUP BY DATEPART(HOUR, VE.Vn_Fecha) ORDER BY COUNT(*) DESC """"""             result_rotacion = execute_sql_query(                 server['host'], server['port'], server['database'],                 server['username'], server['password'], query_rotacion             )                          rotacion_por_mesa = []             for r in (result_rotacion or []):                 hora = int(r['hora'] or 0)                 vueltas = int(r['vueltas'] or 0) "
"/app/backend/modules/comercial/routes.py","3347","execute_sql_query","","INNER JOIN turnos ON turnos.idturno = cheques.idturno WHERE CONVERT(varchar, turnos.apertura, 112) >= '{f_ini}'   AND CONVERT(varchar, turnos.apertura, 112) <= '{f_fin}'   AND cheques.cancelado = 0   AND cheques.total > 0 ORDER BY turnos.apertura DESC OFFSET {offset} ROWS FETCH NEXT {limit} ROWS ONLY """"""             result = execute_sql_query(                 server['host'], server['port'], server['database'],                 server['username'], server['password'], query_detalle             )                          # Query para contar total             query_total = f"""""" SELECT COUNT(*) as total FROM cheques "
"/app/backend/modules/comercial/routes.py","3362","execute_sql_query","","SELECT COUNT(*) as total FROM cheques INNER JOIN turnos ON turnos.idturno = cheques.idturno WHERE CONVERT(varchar, turnos.apertura, 112) >= '{f_ini}'   AND CONVERT(varchar, turnos.apertura, 112) <= '{f_fin}'   AND cheques.cancelado = 0   AND cheques.total > 0 """"""             result_total = execute_sql_query(                 server['host'], server['port'], server['database'],                 server['username'], server['password'], query_total             )             total = int(result_total[0]['total']) if result_total else 0                          movimientos = []             for row in result or []:                 fecha_val = row.get('fecha') "
"/app/backend/modules/comercial/routes.py","3442","execute_sql_query","","  AND VE.Vn_Fecha <= CONVERT(datetime, '{f_fin} 23:59:59', 120)   AND ISNULL(VE.Es_Cve_Estado, '') <> 'CA'   AND VE.Vn_Precio_Neto_Importe > 0   {sucursal_filter} ORDER BY VE.Vn_Fecha DESC OFFSET {offset} ROWS FETCH NEXT {limit} ROWS ONLY """"""             logging.info(f""Query MPRO detalle: {query_detalle[:200]}..."")             result = execute_sql_query(                 server['host'], server['port'], server['database'],                 server['username'], server['password'], query_detalle             )                          # Query para contar total             query_total = f"""""" SELECT COUNT(*) as total FROM Venta_Encabezado VE "
"/app/backend/modules/comercial/routes.py","3458","execute_sql_query","","FROM Venta_Encabezado VE LEFT JOIN Sucursal S ON S.Sc_Cve_Sucursal = VE.Sc_Cve_Sucursal WHERE VE.Vn_Fecha >= CONVERT(datetime, '{f_ini} 00:00:00', 120)   AND VE.Vn_Fecha <= CONVERT(datetime, '{f_fin} 23:59:59', 120)   AND ISNULL(VE.Es_Cve_Estado, '') <> 'CA'   AND VE.Vn_Precio_Neto_Importe > 0   {sucursal_filter} """"""             result_total = execute_sql_query(                 server['host'], server['port'], server['database'],                 server['username'], server['password'], query_total             )             total = int(result_total[0]['total']) if result_total else 0                          movimientos = []             for row in result or []:                 fecha_val = row.get('fecha') "
"/app/backend/modules/comercial/routes.py","3598","execute_sql_query","","            query_ventas_reales = f"""""" SELECT SUM(cheques.total{propina_expr}) as ventas_reales FROM cheques INNER JOIN turnos ON turnos.idturno = cheques.idturno WHERE CONVERT(varchar, turnos.apertura, 112) >= '{f_ini_actual}'   AND CONVERT(varchar, turnos.apertura, 112) <= '{f_fin_actual}'   AND cheques.cancelado = 0 """"""             result_ventas_reales = execute_sql_query(                 server['host'], server['port'], server['database'],                 server['username'], server['password'], query_ventas_reales             )             ventas_reales_periodo = float(result_ventas_reales[0]['ventas_reales'] or 0) if result_ventas_reales else 0                          # Query para ventas del período ACTUAL con precios actuales             # Agrupa por producto y calcula precio promedio             # NOTA: En SoftRestaurant la tabla de detalle es 'cheqdet' (no 'chequedetalle') "
"/app/backend/modules/comercial/routes.py","3646","execute_sql_query","","WHERE CONVERT(varchar, t.apertura, 112) >= '{f_ini_base}'   AND CONVERT(varchar, t.apertura, 112) <= '{f_fin_base}'   AND c.cancelado = 0   AND cd.cantidad > 0 GROUP BY p.idproducto, p.descripcion """"""                          # Ejecutar queries             ventas_actual = execute_sql_query(                 server['host'], server['port'], server['database'],                 server['username'], server['password'], query_ventas_actual             ) or []                          precios_base = execute_sql_query(                 server['host'], server['port'], server['database'],                 server['username'], server['password'], query_precios_base             ) or [] "
"/app/backend/modules/comercial/routes.py","3651","execute_sql_query","","""""""                          # Ejecutar queries             ventas_actual = execute_sql_query(                 server['host'], server['port'], server['database'],                 server['username'], server['password'], query_ventas_actual             ) or []                          precios_base = execute_sql_query(                 server['host'], server['port'], server['database'],                 server['username'], server['password'], query_precios_base             ) or []                          # VALIDACIÓN (Abril 2026): Si no hay datos en el período base, no se puede hacer análisis             # porque no hay precios de referencia con los cuales comparar             if not precios_base or len(precios_base) == 0:                 logging.warning(f""Precios Constantes SoftRestaurant {server['name']}: Sin datos en período base {periodo_base}"") "
"/app/backend/modules/comercial/routes.py","3884","execute_sql_query","","            query_ventas_reales_mpro = f"""""" SELECT ISNULL(SUM(VE.Vn_Precio_Neto_Importe), 0) as ventas_reales FROM Venta_Encabezado VE WHERE VE.Vn_Fecha >= CONVERT(datetime, '{fecha_ini_actual} 00:00:00', 120)   AND VE.Vn_Fecha <= CONVERT(datetime, '{fecha_fin_actual} 23:59:59', 120)   AND ISNULL(VE.Es_Cve_Estado, '') <> 'CA'   {filtro_sucursal_ve} """"""             result_ventas_reales = execute_sql_query(                 server['host'], server['port'], server['database'],                 server['username'], server['password'], query_ventas_reales_mpro             )             ventas_reales_periodo = float(result_ventas_reales[0]['ventas_reales'] or 0) if result_ventas_reales else 0                          query_ventas_actual = f"""""" SELECT      V.Pr_Cve_Producto as producto_id, "
"/app/backend/modules/comercial/routes.py","3924","execute_sql_query","","  AND V.Vn_Fecha <= CONVERT(datetime, '{fecha_fin_base} 23:59:59', 120)   AND ISNULL(V.Es_Cve_Estado, '') <> 'CA'   AND V.Vn_Cantidad_Control_1 > 0   {filtro_sucursal} GROUP BY V.Pr_Cve_Producto """"""                          # Ejecutar queries             ventas_actual = execute_sql_query(                 server['host'], server['port'], server['database'],                 server['username'], server['password'], query_ventas_actual             ) or []                          precios_base = execute_sql_query(                 server['host'], server['port'], server['database'],                 server['username'], server['password'], query_precios_base             ) or [] "
"/app/backend/modules/comercial/routes.py","3929","execute_sql_query","","""""""                          # Ejecutar queries             ventas_actual = execute_sql_query(                 server['host'], server['port'], server['database'],                 server['username'], server['password'], query_ventas_actual             ) or []                          precios_base = execute_sql_query(                 server['host'], server['port'], server['database'],                 server['username'], server['password'], query_precios_base             ) or []                          # VALIDACIÓN (Abril 2026): Si no hay datos en el período base, no se puede hacer análisis             # porque no hay precios de referencia con los cuales comparar             if not precios_base or len(precios_base) == 0:                 logging.warning(f""Precios Constantes MPRO {server['name']}: Sin datos en período base {periodo_base}"") "
"/app/backend/modules/comercial/routes.py","4245","get_server_by_id","@router.get(""/comercial/dashboard/{server_id}"")","    Ahora soporta multiselección de meses y múltiples años.     tipo_comparacion: 'dias_equiv' compara días 1-N vs días 1-N del período anterior                       'mes_completo' compara vs el mes completo anterior          RESPUESTA INCLUYE:     - source_status: 'SUCCESS' | 'NO_DATA' | 'SOURCE_UNREACHABLE' | 'ERROR'     - source_message: Mensaje descriptivo del estado     """"""     server = await get_server_by_id(server_id)     if not server:         return {             ""source_status"": ""ERROR"",             ""source_message"": ""Servidor no encontrado en configuración"",             ""kpis"": None,             ""comparativo"": None,             ""alertas"": []         } "
"/app/backend/modules/rh/importador/repository.py","79","execute_sql_query","","    )     if server:         _server_cache = server     return server   def execute_hub_query(server: Dict, query: str) -> List[Dict]:     """"""Ejecuta una query en el servidor EDARSA HUB.""""""     return execute_sql_query(         server['host'],         server['port'],         server['database'],         server['username'],         server['password'],         query     )  "
"/app/backend/modules/rh/repository.py","183","execute_sql_query","","         Args:         server: Configuración del servidor         query: Query SQL a ejecutar              Returns:         Lista de diccionarios con los resultados     """"""     return execute_sql_query(         server['host'],         server['port'],         server['database'],         server['username'],         server['password'],         query     )  "
"/app/backend/modules/comercial_v2/carga_historica_abril_2026.py","301","get_server_connection","","        server_id=unidad['server_id'],         sistema_origen='SOFTRESTAURANT',         rango_procesado=f""{fecha_inicio.isoformat()} a {fecha_fin.isoformat()}""     )          start_time = time.time()          # Obtener conexión     server = get_server_connection(unidad['server_id'])     if not server:         reporte.errores = 1         reporte.errores_detalle.append(""No se pudo obtener configuración del servidor"")         return reporte          # Construir query     query = QUERY_SOFTRESTAURANT_ABRIL.format(         fecha_inicio=fecha_inicio.isoformat(), "
"/app/backend/modules/comercial_v2/carga_historica_abril_2026.py","316","execute_sql_query","","    query = QUERY_SOFTRESTAURANT_ABRIL.format(         fecha_inicio=fecha_inicio.isoformat(),         fecha_fin=fecha_fin.isoformat()     )     reporte.query_ejecutada = query[:200] + ""...""          # Ejecutar query en origen     try:         rows = execute_sql_query(             server['host'],             server['port'],             server['database_name'],             server['username'],             server['password'],             query         )     except Exception as e: "
"/app/backend/modules/comercial_v2/carga_historica_abril_2026.py","469","get_server_connection","","        server_id=unidad['server_id'],         sistema_origen='MPRO',         rango_procesado=f""{fecha_inicio.isoformat()} a {fecha_fin.isoformat()}""     )          start_time = time.time()          # Obtener conexión     server = get_server_connection(unidad['server_id'])     if not server:         reporte.errores = 1         reporte.errores_detalle.append(""No se pudo obtener configuración del servidor"")         return reporte          # Construir query con sucursal     query = QUERY_MPRO_ABRIL.format(         fecha_inicio=fecha_inicio.isoformat(), "
"/app/backend/modules/comercial_v2/carga_historica_abril_2026.py","485","execute_sql_query","","        fecha_inicio=fecha_inicio.isoformat(),         fecha_fin=fecha_fin.isoformat(),         sucursal_id=unidad['sucursal_id']     )     reporte.query_ejecutada = query[:200] + ""...""          # Ejecutar query en origen     try:         rows = execute_sql_query(             server['host'],             server['port'],             server['database_name'],             server['username'],             server['password'],             query         )     except Exception as e: "
"/app/backend/modules/comercial_v2/carga_historica_24_meses.py","339","execute_sql_query","","         # Construir y ejecutar query     query = QUERY_SR_MENSUAL.format(         fecha_inicio=fecha_inicio.isoformat(),         fecha_fin=fecha_fin.isoformat()     )          try:         rows = execute_sql_query(             server['host'],             server['port'],             server['database_name'],             server['username'],             server['password'],             query         )     except Exception as e: "
"/app/backend/modules/comercial_v2/carga_historica_24_meses.py","475","get_server_connection","","        return reporte          if fecha_inicio < unidad.get('fecha_datos_desde', date(2000, 1, 1)):         fecha_inicio = unidad['fecha_datos_desde']          reporte.dias_esperados = (fecha_fin - fecha_inicio).days + 1          # Obtener conexión     server = get_server_connection(unidad['server_id'])     if not server:         reporte.errores = 1         reporte.notas = ""No se pudo obtener configuración del servidor""         return reporte          # Construir y ejecutar query     query = QUERY_MPRO_MENSUAL.format(         fecha_inicio=fecha_inicio.isoformat(), "
"/app/backend/modules/comercial_v2/carga_historica_24_meses.py","489","execute_sql_query","","    # Construir y ejecutar query     query = QUERY_MPRO_MENSUAL.format(         fecha_inicio=fecha_inicio.isoformat(),         fecha_fin=fecha_fin.isoformat(),         sucursal_id=unidad['sucursal_id']     )          try:         rows = execute_sql_query(             server['host'],             server['port'],             server['database_name'],             server['username'],             server['password'],             query         )     except Exception as e: "
"/app/backend/modules/finanzas/repository_real.py","94","execute_sql_query","","                     if not server:             logging.error(""[FinanzasRepo] Servidor EDARSA HUB no encontrado"")             return []                  timeout = timeout or ResilientConfig.QUERY_TIMEOUT                  try:             results = execute_sql_query(                 host=server['host'],                 port=server['port'],                 database=server['database'],                 username=server['username'],                 password=server['password'],                 query=query,                 timeout_seconds=timeout             ) "
"/app/backend/modules/finanzas/propinas_tpv/schema_detector.py","62","execute_sql_query","","            # Query para verificar tablas y columnas necesarias             query = """"""             SELECT TABLE_NAME, COLUMN_NAME             FROM INFORMATION_SCHEMA.COLUMNS              WHERE TABLE_NAME IN ('cheques', 'turnos', 'movtoscaja')             ORDER BY TABLE_NAME, ORDINAL_POSITION             """"""                          result = execute_sql_query(                 server['host'],                 server['port'],                 server['database'],                 server['username'],                 server['password'],                 query             )              "
"/app/backend/modules/finanzas/propinas_tpv/repository.py","118","execute_sql_query","","          AND mc.fecha >= '{f_ini} 00:00:00'           AND mc.fecha <= '{f_fin} 23:59:59'         ORDER BY mc.fecha DESC         """"""                  try:             logger.info(f""Consultando propinas SoftRestaurant: {server['name']} [{fecha_inicio} - {fecha_fin}]"")                          result = execute_sql_query(                 server['host'],                 server['port'],                 server['database'],                 server['username'],                 server['password'],                 query             )              "
"/app/backend/modules/finanzas/propinas_tpv/repository.py","201","execute_sql_query","","            # Paso 2: Construir query adaptada             query = SoftRestaurantSchemaDetector.build_propinas_query(                 schema, fecha_inicio, fecha_fin             )             result['query_usada'] = query[:500] + '...' if len(query) > 500 else query                          # Paso 3: Ejecutar query             logger.info(f""Ejecutando query defensiva para {server['name']}..."")             rows = execute_sql_query(                 server['host'],                 server['port'],                 server['database'],                 server['username'],                 server['password'],                 query             )              "
"/app/backend/modules/finanzas/repository_softrestaurant.py","246","_execute_query_subprocess","","        if len(sucursal_id) > 30 and '-' in sucursal_id:             logging.warning(f""[SoftRestaurant] sucursal_id parece UUID, no es sucursal SR: {sucursal_id}"")             return []  # Retornar vacío, no es una sucursal SoftRestaurant                  # 6. Fallback: no matchea nada específico, retornar todas (comportamiento original)         logging.warning(f""[SoftRestaurant] sucursal_id no reconocido: {sucursal_id}, consultando todas"")         return list(SOFTRESTAURANT_SERVERS.keys())          async def _execute_query_subprocess(self, server_key: str, query: str) -> List[Dict]:         """"""         Ejecuta una query usando subprocess con locale UTF-8 forzado.         Esto evita problemas de encoding con pytds en ambiente supervisor.         """"""         if server_key not in SOFTRESTAURANT_SERVERS:             logging.error(f""[SoftRestaurant] Servidor desconocido: {server_key}"")             return []          "
"/app/backend/modules/finanzas/repository_softrestaurant.py","376","_execute_query_subprocess","","                LEFT JOIN pagosproveedores pp ON pp.foliocompra = c.idcompra                 WHERE (c.cancelado IS NULL OR c.cancelado = 0)                 GROUP BY c.idcompra, c.folio, c.foliofactura, c.fechaaplicacion, c.fechafactura,                           c.fechavencimiento, c.referencia, c.idproveedor, c.total, p.nombre, p.rfc                 HAVING c.total - ISNULL(SUM(pp.abono), 0) > 0                 ORDER BY c.folio ASC             """"""                          results_compras = await self._execute_query_subprocess(server_key, query_compras_con_saldo)                          if not results_compras:                 logging.warning(f""[SoftRestaurant] Sin compras con saldo para {server_key}"")                 continue                          logging.info(f""[SoftRestaurant] {server_key}: {len(results_compras)} documentos con saldo > 0"")                          # DICIEMBRE 2026: Procesar cada documento directamente "
"/app/backend/modules/compras/service.py","51","get_server_by_id","","    almacen: str = None ) -> List[Dict]:     """"""     Obtiene la lista de inventarios físicos disponibles.     Soporta MPRO y SoftRestaurant.          FASE 3A: Blindaje por system_type     """"""     server = await repo.get_server_by_id(server_id)     if not server:         raise HTTPException(status_code=404, detail=""Servidor no encontrado"")          system_type = server.get('system_type', 'UNKNOWN')     normalized = normalize_system_type(system_type)          try:         if is_mpro_system(system_type): "
"/app/backend/modules/compras/service.py","121","get_server_by_id","","    Obtiene pedidos/requisiciones vigentes.     Soporta MPRO y SoftRestaurant.          FASE 3A - Blindaje:     - Maneja resultado homologado de ComprasQueryResult     - No propaga errores que contaminen otros módulos     - Distingue NO_DATA de errores técnicos     """"""     server = await repo.get_server_by_id(server_id)     if not server:         raise HTTPException(status_code=404, detail=""Servidor no encontrado"")          system_type = server.get('system_type', 'UNKNOWN')     normalized = normalize_system_type(system_type)          try:         if is_mpro_system(system_type): "
"/app/backend/modules/compras/service.py","231","get_server_by_id","","# ============================================================================  async def obtener_detalle_factura(server_id: str, folio: str) -> List[Dict]:     """"""     Obtiene el detalle de productos de una factura/entrada.          FASE 3A: Blindaje - Solo disponible en MPRO     """"""     server = await repo.get_server_by_id(server_id)     if not server:         raise HTTPException(status_code=404, detail=""Servidor no encontrado"")          system_type = server.get('system_type', 'UNKNOWN')          try:         if is_mpro_system(system_type):             log_compras_adapter_selected(""detalle-factura"", server_id, system_type, ""MPRO_ADAPTER"") "
"/app/backend/modules/compras/service.py","283","get_server_by_id","","    meses: str = None,     anio: str = None ) -> List[Dict]:     """"""     Obtiene facturas de proveedores filtradas.          FASE 3A: Blindaje - Solo disponible en MPRO     """"""     server = await repo.get_server_by_id(server_id)     if not server:         raise HTTPException(status_code=404, detail=""Servidor no encontrado"")          system_type = server.get('system_type', 'UNKNOWN')          # Obtener ID de sucursal     sucursal_id = None     if sucursal and is_mpro_system(system_type): "
"/app/backend/modules/compras/repository.py","58","execute_sql_query","","    Usa INFORMATION_SCHEMA para verificación segura.     """"""     query = f""""""     SELECT COUNT(*) as exists_flag      FROM INFORMATION_SCHEMA.TABLES      WHERE TABLE_NAME = '{table_name}'     """"""     try:         result = execute_sql_query(             server['host'], server['port'], server['database'],             server['username'], server['password'], query, timeout_seconds=10         )         if result and result[0].get('exists_flag', 0) > 0:             return True         return False     except Exception as e:         logging.warning(f""Error validando tabla {table_name}: {e}"") "
"/app/backend/modules/compras/repository.py","223","execute_sql_query","","        'MPRO' as origen     FROM Inventario_Fisico F     INNER JOIN Sucursal S ON S.Sc_Cve_Sucursal = F.Sc_Cve_Sucursal     INNER JOIN Almacen A ON A.Al_Cve_Almacen = F.Al_Cve_Almacen AND A.Sc_Cve_Sucursal = F.Sc_Cve_Sucursal     WHERE 1=1 {almacen_filtro} {sucursal_filtro}     ORDER BY F.If_Fecha DESC, F.If_Folio DESC     """"""          return execute_sql_query(         server['host'], server['port'], server['database'],         server['username'], server['password'], query     )   def query_inventarios_fisicos_sr(server: Dict, almacen_filtro: str = """") -> List[Dict]:     """"""     Obtiene inventarios físicos de SoftRestaurant. "
"/app/backend/modules/compras/repository.py","249","execute_sql_query","","        (SELECT COUNT(*) FROM detalleconteo D WHERE D.idfolioconteo = F.idfolioconteo) as productos,         'SoftRestaurant' as origen     FROM folioconteo F     INNER JOIN almacen A ON A.idalmacen = F.idalmacen     WHERE 1=1 {almacen_filtro}     ORDER BY F.fecha DESC, F.idfolioconteo DESC     """"""          return execute_sql_query(         server['host'], server['port'], server['database'],         server['username'], server['password'], query     )   # ============================================================================ # QUERIES SQL - PEDIDOS VIGENTES # ============================================================================ "
"/app/backend/modules/compras/repository.py","284","execute_sql_query","","        'MPRO' as origen     FROM Requisicion R     INNER JOIN Sucursal S ON S.Sc_Cve_Sucursal = R.Sc_Cve_Sucursal     INNER JOIN Almacen A ON A.Al_Cve_Almacen = R.Al_Cve_Almacen AND A.Sc_Cve_Sucursal = R.Sc_Cve_Sucursal     {sucursal_filtro}     ORDER BY R.Rq_Fecha DESC, R.Rq_Folio DESC     """"""          return execute_sql_query(         server['host'], server['port'], server['database'],         server['username'], server['password'], query     )   def query_pedidos_vigentes_sr(server: Dict) -> ComprasQueryResult:     """"""     Obtiene pedidos vigentes de SoftRestaurant. "
"/app/backend/modules/compras/repository.py","332","execute_sql_query","","        (SELECT COUNT(*) FROM detallepedidocompra D WHERE D.idpedidocompra = P.idpedidocompra) as productos,         'SoftRestaurant' as origen     FROM pedidocompra P     INNER JOIN almacen A ON A.idalmacen = P.idalmacen     ORDER BY P.fecha DESC, P.idpedidocompra DESC     """"""          try:         result = execute_sql_query(             server['host'], server['port'], server['database'],             server['username'], server['password'], query         )                  if result:             return ComprasQueryResult(                 success=True,                 data=result, "
"/app/backend/modules/compras/repository.py","411","execute_sql_query","","        ), 0) as consumo_promedio     FROM Requisicion_Detalle RD     INNER JOIN Requisicion R ON R.Rq_Folio = RD.Rq_Folio     INNER JOIN Producto P ON P.Pr_Cve_Producto = RD.Pr_Cve_Producto     WHERE RD.Rq_Folio = '{folio}'     ORDER BY P.Pr_Descripcion     """"""          return execute_sql_query(         server['host'], server['port'], server['database'],         server['username'], server['password'], query     )   # ============================================================================ # QUERIES SQL - DETALLE DE FACTURA # ============================================================================ "
"/app/backend/modules/compras/repository.py","439","execute_sql_query","","        MD.Md_Importe as importe     FROM Movimiento_Detalle MD     INNER JOIN Movimiento M ON M.Mv_Folio = MD.Mv_Folio     INNER JOIN Producto P ON P.Pr_Cve_Producto = MD.Pr_Cve_Producto     WHERE M.Mv_Documento = '{folio}'     ORDER BY P.Pr_Descripcion     """"""          return execute_sql_query(         server['host'], server['port'], server['database'],         server['username'], server['password'], query     )   # ============================================================================ # QUERIES SQL - FACTURAS DE PROVEEDOR # ============================================================================ "
"/app/backend/modules/compras/repository.py","478","execute_sql_query","","    FROM Movimiento M     INNER JOIN Proveedor P ON P.Pv_Cve_Proveedor = M.Pv_Cve_Proveedor     INNER JOIN Sucursal S ON S.Sc_Cve_Sucursal = M.Sc_Cve_Sucursal     WHERE M.Tm_Cve_TipoMov IN (SELECT Tm_Cve_TipoMov FROM Tipo_Movimiento WHERE Tm_Tipo = 'E')     {sucursal_filtro} {fecha_filtro}     ORDER BY M.Mv_Fecha DESC     """"""          return execute_sql_query(         server['host'], server['port'], server['database'],         server['username'], server['password'], query     )   __all__ = [     'init_compras_repository',     'get_db', "
"/app/backend/tests/test_migracion_servidores_sql.py","142","get_server_by_id","","         # Test get_servers_for_tablero     servers = await get_servers_for_tablero()     assert len(servers) > 0, ""No se obtuvieron servidores""     print(f""  ✓ get_servers_for_tablero(): {len(servers)} servidores"")          # Test get_server_by_id     test_id = servers[0]['id']     server = await get_server_by_id(test_id)     assert server is not None, f""No se encontró servidor {test_id}""     print(f""  ✓ get_server_by_id(): {server['name']}"")          # Verificar campos clave     for field in ['id', 'name', 'system_type', 'host', 'database', 'active']:         assert field in server, f""Falta campo {field}""     print(""  ✓ Estructura completa verificada"")      "
"/app/backend/tests/test_migracion_servidores_sql.py","144","get_server_by_id","","    servers = await get_servers_for_tablero()     assert len(servers) > 0, ""No se obtuvieron servidores""     print(f""  ✓ get_servers_for_tablero(): {len(servers)} servidores"")          # Test get_server_by_id     test_id = servers[0]['id']     server = await get_server_by_id(test_id)     assert server is not None, f""No se encontró servidor {test_id}""     print(f""  ✓ get_server_by_id(): {server['name']}"")          # Verificar campos clave     for field in ['id', 'name', 'system_type', 'host', 'database', 'active']:         assert field in server, f""Falta campo {field}""     print(""  ✓ Estructura completa verificada"")          return True  "
"/app/backend/tests/test_bloque2_paridad.py","71","execute_sql_query","","FROM cheques INNER JOIN turnos ON turnos.idturno = cheques.idturno WHERE CONVERT(varchar, turnos.apertura, 112) >= '{fi}'   AND CONVERT(varchar, turnos.apertura, 112) <= '{ff}'   AND cheques.cancelado = 0 """"""          try:         result = execute_sql_query(             server['host'],              server['port'],              server['database'],             server['username'],              server['password'],              query         )          "
"/app/backend/tests/test_bloque3_paridad_mpro.py","79","execute_sql_query","","    ISNULL(SUM(C.Co_Personas), 0) as pax FROM Venta_Encabezado VE LEFT JOIN Comanda C ON C.Co_Folio = VE.Vn_Folio AND C.Sc_Cve_Sucursal = VE.Sc_Cve_Sucursal WHERE VE.Vn_Fecha >= '{fi}' AND VE.Vn_Fecha <= '{ff}'   AND ISNULL(VE.Es_Cve_Estado, '') <> 'CA' """"""          try:         result = execute_sql_query(             server['host'],              server['port'],              server['database'],             server['username'],              server['password'],              query         )          "
"/app/backend/server.py","1683","get_server_by_id","@api_router.put(""/servers/{server_id}"")","    """"""     # FASE 3B.2: Validación RBAC corregida - permitir SuperAdministrador y Administrador     if current_user['role'] not in ['SuperAdministrador', 'Administrador']:         raise HTTPException(status_code=403, detail=""No autorizado. Requiere rol SuperAdministrador o Administrador."")          from core.server_registry import update_server as registry_update_server, get_server_by_id          # Verificar que el servidor existe (también verifica protección CORE via registry)     existing = await get_server_by_id(server_id, db=db, mask_secrets=False)     if not existing:         raise HTTPException(status_code=404, detail=""Servidor no encontrado"")          # Protección CORE     if existing.get(""tipo_conexion"") == ""CORE"" or existing.get(""es_editable_ui"") == False:         raise HTTPException(             status_code=403,              detail=""Esta conexión es del sistema central (CORE) y no puede ser modificada desde la interfaz"" "
"/app/backend/server.py","1741","get_server_by_id","@api_router.delete(""/servers/{server_id}"")","    """"""     # FASE 3B.2: Validación RBAC corregida - permitir SuperAdministrador y Administrador     if current_user['role'] not in ['SuperAdministrador', 'Administrador']:         raise HTTPException(status_code=403, detail=""No autorizado. Requiere rol SuperAdministrador o Administrador."")          from core.server_registry import delete_server as registry_delete_server, get_server_by_id          # Verificar que existe y obtener datos para validación CORE     existing = await get_server_by_id(server_id, db=db, mask_secrets=True)     if not existing:         raise HTTPException(status_code=404, detail=""Servidor no encontrado"")          # Protección CORE     if existing.get(""tipo_conexion"") == ""CORE"" or existing.get(""es_eliminable_ui"") == False:         raise HTTPException(             status_code=403,              detail=""Esta conexión es del sistema central (CORE) y no puede ser eliminada desde la interfaz"" "
"/app/backend/server.py","1805","execute_sql_query","@api_router.get(""/servers/{server_id}/ping"")","         logging.debug(f""[PING_SERVER] Servidor obtenido via registry. Origin={server.get('config_origin', 'UNKNOWN')}"")          import time     start_time = time.time()          try:         # Intentar conexión         result = execute_sql_query(             server['host'], server['port'], server['database'],             server['username'], server['password'],             ""SELECT 1 as ping, GETDATE() as server_time, @@VERSION as version""         )                  elapsed_time = round((time.time() - start_time) * 1000, 2)  # ms                  if result and len(result) > 0: "
"/app/backend/server.py","2042","execute_sql_query","","        # Agregar TOP 10 si no existe para evitar traer muchos datos         sql_test = sql         if ""TOP"" not in sql.upper() and ""LIMIT"" not in sql.upper():             # Insertar TOP 10 después de SELECT             sql_test = sql.replace(""SELECT"", ""SELECT TOP 10"", 1).replace(""select"", ""SELECT TOP 10"", 1)                  logging.info(f""Validando consulta tipo '{query_type}' para servidor {server_id}"")                  results = execute_sql_query(             server['host'],             server['port'],             server['database'],             server['username'],             server['password'],             sql_test         )          "
"/app/backend/server.py","2586","execute_sql_query","@api_router.get(""/servers/{server_id}/sucursales"")","    try:         sucursales_raw = []                  if is_mpro_system(server.get('system_type')):             # Intentar obtener sucursales de MPRO             query = ""SELECT Sc_Cve_Sucursal as id, Sc_Descripcion as nombre FROM Sucursal WHERE Es_Cve_Estado <> 'BA'""             try:                 logging.info(f""[MPRO Sucursales] Consultando sucursales para {server['name']}..."")                 results = execute_sql_query(                     server['host'],                     server['port'],                     server['database'],                     server['username'],                     server['password'],                     query                 )                 logging.info(f""[MPRO Sucursales] Resultado: {len(results) if results else 0} sucursales"") "
"/app/backend/server.py","2604","execute_sql_query","","                    sucursales_raw = results             except Exception as e:                 logging.warning(f""MPRO Sucursales query failed: {e}"")                          # Si no hay sucursales en la tabla Sucursal, intentar usar Almacenes             if not sucursales_raw:                 try:                     query_almacen = ""SELECT DISTINCT Al_Cve_Almacen as id, Al_Descripcion as nombre FROM Almacen WHERE Es_Cve_Estado <> 'BA'""                     almacenes = execute_sql_query(                         server['host'],                         server['port'],                         server['database'],                         server['username'],                         server['password'],                         query_almacen                     )                     if almacenes and len(almacenes) > 0: "
"/app/backend/server.py","2628","execute_sql_query","","                     elif is_softrestaurant_system(server.get('system_type')):             # SoftRestaurant NO tiene tabla Sucursal - devolvemos una sucursal virtual con el nombre del servidor             sucursales_raw = [{""id"": ""default"", ""nombre"": server.get('name', 'Principal'), ""codigo"": ""default""}]         else:             # Query genérica para otros sistemas - también con fallback             try:                 query = ""SELECT DISTINCT Sc_Cve_Sucursal as id, Sc_Descripcion as nombre FROM Sucursal""                 results = execute_sql_query(                     server['host'],                     server['port'],                     server['database'],                     server['username'],                     server['password'],                     query                 )                 if results and len(results) > 0: "
"/app/backend/server.py","2718","execute_sql_query","","            if sucursal_id:                 query = f""SELECT Al_Cve_Almacen as id, Al_Descripcion as nombre FROM Almacen WHERE Sc_Cve_Sucursal = %s AND Es_Cve_Estado <> 'BA'{almacen_filter}""                 results = execute_sql_query_params(                     server['host'], server['port'], server['database'],                     server['username'], server['password'], query, (sucursal_id,)                 )             else:                 query = f""SELECT Al_Cve_Almacen as id, Al_Descripcion as nombre FROM Almacen WHERE Es_Cve_Estado <> 'BA'{almacen_filter}""                 results = execute_sql_query(                     server['host'], server['port'], server['database'],                     server['username'], server['password'], query                 )             logging.info(f""[RBAC-ALMACENES] MPRO devolvió {len(results)} almacenes (filtrado RBAC)"")             return results                  elif is_softrestaurant_system(server.get('system_type')):             # FASE 8: Filtro por almacenes permitidos (usa ID numérico) "
"/app/backend/server.py","2738","execute_sql_query","","SELECT      idalmacen as id,      nombre,     ISNULL(tipo, 1) as tipo FROM almacen WHERE 1=1{almacen_filter} ORDER BY nombre """"""             results = execute_sql_query(                 server['host'], server['port'], server['database'],                 server['username'], server['password'], query             )             logging.info(f""[RBAC-ALMACENES] SoftRestaurant devolvió {len(results)} almacenes (filtrado RBAC)"")             return results                  else:             # Query genérica para otros sistemas con filtro RBAC "
"/app/backend/server.py","2757","execute_sql_query","","            if sucursal_id:                 query = f""SELECT Al_Cve_Almacen as id, Al_Descripcion as nombre FROM Almacen WHERE Sc_Cve_Sucursal = %s{almacen_filter}""                 results = execute_sql_query_params(                     server['host'], server['port'], server['database'],                     server['username'], server['password'], query, (sucursal_id,)                 )             else:                 query = f""SELECT Al_Cve_Almacen as id, Al_Descripcion as nombre FROM Almacen WHERE 1=1{almacen_filter}""                 results = execute_sql_query(                     server['host'], server['port'], server['database'],                     server['username'], server['password'], query                 )             return results     except Exception as e:         logging.error(f""Error obteniendo almacenes: {str(e)}"")         return []  "
"/app/backend/server.py","3234","execute_sql_query","","SELECT      idalmacen as id,      nombre,     ISNULL(tipo, 1) as tipo FROM almacen {where_clause}{almacen_filter} ORDER BY nombre """"""         results = execute_sql_query(             server['host'],             server['port'],             server['database'],             server['username'],             server['password'],             query         )         logging.info(f""[RBAC-ALMACENES-SR] Devolvió {len(results)} almacenes (filtrado RBAC)"") "
"/app/backend/server.py","3347","execute_sql_query","","                LEFT JOIN almacen A ON A.idalmacen = INV.idalmacen1                 {where_clause}                 ORDER BY INV.fecha DESC             """"""             logging.info(f""[RBAC-INVENTARIOS-LIST] SR Query con filtro RBAC aplicado"")         else:             query = ""SELECT Fi_Folio as folio, CONVERT(varchar, fi_fecha, 120) as fecha FROM Fisico GROUP BY Fi_Folio, fi_fecha ORDER BY fi_fecha DESC""                  results = execute_sql_query(             server['host'],             server['port'],             server['database'],             server['username'],             server['password'],             query         )         return results "
"/app/backend/server.py","3512","execute_sql_query","","            """"""         else:             return {                 ""items"": [],                 ""totales"": {""cantidad"": 0, ""valor"": 0, ""items"": 0},                 ""mensaje"": f""Este reporte no está disponible para {system_type}""             }                  results = execute_sql_query(             server['host'],             server['port'],             server['database'],             server['username'],             server['password'],             query         )          "
"/app/backend/server.py","3639","execute_sql_query","@api_router.post(""/reports/inventory"")","        raise HTTPException(status_code=404, detail=""Consulta no encontrada"")          # Replace parameters in query     sql_query = query_template['sql_query']     for key, value in params.items():         sql_query = sql_query.replace(f""@{key}"", f""'{value}'"")          # Execute query     results = execute_sql_query(         server['host'],         server['port'],         server['database'],         server['username'],         server['password'],         sql_query     )      "
"/app/backend/server.py","3683","execute_sql_query","@api_router.get(""/servers/{server_id}/report-filters"")","        if is_mpro_system(server.get('system_type')):             # Obtener categorías             categorias_query = """"""                 SELECT DISTINCT Ct_Cve_Categoria as id, Ct_Descripcion as nombre                  FROM Categoria                  WHERE Es_Cve_Estado <> 'BA'                 ORDER BY Ct_Descripcion             """"""             categorias = execute_sql_query(                 server['host'], server['port'], server['database'],                 server['username'], server['password'], categorias_query             )                          # Obtener familias             familias_query = """"""                 SELECT DISTINCT Fm_Cve_Familia as id, Fm_Descripcion as nombre                  FROM Familia  "
"/app/backend/server.py","3695","execute_sql_query","","                         # Obtener familias             familias_query = """"""                 SELECT DISTINCT Fm_Cve_Familia as id, Fm_Descripcion as nombre                  FROM Familia                  WHERE Es_Cve_Estado <> 'BA'                 ORDER BY Fm_Descripcion             """"""             familias = execute_sql_query(                 server['host'], server['port'], server['database'],                 server['username'], server['password'], familias_query             )                          # Obtener subfamilias             subfamilias_query = """"""                 SELECT DISTINCT Sf_Cve_SubFamilia as id, Sf_Descripcion as nombre                  FROM SubFamilia  "
"/app/backend/server.py","3707","execute_sql_query","","                         # Obtener subfamilias             subfamilias_query = """"""                 SELECT DISTINCT Sf_Cve_SubFamilia as id, Sf_Descripcion as nombre                  FROM SubFamilia                  WHERE Es_Cve_Estado <> 'BA'                 ORDER BY Sf_Descripcion             """"""             subfamilias = execute_sql_query(                 server['host'], server['port'], server['database'],                 server['username'], server['password'], subfamilias_query             )                          return {                 ""categorias"": categorias or [],                 ""familias"": familias or [],                 ""subfamilias"": subfamilias or [] "
"/app/backend/server.py","3739","execute_sql_query","","            # Obtener familias (gruposiclasificacion)             familias_query = """"""                 SELECT DISTINCT                      CAST(idgruposiclasificacion as VARCHAR) as id,                      descripcion as nombre                  FROM gruposiclasificacion                 ORDER BY descripcion             """"""             familias = execute_sql_query(                 server['host'], server['port'], server['database'],                 server['username'], server['password'], familias_query             )                          # Obtener subfamilias (gruposi)             subfamilias_query = """"""                 SELECT DISTINCT                      CAST(idgruposi as VARCHAR) as id,  "
"/app/backend/server.py","3752","execute_sql_query","","            # Obtener subfamilias (gruposi)             subfamilias_query = """"""                 SELECT DISTINCT                      CAST(idgruposi as VARCHAR) as id,                      descripcion as nombre                  FROM gruposi                 ORDER BY descripcion             """"""             subfamilias = execute_sql_query(                 server['host'], server['port'], server['database'],                 server['username'], server['password'], subfamilias_query             )                          return {                 ""categorias"": categorias,                 ""familias"": familias or [],                 ""subfamilias"": subfamilias or [] "
"/app/backend/server.py","3936","execute_sql_query","","                         # Si no hay fecha_ini, intentar obtenerla de inventarios_iniciales_info o del folio             if not fecha_ini:                 if inventarios_iniciales_info and inventarios_iniciales_info[0].get('fecha'):                     fecha_ini = inventarios_iniciales_info[0]['fecha'][:10]  # YYYY-MM-DD                 elif lista_folios_ini:                     # Obtener fecha del primer folio inicial                     fecha_folio_query = f""SELECT TOP 1 CONVERT(varchar, Fi_Fecha, 120) as fecha FROM Fisico WHERE Fi_Folio = '{lista_folios_ini[0]}'""                     fecha_result = execute_sql_query(server['host'], server['port'], server['database'], server['username'], server['password'], fecha_folio_query)                     if fecha_result:                         fecha_ini = fecha_result[0]['fecha'][:10]                     else:                         raise HTTPException(status_code=400, detail=""No se pudo determinar la fecha inicial"")                 else:                     raise HTTPException(status_code=400, detail=""Se requiere fecha_ini o inventarios_iniciales_info"")                          if not fecha_fin: "
"/app/backend/server.py","3949","execute_sql_query","","                else:                     raise HTTPException(status_code=400, detail=""Se requiere fecha_ini o inventarios_iniciales_info"")                          if not fecha_fin:                 if inventarios_finales_info and inventarios_finales_info[0].get('fecha'):                     fecha_fin = inventarios_finales_info[0]['fecha'][:10]                 elif lista_folios_fin:                     fecha_folio_query = f""SELECT TOP 1 CONVERT(varchar, Fi_Fecha, 120) as fecha FROM Fisico WHERE Fi_Folio = '{lista_folios_fin[0]}'""                     fecha_result = execute_sql_query(server['host'], server['port'], server['database'], server['username'], server['password'], fecha_folio_query)                     if fecha_result:                         fecha_fin = fecha_result[0]['fecha'][:10]                     else:                         raise HTTPException(status_code=400, detail=""No se pudo determinar la fecha final"")                 else:                     raise HTTPException(status_code=400, detail=""Se requiere fecha_fin o inventarios_finales_info"")                          # Calcular fecha de inicio para movimientos/ventas (fecha_ini + 1 día) "
"/app/backend/server.py","3983","execute_sql_query","","    A.Al_Cve_Almacen as codigo,     A.Al_Descripcion as nombre,     A.Sc_Cve_Sucursal as sucursal_codigo FROM Almacen A INNER JOIN Sucursal S ON S.Sc_Cve_Sucursal = A.Sc_Cve_Sucursal WHERE ({almacenes_like_conditions})     AND S.Sc_Descripcion LIKE '%{sucursal_safe}%' """"""             almacen_result = execute_sql_query(                 server['host'], server['port'], server['database'],                 server['username'], server['password'], almacen_query             )             if not almacen_result:                 logging.error(f""Almacén(es) no encontrado(s) en MPRO - Sucursal: '{sucursal}', Almacenes: {lista_almacenes}, Servidor: {server.get('name', server_id)}"")                 raise HTTPException(status_code=404, detail=f""Almacén no encontrado en sucursal '{sucursal}'. Verifique la conexión al servidor SQL o que el almacén exista."")                          # Lista de códigos de almacén "
"/app/backend/server.py","4070","execute_sql_query","","            AND MOV.Al_Cve_Almacen IN ({almacenes_sql})             AND MOV.Es_Cve_Estado <> 'CA'             AND MOV.Mv_Fecha BETWEEN '{fecha_ini}' AND '{fecha_fin} 23:59:59'         )     ) ORDER BY F.Fm_Descripcion, SF.Sf_Descripcion, P.Pr_Descripcion """"""             logging.info(""Obteniendo catalogo de productos MPRO (INSUMOS con presentaciones + COMPRAS sin presentacion)..."")             productos = execute_sql_query(                 server['host'], server['port'], server['database'],                 server['username'], server['password'], productos_query             )             logging.info(f""Productos obtenidos: {len(productos)}"")                          # 3. Obtener ventas - UNION ALL de ventas KIT + ventas DIRECTAS             # Consulta proporcionada por el usuario para MPRO             # MPRO: Ventas desde (fecha_inventario_inicial + 1 día) hasta fecha_inventario_final "
"/app/backend/server.py","4116","execute_sql_query","","    WHERE sucursal.Sc_Cve_Sucursal = '{sucursal_codigo}'         AND venta.Es_Cve_Estado <> 'CA'         AND venta.Vn_Fecha BETWEEN '{fecha_ini_mov}' AND '{fecha_fin} 23:59:59'     GROUP BY venta.Pr_Cve_Producto ) AS VentasCombinadas GROUP BY Producto_Codigo """"""                 logging.info(""Obteniendo ventas (KIT + DIRECTAS)..."")                 ventas_result = execute_sql_query(                     server['host'], server['port'], server['database'],                     server['username'], server['password'], ventas_query                 )                 ventas_dict = {v['Producto_Codigo']: float(v['Total_Ventas'] or 0) for v in ventas_result}                 logging.info(f""Ventas obtenidas para {len(ventas_dict)} productos"")             else:                 logging.info(f""MPRO - Almacén BODEGA '{almacen_nombre}' - Ventas = 0 para todos los productos"")              "
"/app/backend/server.py","4161","execute_sql_query","","                )                 END             ELSE E.Mv_Fecha         END     ) BETWEEN '{fecha_ini_mov}' AND '{fecha_fin} 23:59:59' GROUP BY E.Pr_Cve_Producto """"""             logging.info(""Obteniendo movimientos (con lógica especial de fechas para tipos 508/108)..."")             movimientos_result = execute_sql_query(                 server['host'], server['port'], server['database'],                 server['username'], server['password'], movimientos_query             )             movimientos_dict = {m['Producto_Codigo']: float(m['Total_Movimientos'] or 0) for m in movimientos_result}             logging.info(f""Movimientos obtenidos para {len(movimientos_dict)} productos"")                          # 5. Detectar errores de captura de inventario             # Si un producto está en Producto_Presentacion como Pp_Producto (es una presentación) "
"/app/backend/server.py","4185","execute_sql_query","","FROM Producto_Presentacion PP INNER JOIN Producto P_PRES ON P_PRES.Pr_Cve_Producto = PP.Pp_Producto INNER JOIN Producto P_INS ON P_INS.Pr_Cve_Producto = PP.Pr_Cve_Producto INNER JOIN Fisico F ON F.Pr_Cve_Producto = PP.Pp_Producto     AND F.Al_Cve_Almacen IN ({almacenes_sql})     AND F.Fi_Folio IN ({folios_ini_sql}, {folios_fin_sql}) WHERE P_INS.Dp_Cve_Departamento = '0007' """"""             errores_result = execute_sql_query(                 server['host'], server['port'], server['database'],                 server['username'], server['password'], errores_captura_query             )             if errores_result:                 logging.warning(f""ERRORES DE CAPTURA DETECTADOS: {len(errores_result)} presentaciones capturadas incorrectamente"")                 for err in errores_result:                     logging.warning(f""  - Presentación {err['Codigo_Presentacion']} ({err['Descripcion_Presentacion']}) capturada en inventario, pero debería capturarse como INSUMO {err['Codigo_Insumo']} ({err['Descripcion_Insumo']})"")              "
"/app/backend/server.py","4275","execute_sql_query","","    F.Fi_Cantidad_Control_1 as Cantidad,     F.Al_Cve_Almacen as Almacen_Codigo,     ISNULL(F.Fi_Comentario, '') as Comentario FROM Fisico F WHERE F.Fi_Folio IN ({folios_ini_sql}, {folios_fin_sql})      AND F.Al_Cve_Almacen IN ({almacenes_sql}) ORDER BY F.Pr_Cve_Producto, F.Fi_Folio """"""                 inv_detalle = execute_sql_query(                     server['host'], server['port'], server['database'],                     server['username'], server['password'], inv_detalle_query                 )                                  # Crear diccionarios de folios iniciales y finales                 folios_ini_set = set(lista_folios_ini)                 folios_fin_set = set(lista_folios_fin)                  "
"/app/backend/server.py","4513","execute_sql_query","","                         # Obtener fechas de los folios de inventario             fechas_query = f"""""" SELECT folio, fecha FROM invfisico WHERE folio IN ({all_folios_sql}) ORDER BY folio """"""             fechas_result = execute_sql_query(                 server['host'], server['port'], server['database'],                 server['username'], server['password'], fechas_query             )                          # Extraer fechas con hora completa (usar primera y última)             fecha_ini = None             fecha_fin = None             folios_ini_set = set(str(f) for f in lista_folios_ini) "
"/app/backend/server.py","4580","execute_sql_query","","            almacen_query = f"""""" SELECT TOP 1      idalmacen as codigo,     nombre,     ISNULL(tipo, 1) as tipo FROM almacen WHERE nombre LIKE '%{almacen_safe}%' """"""             almacen_result = execute_sql_query(                 server['host'], server['port'], server['database'],                 server['username'], server['password'], almacen_query             )             if not almacen_result:                 logging.error(f""Almacén '{almacen}' no encontrado en servidor {server.get('name', server_id)} ({server['host']})"")                 raise HTTPException(status_code=404, detail=f""Almacén '{almacen}' no encontrado. Verifique la conexión al servidor SQL o que el almacén exista en la base de datos."")                          almacen_id = almacen_result[0]['codigo'] "
"/app/backend/server.py","4673","execute_sql_query","","INNER JOIN gruposiclasificacion GC ON GC.idgruposiclasificacion = GP.idgruposiclasificacion WHERE LEFT(INPRE.descripcion, 3) <> 'zzz'   AND IDET_PRES.inventariable = 1   {filtro_categoria_pres}   {filtro_familia_pres}   {filtro_subfamilia_pres} """"""                          productos_result = execute_sql_query(                 server['host'], server['port'], server['database'],                 server['username'], server['password'], productos_query             )             # Crear diccionario de productos por código             productos_dict = {p['CODIGO']: p for p in productos_result}             logging.info(f""Productos en catálogo: {len(productos_dict)}"")                          # DEBUG: Mostrar códigos de presentaciones para verificar "
"/app/backend/server.py","4720","execute_sql_query","","LEFT JOIN insumos I_INS ON I_INS.idinsumo = FMOV.idinsumo LEFT JOIN gruposi GP_INS ON GP_INS.idgruposi = I_INS.idgruposi LEFT JOIN gruposiclasificacion GC_INS ON GC_INS.idgruposiclasificacion = GP_INS.idgruposiclasificacion WHERE FMOV.folio IN ({all_folios_sql})   AND AL.nombre LIKE '%{almacen_safe}%' ORDER BY FMOV.folio, CODIGO """"""                          inventarios_result = execute_sql_query(                 server['host'], server['port'], server['database'],                 server['username'], server['password'], inventarios_query             )                          # Separar inventarios inicial y final - SOLO productos con existencia != 0             inv_inicial_dict = {}             inv_final_dict = {}             for inv in inventarios_result: "
"/app/backend/server.py","4835","execute_sql_query","","LEFT JOIN almacen ON almacen.idalmacen = movtosalmacen.idalmacen WHERE movtosalmacen.fecha BETWEEN '{fecha_ini_fmt}' AND '{fecha_fin_fmt}'   AND almacen.nombre LIKE '%{almacen_safe}%'   {filtro_conceptos_presentaciones} GROUP BY RTRIM(LTRIM(movtosalmacen.idinsumospresentaciones)) """"""                          try:                 movimientos_result = execute_sql_query(                     server['host'], server['port'], server['database'],                     server['username'], server['password'], movimientos_query                 )                 movimientos_dict = {m['CODIGO']: float(m['CANTIDAD'] or 0) for m in movimientos_result}                 logging.info(f""Movimientos obtenidos para {len(movimientos_dict)} productos"")                 # DEBUG: Mostrar el valor de B130009                 if 'B130009' in movimientos_dict:                     logging.info(f""DEBUG B130009 movimientos: {movimientos_dict['B130009']}"") "
"/app/backend/server.py","4904","execute_sql_query","","WHERE turnos.APERTURA BETWEEN CONVERT(datetime, CONVERT(nvarchar(30),'{fecha_ini_sql}',103),103)                            AND CONVERT(datetime, CONVERT(nvarchar(30),'{fecha_fin_sql}',103),103)   AND cheques.cancelado = 0   AND AL.nombre LIKE '%{almacen_safe}%' GROUP BY RTRIM(LTRIM(receta.idinsumo)) """"""                 try:                     logging.info(f""Ejecutando consulta ventas INSUMOS para almacén {almacen}"")                     ventas_result = execute_sql_query(                         server['host'], server['port'], server['database'],                         server['username'], server['password'], ventas_insumos_query                     )                     # Sumar las ventas por código                     for v in ventas_result:                         if v['CODIGO']:                             codigo = v['CODIGO']                             cantidad = float(v['CONSUMIDO'] or 0) "
"/app/backend/server.py","4944","execute_sql_query","","WHERE turnos.APERTURA BETWEEN CONVERT(datetime, CONVERT(nvarchar(30),'{fecha_ini_sql}',103),103)                            AND CONVERT(datetime, CONVERT(nvarchar(30),'{fecha_fin_sql}',103),103)   AND cheques.cancelado = 0   AND AL.nombre LIKE '%{almacen_safe}%' GROUP BY RTRIM(LTRIM(receta.idinsumo)) """"""                 try:                     logging.info(""Intentando obtener ventas de cuentas temporales (temcheques/temcheqdet)..."")                     ventas_temp_result = execute_sql_query(                         server['host'], server['port'], server['database'],                         server['username'], server['password'], ventas_temp_query                     )                     for v in ventas_temp_result:                         if v['CODIGO']:                             codigo = v['CODIGO']                             cantidad = float(v['CONSUMIDO'] or 0)                             ventas_dict[codigo] = ventas_dict.get(codigo, 0) + cantidad "
"/app/backend/server.py","5195","execute_sql_query","","            # Obtener código del almacén             almacen_query = f"""""" SELECT TOP 1 A.Al_Cve_Almacen as codigo FROM Almacen A INNER JOIN Sucursal S ON S.Sc_Cve_Sucursal = A.Sc_Cve_Sucursal WHERE A.Al_Descripcion LIKE '%{almacen_safe}%'     AND S.Sc_Descripcion LIKE '%{sucursal_safe}%' """"""             almacen_result = execute_sql_query(                 server['host'], server['port'], server['database'],                 server['username'], server['password'], almacen_query             )             if not almacen_result:                 raise HTTPException(status_code=404, detail=""Almacén no encontrado"")             almacen_codigo = almacen_result[0]['codigo']                          # Obtener filtros de tipos de movimiento configurados "
"/app/backend/server.py","5261","execute_sql_query","","                    WHERE CN.Cp_Folio = M.Mv_Documento                 ), M.Mv_Fecha)                 END             ELSE M.Mv_Fecha         END     ) BETWEEN '{fecha_ini_mov}' AND '{fecha_fin} 23:59:59' ORDER BY Fecha DESC """"""             result = execute_sql_query(                 server['host'], server['port'], server['database'],                 server['username'], server['password'], query             )                          # Formatear resultados             movements = []             for row in result:                 # Usar Tipo_Movimiento de la BD (E=Entrada, S=Salida) "
"/app/backend/server.py","5340","execute_sql_query","","WHERE RTRIM(LTRIM(M.idinsumospresentaciones)) = '{producto_codigo}'     AND A.nombre LIKE '%{almacen_safe}%'     AND M.fecha BETWEEN '{fecha_ini_fmt}' AND '{fecha_fin_fmt}'     AND M.idconcepto <> '' ORDER BY M.fecha DESC """"""             logging.info(f""Query detalle movimientos PRESENTACIONES: {query_presentaciones[:300]}..."")                          result = execute_sql_query(                 server['host'], server['port'], server['database'],                 server['username'], server['password'], query_presentaciones             )                          # Si no hay resultados en presentaciones, buscar en INSUMOS             if not result:                 # El código ya es el idinsumo completo (incluyendo el prefijo, ej: B130001)                 # No necesitamos quitar ningún carácter "
"/app/backend/server.py","5372","execute_sql_query","","INNER JOIN insumos I ON I.idinsumo = M.idinsumo LEFT JOIN almacen A ON A.idalmacen = M.idalmacen WHERE RTRIM(LTRIM(M.idinsumo)) = '{producto_codigo}'     AND A.nombre LIKE '%{almacen_safe}%'     AND M.fecha BETWEEN '{fecha_ini_fmt}' AND '{fecha_fin_fmt}'     AND M.idconcepto <> '' ORDER BY M.fecha DESC """"""                 result = execute_sql_query(                     server['host'], server['port'], server['database'],                     server['username'], server['password'], query_insumos                 )                          logging.info(f""Movimientos encontrados: {len(result)}"")                          movements = []             for row in result: "
"/app/backend/server.py","5481","execute_sql_query","","    INNER JOIN sucursal S ON S.Sc_Cve_Sucursal = V.Sc_Cve_Sucursal     WHERE V.Pr_Cve_Producto = '{producto_codigo}'         AND S.Sc_Descripcion LIKE '%{sucursal_safe}%'         AND V.Es_Cve_Estado <> 'CA'         AND V.Vn_Fecha BETWEEN '{fecha_ini}' AND '{fecha_fin} 23:59:59' ) AS VentasDetalle ORDER BY Fecha DESC """"""             result = execute_sql_query(                 server['host'], server['port'], server['database'],                 server['username'], server['password'], query             )                          sales = []             for row in result:                 sales.append({                     'folio': row.get('Folio'), "
"/app/backend/server.py","5550","execute_sql_query","","INNER JOIN productos ON productos.idproducto = venta.idproducto INNER JOIN turnos ON turnos.idturno = cheques.idturno WHERE RTRIM(LTRIM(receta.idinsumo)) = '{producto_codigo}'   AND turnos.APERTURA BETWEEN '{fecha_ini_fmt}' AND '{fecha_fin_fmt}'   AND cheques.cancelado = 0   AND AL.nombre LIKE '%{almacen_safe}%' ORDER BY turnos.APERTURA DESC """"""             result = execute_sql_query(                 server['host'], server['port'], server['database'],                 server['username'], server['password'], query_insumos             )                          logging.info(f""Ventas encontradas: {len(result)}"")                          sales = []             for row in result: "
"/app/backend/server.py","5696","execute_sql_query","","            FROM invfisico INV             INNER JOIN almacen A ON A.idalmacen = INV.idalmacen1             WHERE INV.idalmacen1 = '{almacen_id}'                 AND CONVERT(date, INV.fecha) <= CONVERT(date, '{fecha_ref_clean_sr}')             GROUP BY INV.folio, INV.fecha, A.nombre             ORDER BY INV.fecha DESC             """"""                  cortes_result = execute_sql_query(             server['host'], server['port'], server['database'],             server['username'], server['password'], query_cortes         )                  if not cortes_result:             logging.warning(f""No se encontraron inventarios para almacén {almacen_id}/{comentario}"")             return None          "
"/app/backend/server.py","6296","execute_sql_query","","    consulta = consultas[consulta_nombre]          try:         # Formatear la consulta con los parámetros         sql = consulta[""sql""].format(**parametros)                  logging.info(f""Ejecutando consulta: {consulta_nombre}"")                  results = execute_sql_query(             server['host'],             server['port'],             server['database'],             server['username'],             server['password'],             sql         )          "
"/app/backend/server.py","6453","execute_sql_query","@api_router.get(""/debug/tipos-movimiento-live/{server_id}"")","                    descripcion,                     CASE WHEN tipo = 1 THEN 'EN' ELSE 'SA' END as tipo                 FROM conceptos                 ORDER BY idconcepto             """"""         else:             return {""error"": ""Sistema no soportado"", ""system_type"": server.get('system_type')}                  results = execute_sql_query(             server['host'],             server['port'],             server['database'],             server['username'],             server['password'],             query         )          "
"/app/backend/server.py","6850","execute_sql_query","","        else:             return {                 ""success"": False,                 ""message"": f""Dashboard no implementado para {server['system_type']}"",                 ""data"": {}             }                  try:             results = execute_sql_query(                 server['host'],                 server['port'],                 server['database'],                 server['username'],                 server['password'],                 query_sql             )         except Exception as query_error: "
"/app/backend/server.py","7274","execute_sql_query","","FROM Fisico F INNER JOIN Almacen A ON A.Al_Cve_Almacen = F.Al_Cve_Almacen AND A.Sc_Cve_Sucursal = F.Sc_Cve_Sucursal INNER JOIN Sucursal S ON S.Sc_Cve_Sucursal = A.Sc_Cve_Sucursal WHERE {sucursal_filtro} {almacen_filtro} {almacen_rbac_filter} GROUP BY F.Fi_Folio, F.Fi_Fecha, A.Al_Descripcion, A.Al_Cve_Almacen, S.Sc_Descripcion, A.Sc_Cve_Sucursal, F.Fi_Comentario ORDER BY F.Fi_Folio DESC """"""         try:             result = execute_sql_query(                 server['host'], server['port'], server['database'],                 server['username'], server['password'], query, timeout=30             )             logging.info(f""[COMPRAS-HIBRIDO] ✅ MPRO LIVE: {len(result)} inventarios"")             return [{""folio"": r['folio'], ""fecha"": str(r['fecha']), ""almacen"": r['almacen'],                       ""almacen_id"": r.get('almacen_id', ''), ""sucursal"": r.get('sucursal', ''),                      ""sucursal_id"": r.get('sucursal_id', ''), ""comentario"": r['comentario'],                      ""productos"": r['total_productos'], ""source"": ""LIVE""} for r in result] "
"/app/backend/server.py","7308","execute_sql_query","","    INV.folio as folio, INV.fecha as fecha,     A.nombre as almacen, A.idalmacen as almacen_id, '' as comentario FROM invfisico INV LEFT JOIN almacen A ON A.idalmacen = INV.idalmacen1 WHERE 1=1 {almacen_filtro} {almacen_rbac_filter} ORDER BY INV.folio DESC, INV.fecha DESC """"""         try:             result = execute_sql_query(                 server['host'], server['port'], server['database'],                 server['username'], server['password'], query             )             logging.info(f""[COMPRAS-HIBRIDO] ✅ SoftRestaurant LIVE: {len(result)} inventarios"")             return [{""folio"": str(r['folio']), ""fecha"": str(r['fecha']),                       ""almacen"": r['almacen'] or 'Sin almacén', ""almacen_id"": str(r.get('almacen_id', '')),                      ""comentario"": '', ""productos"": 0, ""source"": ""LIVE""} for r in result]         except Exception as e: "
"/app/backend/server.py","7409","execute_sql_query","","LEFT JOIN Proveedor P ON P.Pv_Cve_Proveedor = OC.Pv_Cve_Proveedor WHERE {sucursal_filtro}     AND OC.Es_Cve_Estado IN ('PXA', 'AC', 'RCT')     AND OC.Oc_Fecha >= DATEADD(day, -30, GETDATE()) GROUP BY OC.Oc_Folio, OC.Oc_Fecha, OC.Oc_Comentario, OC.Es_Cve_Estado, P.Pv_Descripcion ORDER BY OC.Oc_Fecha DESC """"""         try:             result = execute_sql_query(                 server['host'], server['port'], server['database'],                 server['username'], server['password'], query, timeout=30             )             logging.info(f""[COMPRAS-HIBRIDO] ✅ MPRO LIVE: {len(result)} requisiciones"")             return [{""tipo"": r['tipo'], ""folio"": r['folio'], ""fecha"": str(r['fecha']),                       ""comentario"": r['comentario'] or '', ""estado"": r['estado'],                      ""comprador"": r['proveedor'] or '', ""productos"": r['total_productos'],                      ""importe"": float(r['importe_total'] or 0), ""source"": ""LIVE""} for r in result] "
"/app/backend/server.py","7442","execute_sql_query","","LEFT JOIN proveedores PR ON PR.idproveedor = OC.idproveedor LEFT JOIN ordenescompramov OCM ON OCM.idordencompra = OC.idordencompra WHERE OC.aplicada = 0 AND OC.cancelado = 0     AND OC.fechacaptura >= DATEADD(day, -30, GETDATE()) GROUP BY OC.folio, OC.fechacaptura, OC.aplicada, PR.nombre, OC.total ORDER BY OC.fechacaptura DESC """"""         try:             result = execute_sql_query(                 server['host'], server['port'], server['database'],                 server['username'], server['password'], query             )             logging.info(f""[COMPRAS-HIBRIDO] ✅ SoftRestaurant LIVE: {len(result)} requisiciones"")             return [{""tipo"": r['tipo'], ""folio"": str(r['folio']), ""fecha"": str(r['fecha']),                       ""comentario"": r['comentario'] or '', ""estado"": r['estado'],                      ""comprador"": r['proveedor'] or '', ""productos"": r['total_productos'],                      ""importe"": float(r['importe_total'] or 0), ""source"": ""LIVE""} for r in result] "
"/app/backend/server.py","7475","execute_sql_query","@api_router.get(""/compras/detalle-pedido-manual/{server_id}"")","SELECT 'REQUI' as tipo, RCD.Pr_Cve_Producto as codigo, P.Pr_Descripcion as producto,        RCD.Rc_Cantidad as cantidad, RCD.Rc_Costo as costo,        RC.Rc_Comentario as comentario FROM Requisicion_Compra_Detalle RCD INNER JOIN Producto P ON P.Pr_Cve_Producto = RCD.Pr_Cve_Producto INNER JOIN Requisicion_Compra RC ON RC.Rc_Folio = RCD.Rc_Folio WHERE RCD.Rc_Folio = '{folio}' """"""         result = execute_sql_query(             server['host'], server['port'], server['database'],             server['username'], server['password'], query         )         if result:             return {""folio"": folio, ""tipo"": result[0]['tipo'], ""comentario"": result[0].get('comentario', ''), ""detalle"": [                 {""codigo"": r['codigo'], ""producto"": r['producto'], ""cantidad"": float(r['cantidad'] or 0), ""costo"": float(r['costo'] or 0)}                 for r in result             ]} "
"/app/backend/server.py","7499","execute_sql_query","","WHERE PDD.Pd_Folio = '{folio}' UNION ALL SELECT 'ORDEN' as tipo, OCD.Pr_Cve_Producto as codigo, P.Pr_Descripcion as producto,        OCD.Oc_Cantidad as cantidad, OCD.Oc_Costo as costo FROM Orden_Compra_Detalle OCD INNER JOIN Producto P ON P.Pr_Cve_Producto = OCD.Pr_Cve_Producto WHERE OCD.Oc_Folio = '{folio}' """"""         result = execute_sql_query(             server['host'], server['port'], server['database'],             server['username'], server['password'], query_legacy         )         if not result:             raise HTTPException(status_code=404, detail=f""No se encontró el folio '{folio}'"")         return {""folio"": folio, ""tipo"": result[0]['tipo'], ""comentario"": '', ""detalle"": [             {""codigo"": r['codigo'], ""producto"": r['producto'], ""cantidad"": float(r['cantidad'] or 0), ""costo"": float(r['costo'] or 0)}             for r in result "
"/app/backend/server.py","7540","execute_sql_query","@api_router.get(""/compras/detalle-movimientos/{server_id}"")","INNER JOIN Tipo_Movimiento TM ON TM.Tm_Cve_Tipo_Movimiento = E.Tm_Cve_Tipo_Movimiento INNER JOIN Almacen A ON A.Al_Cve_Almacen = E.Al_Cve_Almacen WHERE E.Pr_Cve_Producto = '{codigo_producto}'     AND E.Al_Cve_Almacen IN ({almacen_codigos_str})     AND E.Es_Cve_Estado <> 'CA'     AND E.Mv_Fecha BETWEEN '{fecha_ini}' AND '{fecha_fin} 23:59:59' ORDER BY E.Mv_Fecha """"""         result = execute_sql_query(             server['host'], server['port'], server['database'],             server['username'], server['password'], query         )         return [{""fecha"": str(r['fecha']), ""documento"": r['documento'], ""tipo"": r['tipo_movimiento'],                  ""entrada_salida"": r['tipo'], ""cantidad"": float(r['cantidad'] or 0), ""almacen"": r['almacen']} for r in result]          return []  "
"/app/backend/server.py","7574","execute_sql_query","@api_router.get(""/compras/detalle-consumos/{server_id}"")","INNER JOIN Producto_Kit PK ON PK.Pr_Cve_Producto = V.Pr_Cve_Producto INNER JOIN Producto P_VENTA ON P_VENTA.Pr_Cve_Producto = V.Pr_Cve_Producto WHERE PK.Pk_Producto = '{codigo_producto}'     AND V.Sc_Cve_Sucursal = '{sucursal_codigo}'     AND V.Es_Cve_Estado <> 'CA'     AND V.Vn_Fecha BETWEEN '{fecha_ini}' AND '{fecha_fin} 23:59:59' ORDER BY V.Vn_Fecha """"""         result = execute_sql_query(             server['host'], server['port'], server['database'],             server['username'], server['password'], query         )         return [{""fecha"": str(r['fecha']), ""documento"": r['documento'], ""producto_vendido"": r['producto_vendido'],                  ""cantidad_receta"": float(r['cantidad_receta'] or 0), ""cantidad_vendida"": float(r['cantidad_vendida'] or 0),                  ""consumo"": float(r['consumo_insumo'] or 0)} for r in result]          return [] "
"/app/backend/server.py","7625","execute_sql_query","","    P.Pr_Descripcion as producto,     OCD.Oc_Cantidad as cantidad,     OCD.Oc_Costo as costo,     OCD.Oc_Importe as importe FROM Orden_Compra_Detalle OCD INNER JOIN Producto P ON P.Pr_Cve_Producto = OCD.Pr_Cve_Producto WHERE OCD.Oc_Folio = '{folio}' """"""         result = execute_sql_query(             server['host'], server['port'], server['database'],             server['username'], server['password'], query         )         return {r['codigo']: {""cantidad"": float(r['cantidad'] or 0), ""costo"": float(r['costo'] or 0)} for r in result}  @api_router.post(""/compras/calculo-pedido"") async def calcular_pedido_sugerido(request: CalculoPedidoRequest, credentials: HTTPAuthorizationCredentials = Depends(security)):     """""" "
"/app/backend/server.py","7705","execute_sql_query","","            almacen_likes = "" OR "".join([f""A.Al_Descripcion LIKE '%{_escape_like_pattern(a)}%'"" for a in almacenes])             almacen_query = f"""""" SELECT A.Al_Cve_Almacen as codigo, A.Al_Descripcion as nombre, A.Sc_Cve_Sucursal as sucursal_codigo FROM Almacen A INNER JOIN Sucursal S ON S.Sc_Cve_Sucursal = A.Sc_Cve_Sucursal WHERE S.Sc_Descripcion LIKE '%{sucursal_safe}%' AND ({almacen_likes}) AND A.Es_Cve_Estado <> 'BA'{almacen_rbac_filter} """"""                  almacen_result = execute_sql_query(             server['host'], server['port'], server['database'],             server['username'], server['password'], almacen_query         )         if not almacen_result:             raise HTTPException(status_code=404, detail=f""No se encontraron almacenes para sucursal '{sucursal}'"")                  almacen_codigos = [a['codigo'] for a in almacen_result]         almacen_nombres = [a['nombre'] for a in almacen_result] "
"/app/backend/server.py","7745","execute_sql_query","","            tiene_inventario_fisico = True         else:             # Buscar el más reciente             inv_query = f"""""" SELECT TOP 1 Fi_Folio as folio, Fi_Fecha as fecha FROM Fisico WHERE Al_Cve_Almacen IN ({almacen_codigos_str}) ORDER BY Fi_Fecha DESC """"""             inv_result = execute_sql_query(                 server['host'], server['port'], server['database'],                 server['username'], server['password'], inv_query             )             tiene_inventario_fisico = len(inv_result) > 0             folio_inventario = inv_result[0]['folio'] if tiene_inventario_fisico else None             fecha_inventario = inv_result[0]['fecha'] if tiene_inventario_fisico else None                  logging.info(f""[COMPRAS] Inventario físico: folio={folio_inventario}, fecha={fecha_inventario}"") "
"/app/backend/server.py","7788","execute_sql_query","","    AND (         (P.Dp_Cve_Departamento = '0007' AND ICP.Pr_Cve_Producto IS NOT NULL)         OR         (P.Dp_Cve_Departamento <> '0007' AND PCP.Pr_Cve_Producto IS NULL)     )     {filtro_categorias}     {filtro_familias} """"""         productos = execute_sql_query(             server['host'], server['port'], server['database'],             server['username'], server['password'], productos_query         )         logging.info(f""[COMPRAS] Productos obtenidos: {len(productos)}"")                  # 2. Obtener inventario físico         inventario_dict = {}         if tiene_inventario_fisico: "
"/app/backend/server.py","7803","execute_sql_query","","        inventario_dict = {}         if tiene_inventario_fisico:             inv_detalle_query = f"""""" SELECT Pr_Cve_Producto as Codigo, SUM(Fi_Cantidad_Control_1) as Cantidad FROM Fisico WHERE Al_Cve_Almacen IN ({almacen_codigos_str}) AND Fi_Folio = '{folio_inventario}' GROUP BY Pr_Cve_Producto """"""             inv_detalle = execute_sql_query(                 server['host'], server['port'], server['database'],                 server['username'], server['password'], inv_detalle_query             )             inventario_dict = {i['Codigo']: float(i['Cantidad'] or 0) for i in inv_detalle}             logging.info(f""[COMPRAS] Inventario físico: {len(inventario_dict)} productos"")                  # 3. Obtener movimientos (entradas = compras) del período         # Usa la misma lógica de fechas del reporte de inventarios: desde fecha_inv + 1 "
"/app/backend/server.py","7831","execute_sql_query","","                 ELSE (SELECT TOP 1 C.Co_Fecha FROM Conversion_Producto CN                        INNER JOIN COMPRA C ON C.Co_Folio = CN.Cp_Documento AND C.Pr_Cve_Producto = CN.Pr_Cve_Producto                        WHERE CN.Cp_Folio = E.Mv_Documento) END             ELSE E.Mv_Fecha         END     ) BETWEEN '{fecha_mov_ini}' AND '{fecha_fin} 23:59:59' GROUP BY E.Pr_Cve_Producto """"""         mov_result = execute_sql_query(             server['host'], server['port'], server['database'],             server['username'], server['password'], movimientos_query         )         movimientos_dict = {m['Codigo']: float(m['Total_Mov'] or 0) for m in mov_result}         logging.info(f""[COMPRAS] Movimientos obtenidos: {len(movimientos_dict)} productos"")                  # 4. Obtener consumos/ventas del período - MISMA LÓGICA DEL REPORTE         consumos_dict = {} "
"/app/backend/server.py","7865","execute_sql_query","","    INNER JOIN producto ON producto.Pr_Cve_Producto = venta.Pr_Cve_Producto      WHERE venta.Sc_Cve_Sucursal = '{sucursal_codigo}'         AND venta.Es_Cve_Estado <> 'CA'         AND venta.Vn_Fecha BETWEEN '{fecha_mov_ini}' AND '{fecha_fin} 23:59:59'     GROUP BY venta.Pr_Cve_Producto ) AS ConsumosCombinados GROUP BY Producto_Codigo """"""             ventas_result = execute_sql_query(                 server['host'], server['port'], server['database'],                 server['username'], server['password'], ventas_query             )             consumos_dict = {v['Producto_Codigo']: float(v['Total_Consumo'] or 0) for v in ventas_result}             logging.info(f""[COMPRAS] Consumos obtenidos: {len(consumos_dict)} productos"")         else:             # Para bodegas: salidas como consumo             salidas_query = f"""""" "
"/app/backend/server.py","7881","execute_sql_query","","            salidas_query = f"""""" SELECT M.Pr_Cve_Producto as Codigo, SUM(ABS(M.Mv_Cantidad_Control_1)) as Total FROM Movimiento M INNER JOIN Tipo_Movimiento TM ON TM.Tm_Cve_Tipo_Movimiento = M.Tm_Cve_Tipo_Movimiento WHERE M.Al_Cve_Almacen IN ({almacen_codigos_str}) AND TM.Tm_Tipo = 'S'     AND M.Mv_Fecha BETWEEN '{fecha_mov_ini}' AND '{fecha_fin} 23:59:59' GROUP BY M.Pr_Cve_Producto """"""             salidas_result = execute_sql_query(                 server['host'], server['port'], server['database'],                 server['username'], server['password'], salidas_query             )             consumos_dict = {s['Codigo']: float(s['Total'] or 0) for s in salidas_result}             logging.info(f""[COMPRAS] Salidas (bodega): {len(consumos_dict)} productos"")                  # 5. Obtener inventario físico FINAL (si existe folio en fecha_fin)         inv_final_dict = {} "
"/app/backend/server.py","7899","execute_sql_query","","        fecha_inv_final = None         inv_final_query = f"""""" SELECT TOP 1 Fi_Folio as folio, Fi_Fecha as fecha FROM Fisico  WHERE Al_Cve_Almacen IN ({almacen_codigos_str})     AND CONVERT(date, Fi_Fecha) = CONVERT(date, '{fecha_fin}') ORDER BY Fi_Fecha DESC """"""         inv_final_result = execute_sql_query(             server['host'], server['port'], server['database'],             server['username'], server['password'], inv_final_query         )         if inv_final_result:             folio_inv_final = inv_final_result[0]['folio']             fecha_inv_final = inv_final_result[0]['fecha']             # Obtener detalle del inventario final             inv_final_detalle_query = f"""""" "
"/app/backend/server.py","7913","execute_sql_query","","            fecha_inv_final = inv_final_result[0]['fecha']             # Obtener detalle del inventario final             inv_final_detalle_query = f"""""" SELECT Pr_Cve_Producto as Codigo, SUM(Fi_Cantidad_Control_1) as Cantidad FROM Fisico WHERE Al_Cve_Almacen IN ({almacen_codigos_str}) AND Fi_Folio = '{folio_inv_final}' GROUP BY Pr_Cve_Producto """"""             inv_final_detalle = execute_sql_query(                 server['host'], server['port'], server['database'],                 server['username'], server['password'], inv_final_detalle_query             )             inv_final_dict = {i['Codigo']: float(i['Cantidad'] or 0) for i in inv_final_detalle}             logging.info(f""[COMPRAS] Inventario FINAL encontrado: folio={folio_inv_final}, {len(inv_final_dict)} productos"")         else:             logging.info(f""[COMPRAS] No hay inventario físico en fecha fin {fecha_fin}"")          "
"/app/backend/server.py","7931","execute_sql_query","","        pedido_existente = {}         productos_pedido = set()  # Para filtrar 1:1         if request.folio_pedido_comparar:             # Buscar primero en REQUISICION_COMPRA_DETALLE             ped_query = f"""""" SELECT RCD.Pr_Cve_Producto as codigo, RCD.Rc_Cantidad as cantidad FROM Requisicion_Compra_Detalle RCD WHERE RCD.Rc_Folio = '{request.folio_pedido_comparar}' """"""             ped_result = execute_sql_query(                 server['host'], server['port'], server['database'],                 server['username'], server['password'], ped_query             )                          # Si no encuentra en requisición, buscar en pedido/orden (legacy)             if not ped_result:                 ped_query_legacy = f"""""" SELECT PDD.Pr_Cve_Producto as codigo, PDD.Pd_Cantidad as cantidad "
"/app/backend/server.py","7945","execute_sql_query","","            if not ped_result:                 ped_query_legacy = f"""""" SELECT PDD.Pr_Cve_Producto as codigo, PDD.Pd_Cantidad as cantidad FROM Pedido_Detalle PDD WHERE PDD.Pd_Folio = '{request.folio_pedido_comparar}' UNION ALL SELECT OCD.Pr_Cve_Producto as codigo, OCD.Oc_Cantidad as cantidad FROM Orden_Compra_Detalle OCD WHERE OCD.Oc_Folio = '{request.folio_pedido_comparar}' """"""                 ped_result = execute_sql_query(                     server['host'], server['port'], server['database'],                     server['username'], server['password'], ped_query_legacy                 )                          pedido_existente = {p['codigo']: float(p['cantidad'] or 0) for p in ped_result}             productos_pedido = set(pedido_existente.keys())             logging.info(f""[COMPRAS] Pedido a comparar: {len(pedido_existente)} productos"")          "
"/app/backend/server.py","8175","execute_sql_query","@api_router.post(""/compras/productos-para-captura"")","    )) as codigo,     COALESCE(I.descripcion, IP.descripcion, 'Sin descripción') as producto,     ISNULL(IP.rendimiento, 1) as rendimiento FROM invfisicomovtos INM LEFT JOIN insumospresentaciones IP ON IP.idinsumospresentaciones = RTRIM(INM.idpresentacion) LEFT JOIN insumos I ON I.idinsumo = COALESCE(NULLIF(RTRIM(IP.idinsumo), ''), NULLIF(RTRIM(INM.idinsumo), '')) WHERE INM.folio = {folio} """"""                     result = execute_sql_query(                         server['host'], server['port'], server['database'],                         server['username'], server['password'], query                     )                     for r in result:                         codigo = str(r['codigo'] or '').strip()                         if codigo and codigo not in productos:                             productos[codigo] = {                                 'codigo': codigo, "
"/app/backend/server.py","8202","execute_sql_query","","    COALESCE(I.descripcion, IP.descripcion, 'Sin descripción') as producto,     ISNULL(IP.rendimiento, 1) as rendimiento FROM ordenescompramov OCM INNER JOIN ordenescompra OC ON OC.idordencompra = OCM.idordencompra LEFT JOIN insumos I ON I.idinsumo = OCM.idinsumo LEFT JOIN insumospresentaciones IP ON IP.idinsumospresentaciones = OCM.idinsumo WHERE OC.folio IN ({folios_sql}) """"""                 result = execute_sql_query(                     server['host'], server['port'], server['database'],                     server['username'], server['password'], query_requi                 )                 for r in result:                     codigo = str(r['codigo'] or '').strip()                     if codigo and codigo not in productos:                         productos[codigo] = {                             'codigo': codigo, "
"/app/backend/server.py","8228","execute_sql_query","","SELECT      P.Pr_Clave as codigo,     P.Pr_Descripcion as producto,     1 as rendimiento FROM Fi_Detalle D INNER JOIN Producto P ON P.Pr_Clave = D.Fi_Producto WHERE D.Fi_Folio = '{folio}' """"""                     result = execute_sql_query(                         server['host'], server['port'], server['database'],                         server['username'], server['password'], query                     )                     for r in result:                         codigo = str(r['codigo'] or '').strip()                         if codigo and codigo not in productos:                             productos[codigo] = {                                 'codigo': codigo, "
"/app/backend/server.py","8257","execute_sql_query","","    OC.Pr_Cve_Producto as codigo,     P.Pr_Descripcion as producto,     1 as rendimiento FROM Orden_Compra OC INNER JOIN Producto P ON P.Pr_Cve_Producto = OC.Pr_Cve_Producto WHERE OC.Oc_Folio IN ({folios_sql}) """"""                 try:                     result = execute_sql_query(                         server['host'], server['port'], server['database'],                         server['username'], server['password'], query_oc_direct                     )                     for r in result:                         codigo = str(r['codigo'] or '').strip()                         if codigo and codigo not in productos:                             productos[codigo] = {                                 'codigo': codigo, "
"/app/backend/server.py","8284","execute_sql_query","","    OCD.Pr_Cve_Producto as codigo,     P.Pr_Descripcion as producto,     1 as rendimiento FROM Orden_Compra_Detalle OCD INNER JOIN Producto P ON P.Pr_Cve_Producto = OCD.Pr_Cve_Producto WHERE OCD.Oc_Folio IN ({folios_sql}) """"""                     try:                         result = execute_sql_query(                             server['host'], server['port'], server['database'],                             server['username'], server['password'], query_oc_detail                         )                         for r in result:                             codigo = str(r['codigo'] or '').strip()                             if codigo and codigo not in productos:                                 productos[codigo] = {                                     'codigo': codigo, "
"/app/backend/server.py","8311","execute_sql_query","","    RCD.Pr_Cve_Producto as codigo,     P.Pr_Descripcion as producto,     1 as rendimiento FROM Requisicion_Compra_Detalle RCD INNER JOIN Producto P ON P.Pr_Cve_Producto = RCD.Pr_Cve_Producto WHERE RCD.Rc_Folio IN ({folios_sql}) """"""                     try:                         result = execute_sql_query(                             server['host'], server['port'], server['database'],                             server['username'], server['password'], query_requi                         )                         for r in result:                             codigo = str(r['codigo'] or '').strip()                             if codigo and codigo not in productos:                                 productos[codigo] = {                                     'codigo': codigo, "
"/app/backend/server.py","8367","execute_sql_query","@api_router.post(""/compras/auditoria-operativa"")","    if not server or not server.get('active', True):         raise HTTPException(status_code=404, detail=""Servidor no encontrado"")          # Probar conexión primero     import time     max_retries = 3     for attempt in range(max_retries):         try:             test_result = execute_sql_query(                 server['host'], server['port'], server['database'],                 server['username'], server['password'],                 ""SELECT 1 as test""             )             if test_result:                 logging.info(f""[AUDITORIA] Conexión verificada en intento {attempt + 1}"")                 break         except Exception as e: "
"/app/backend/server.py","8411","execute_sql_query","","            # tipo=1: Consumo (INSUMOS) - Barra, Cava, Producción             # tipo=2: Bodega (PRESENTACIONES) - Bodega, Congelador             almacenes_str = "", "".join([f""'{a}'"" for a in request.almacenes])             query_tipos_alm = f"""""" SELECT idalmacen, nombre, ISNULL(tipo, 1) as tipo FROM almacen WHERE nombre IN ({almacenes_str}) OR idalmacen IN ({almacenes_str}) """"""             tipos_alm_result = execute_sql_query(                 server['host'], server['port'], server['database'],                 server['username'], server['password'], query_tipos_alm             )                          almacenes_bodega = [a['idalmacen'] for a in tipos_alm_result if a['tipo'] == 2]             almacenes_consumo = [a['idalmacen'] for a in tipos_alm_result if a['tipo'] == 1]                          es_solo_bodega = len(almacenes_bodega) > 0 and len(almacenes_consumo) == 0 "
"/app/backend/server.py","8459","execute_sql_query","","LEFT JOIN insumos I ON I.idinsumo = OCM.idinsumo LEFT JOIN insumosdetalle ID ON ID.idinsumo = OCM.idinsumo LEFT JOIN insumospresentaciones IP ON IP.idinsumospresentaciones = OCM.idinsumo LEFT JOIN insumospresentacionesdetalle IPD ON IPD.idinsumospresentaciones = OCM.idinsumo LEFT JOIN proveedores P ON P.idproveedor = OC.idproveedor WHERE OC.folio IN ({folios_sql}) ORDER BY P.nombre, OC.folio, OCM.idinsumo """"""                 requi_result = execute_sql_query(                     server['host'], server['port'], server['database'],                     server['username'], server['password'], query_requi                 )                 for r in requi_result:                     codigo = str(r['codigo']).strip()                     skus_requisicion.add(codigo)                                          # Guardar en lista para mantener orden por proveedor-pedido "
"/app/backend/server.py","8518","execute_sql_query","","                for folio_inv in folios_iniciales:                     # Determinar el tipo de almacén de este inventario específico                     query_tipo_alm = f"""""" SELECT A.tipo, A.nombre, INV.idalmacen1 FROM invfisico INV LEFT JOIN almacen A ON A.idalmacen = INV.idalmacen1 WHERE INV.folio = {folio_inv} """"""                     tipo_result = execute_sql_query(                         server['host'], server['port'], server['database'],                         server['username'], server['password'], query_tipo_alm                     )                                          # tipo=1: Consumo (insumos), tipo=2: Bodega (presentaciones)                     tipo_almacen = tipo_result[0]['tipo'] if tipo_result else 1                     es_bodega = tipo_almacen == 2                      "
"/app/backend/server.py","8551","execute_sql_query","","    ISNULL(IP.rendimiento, 1) as rendimiento FROM invfisicomovtos INM LEFT JOIN insumospresentaciones IP ON IP.idinsumospresentaciones = RTRIM(INM.idpresentacion) LEFT JOIN insumos I ON I.idinsumo = COALESCE(NULLIF(RTRIM(IP.idinsumo), ''), NULLIF(RTRIM(INM.idinsumo), '')) LEFT JOIN insumosdetalle ID ON ID.idinsumo = COALESCE(NULLIF(RTRIM(IP.idinsumo), ''), NULLIF(RTRIM(INM.idinsumo), '')) LEFT JOIN insumospresentacionesdetalle IPD ON IPD.idinsumospresentaciones = RTRIM(INM.idpresentacion) WHERE INM.folio = {folio_inv} """"""                     result_ini = execute_sql_query(                         server['host'], server['port'], server['database'],                         server['username'], server['password'], query_inv_ini                     )                                          for r in result_ini:                         codigo = str(r['codigo_insumo'] or r['codigo_presentacion'] or '').strip()                         if not codigo:                             continue "
"/app/backend/server.py","8626","execute_sql_query","","    SUM(M.cantidad * ISNULL(IP.rendimiento, 1)) as cantidad FROM movtosalmacen M LEFT JOIN insumospresentaciones IP ON IP.idinsumospresentaciones = RTRIM(M.idinsumospresentaciones) WHERE M.idconcepto IN ({"", "".join([f""'{t}'"" for t in tipos_entrada_compra])})     AND M.fecha >= '{fecha_ini_sql}'     AND M.fecha <= '{fecha_fin_sql} 23:59:59' GROUP BY COALESCE(NULLIF(RTRIM(IP.idinsumo), ''), RTRIM(M.idinsumospresentaciones)) """"""                     mov_result = execute_sql_query(                         server['host'], server['port'], server['database'],                         server['username'], server['password'], query_mov                     )                     for m in mov_result:                         codigo = str(m['codigo']).strip()                         movimientos_dict[codigo] = movimientos_dict.get(codigo, 0) + float(m['cantidad'] or 0)                          elif es_solo_consumo: "
"/app/backend/server.py","8646","execute_sql_query","","                    query_entrada = f"""""" SELECT RTRIM(M.idinsumo) as codigo, SUM(M.cantidad) as cantidad FROM movsinv M WHERE M.idconcepto IN ({"", "".join([f""'{t}'"" for t in tipos_entrada_traspaso])})     AND M.fecha >= '{fecha_ini_sql}'     AND M.fecha <= '{fecha_fin_sql} 23:59:59' GROUP BY RTRIM(M.idinsumo) """"""                     entrada_result = execute_sql_query(                         server['host'], server['port'], server['database'],                         server['username'], server['password'], query_entrada                     )                     for e in entrada_result:                         codigo = str(e['codigo']).strip()                         movimientos_dict[codigo] = movimientos_dict.get(codigo, 0) + float(e['cantidad'] or 0)                                  # Salidas por traspaso (restar) "
"/app/backend/server.py","8664","execute_sql_query","","                    query_salida = f"""""" SELECT RTRIM(M.idinsumo) as codigo, SUM(M.cantidad) as cantidad FROM movsinv M WHERE M.idconcepto IN ({"", "".join([f""'{t}'"" for t in tipos_salida_traspaso])})     AND M.fecha >= '{fecha_ini_sql}'     AND M.fecha <= '{fecha_fin_sql} 23:59:59' GROUP BY RTRIM(M.idinsumo) """"""                     salida_result = execute_sql_query(                         server['host'], server['port'], server['database'],                         server['username'], server['password'], query_salida                     )                     for s in salida_result:                         codigo = str(s['codigo']).strip()                         # Las salidas restan                         movimientos_dict[codigo] = movimientos_dict.get(codigo, 0) - float(s['cantidad'] or 0)              "
"/app/backend/server.py","8688","execute_sql_query","","    SUM(M.cantidad * ISNULL(IP.rendimiento, 1)) as cantidad FROM movtosalmacen M LEFT JOIN insumospresentaciones IP ON IP.idinsumospresentaciones = RTRIM(M.idinsumospresentaciones) WHERE M.idconcepto IN ({"", "".join([f""'{t}'"" for t in tipos_entrada_compra])})     AND M.fecha >= '{fecha_ini_sql}'     AND M.fecha <= '{fecha_fin_sql} 23:59:59' GROUP BY COALESCE(NULLIF(RTRIM(IP.idinsumo), ''), RTRIM(M.idinsumospresentaciones)) """"""                     mov_result = execute_sql_query(                         server['host'], server['port'], server['database'],                         server['username'], server['password'], query_mov                     )                     for m in mov_result:                         codigo = str(m['codigo']).strip()                         movimientos_dict[codigo] = movimientos_dict.get(codigo, 0) + float(m['cantidad'] or 0)                          logging.info(f""[AUDITORIA] Movimientos encontrados: {len(movimientos_dict)}"") "
"/app/backend/server.py","8720","execute_sql_query","","    SUM(M.cantidad * ISNULL(IP.rendimiento, 1)) as cantidad FROM movtosalmacen M LEFT JOIN insumospresentaciones IP ON IP.idinsumospresentaciones = RTRIM(M.idinsumospresentaciones) WHERE M.idconcepto IN ({"", "".join([f""'{t}'"" for t in tipos_salida_traspaso])})     AND M.fecha >= '{fecha_ini_sql}'     AND M.fecha <= '{fecha_fin_sql} 23:59:59' GROUP BY COALESCE(NULLIF(RTRIM(IP.idinsumo), ''), RTRIM(M.idinsumospresentaciones)) """"""                     salidas_result = execute_sql_query(                         server['host'], server['port'], server['database'],                         server['username'], server['password'], query_salidas                     )                     for s in salidas_result:                         codigo = str(s['codigo']).strip()                         consumos_dict[codigo] = float(s['cantidad'] or 0)             else:                 # Para consumo o mixto, las salidas son ventas "
"/app/backend/server.py","8740","execute_sql_query","","INNER JOIN cheques CH ON CH.folio = CD.foliodet INNER JOIN turnos T ON T.idturno = CH.idturno INNER JOIN costos C ON C.idproducto = CD.idproducto WHERE T.apertura >= '{fecha_ini_sql}'     AND T.apertura <= '{fecha_fin_sql} 23:59:59'     AND CH.cancelado = 0 GROUP BY C.idinsumo """"""                 consumos_result = execute_sql_query(                     server['host'], server['port'], server['database'],                     server['username'], server['password'], query_consumos                 )                 for c in consumos_result:                     codigo = str(c['codigo']).strip()                     consumos_dict[codigo] = float(c['consumo'] or 0)                          logging.info(f""[AUDITORIA] Consumos/Salidas encontradas: {len(consumos_dict)}"") "
"/app/backend/server.py","8777","execute_sql_query","","                    for folio_inv in folios_finales:                         # Determinar el tipo de almacén de este inventario específico                         query_tipo_alm = f"""""" SELECT A.tipo, A.nombre, INV.idalmacen1 FROM invfisico INV LEFT JOIN almacen A ON A.idalmacen = INV.idalmacen1 WHERE INV.folio = {folio_inv} """"""                         tipo_result = execute_sql_query(                             server['host'], server['port'], server['database'],                             server['username'], server['password'], query_tipo_alm                         )                                                  tipo_almacen = tipo_result[0]['tipo'] if tipo_result else 1                         es_bodega = tipo_almacen == 2                                                  logging.info(f""[AUDITORIA] Procesando inv final folio={folio_inv}, tipo_almacen={tipo_almacen}, es_bodega={es_bodega}"") "
"/app/backend/server.py","8807","execute_sql_query","","    ISNULL(IP.rendimiento, 1) as rendimiento FROM invfisicomovtos INM LEFT JOIN insumospresentaciones IP ON IP.idinsumospresentaciones = RTRIM(INM.idpresentacion) LEFT JOIN insumos I ON I.idinsumo = COALESCE(NULLIF(RTRIM(IP.idinsumo), ''), NULLIF(RTRIM(INM.idinsumo), '')) LEFT JOIN insumosdetalle ID ON ID.idinsumo = COALESCE(NULLIF(RTRIM(IP.idinsumo), ''), NULLIF(RTRIM(INM.idinsumo), '')) LEFT JOIN insumospresentacionesdetalle IPD ON IPD.idinsumospresentaciones = RTRIM(INM.idpresentacion) WHERE INM.folio = {folio_inv} """"""                         result_fin = execute_sql_query(                             server['host'], server['port'], server['database'],                             server['username'], server['password'], query_inv_fin                         )                                                  for r in result_fin:                             codigo = str(r['codigo_insumo'] or r['codigo_presentacion'] or '').strip()                             if not codigo:                                 continue "
"/app/backend/server.py","9387","execute_sql_query","","    OR RTRIM(LTRIM(M.idinsumospresentaciones)) = '{codigo_sin_prefijo}')     AND M.fecha >= '{fecha_ini}'     AND M.fecha <= '{fecha_fin} 23:59:59'     {filtro_almacenes_movtos} ORDER BY M.fecha DESC """"""                 print(""Ejecutando query_pres..."")                 logging.info(f""[DETALLE_MOV] Query presentaciones: {query_pres[:200]}..."")                 result_pres = execute_sql_query(                     server['host'], server['port'], server['database'],                     server['username'], server['password'], query_pres                 )                 print(f""Resultados query_pres: {len(result_pres)} registros"")                 logging.info(f""[DETALLE_MOV] Resultados presentaciones: {len(result_pres)}"")                                  for m in result_pres:                     cantidad = float(m.get('cantidad', 0) or 0) "
"/app/backend/server.py","9435","execute_sql_query","","    OR RTRIM(LTRIM(M.idinsumo)) = '{codigo_sin_prefijo}')     AND M.fecha >= '{fecha_ini}'     AND M.fecha <= '{fecha_fin} 23:59:59'     {filtro_almacenes_movsinv} ORDER BY M.fecha DESC """"""                 print(""Ejecutando query_ins..."")                 logging.info(f""[DETALLE_MOV] Query insumos: {query_ins[:200]}..."")                 result_ins = execute_sql_query(                     server['host'], server['port'], server['database'],                     server['username'], server['password'], query_ins                 )                 print(f""Resultados query_ins: {len(result_ins)} registros"")                 logging.info(f""[DETALLE_MOV] Resultados insumos: {len(result_ins)}"")                                  for m in result_ins:                     cantidad = float(m.get('cantidad', 0) or 0) "
"/app/backend/server.py","9567","execute_sql_query","","LEFT JOIN almacen A ON A.idalmacen = R.idalmacen WHERE (RTRIM(LTRIM(R.idinsumo)) = '{codigo_limpio}' OR RTRIM(LTRIM(R.idinsumo)) = '{codigo_sin_prefijo}')     AND C.fecha >= '{fecha_ini}'     AND C.fecha <= '{fecha_fin} 23:59:59'     AND C.statusfactura <> 'CA' ORDER BY C.fecha DESC """"""             logging.info(f""[DETALLE_CONSUMOS] Query: {query_ventas[:200]}..."")             result_ventas = execute_sql_query(                 server['host'], server['port'], server['database'],                 server['username'], server['password'], query_ventas             )             logging.info(f""[DETALLE_CONSUMOS] Resultados: {len(result_ventas)}"")                          for r in result_ventas:                 consumo = float(r.get('consumo_total', 0) or 0)                 consumos.append({ "
"/app/backend/server.py","9734","execute_sql_query","","FROM Compra_Encabezado Co WHERE Co.Co_Fecha >= '{fecha_inicio}'     AND Co.Co_Fecha < '{fecha_fin}'     AND ISNULL(Co.Es_Cve_Estado, '') <> 'CA'     AND Co.Sc_Cve_Sucursal = '{sucursal_codigo}' """"""             logging.info(f""[COMPRAS_DASHBOARD_MPRO] Sucursal={sucursal_codigo}, Período={fecha_inicio} a {fecha_fin}"")                          result_compras = execute_sql_query(                 server['host'], server['port'], server['database'],                 server['username'], server['password'], query_compras             )                          # TAREA 7: Prohibir ceros silenciosos - verificar respuesta real             if not result_compras:                 logging.error(f""[COMPRAS_DASHBOARD_MPRO] COMPRAS_QUERY_ERROR: Sin respuesta para sucursal {sucursal_codigo}"")                 return { "
"/app/backend/server.py","9758","execute_sql_query","","            total_facturas = int(result_compras[0]['total_facturas'] or 0)                          # Requisiciones pendientes FILTRADO POR SUCURSAL EXACTA             query_req = f"""""" SELECT COUNT(*) as total FROM Requisicion_Compra RC WHERE RC.Es_Cve_Estado = 'PXA'      AND RC.Sc_Cve_Sucursal = '{sucursal_codigo}' """"""             result_req = execute_sql_query(                 server['host'], server['port'], server['database'],                 server['username'], server['password'], query_req             )             req_pendientes = result_req[0]['total'] if result_req else 0                          # Proveedores activos (con compras en últimos 90 días) FILTRADO POR SUCURSAL EXACTA             query_prov = f"""""" SELECT COUNT(DISTINCT Co.Pv_Cve_Proveedor) as total "
"/app/backend/server.py","9773","execute_sql_query","","            query_prov = f"""""" SELECT COUNT(DISTINCT Co.Pv_Cve_Proveedor) as total FROM Compra_Encabezado Co WHERE Co.Co_Fecha >= DATEADD(day, -90, GETDATE())     AND Co.Pv_Cve_Proveedor IS NOT NULL     AND ISNULL(Co.Es_Cve_Estado, '') <> 'CA'     AND Co.Sc_Cve_Sucursal = '{sucursal_codigo}' """"""             result_prov = execute_sql_query(                 server['host'], server['port'], server['database'],                 server['username'], server['password'], query_prov             )             prov_activos = result_prov[0]['total'] if result_prov else 0                          # Top 5 proveedores usando Compra_Encabezado             query_top = f"""""" SELECT TOP 5  "
"/app/backend/server.py","9794","execute_sql_query","","LEFT JOIN Proveedor P ON P.Pv_Cve_Proveedor = Co.Pv_Cve_Proveedor WHERE Co.Co_Fecha >= '{fecha_inicio}'     AND Co.Co_Fecha < '{fecha_fin}'     AND ISNULL(Co.Es_Cve_Estado, '') <> 'CA'     AND Co.Sc_Cve_Sucursal = '{sucursal_codigo}' GROUP BY P.Pv_Nombre ORDER BY SUM(Co.Co_Precio_Neto_Importe) DESC """"""             result_top = execute_sql_query(                 server['host'], server['port'], server['database'],                 server['username'], server['password'], query_top             )             top_proveedores = [{""nombre"": r['nombre'], ""total"": float(r['total'] or 0)} for r in (result_top or [])]                          logging.info(f""[COMPRAS_DASHBOARD_MPRO] Resultado: {total_facturas} facturas, ${total_compras:,.2f}, {prov_activos} proveedores"")                          return { "
"/app/backend/server.py","9850","execute_sql_query","","SELECT      COUNT(DISTINCT c.idcompra) as Facturas,     ISNULL(SUM(c.total), 0) as Compra_Total FROM compras c WHERE ({anios_cond})     AND ({meses_cond})     AND ISNULL(c.cancelado, 0) = 0 """"""             result_compras = execute_sql_query(                 server['host'], server['port'], server['database'],                 server['username'], server['password'], query_compras             )                          # TAREA 7: Prohibir ceros silenciosos - usar estados específicos             if not result_compras:                 # Registrar el error con detalle para diagnóstico                 logging.error(f""[COMPRAS_DASHBOARD_SR] COMPRAS_QUERY_ERROR: Sin respuesta para {server.get('database')} (host={server.get('host')})"") "
"/app/backend/server.py","9888","execute_sql_query","","            fecha_90 = (datetime.now() - timedelta(days=90)).strftime('%Y-%m-%d')             query_prov = f"""""" SELECT COUNT(DISTINCT c.idproveedor) as total FROM compras c WHERE c.fechaaplicacion >= '{fecha_90}'   AND c.idproveedor IS NOT NULL   AND ISNULL(c.cancelado, 0) = 0 """"""             result_prov = execute_sql_query(                 server['host'], server['port'], server['database'],                 server['username'], server['password'], query_prov             )             prov_activos = result_prov[0]['total'] if result_prov else 0                          # Top proveedores usando tabla compras             query_top = f"""""" SELECT TOP 5  "
"/app/backend/server.py","9908","execute_sql_query","","FROM compras c LEFT JOIN proveedores p ON p.idproveedor = c.idproveedor WHERE ({anios_cond})     AND ({meses_cond})     AND ISNULL(c.cancelado, 0) = 0 GROUP BY p.nombre ORDER BY SUM(c.total) DESC """"""             result_top = execute_sql_query(                 server['host'], server['port'], server['database'],                 server['username'], server['password'], query_top             )             top_proveedores = [{""nombre"": r['nombre'], ""total"": float(r['total'] or 0)} for r in (result_top or [])]                          logging.info(f""[COMPRAS_DASHBOARD_SR] Resultado: {facturas} facturas, ${total_compras:,.2f}, {prov_activos} proveedores"")                          return { "
"/app/backend/server.py","9994","execute_sql_query","","WHERE TM.Tm_Tipo = 'E'     AND ({anios_cond})     AND ({meses_cond})     AND S.Sc_Descripcion LIKE '%{sucursal_safe}%'     AND ISNULL(M.Es_Cve_Estado, '') <> 'CA' GROUP BY P.Pv_Cve_Proveedor, P.Pv_Nombre, MONTH(M.Mv_Fecha), YEAR(M.Mv_Fecha) ORDER BY P.Pv_Nombre, YEAR(M.Mv_Fecha), MONTH(M.Mv_Fecha) """"""             result = execute_sql_query(                 server['host'], server['port'], server['database'],                 server['username'], server['password'], query             )                          # Pivot por proveedor y mes             proveedores = {}             for row in result:                 codigo = row['codigo'] "
"/app/backend/server.py","10045","execute_sql_query","","FROM compras c LEFT JOIN proveedores p ON p.idproveedor = c.idproveedor WHERE ({anios_cond})     AND ({meses_cond})     AND ISNULL(c.cancelado, 0) = 0 GROUP BY p.idproveedor, p.nombre, MONTH(c.fechaaplicacion), YEAR(c.fechaaplicacion) ORDER BY p.nombre, YEAR(c.fechaaplicacion), MONTH(c.fechaaplicacion) """"""             result = execute_sql_query(                 server['host'], server['port'], server['database'],                 server['username'], server['password'], query             )                          if not result:                 return {""proveedores"": [], ""alertas"": []}                          # Pivot por proveedor y mes "
"/app/backend/server.py","10130","execute_sql_query","@api_router.get(""/compras/facturas-proveedor/{server_id}"")","INNER JOIN Movimiento_Detalle MD ON MD.Mv_Folio = M.Mv_Folio WHERE M.Pv_Cve_Proveedor = '{proveedor_codigo}'     AND YEAR(M.Mv_Fecha) = {anio}     AND ({meses_cond})     AND M.Es_Cve_Estado <> 'CA' GROUP BY M.Mv_Documento, M.Mv_Fecha, M.Es_Cve_Estado ORDER BY M.Mv_Fecha DESC """"""             result = execute_sql_query(                 server['host'], server['port'], server['database'],                 server['username'], server['password'], query             )                          return [                 {                     ""folio"": r['folio'],                     ""fecha"": str(r['fecha']), "
"/app/backend/server.py","10187","execute_sql_query","@api_router.get(""/compras/detalle-factura/{server_id}/{folio}"")","    MD.Md_Costo as costo,     MD.Md_Importe as importe FROM Movimiento_Detalle MD INNER JOIN Movimiento M ON M.Mv_Folio = MD.Mv_Folio INNER JOIN Producto P ON P.Pr_Cve_Producto = MD.Pr_Cve_Producto WHERE M.Mv_Documento = '{folio}' ORDER BY P.Pr_Descripcion """"""             result = execute_sql_query(                 server['host'], server['port'], server['database'],                 server['username'], server['password'], query             )                          return [                 {                     ""codigo"": r['codigo'],                     ""producto"": r['producto'], "
"/app/backend/server.py","14143","execute_sql_query","","    # Reemplazar los parámetros en el SQL     sql_final = sql     for key, val in params.items():         sql_final = sql_final.replace('{' + key + '}', str(val))          logging.info(f""SQL Final: {sql_final[:200]}..."")          try:         result = execute_sql_query(             server['host'], server['port'], server['database'],             server['username'], server['password'], sql_final         )                  return {             ""consulta"": consulta['nombre'],             ""servidor"": server['name'],             ""parametros"": params, "
"/app/backend/core/server_registry.py","453","get_server_by_id","","        logger.error(f""[SERVER_REGISTRY][MONGODB_ERROR] Error buscando servidor {server_id}: {e}"")         return None   # ============================================================================ # FUNCIONES PÚBLICAS DEL REGISTRY # ============================================================================  async def get_server_by_id(     server_id: str,     db=None,     prefer_sql: bool = True,     allow_mongo_fallback: bool = True,     mask_secrets: bool = True ) -> Optional[Dict]:     """"""     Obtiene un servidor por ID usando el registry central. "
"/app/backend/core/server_registry.py","616","get_server_by_id","","        'errors': []     }          if not server_id:         context['errors'].append('server_id es requerido')         return context          # Obtener servidor     server = await get_server_by_id(server_id, db=db, mask_secrets=False)          if not server:         context['errors'].append(f'Servidor {server_id} no encontrado')         return context          context['server'] = server     context['config_origin'] = server.get('config_origin', 'UNKNOWN')     context['system_type_normalized'] = server.get('system_type_normalized', 'UNKNOWN') "
"/app/backend/core/server_registry.py","717","get_server_by_id","","        db: Conexión MongoDB (opcional)         user: Usuario para validar permisos (opcional)              Returns:         Dict con información de conexión incluyendo credenciales descifradas,         o None si no se encuentra el servidor     """"""     # Obtener servidor sin enmascarar     server = await get_server_by_id(server_id, db=db, mask_secrets=False)          if not server:         return None          # Validar permisos si hay usuario     if user:         role = user.get('role', '')         if role not in ['SuperAdministrador', 'Administrador']: "
"/app/backend/core/scheduler/sql_repository.py","156","get_server_by_id","","            server['sucursales'] = []                  servers.append(server)          logger.debug(f""[SCHEDULER_SQL] Obtenidos {len(servers)} servidores activos"")     return servers   async def get_server_by_id(server_id: str) -> Optional[Dict]:     """"""Obtiene un servidor por ID.""""""     servers = await get_active_servers(server_id)     return servers[0] if servers else None   # ============================================================================= # INVENTARIOS PROCESADOS # ============================================================================= "
"/app/backend/core/scheduler/jobs/inventarios_detector_job.py","727","get_server_by_id","","            raise                  # Ejecutar análisis         await self._ejecutar_analisis(registro, servidor, inv)          async def _procesar_inventario_desde_registro(self, registro: Dict):         """"""Procesa un inventario desde un registro existente (reintento).""""""         # Obtener servidor desde SQL         servidor = await get_server_by_id(registro[""clave""][""server_id""])                  if not servidor:             await self._marcar_error(registro, ""Servidor no encontrado"")             return                  # Reconstruir InventarioDetectado         clave = ClaveIdempotencia(**registro[""clave""])         inv = InventarioDetectado( "
